"../../../Engine/Plugins/2D/Paper2D/Content/PlaceholderTextures/DummySpriteTexture.ubulk" 0
"../../../Engine/Plugins/2D/Paper2D/Content/PlaceholderTextures/DummySpriteTexture.uasset" 1
"../../../Engine/Plugins/2D/Paper2D/Content/PlaceholderTextures/DummySpriteTexture.uexp" 2
"../../../Engine/Plugins/2D/Paper2D/Content/DummySprite.uasset" 3
"../../../Engine/Plugins/2D/Paper2D/Content/DummySprite.uexp" 4
"../../../Engine/Plugins/2D/Paper2D/Content/DefaultPaperTerrainMaterial.uasset" 5
"../../../Engine/Plugins/2D/Paper2D/Content/DefaultPaperTerrainMaterial.uexp" 6
"../../../Engine/Content/EngineMaterials/DefaultPhysicalMaterial.uasset" 7
"../../../Engine/Content/EngineMaterials/DefaultPhysicalMaterial.uexp" 8
"../../../Engine/Content/EngineMaterials/DefaultDestructiblePhysicalMaterial.uasset" 9
"../../../Engine/Content/EngineMaterials/DefaultDestructiblePhysicalMaterial.uexp" 10
"../../../Engine/Content/EngineFonts/Faces/DroidSansFallback.uexp" 11
"../../../Engine/Content/EngineFonts/Faces/DroidSansFallback.uasset" 12
"../../../Engine/Content/EngineFonts/Faces/DroidSansFallback.ufont" 13
"../../../Engine/Content/EngineFonts/Faces/RobotoRegular.uexp" 14
"../../../Engine/Content/EngineFonts/Faces/RobotoRegular.uasset" 15
"../../../Engine/Content/EngineFonts/Faces/RobotoRegular.ufont" 16
"../../../Engine/Content/EngineFonts/Faces/RobotoLight.uexp" 17
"../../../Engine/Content/EngineFonts/Faces/RobotoLight.uasset" 18
"../../../Engine/Content/EngineFonts/Faces/RobotoLight.ufont" 19
"../../../Engine/Content/EngineFonts/Faces/RobotoItalic.uexp" 20
"../../../Engine/Content/EngineFonts/Faces/RobotoItalic.uasset" 21
"../../../Engine/Content/EngineFonts/Faces/RobotoItalic.ufont" 22
"../../../Engine/Content/EngineFonts/Faces/RobotoBoldItalic.uexp" 23
"../../../Engine/Content/EngineFonts/Faces/RobotoBoldItalic.uasset" 24
"../../../Engine/Content/EngineFonts/Faces/RobotoBoldItalic.ufont" 25
"../../../Engine/Content/EngineFonts/Faces/RobotoBold.uexp" 26
"../../../Engine/Content/EngineFonts/Faces/RobotoBold.uasset" 27
"../../../Engine/Content/EngineFonts/Faces/RobotoBold.ufont" 28
"../../../Engine/Content/EngineFonts/Roboto.uasset" 29
"../../../Engine/Content/EngineFonts/Roboto.uexp" 30
"../../../Engine/Content/EngineFonts/Faces/DroidSansMono.uexp" 31
"../../../Engine/Content/EngineFonts/Faces/DroidSansMono.uasset" 32
"../../../Engine/Content/EngineFonts/Faces/DroidSansMono.ufont" 33
"../../../Engine/Content/EngineFonts/DroidSansMono.uasset" 34
"../../../Engine/Content/EngineFonts/DroidSansMono.uexp" 35
"../../../Engine/Plugins/Interchange/Runtime/Content/Pipelines/DefaultTexturePipeline.uasset" 36
"../../../Engine/Plugins/Interchange/Runtime/Content/Pipelines/DefaultTexturePipeline.uexp" 37
"../../../Engine/Plugins/Interchange/Runtime/Content/Pipelines/DefaultSceneLevelPipeline.uasset" 38
"../../../Engine/Plugins/Interchange/Runtime/Content/Pipelines/DefaultSceneLevelPipeline.uexp" 39
"../../../Engine/Plugins/Interchange/Runtime/Content/Pipelines/DefaultSceneAssetsPipeline.uasset" 40
"../../../Engine/Plugins/Interchange/Runtime/Content/Pipelines/DefaultSceneAssetsPipeline.uexp" 41
"../../../Engine/Plugins/Interchange/Runtime/Content/Pipelines/DefaultMaterialXPipeline.uasset" 42
"../../../Engine/Plugins/Interchange/Runtime/Content/Pipelines/DefaultMaterialXPipeline.uexp" 43
"../../../Engine/Plugins/Interchange/Runtime/Content/Pipelines/DefaultMaterialPipeline.uasset" 44
"../../../Engine/Plugins/Interchange/Runtime/Content/Pipelines/DefaultMaterialPipeline.uexp" 45
"../../../Engine/Plugins/Interchange/Runtime/Content/Pipelines/DefaultGLTFSceneAssetsPipeline.uasset" 46
"../../../Engine/Plugins/Interchange/Runtime/Content/Pipelines/DefaultGLTFSceneAssetsPipeline.uexp" 47
"../../../Engine/Plugins/Interchange/Runtime/Content/Pipelines/DefaultGLTFPipeline.uasset" 48
"../../../Engine/Plugins/Interchange/Runtime/Content/Pipelines/DefaultGLTFPipeline.uexp" 49
"../../../Engine/Plugins/Interchange/Runtime/Content/Pipelines/DefaultGLTFAssetsPipeline.uasset" 50
"../../../Engine/Plugins/Interchange/Runtime/Content/Pipelines/DefaultGLTFAssetsPipeline.uexp" 51
"../../../Engine/Plugins/Interchange/Runtime/Content/Pipelines/DefaultAssetsPipeline.uasset" 52
"../../../Engine/Plugins/Interchange/Runtime/Content/Pipelines/DefaultAssetsPipeline.uexp" 53
"../../../Engine/Content/EngineResources/GradientTexture0.uasset" 54
"../../../Engine/Content/EngineResources/GradientTexture0.uexp" 55
"../../../Engine/Content/EngineResources/Black.uasset" 56
"../../../Engine/Content/EngineResources/Black.uexp" 57
"../../../Engine/Content/EditorResources/S_Actor.ubulk" 58
"../../../Engine/Content/EditorResources/S_Actor.uasset" 59
"../../../Engine/Content/EditorResources/S_Actor.uexp" 60
"../../../Engine/Content/EditorResources/S_Trigger.ubulk" 61
"../../../Engine/Content/EditorResources/S_Trigger.uasset" 62
"../../../Engine/Content/EditorResources/S_Trigger.uexp" 63
"../../../Engine/Plugins/NNE/NNEDenoiser/Content/NNEDTOM_Output_Default.uasset" 64
"../../../Engine/Plugins/NNE/NNEDenoiser/Content/NNEDTOM_Output_Default.uexp" 65
"../../../Engine/Plugins/NNE/NNEDenoiser/Content/NNEDTOM_Output_Alpha.uasset" 66
"../../../Engine/Plugins/NNE/NNEDenoiser/Content/NNEDTOM_Output_Alpha.uexp" 67
"../../../Engine/Plugins/NNE/NNEDenoiser/Content/NNEDTIM_ColorAlbedoNormal_Default.uasset" 68
"../../../Engine/Plugins/NNE/NNEDenoiser/Content/NNEDTIM_ColorAlbedoNormal_Default.uexp" 69
"../../../Engine/Plugins/NNE/NNEDenoiser/Content/NNEDTIM_ColorAlbedoNormal_Alpha.uasset" 70
"../../../Engine/Plugins/NNE/NNEDenoiser/Content/NNEDTIM_ColorAlbedoNormal_Alpha.uexp" 71
"../../../Engine/Plugins/NNE/NNEDenoiser/Content/NNEDOM_Output_Default.uasset" 72
"../../../Engine/Plugins/NNE/NNEDenoiser/Content/NNEDOM_Output_Default.uexp" 73
"../../../Engine/Plugins/NNE/NNEDenoiser/Content/NNEDOM_Output_Alpha.uasset" 74
"../../../Engine/Plugins/NNE/NNEDenoiser/Content/NNEDOM_Output_Alpha.uexp" 75
"../../../Engine/Plugins/NNE/NNEDenoiser/Content/NNEDIM_HighQuality_Default.uasset" 76
"../../../Engine/Plugins/NNE/NNEDenoiser/Content/NNEDIM_HighQuality_Default.uexp" 77
"../../../Engine/Plugins/NNE/NNEDenoiser/Content/NNEDIM_HighQuality_Alpha.uasset" 78
"../../../Engine/Plugins/NNE/NNEDenoiser/Content/NNEDIM_HighQuality_Alpha.uexp" 79
"../../../Engine/Plugins/NNE/NNEDenoiser/Content/NNEDIM_ColorAlbedoNormal_Default.uasset" 80
"../../../Engine/Plugins/NNE/NNEDenoiser/Content/NNEDIM_ColorAlbedoNormal_Default.uexp" 81
"../../../Engine/Plugins/NNE/NNEDenoiser/Content/NNEDIM_ColorAlbedoNormal_Alpha.uasset" 82
"../../../Engine/Plugins/NNE/NNEDenoiser/Content/NNEDIM_ColorAlbedoNormal_Alpha.uexp" 83
"../../../Engine/Content/EngineMaterials/T_Default_Material_Grid_M.ubulk" 84
"../../../Engine/Content/EngineMaterials/T_Default_Material_Grid_M.uasset" 85
"../../../Engine/Content/EngineMaterials/T_Default_Material_Grid_M.uexp" 86
"../../../Engine/Content/Functions/Engine_MaterialFunctions01/Opacity/CameraDepthFade.uasset" 87
"../../../Engine/Content/Functions/Engine_MaterialFunctions01/Opacity/CameraDepthFade.uexp" 88
"../../../Engine/Content/EngineMaterials/T_Default_Material_Grid_N.ubulk" 89
"../../../Engine/Content/EngineMaterials/T_Default_Material_Grid_N.uasset" 90
"../../../Engine/Content/EngineMaterials/T_Default_Material_Grid_N.uexp" 91
"../../../Engine/Content/EngineMaterials/WorldGridMaterial.uasset" 92
"../../../Engine/Content/EngineMaterials/WorldGridMaterial.uexp" 93
"../../../Engine/Plugins/Media/MediaPlate/Content/SM_MediaPlateScreen.ubulk" 94
"../../../Engine/Plugins/Media/MediaPlate/Content/SM_MediaPlateScreen.uasset" 95
"../../../Engine/Plugins/Media/MediaPlate/Content/SM_MediaPlateScreen.uexp" 96
"../../../Engine/Content/Functions/Engine_MaterialFunctions02/WorldPositionOffset/CameraOffset.uasset" 97
"../../../Engine/Content/Functions/Engine_MaterialFunctions02/WorldPositionOffset/CameraOffset.uexp" 98
"../../../Engine/Plugins/Animation/ControlRig/Content/M_Manip.uasset" 99
"../../../Engine/Plugins/Animation/ControlRig/Content/M_Manip.uexp" 100
"../../../Engine/Content/EditorLandscapeResources/SplineEditorMeshMat.uasset" 101
"../../../Engine/Content/EditorLandscapeResources/SplineEditorMeshMat.uexp" 102
"../../../Engine/Content/EditorLandscapeResources/SplineEditorMesh.ubulk" 103
"../../../Engine/Content/EditorLandscapeResources/SplineEditorMesh.uasset" 104
"../../../Engine/Content/EditorLandscapeResources/SplineEditorMesh.uexp" 105
"../../../Engine/Content/EditorLandscapeResources/WhiteSquareTexture.uasset" 106
"../../../Engine/Content/EditorLandscapeResources/WhiteSquareTexture.uexp" 107
"../../../Engine/Content/EditorLandscapeResources/LayerVisMaterial.uasset" 108
"../../../Engine/Content/EditorLandscapeResources/LayerVisMaterial.uexp" 109
"../../../Engine/Content/Functions/Engine_MaterialFunctions02/Utility/BreakOutFloat2Components.uasset" 110
"../../../Engine/Content/Functions/Engine_MaterialFunctions02/Utility/BreakOutFloat2Components.uexp" 111
"../../../Engine/Content/Functions/Engine_MaterialFunctions01/Texturing/ScaleUVsByCenter.uasset" 112
"../../../Engine/Content/Functions/Engine_MaterialFunctions01/Texturing/ScaleUVsByCenter.uexp" 113
"../../../Engine/Content/Functions/Engine_MaterialFunctions02/WorldPositionOffset/LocalPosition.uasset" 114
"../../../Engine/Content/Functions/Engine_MaterialFunctions02/WorldPositionOffset/LocalPosition.uexp" 115
"../../../Engine/Content/EngineMaterials/DefaultDiffuse.ubulk" 116
"../../../Engine/Content/EngineMaterials/DefaultDiffuse.uasset" 117
"../../../Engine/Content/EngineMaterials/DefaultDiffuse.uexp" 118
"../../../Engine/Content/Functions/Engine_MaterialFunctions01/Texturing/TextureCropping.uasset" 119
"../../../Engine/Content/Functions/Engine_MaterialFunctions01/Texturing/TextureCropping.uexp" 120
"../../../Engine/Content/Functions/Engine_MaterialFunctions02/ExampleContent/DebugNumberStrip.uasset" 121
"../../../Engine/Content/Functions/Engine_MaterialFunctions02/ExampleContent/DebugNumberStrip.uexp" 122
"../../../Engine/Content/Functions/Engine_MaterialFunctions01/Debug/DebugIntValues.uasset" 123
"../../../Engine/Content/Functions/Engine_MaterialFunctions01/Debug/DebugIntValues.uexp" 124
"../../../Engine/Content/EditorLandscapeResources/LandscapeLayerUsageMaterial.uasset" 125
"../../../Engine/Content/EditorLandscapeResources/LandscapeLayerUsageMaterial.uexp" 126
"../../../Engine/Content/EditorLandscapeResources/DefaultAlphaTexture.uasset" 127
"../../../Engine/Content/EditorLandscapeResources/DefaultAlphaTexture.uexp" 128
"../../../Engine/Content/EditorLandscapeResources/LandscapeDirtyMaterial.uasset" 129
"../../../Engine/Content/EditorLandscapeResources/LandscapeDirtyMaterial.uexp" 130
"../../../Engine/Content/BasicShapes/Plane.ubulk" 131
"../../../Engine/Content/BasicShapes/Plane.uasset" 132
"../../../Engine/Content/BasicShapes/Plane.uexp" 133
"../../../Engine/Content/EngineMaterials/DefaultMaterial.uasset" 134
"../../../Engine/Content/EngineMaterials/DefaultMaterial.uexp" 135
"../../../Engine/Content/BasicShapes/Cylinder.ubulk" 136
"../../../Engine/Content/BasicShapes/Cylinder.uasset" 137
"../../../Engine/Content/BasicShapes/Cylinder.uexp" 138
"../../../Engine/Content/BasicShapes/Cube.ubulk" 139
"../../../Engine/Content/BasicShapes/Cube.uasset" 140
"../../../Engine/Content/BasicShapes/Cube.uexp" 141
"../../../Engine/Content/BasicShapes/Cone.ubulk" 142
"../../../Engine/Content/BasicShapes/Cone.uasset" 143
"../../../Engine/Content/BasicShapes/Cone.uexp" 144
"../../../Engine/Content/BasicShapes/BasicShapeMaterial.uasset" 145
"../../../Engine/Content/BasicShapes/BasicShapeMaterial.uexp" 146
"../../../Engine/Content/EngineResources/DefaultTexture.ubulk" 147
"../../../Engine/Content/EngineResources/DefaultTexture.uasset" 148
"../../../Engine/Content/EngineResources/DefaultTexture.uexp" 149
"../../../Engine/Content/EngineMeshes/Sphere.ubulk" 150
"../../../Engine/Content/EngineMeshes/Sphere.uasset" 151
"../../../Engine/Content/EngineMeshes/Sphere.uexp" 152
"../../../Engine/Content/EngineMaterials/RemoveSurfaceMaterial.uasset" 153
"../../../Engine/Content/EngineMaterials/RemoveSurfaceMaterial.uexp" 154
"../../../Engine/Content/EngineMaterials/PreintegratedSkinBRDF.uasset" 155
"../../../Engine/Content/EngineMaterials/PreintegratedSkinBRDF.uexp" 156
"../../../Engine/Content/EngineMaterials/DefaultCalibrationGrayscale.uasset" 157
"../../../Engine/Content/EngineMaterials/DefaultCalibrationGrayscale.uexp" 158
"../../../Engine/Content/EngineMaterials/PPM_DefaultCalibrationGrayscale.uasset" 159
"../../../Engine/Content/EngineMaterials/PPM_DefaultCalibrationGrayscale.uexp" 160
"../../../Engine/Content/EngineMaterials/DefaultCalibrationColor.uasset" 161
"../../../Engine/Content/EngineMaterials/DefaultCalibrationColor.uexp" 162
"../../../Engine/Content/EngineMaterials/PPM_DefaultCalibrationColor.uasset" 163
"../../../Engine/Content/EngineMaterials/PPM_DefaultCalibrationColor.uexp" 164
"../../../Engine/Content/EngineMaterials/PhAT_JointLimitMaterial.uasset" 165
"../../../Engine/Content/EngineMaterials/PhAT_JointLimitMaterial.uexp" 166
"../../../Engine/Content/EngineMaterials/NaniteHiddenSectionMaterial.uasset" 167
"../../../Engine/Content/EngineMaterials/NaniteHiddenSectionMaterial.uexp" 168
"../../../Engine/Content/EngineMaterials/InvalidLightmapSettings.ubulk" 169
"../../../Engine/Content/EngineMaterials/InvalidLightmapSettings.uasset" 170
"../../../Engine/Content/EngineMaterials/InvalidLightmapSettings.uexp" 171
"../../../Engine/Content/EngineMaterials/M_InvalidLightmapSettings.uasset" 172
"../../../Engine/Content/EngineMaterials/M_InvalidLightmapSettings.uexp" 173
"../../../Engine/Content/EngineMaterials/MiniFont.uasset" 174
"../../../Engine/Content/EngineMaterials/MiniFont.uexp" 175
"../../../Engine/Content/EngineMaterials/GizmoMaterial.uasset" 176
"../../../Engine/Content/EngineMaterials/GizmoMaterial.uexp" 177
"../../../Engine/Content/EngineMaterials/BaseFlattenDiffuseMap_VT.ubulk" 178
"../../../Engine/Content/EngineMaterials/BaseFlattenDiffuseMap_VT.uasset" 179
"../../../Engine/Content/EngineMaterials/BaseFlattenDiffuseMap_VT.uexp" 180
"../../../Engine/Content/EngineMaterials/BaseFlattenEmissiveMap_VT.ubulk" 181
"../../../Engine/Content/EngineMaterials/BaseFlattenEmissiveMap_VT.uasset" 182
"../../../Engine/Content/EngineMaterials/BaseFlattenEmissiveMap_VT.uexp" 183
"../../../Engine/Content/EngineMaterials/BaseFlattenGrayscaleMap_VT.ubulk" 184
"../../../Engine/Content/EngineMaterials/BaseFlattenGrayscaleMap_VT.uasset" 185
"../../../Engine/Content/EngineMaterials/BaseFlattenGrayscaleMap_VT.uexp" 186
"../../../Engine/Content/EngineMaterials/BaseFlattenLinearColor_VT.ubulk" 187
"../../../Engine/Content/EngineMaterials/BaseFlattenLinearColor_VT.uasset" 188
"../../../Engine/Content/EngineMaterials/BaseFlattenLinearColor_VT.uexp" 189
"../../../Engine/Content/EngineMaterials/BaseFlattenNormalMap_VT.ubulk" 190
"../../../Engine/Content/EngineMaterials/BaseFlattenNormalMap_VT.uasset" 191
"../../../Engine/Content/EngineMaterials/BaseFlattenNormalMap_VT.uexp" 192
"../../../Engine/Content/EngineMaterials/Black_1x1_EXR_Texture_VT.ubulk" 193
"../../../Engine/Content/EngineMaterials/Black_1x1_EXR_Texture_VT.uasset" 194
"../../../Engine/Content/EngineMaterials/Black_1x1_EXR_Texture_VT.uexp" 195
"../../../Engine/Content/EngineMaterials/FlattenMaterial_WS_Normal_VT.uasset" 196
"../../../Engine/Content/EngineMaterials/FlattenMaterial_WS_Normal_VT.uexp" 197
"../../../Engine/Content/EngineMaterials/FlattenMaterial_VT.uasset" 198
"../../../Engine/Content/EngineMaterials/FlattenMaterial_VT.uexp" 199
"../../../Engine/Content/EngineMaterials/BaseFlattenLinearColor.uasset" 200
"../../../Engine/Content/EngineMaterials/BaseFlattenLinearColor.uexp" 201
"../../../Engine/Content/EngineMaterials/BaseFlattenNormalMap.uasset" 202
"../../../Engine/Content/EngineMaterials/BaseFlattenNormalMap.uexp" 203
"../../../Engine/Content/EngineMaterials/BaseFlattenDiffuseMap.uasset" 204
"../../../Engine/Content/EngineMaterials/BaseFlattenDiffuseMap.uexp" 205
"../../../Engine/Content/EngineMaterials/BaseFlattenEmissiveMap.uasset" 206
"../../../Engine/Content/EngineMaterials/BaseFlattenEmissiveMap.uexp" 207
"../../../Engine/Content/EngineMaterials/BaseFlattenGrayscaleMap.uasset" 208
"../../../Engine/Content/EngineMaterials/BaseFlattenGrayscaleMap.uexp" 209
"../../../Engine/Content/Functions/Engine_MaterialFunctions02/PivotPainter2/Black_1x1_EXR_Texture.uasset" 210
"../../../Engine/Content/Functions/Engine_MaterialFunctions02/PivotPainter2/Black_1x1_EXR_Texture.uexp" 211
"../../../Engine/Content/EngineMaterials/FlattenMaterial.uasset" 212
"../../../Engine/Content/EngineMaterials/FlattenMaterial.uexp" 213
"../../../Engine/Content/EngineMaterials/FastBlueNoise_vec2_128x128x64.uasset" 214
"../../../Engine/Content/EngineMaterials/FastBlueNoise_vec2_128x128x64.uexp" 215
"../../../Engine/Content/EngineMaterials/FastBlueNoise_scalar_128x128x8.uasset" 216
"../../../Engine/Content/EngineMaterials/FastBlueNoise_scalar_128x128x8.uexp" 217
"../../../Engine/Content/EngineMaterials/FastBlueNoise_scalar_128x128x64.uasset" 218
"../../../Engine/Content/EngineMaterials/FastBlueNoise_scalar_128x128x64.uexp" 219
"../../../Engine/Content/EngineMaterials/DefaultWhiteGrid_Low.uasset" 220
"../../../Engine/Content/EngineMaterials/DefaultWhiteGrid_Low.uexp" 221
"../../../Engine/Content/EngineMaterials/EmissiveMeshMaterial.uasset" 222
"../../../Engine/Content/EngineMaterials/EmissiveMeshMaterial.uexp" 223
"../../../Engine/Content/EngineMaterials/DefaultWhiteGrid.ubulk" 224
"../../../Engine/Content/EngineMaterials/DefaultWhiteGrid.uasset" 225
"../../../Engine/Content/EngineMaterials/DefaultWhiteGrid.uexp" 226
"../../../Engine/Content/EngineFonts/RobotoDistanceField.uasset" 227
"../../../Engine/Content/EngineFonts/RobotoDistanceField.uexp" 228
"../../../Engine/Content/EngineMaterials/DefaultTextMaterialOpaque.uasset" 229
"../../../Engine/Content/EngineMaterials/DefaultTextMaterialOpaque.uexp" 230
"../../../Engine/Content/EngineMaterials/DefaultPostProcessMaterial.uasset" 231
"../../../Engine/Content/EngineMaterials/DefaultPostProcessMaterial.uexp" 232
"../../../Engine/Content/EngineMaterials/DefaultLightFunctionMaterial.uasset" 233
"../../../Engine/Content/EngineMaterials/DefaultLightFunctionMaterial.uexp" 234
"../../../Engine/Content/EngineMaterials/DefaultDeferredDecalMaterial.uasset" 235
"../../../Engine/Content/EngineMaterials/DefaultDeferredDecalMaterial.uexp" 236
"../../../Engine/Content/EngineMaterials/DefaultBokeh.uasset" 237
"../../../Engine/Content/EngineMaterials/DefaultBokeh.uexp" 238
"../../../Engine/Content/EngineMaterials/DefaultBloomKernel.uasset" 239
"../../../Engine/Content/EngineMaterials/DefaultBloomKernel.uexp" 240
"../../../Engine/Content/Functions/Engine_MaterialFunctions02/Utility/CameraDirectionVector.uasset" 241
"../../../Engine/Content/Functions/Engine_MaterialFunctions02/Utility/CameraDirectionVector.uexp" 242
"../../../Engine/Content/EngineDebugMaterials/VolumeToRender.uasset" 243
"../../../Engine/Content/EngineDebugMaterials/VolumeToRender.uexp" 244
"../../../Engine/Content/EngineDebugMaterials/M_VolumeRenderSphereTracePP.uasset" 245
"../../../Engine/Content/EngineDebugMaterials/M_VolumeRenderSphereTracePP.uexp" 246
"../../../Engine/Content/EngineDebugMaterials/M_SimpleUnlitTranslucent.uasset" 247
"../../../Engine/Content/EngineDebugMaterials/M_SimpleUnlitTranslucent.uexp" 248
"../../../Engine/Content/EngineDebugMaterials/DebugMeshMaterial.uasset" 249
"../../../Engine/Content/EngineDebugMaterials/DebugMeshMaterial.uexp" 250
"../../../Engine/Content/EngineDebugMaterials/DebugEditorMaterial.uasset" 251
"../../../Engine/Content/EngineDebugMaterials/DebugEditorMaterial.uexp" 252
"../../../Engine/Content/EngineDamageTypes/DmgTypeBP_Environmental.uasset" 253
"../../../Engine/Content/EngineDamageTypes/DmgTypeBP_Environmental.uexp" 254
"../../../Engine/Content/EditorResources/S_TriggerSphere.uasset" 255
"../../../Engine/Content/EditorResources/S_TriggerSphere.uexp" 256
"../../../Engine/Content/EditorResources/S_TriggerCapsule.uasset" 257
"../../../Engine/Content/EditorResources/S_TriggerCapsule.uexp" 258
"../../../Engine/Content/EditorResources/S_TriggerBox.uasset" 259
"../../../Engine/Content/EditorResources/S_TriggerBox.uexp" 260
"../../../Engine/Content/EditorResources/S_Terrain.ubulk" 261
"../../../Engine/Content/EditorResources/S_Terrain.uasset" 262
"../../../Engine/Content/EditorResources/S_Terrain.uexp" 263
"../../../Engine/Content/EditorResources/S_Solver.ubulk" 264
"../../../Engine/Content/EditorResources/S_Solver.uasset" 265
"../../../Engine/Content/EditorResources/S_Solver.uexp" 266
"../../../Engine/Content/EditorResources/S_BoxReflectionCapture.uasset" 267
"../../../Engine/Content/EditorResources/S_BoxReflectionCapture.uexp" 268
"../../../Engine/Content/EditorResources/BSPVertex.uasset" 269
"../../../Engine/Content/EditorResources/BSPVertex.uexp" 270
"../../../Engine/Content/EditorMaterials/PreviewShadowIndicator.ubulk" 271
"../../../Engine/Content/EditorMaterials/PreviewShadowIndicator.uasset" 272
"../../../Engine/Content/EditorMaterials/PreviewShadowIndicator.uexp" 273
"../../../Engine/Content/EditorMaterials/PreviewShadowIndicatorMaterial.uasset" 274
"../../../Engine/Content/EditorMaterials/PreviewShadowIndicatorMaterial.uexp" 275
"../../../Engine/Content/EditorMaterials/PhAT_UnselectedMaterial.uasset" 276
"../../../Engine/Content/EditorMaterials/PhAT_UnselectedMaterial.uexp" 277
"../../../Engine/Content/EditorMaterials/PhAT_NoCollisionMaterial.uasset" 278
"../../../Engine/Content/EditorMaterials/PhAT_NoCollisionMaterial.uexp" 279
"D:/Epic Games/UE_project/BT_Game/Content/MOUT_Fabrication/Textures/Airfield/HangarSet/T_Hangar_Trim_RMA.ubulk" 280
"D:/Epic Games/UE_project/BT_Game/Content/MOUT_Fabrication/Textures/Airfield/HangarSet/T_Hangar_Trim_RMA.uasset" 281
"D:/Epic Games/UE_project/BT_Game/Content/MOUT_Fabrication/Textures/Airfield/HangarSet/T_Hangar_Trim_RMA.uexp" 282
"D:/Epic Games/UE_project/BT_Game/Content/MOUT_Fabrication/Textures/Airfield/HangarSet/T_Hangar_Trim_NRM.ubulk" 283
"D:/Epic Games/UE_project/BT_Game/Content/MOUT_Fabrication/Textures/Airfield/HangarSet/T_Hangar_Trim_NRM.uasset" 284
"D:/Epic Games/UE_project/BT_Game/Content/MOUT_Fabrication/Textures/Airfield/HangarSet/T_Hangar_Trim_NRM.uexp" 285
"D:/Epic Games/UE_project/BT_Game/Content/MOUT_Fabrication/Textures/Airfield/HangarSet/T_Hangar_Trim_BC.ubulk" 286
"D:/Epic Games/UE_project/BT_Game/Content/MOUT_Fabrication/Textures/Airfield/HangarSet/T_Hangar_Trim_BC.uasset" 287
"D:/Epic Games/UE_project/BT_Game/Content/MOUT_Fabrication/Textures/Airfield/HangarSet/T_Hangar_Trim_BC.uexp" 288
"D:/Epic Games/UE_project/BT_Game/Content/MOUT_Fabrication/Materials/Airfield/Hangar_Trim_Mat.uasset" 289
"D:/Epic Games/UE_project/BT_Game/Content/MOUT_Fabrication/Materials/Airfield/Hangar_Trim_Mat.uexp" 290
"D:/Epic Games/UE_project/BT_Game/Content/MOUT_Fabrication/Textures/Airfield/HangarSet/T_Hangar_Wall_RMA.ubulk" 291
"D:/Epic Games/UE_project/BT_Game/Content/MOUT_Fabrication/Textures/Airfield/HangarSet/T_Hangar_Wall_RMA.uasset" 292
"D:/Epic Games/UE_project/BT_Game/Content/MOUT_Fabrication/Textures/Airfield/HangarSet/T_Hangar_Wall_RMA.uexp" 293
"D:/Epic Games/UE_project/BT_Game/Content/MOUT_Fabrication/Textures/Airfield/HangarSet/T_Hangar_Wall_NRM.ubulk" 294
"D:/Epic Games/UE_project/BT_Game/Content/MOUT_Fabrication/Textures/Airfield/HangarSet/T_Hangar_Wall_NRM.uasset" 295
"D:/Epic Games/UE_project/BT_Game/Content/MOUT_Fabrication/Textures/Airfield/HangarSet/T_Hangar_Wall_NRM.uexp" 296
"D:/Epic Games/UE_project/BT_Game/Content/MOUT_Fabrication/Textures/Airfield/HangarSet/T_Hangar_Wall_BC.ubulk" 297
"D:/Epic Games/UE_project/BT_Game/Content/MOUT_Fabrication/Textures/Airfield/HangarSet/T_Hangar_Wall_BC.uasset" 298
"D:/Epic Games/UE_project/BT_Game/Content/MOUT_Fabrication/Textures/Airfield/HangarSet/T_Hangar_Wall_BC.uexp" 299
"D:/Epic Games/UE_project/BT_Game/Content/MOUT_Fabrication/Materials/Airfield/M_Wall_Tile.uasset" 300
"D:/Epic Games/UE_project/BT_Game/Content/MOUT_Fabrication/Materials/Airfield/M_Wall_Tile.uexp" 301
"D:/Epic Games/UE_project/BT_Game/Content/Environment/SM_SM_SingleWall.ubulk" 302
"D:/Epic Games/UE_project/BT_Game/Content/Environment/SM_SM_SingleWall.uasset" 303
"D:/Epic Games/UE_project/BT_Game/Content/Environment/SM_SM_SingleWall.uexp" 304
"D:/Epic Games/UE_project/BT_Game/Content/Environment/SM_SM_LongWalls.ubulk" 305
"D:/Epic Games/UE_project/BT_Game/Content/Environment/SM_SM_LongWalls.uasset" 306
"D:/Epic Games/UE_project/BT_Game/Content/Environment/SM_SM_LongWalls.uexp" 307
"D:/Epic Games/UE_project/BT_Game/Content/IndustryPropsPack6/Textures/T_Box01_SRM.ubulk" 308
"D:/Epic Games/UE_project/BT_Game/Content/IndustryPropsPack6/Textures/T_Box01_SRM.uasset" 309
"D:/Epic Games/UE_project/BT_Game/Content/IndustryPropsPack6/Textures/T_Box01_SRM.uexp" 310
"D:/Epic Games/UE_project/BT_Game/Content/IndustryPropsPack6/Textures/T_Box01_N.ubulk" 311
"D:/Epic Games/UE_project/BT_Game/Content/IndustryPropsPack6/Textures/T_Box01_N.uasset" 312
"D:/Epic Games/UE_project/BT_Game/Content/IndustryPropsPack6/Textures/T_Box01_N.uexp" 313
"D:/Epic Games/UE_project/BT_Game/Content/IndustryPropsPack6/Textures/T_Box01_D.ubulk" 314
"D:/Epic Games/UE_project/BT_Game/Content/IndustryPropsPack6/Textures/T_Box01_D.uasset" 315
"D:/Epic Games/UE_project/BT_Game/Content/IndustryPropsPack6/Textures/T_Box01_D.uexp" 316
"../../../Engine/Content/EngineDebugMaterials/HeatmapGradient.ubulk" 317
"../../../Engine/Content/EngineDebugMaterials/HeatmapGradient.uasset" 318
"../../../Engine/Content/EngineDebugMaterials/HeatmapGradient.uexp" 319
"../../../Engine/Content/Functions/Engine_MaterialFunctions01/ImageAdjustment/CheapContrast_RGB.uasset" 320
"../../../Engine/Content/Functions/Engine_MaterialFunctions01/ImageAdjustment/CheapContrast_RGB.uexp" 321
"../../../Engine/Content/Functions/Engine_MaterialFunctions02/HueShift.uasset" 322
"../../../Engine/Content/Functions/Engine_MaterialFunctions02/HueShift.uexp" 323
"../../../Engine/Content/Functions/Engine_MaterialFunctions02/Texturing/ScreenAlignedPixelToPixelUVs.uasset" 324
"../../../Engine/Content/Functions/Engine_MaterialFunctions02/Texturing/ScreenAlignedPixelToPixelUVs.uexp" 325
"../../../Engine/Content/EngineMaterials/Good64x64TilingNoiseHighFreq.uasset" 326
"../../../Engine/Content/EngineMaterials/Good64x64TilingNoiseHighFreq.uexp" 327
"../../../Engine/Content/Functions/Engine_MaterialFunctions02/Utility/DitherTemporalAA.uasset" 328
"../../../Engine/Content/Functions/Engine_MaterialFunctions02/Utility/DitherTemporalAA.uexp" 329
"../../../Engine/Content/Functions/Engine_MaterialFunctions01/ImageAdjustment/BlurSampleOffsets.uasset" 330
"../../../Engine/Content/Functions/Engine_MaterialFunctions01/ImageAdjustment/BlurSampleOffsets.uexp" 331
"../../../Engine/Content/Functions/Engine_MaterialFunctions02/Utility/BlendAngleCorrectedNormals.uasset" 332
"../../../Engine/Content/Functions/Engine_MaterialFunctions02/Utility/BlendAngleCorrectedNormals.uexp" 333
"D:/Epic Games/UE_project/BT_Game/Content/IndustryPropsPack6/Textures/BaseTextures/T_MASK2.ubulk" 334
"D:/Epic Games/UE_project/BT_Game/Content/IndustryPropsPack6/Textures/BaseTextures/T_MASK2.uasset" 335
"D:/Epic Games/UE_project/BT_Game/Content/IndustryPropsPack6/Textures/BaseTextures/T_MASK2.uexp" 336
"D:/Epic Games/UE_project/BT_Game/Content/IndustryPropsPack6/Textures/BaseTextures/T_MASK1.ubulk" 337
"D:/Epic Games/UE_project/BT_Game/Content/IndustryPropsPack6/Textures/BaseTextures/T_MASK1.uasset" 338
"D:/Epic Games/UE_project/BT_Game/Content/IndustryPropsPack6/Textures/BaseTextures/T_MASK1.uexp" 339
"D:/Epic Games/UE_project/BT_Game/Content/IndustryPropsPack6/Textures/BaseTextures/B_N.uasset" 340
"D:/Epic Games/UE_project/BT_Game/Content/IndustryPropsPack6/Textures/BaseTextures/B_N.uexp" 341
"D:/Epic Games/UE_project/BT_Game/Content/IndustryPropsPack6/Textures/BaseTextures/BG_D.uasset" 342
"D:/Epic Games/UE_project/BT_Game/Content/IndustryPropsPack6/Textures/BaseTextures/BG_D.uexp" 343
"D:/Epic Games/UE_project/BT_Game/Content/IndustryPropsPack6/Textures/BaseTextures/BB_D.uasset" 344
"D:/Epic Games/UE_project/BT_Game/Content/IndustryPropsPack6/Textures/BaseTextures/BB_D.uexp" 345
"D:/Epic Games/UE_project/BT_Game/Content/IndustryPropsPack6/Materials/BaseMaterial/M_base.uasset" 346
"D:/Epic Games/UE_project/BT_Game/Content/IndustryPropsPack6/Materials/BaseMaterial/M_base.uexp" 347
"D:/Epic Games/UE_project/BT_Game/Content/IndustryPropsPack6/Materials/MI_Box01_2.uasset" 348
"D:/Epic Games/UE_project/BT_Game/Content/IndustryPropsPack6/Materials/MI_Box01_2.uexp" 349
"D:/Epic Games/UE_project/BT_Game/Content/Environment/SM_SM_Boxes.ubulk" 350
"D:/Epic Games/UE_project/BT_Game/Content/Environment/SM_SM_Boxes.uasset" 351
"D:/Epic Games/UE_project/BT_Game/Content/Environment/SM_SM_Boxes.uexp" 352
"D:/Epic Games/UE_project/BT_Game/Content/Environment/SM_SM_6Walls_merge.ubulk" 353
"D:/Epic Games/UE_project/BT_Game/Content/Environment/SM_SM_6Walls_merge.uasset" 354
"D:/Epic Games/UE_project/BT_Game/Content/Environment/SM_SM_6Walls_merge.uexp" 355
"D:/Epic Games/UE_project/BT_Game/Content/Environment/SM_SM_5WallsMerge.ubulk" 356
"D:/Epic Games/UE_project/BT_Game/Content/Environment/SM_SM_5WallsMerge.uasset" 357
"D:/Epic Games/UE_project/BT_Game/Content/Environment/SM_SM_5WallsMerge.uexp" 358
"D:/Epic Games/UE_project/BT_Game/Content/Environment/SM_SM_4Walls_NoSteel.ubulk" 359
"D:/Epic Games/UE_project/BT_Game/Content/Environment/SM_SM_4Walls_NoSteel.uasset" 360
"D:/Epic Games/UE_project/BT_Game/Content/Environment/SM_SM_4Walls_NoSteel.uexp" 361
"D:/Epic Games/UE_project/BT_Game/Content/Environment/SM_SM_2WallsMerge.ubulk" 362
"D:/Epic Games/UE_project/BT_Game/Content/Environment/SM_SM_2WallsMerge.uasset" 363
"D:/Epic Games/UE_project/BT_Game/Content/Environment/SM_SM_2WallsMerge.uexp" 364
"../../../Engine/Plugins/Interchange/Assets/Content/Functions/MF_PhongToMetalRoughness.uasset" 365
"../../../Engine/Plugins/Interchange/Assets/Content/Functions/MF_PhongToMetalRoughness.uexp" 366
"D:/Epic Games/UE_project/BT_Game/Content/Environment/Floor_Stand_M_Stand_Roughness.ubulk" 367
"D:/Epic Games/UE_project/BT_Game/Content/Environment/Floor_Stand_M_Stand_Roughness.uasset" 368
"D:/Epic Games/UE_project/BT_Game/Content/Environment/Floor_Stand_M_Stand_Roughness.uexp" 369
"D:/Epic Games/UE_project/BT_Game/Content/Environment/Floor_Stand_M_Stand_Normal.ubulk" 370
"D:/Epic Games/UE_project/BT_Game/Content/Environment/Floor_Stand_M_Stand_Normal.uasset" 371
"D:/Epic Games/UE_project/BT_Game/Content/Environment/Floor_Stand_M_Stand_Normal.uexp" 372
"D:/Epic Games/UE_project/BT_Game/Content/Environment/Floor_Stand_M_Stand_BaseColor.ubulk" 373
"D:/Epic Games/UE_project/BT_Game/Content/Environment/Floor_Stand_M_Stand_BaseColor.uasset" 374
"D:/Epic Games/UE_project/BT_Game/Content/Environment/Floor_Stand_M_Stand_BaseColor.uexp" 375
"D:/Epic Games/UE_project/BT_Game/Content/Environment/M_Stand.uasset" 376
"D:/Epic Games/UE_project/BT_Game/Content/Environment/M_Stand.uexp" 377
"D:/Epic Games/UE_project/BT_Game/Content/Environment/Floor_Stand1.ubulk" 378
"D:/Epic Games/UE_project/BT_Game/Content/Environment/Floor_Stand1.uasset" 379
"D:/Epic Games/UE_project/BT_Game/Content/Environment/Floor_Stand1.uexp" 380
"../../../Engine/Plugins/VirtualProduction/CameraCalibrationCore/Content/Materials/M_DefaultOddSquare.uasset" 381
"../../../Engine/Plugins/VirtualProduction/CameraCalibrationCore/Content/Materials/M_DefaultOddSquare.uexp" 382
"../../../Engine/Plugins/VirtualProduction/CameraCalibrationCore/Content/Materials/M_DefaultEvenSquare.uasset" 383
"../../../Engine/Plugins/VirtualProduction/CameraCalibrationCore/Content/Materials/M_DefaultEvenSquare.uexp" 384
"../../../Engine/Plugins/Runtime/HairStrands/Content/Materials/HairMeshesDefaultMaterial.uasset" 385
"../../../Engine/Plugins/Runtime/HairStrands/Content/Materials/HairMeshesDefaultMaterial.uexp" 386
"../../../Engine/Plugins/Runtime/HairStrands/Content/Materials/HairDefaultMaterial.uasset" 387
"../../../Engine/Plugins/Runtime/HairStrands/Content/Materials/HairDefaultMaterial.uexp" 388
"../../../Engine/Content/Functions/Engine_MaterialFunctions02/Utility/MakeFloat2.uasset" 389
"../../../Engine/Content/Functions/Engine_MaterialFunctions02/Utility/MakeFloat2.uexp" 390
"../../../Engine/Content/Functions/Engine_MaterialFunctions02/Utility/MakeFloat3.uasset" 391
"../../../Engine/Content/Functions/Engine_MaterialFunctions02/Utility/MakeFloat3.uexp" 392
"../../../Engine/Plugins/Runtime/HairStrands/Content/Materials/HairGroupColors.uasset" 393
"../../../Engine/Plugins/Runtime/HairStrands/Content/Materials/HairGroupColors.uexp" 394
"../../../Engine/Content/EngineMaterials/HairColorMap.uasset" 395
"../../../Engine/Content/EngineMaterials/HairColorMap.uexp" 396
"../../../Engine/Content/EngineMaterials/HairDebugColor.uasset" 397
"../../../Engine/Content/EngineMaterials/HairDebugColor.uexp" 398
"../../../Engine/Plugins/Runtime/HairStrands/Content/Materials/HairDebugMaterial.uasset" 399
"../../../Engine/Plugins/Runtime/HairStrands/Content/Materials/HairDebugMaterial.uexp" 400
"../../../Engine/Plugins/Runtime/HairStrands/Content/Materials/HairCardsDefaultMaterial.uasset" 401
"../../../Engine/Plugins/Runtime/HairStrands/Content/Materials/HairCardsDefaultMaterial.uexp" 402
"../../../Engine/Plugins/Runtime/AudioWidgets/Content/Resources/ScrubHandleDown_Clamped.uasset" 403
"../../../Engine/Plugins/Runtime/AudioWidgets/Content/Resources/ScrubHandleDown_Clamped.uexp" 404
"../../../Engine/Plugins/Interchange/Assets/Content/Functions/MX_UsdPreviewSurface.uasset" 405
"../../../Engine/Plugins/Interchange/Assets/Content/Functions/MX_UsdPreviewSurface.uexp" 406
"../../../Engine/Plugins/Interchange/Assets/Content/Functions/MX_UniformEDF.uasset" 407
"../../../Engine/Plugins/Interchange/Assets/Content/Functions/MX_UniformEDF.uexp" 408
"../../../Engine/Plugins/Interchange/Assets/Content/Functions/MX_TranslucentBSDF.uasset" 409
"../../../Engine/Plugins/Interchange/Assets/Content/Functions/MX_TranslucentBSDF.uexp" 410
"../../../Engine/Plugins/Interchange/Assets/Content/Functions/MX_ThinFilmBSDF.uasset" 411
"../../../Engine/Plugins/Interchange/Assets/Content/Functions/MX_ThinFilmBSDF.uexp" 412
"../../../Engine/Plugins/Interchange/Assets/Content/Functions/MX_SurfaceUnlit.uasset" 413
"../../../Engine/Plugins/Interchange/Assets/Content/Functions/MX_SurfaceUnlit.uexp" 414
"../../../Engine/Plugins/Interchange/Assets/Content/Functions/MX_Surface.uasset" 415
"../../../Engine/Plugins/Interchange/Assets/Content/Functions/MX_Surface.uexp" 416
"../../../Engine/Plugins/Interchange/Assets/Content/Functions/MX_SubsurfaceBSDF.uasset" 417
"../../../Engine/Plugins/Interchange/Assets/Content/Functions/MX_SubsurfaceBSDF.uexp" 418
"../../../Engine/Plugins/Interchange/Assets/Content/Functions/MX_SheenBSDF.uasset" 419
"../../../Engine/Plugins/Interchange/Assets/Content/Functions/MX_SheenBSDF.uexp" 420
"../../../Engine/Plugins/Interchange/Assets/Content/Functions/MX_OrenNayarBSDF.uasset" 421
"../../../Engine/Plugins/Interchange/Assets/Content/Functions/MX_OrenNayarBSDF.uexp" 422
"../../../Engine/Plugins/Interchange/Assets/Content/Functions/MF_IridescenceNoLUT.uasset" 423
"../../../Engine/Plugins/Interchange/Assets/Content/Functions/MF_IridescenceNoLUT.uexp" 424
"../../../Engine/Plugins/Interchange/Assets/Content/Functions/MX_StandardSurface.uasset" 425
"../../../Engine/Plugins/Interchange/Assets/Content/Functions/MX_StandardSurface.uexp" 426
"../../../Engine/Plugins/Interchange/Assets/Content/Functions/MX_TransmissionSurface.uasset" 427
"../../../Engine/Plugins/Interchange/Assets/Content/Functions/MX_TransmissionSurface.uexp" 428
"../../../Engine/Plugins/Interchange/Assets/Content/Functions/MX_OpenPBR_Translucent.uasset" 429
"../../../Engine/Plugins/Interchange/Assets/Content/Functions/MX_OpenPBR_Translucent.uexp" 430
"../../../Engine/Plugins/Interchange/Assets/Content/Functions/MX_OpenPBR_Opaque.uasset" 431
"../../../Engine/Plugins/Interchange/Assets/Content/Functions/MX_OpenPBR_Opaque.uexp" 432
"../../../Engine/Plugins/Interchange/Assets/Content/Functions/MX_MeasuredEDF.uasset" 433
"../../../Engine/Plugins/Interchange/Assets/Content/Functions/MX_MeasuredEDF.uexp" 434
"../../../Engine/Plugins/Interchange/Assets/Content/Functions/MX_GeneralizedSchlickBSDF.uasset" 435
"../../../Engine/Plugins/Interchange/Assets/Content/Functions/MX_GeneralizedSchlickBSDF.uexp" 436
"../../../Engine/Plugins/Interchange/Assets/Content/Functions/MX_Displacement.uasset" 437
"../../../Engine/Plugins/Interchange/Assets/Content/Functions/MX_Displacement.uexp" 438
"../../../Engine/Plugins/Interchange/Assets/Content/Functions/MX_DielectricBSDF.uasset" 439
"../../../Engine/Plugins/Interchange/Assets/Content/Functions/MX_DielectricBSDF.uexp" 440
"../../../Engine/Plugins/Interchange/Assets/Content/Functions/MX_ConicalEDF.uasset" 441
"../../../Engine/Plugins/Interchange/Assets/Content/Functions/MX_ConicalEDF.uexp" 442
"../../../Engine/Plugins/Interchange/Assets/Content/Functions/MX_ConductorBSDF.uasset" 443
"../../../Engine/Plugins/Interchange/Assets/Content/Functions/MX_ConductorBSDF.uexp" 444
"../../../Engine/Plugins/Interchange/Assets/Content/Functions/MX_BurleyDiffuseBSDF.uasset" 445
"../../../Engine/Plugins/Interchange/Assets/Content/Functions/MX_BurleyDiffuseBSDF.uexp" 446
"../../../Engine/Plugins/Interchange/Assets/Content/Functions/MX_AnisotropicVDF.uasset" 447
"../../../Engine/Plugins/Interchange/Assets/Content/Functions/MX_AnisotropicVDF.uexp" 448
"../../../Engine/Plugins/Interchange/Assets/Content/Functions/MX_AbsorptionVDF.uasset" 449
"../../../Engine/Plugins/Interchange/Assets/Content/Functions/MX_AbsorptionVDF.uexp" 450
"../../../Engine/Content/Functions/Engine_MaterialFunctions02/Utility/VectorLength.uasset" 451
"../../../Engine/Content/Functions/Engine_MaterialFunctions02/Utility/VectorLength.uexp" 452
"../../../Engine/Content/Functions/Engine_MaterialFunctions02/Utility/BreakOutFloat3Components.uasset" 453
"../../../Engine/Content/Functions/Engine_MaterialFunctions02/Utility/BreakOutFloat3Components.uexp" 454
"../../../Engine/Content/Functions/Engine_MaterialFunctions02/WorldPositionOffset/ObjectScale.uasset" 455
"../../../Engine/Content/Functions/Engine_MaterialFunctions02/WorldPositionOffset/ObjectScale.uexp" 456
"../../../Engine/Content/Functions/Engine_MaterialFunctions02/SafeNormalize.uasset" 457
"../../../Engine/Content/Functions/Engine_MaterialFunctions02/SafeNormalize.uexp" 458
"../../../Engine/Plugins/Editor/SpeedTreeImporter/Content/SpeedTree9/UnpackInteger3.uasset" 459
"../../../Engine/Plugins/Editor/SpeedTreeImporter/Content/SpeedTree9/UnpackInteger3.uexp" 460
"../../../Engine/Plugins/Editor/SpeedTreeImporter/Content/SpeedTree9/UnpackDirection.uasset" 461
"../../../Engine/Plugins/Editor/SpeedTreeImporter/Content/SpeedTree9/UnpackDirection.uexp" 462
"../../../Engine/Plugins/Editor/SpeedTreeImporter/Content/SpeedTree9/game_wind_noise.ubulk" 463
"../../../Engine/Plugins/Editor/SpeedTreeImporter/Content/SpeedTree9/game_wind_noise.uasset" 464
"../../../Engine/Plugins/Editor/SpeedTreeImporter/Content/SpeedTree9/game_wind_noise.uexp" 465
"../../../Engine/Plugins/Editor/SpeedTreeImporter/Content/SpeedTree9/SpeedTreeWindMotion.uasset" 466
"../../../Engine/Plugins/Editor/SpeedTreeImporter/Content/SpeedTree9/SpeedTreeWindMotion.uexp" 467
"../../../Engine/Plugins/Editor/SpeedTreeImporter/Content/SpeedTree9/SpeedTreeBranchMotion.uasset" 468
"../../../Engine/Plugins/Editor/SpeedTreeImporter/Content/SpeedTree9/SpeedTreeBranchMotion.uexp" 469
"../../../Engine/Content/Functions/Engine_MaterialFunctions02/ObjectLocalBounds.uasset" 470
"../../../Engine/Content/Functions/Engine_MaterialFunctions02/ObjectLocalBounds.uexp" 471
"../../../Engine/Content/Functions/Engine_MaterialFunctions02/UVs/BoundingBoxBased_0-1_UVW.uasset" 472
"../../../Engine/Content/Functions/Engine_MaterialFunctions02/UVs/BoundingBoxBased_0-1_UVW.uexp" 473
"../../../Engine/Plugins/Editor/SpeedTreeImporter/Content/SpeedTree9/SpeedTreeWind.uasset" 474
"../../../Engine/Plugins/Editor/SpeedTreeImporter/Content/SpeedTree9/SpeedTreeWind.uexp" 475
"../../../Engine/Plugins/Editor/SpeedTreeImporter/Content/SpeedTree9/SpeedTreeCameraFacing.uasset" 476
"../../../Engine/Plugins/Editor/SpeedTreeImporter/Content/SpeedTree9/SpeedTreeCameraFacing.uexp" 477
"../../../Engine/Plugins/Editor/SpeedTreeImporter/Content/SpeedTree9/EmptyNormal.uasset" 478
"../../../Engine/Plugins/Editor/SpeedTreeImporter/Content/SpeedTree9/EmptyNormal.uexp" 479
"../../../Engine/Plugins/Editor/SpeedTreeImporter/Content/SpeedTree9/Empty.uasset" 480
"../../../Engine/Plugins/Editor/SpeedTreeImporter/Content/SpeedTree9/Empty.uexp" 481
"../../../Engine/Plugins/Editor/SpeedTreeImporter/Content/SpeedTree9/SpeedTreeMaster.uasset" 482
"../../../Engine/Plugins/Editor/SpeedTreeImporter/Content/SpeedTree9/SpeedTreeMaster.uexp" 483
"../../../Engine/Plugins/Editor/SpeedTreeImporter/Content/SpeedTree9/SpeedTreeBillboard.uasset" 484
"../../../Engine/Plugins/Editor/SpeedTreeImporter/Content/SpeedTree9/SpeedTreeBillboard.uexp" 485
"../../../Engine/Plugins/Editor/SpeedTreeImporter/Content/SpeedTree9/SpeedTreeBillboardMaster.uasset" 486
"../../../Engine/Plugins/Editor/SpeedTreeImporter/Content/SpeedTree9/SpeedTreeBillboardMaster.uexp" 487
"../../../Engine/Plugins/Animation/ControlRig/Content/Controls/ControlRig_Wedge_solid.ubulk" 488
"../../../Engine/Plugins/Animation/ControlRig/Content/Controls/ControlRig_Wedge_solid.uasset" 489
"../../../Engine/Plugins/Animation/ControlRig/Content/Controls/ControlRig_Wedge_solid.uexp" 490
"../../../Engine/Plugins/Animation/ControlRig/Content/Controls/ControlRig_Wedge_3mm.ubulk" 491
"../../../Engine/Plugins/Animation/ControlRig/Content/Controls/ControlRig_Wedge_3mm.uasset" 492
"../../../Engine/Plugins/Animation/ControlRig/Content/Controls/ControlRig_Wedge_3mm.uexp" 493
"../../../Engine/Plugins/Animation/ControlRig/Content/Controls/ControlRig_Wedge_1mm.ubulk" 494
"../../../Engine/Plugins/Animation/ControlRig/Content/Controls/ControlRig_Wedge_1mm.uasset" 495
"../../../Engine/Plugins/Animation/ControlRig/Content/Controls/ControlRig_Wedge_1mm.uexp" 496
"../../../Engine/Plugins/Animation/ControlRig/Content/Controls/ControlRig_Triangle_solid.ubulk" 497
"../../../Engine/Plugins/Animation/ControlRig/Content/Controls/ControlRig_Triangle_solid.uasset" 498
"../../../Engine/Plugins/Animation/ControlRig/Content/Controls/ControlRig_Triangle_solid.uexp" 499
"../../../Engine/Plugins/Animation/ControlRig/Content/Controls/ControlRig_Triangle_3mm.ubulk" 500
"../../../Engine/Plugins/Animation/ControlRig/Content/Controls/ControlRig_Triangle_3mm.uasset" 501
"../../../Engine/Plugins/Animation/ControlRig/Content/Controls/ControlRig_Triangle_3mm.uexp" 502
"../../../Engine/Plugins/Animation/ControlRig/Content/Controls/ControlRig_Triangle_1mm.ubulk" 503
"../../../Engine/Plugins/Animation/ControlRig/Content/Controls/ControlRig_Triangle_1mm.uasset" 504
"../../../Engine/Plugins/Animation/ControlRig/Content/Controls/ControlRig_Triangle_1mm.uexp" 505
"../../../Engine/Plugins/Animation/ControlRig/Content/Controls/ControlRig_Star4_solid.ubulk" 506
"../../../Engine/Plugins/Animation/ControlRig/Content/Controls/ControlRig_Star4_solid.uasset" 507
"../../../Engine/Plugins/Animation/ControlRig/Content/Controls/ControlRig_Star4_solid.uexp" 508
"../../../Engine/Plugins/Animation/ControlRig/Content/Controls/ControlRig_Star4_3mm.ubulk" 509
"../../../Engine/Plugins/Animation/ControlRig/Content/Controls/ControlRig_Star4_3mm.uasset" 510
"../../../Engine/Plugins/Animation/ControlRig/Content/Controls/ControlRig_Star4_3mm.uexp" 511
"../../../Engine/Plugins/Animation/ControlRig/Content/Controls/ControlRig_Star4_1mm.ubulk" 512
"../../../Engine/Plugins/Animation/ControlRig/Content/Controls/ControlRig_Star4_1mm.uasset" 513
"../../../Engine/Plugins/Animation/ControlRig/Content/Controls/ControlRig_Star4_1mm.uexp" 514
"../../../Engine/Plugins/Animation/ControlRig/Content/Controls/ControlRig_Square_solid.ubulk" 515
"../../../Engine/Plugins/Animation/ControlRig/Content/Controls/ControlRig_Square_solid.uasset" 516
"../../../Engine/Plugins/Animation/ControlRig/Content/Controls/ControlRig_Square_solid.uexp" 517
"../../../Engine/Plugins/Animation/ControlRig/Content/Controls/ControlRig_Square_3mm.ubulk" 518
"../../../Engine/Plugins/Animation/ControlRig/Content/Controls/ControlRig_Square_3mm.uasset" 519
"../../../Engine/Plugins/Animation/ControlRig/Content/Controls/ControlRig_Square_3mm.uexp" 520
"../../../Engine/Plugins/Animation/ControlRig/Content/Controls/ControlRig_Square_1mm.ubulk" 521
"../../../Engine/Plugins/Animation/ControlRig/Content/Controls/ControlRig_Square_1mm.uasset" 522
"../../../Engine/Plugins/Animation/ControlRig/Content/Controls/ControlRig_Square_1mm.uexp" 523
"../../../Engine/Plugins/Animation/ControlRig/Content/Controls/ControlRig_Sphere_solid.ubulk" 524
"../../../Engine/Plugins/Animation/ControlRig/Content/Controls/ControlRig_Sphere_solid.uasset" 525
"../../../Engine/Plugins/Animation/ControlRig/Content/Controls/ControlRig_Sphere_solid.uexp" 526
"../../../Engine/Plugins/Animation/ControlRig/Content/Controls/ControlRig_Sphere_3mm.ubulk" 527
"../../../Engine/Plugins/Animation/ControlRig/Content/Controls/ControlRig_Sphere_3mm.uasset" 528
"../../../Engine/Plugins/Animation/ControlRig/Content/Controls/ControlRig_Sphere_3mm.uexp" 529
"../../../Engine/Plugins/Animation/ControlRig/Content/Controls/ControlRig_Sphere_1mm.ubulk" 530
"../../../Engine/Plugins/Animation/ControlRig/Content/Controls/ControlRig_Sphere_1mm.uasset" 531
"../../../Engine/Plugins/Animation/ControlRig/Content/Controls/ControlRig_Sphere_1mm.uexp" 532
"../../../Engine/Plugins/Animation/ControlRig/Content/Controls/ControlRig_RoundedTriangle_solid.ubulk" 533
"../../../Engine/Plugins/Animation/ControlRig/Content/Controls/ControlRig_RoundedTriangle_solid.uasset" 534
"../../../Engine/Plugins/Animation/ControlRig/Content/Controls/ControlRig_RoundedTriangle_solid.uexp" 535
"../../../Engine/Plugins/Animation/ControlRig/Content/Controls/ControlRig_RoundedTriangle_3mm.ubulk" 536
"../../../Engine/Plugins/Animation/ControlRig/Content/Controls/ControlRig_RoundedTriangle_3mm.uasset" 537
"../../../Engine/Plugins/Animation/ControlRig/Content/Controls/ControlRig_RoundedTriangle_3mm.uexp" 538
"../../../Engine/Plugins/Animation/ControlRig/Content/Controls/ControlRig_RoundedTriangle_1mm.ubulk" 539
"../../../Engine/Plugins/Animation/ControlRig/Content/Controls/ControlRig_RoundedTriangle_1mm.uasset" 540
"../../../Engine/Plugins/Animation/ControlRig/Content/Controls/ControlRig_RoundedTriangle_1mm.uexp" 541
"../../../Engine/Plugins/Animation/ControlRig/Content/Controls/ControlRig_RoundedSquare_solid.ubulk" 542
"../../../Engine/Plugins/Animation/ControlRig/Content/Controls/ControlRig_RoundedSquare_solid.uasset" 543
"../../../Engine/Plugins/Animation/ControlRig/Content/Controls/ControlRig_RoundedSquare_solid.uexp" 544
"../../../Engine/Plugins/Animation/ControlRig/Content/Controls/ControlRig_RoundedSquare_3mm.ubulk" 545
"../../../Engine/Plugins/Animation/ControlRig/Content/Controls/ControlRig_RoundedSquare_3mm.uasset" 546
"../../../Engine/Plugins/Animation/ControlRig/Content/Controls/ControlRig_RoundedSquare_3mm.uexp" 547
"../../../Engine/Plugins/Animation/ControlRig/Content/Controls/ControlRig_RoundedSquare_1mm.ubulk" 548
"../../../Engine/Plugins/Animation/ControlRig/Content/Controls/ControlRig_RoundedSquare_1mm.uasset" 549
"../../../Engine/Plugins/Animation/ControlRig/Content/Controls/ControlRig_RoundedSquare_1mm.uexp" 550
"../../../Engine/Plugins/Animation/ControlRig/Content/Controls/ControlRig_QuarterCircle_solid.ubulk" 551
"../../../Engine/Plugins/Animation/ControlRig/Content/Controls/ControlRig_QuarterCircle_solid.uasset" 552
"../../../Engine/Plugins/Animation/ControlRig/Content/Controls/ControlRig_QuarterCircle_solid.uexp" 553
"../../../Engine/Plugins/Animation/ControlRig/Content/Controls/ControlRig_QuarterCircle_3mm.ubulk" 554
"../../../Engine/Plugins/Animation/ControlRig/Content/Controls/ControlRig_QuarterCircle_3mm.uasset" 555
"../../../Engine/Plugins/Animation/ControlRig/Content/Controls/ControlRig_QuarterCircle_3mm.uexp" 556
"../../../Engine/Plugins/Animation/ControlRig/Content/Controls/ControlRig_QuarterCircle_1mm.ubulk" 557
"../../../Engine/Plugins/Animation/ControlRig/Content/Controls/ControlRig_QuarterCircle_1mm.uasset" 558
"../../../Engine/Plugins/Animation/ControlRig/Content/Controls/ControlRig_QuarterCircle_1mm.uexp" 559
"../../../Engine/Plugins/Animation/ControlRig/Content/Controls/ControlRig_Pyramid_solid.ubulk" 560
"../../../Engine/Plugins/Animation/ControlRig/Content/Controls/ControlRig_Pyramid_solid.uasset" 561
"../../../Engine/Plugins/Animation/ControlRig/Content/Controls/ControlRig_Pyramid_solid.uexp" 562
"../../../Engine/Plugins/Animation/ControlRig/Content/Controls/ControlRig_Pyramid_3mm.ubulk" 563
"../../../Engine/Plugins/Animation/ControlRig/Content/Controls/ControlRig_Pyramid_3mm.uasset" 564
"../../../Engine/Plugins/Animation/ControlRig/Content/Controls/ControlRig_Pyramid_3mm.uexp" 565
"../../../Engine/Plugins/Animation/ControlRig/Content/Controls/ControlRig_Pyramid_1mm.ubulk" 566
"../../../Engine/Plugins/Animation/ControlRig/Content/Controls/ControlRig_Pyramid_1mm.uasset" 567
"../../../Engine/Plugins/Animation/ControlRig/Content/Controls/ControlRig_Pyramid_1mm.uexp" 568
"../../../Engine/Plugins/Animation/ControlRig/Content/Controls/ControlRig_Octagon_solid.ubulk" 569
"../../../Engine/Plugins/Animation/ControlRig/Content/Controls/ControlRig_Octagon_solid.uasset" 570
"../../../Engine/Plugins/Animation/ControlRig/Content/Controls/ControlRig_Octagon_solid.uexp" 571
"../../../Engine/Plugins/Animation/ControlRig/Content/Controls/ControlRig_Octagon_3mm.ubulk" 572
"../../../Engine/Plugins/Animation/ControlRig/Content/Controls/ControlRig_Octagon_3mm.uasset" 573
"../../../Engine/Plugins/Animation/ControlRig/Content/Controls/ControlRig_Octagon_3mm.uexp" 574
"../../../Engine/Plugins/Animation/ControlRig/Content/Controls/ControlRig_Octagon_1mm.ubulk" 575
"../../../Engine/Plugins/Animation/ControlRig/Content/Controls/ControlRig_Octagon_1mm.uasset" 576
"../../../Engine/Plugins/Animation/ControlRig/Content/Controls/ControlRig_Octagon_1mm.uexp" 577
"../../../Engine/Plugins/Animation/ControlRig/Content/Controls/ControlRig_Hexagon_solid.ubulk" 578
"../../../Engine/Plugins/Animation/ControlRig/Content/Controls/ControlRig_Hexagon_solid.uasset" 579
"../../../Engine/Plugins/Animation/ControlRig/Content/Controls/ControlRig_Hexagon_solid.uexp" 580
"../../../Engine/Plugins/Animation/ControlRig/Content/Controls/ControlRig_Hexagon_3mm.ubulk" 581
"../../../Engine/Plugins/Animation/ControlRig/Content/Controls/ControlRig_Hexagon_3mm.uasset" 582
"../../../Engine/Plugins/Animation/ControlRig/Content/Controls/ControlRig_Hexagon_3mm.uexp" 583
"../../../Engine/Plugins/Animation/ControlRig/Content/Controls/ControlRig_Hexagon_1mm.ubulk" 584
"../../../Engine/Plugins/Animation/ControlRig/Content/Controls/ControlRig_Hexagon_1mm.uasset" 585
"../../../Engine/Plugins/Animation/ControlRig/Content/Controls/ControlRig_Hexagon_1mm.uexp" 586
"../../../Engine/Plugins/Animation/ControlRig/Content/Controls/ControlRig_HalfCircle_solid.ubulk" 587
"../../../Engine/Plugins/Animation/ControlRig/Content/Controls/ControlRig_HalfCircle_solid.uasset" 588
"../../../Engine/Plugins/Animation/ControlRig/Content/Controls/ControlRig_HalfCircle_solid.uexp" 589
"../../../Engine/Plugins/Animation/ControlRig/Content/Controls/ControlRig_HalfCircle_3mm.ubulk" 590
"../../../Engine/Plugins/Animation/ControlRig/Content/Controls/ControlRig_HalfCircle_3mm.uasset" 591
"../../../Engine/Plugins/Animation/ControlRig/Content/Controls/ControlRig_HalfCircle_3mm.uexp" 592
"../../../Engine/Plugins/Animation/ControlRig/Content/Controls/ControlRig_HalfCircle_1mm.ubulk" 593
"../../../Engine/Plugins/Animation/ControlRig/Content/Controls/ControlRig_HalfCircle_1mm.uasset" 594
"../../../Engine/Plugins/Animation/ControlRig/Content/Controls/ControlRig_HalfCircle_1mm.uexp" 595
"../../../Engine/Plugins/Animation/ControlRig/Content/Controls/ControlRig_Diamond_solid.ubulk" 596
"../../../Engine/Plugins/Animation/ControlRig/Content/Controls/ControlRig_Diamond_solid.uasset" 597
"../../../Engine/Plugins/Animation/ControlRig/Content/Controls/ControlRig_Diamond_solid.uexp" 598
"../../../Engine/Plugins/Animation/ControlRig/Content/Controls/ControlRig_Diamond_3mm.ubulk" 599
"../../../Engine/Plugins/Animation/ControlRig/Content/Controls/ControlRig_Diamond_3mm.uasset" 600
"../../../Engine/Plugins/Animation/ControlRig/Content/Controls/ControlRig_Diamond_3mm.uexp" 601
"../../../Engine/Plugins/Animation/ControlRig/Content/Controls/ControlRig_Diamond_1mm.ubulk" 602
"../../../Engine/Plugins/Animation/ControlRig/Content/Controls/ControlRig_Diamond_1mm.uasset" 603
"../../../Engine/Plugins/Animation/ControlRig/Content/Controls/ControlRig_Diamond_1mm.uexp" 604
"../../../Engine/Plugins/Animation/ControlRig/Content/Controls/ControlRig_Circle_solid.ubulk" 605
"../../../Engine/Plugins/Animation/ControlRig/Content/Controls/ControlRig_Circle_solid.uasset" 606
"../../../Engine/Plugins/Animation/ControlRig/Content/Controls/ControlRig_Circle_solid.uexp" 607
"../../../Engine/Plugins/Animation/ControlRig/Content/Controls/ControlRig_Circle_3mm.ubulk" 608
"../../../Engine/Plugins/Animation/ControlRig/Content/Controls/ControlRig_Circle_3mm.uasset" 609
"../../../Engine/Plugins/Animation/ControlRig/Content/Controls/ControlRig_Circle_3mm.uexp" 610
"../../../Engine/Plugins/Animation/ControlRig/Content/Controls/ControlRig_Circle_1mm.ubulk" 611
"../../../Engine/Plugins/Animation/ControlRig/Content/Controls/ControlRig_Circle_1mm.uasset" 612
"../../../Engine/Plugins/Animation/ControlRig/Content/Controls/ControlRig_Circle_1mm.uexp" 613
"../../../Engine/Plugins/Animation/ControlRig/Content/Controls/ControlRig_Box_solid.ubulk" 614
"../../../Engine/Plugins/Animation/ControlRig/Content/Controls/ControlRig_Box_solid.uasset" 615
"../../../Engine/Plugins/Animation/ControlRig/Content/Controls/ControlRig_Box_solid.uexp" 616
"../../../Engine/Plugins/Animation/ControlRig/Content/Controls/ControlRig_Box_3mm.ubulk" 617
"../../../Engine/Plugins/Animation/ControlRig/Content/Controls/ControlRig_Box_3mm.uasset" 618
"../../../Engine/Plugins/Animation/ControlRig/Content/Controls/ControlRig_Box_3mm.uexp" 619
"../../../Engine/Plugins/Animation/ControlRig/Content/Controls/ControlRig_Box_1mm.ubulk" 620
"../../../Engine/Plugins/Animation/ControlRig/Content/Controls/ControlRig_Box_1mm.uasset" 621
"../../../Engine/Plugins/Animation/ControlRig/Content/Controls/ControlRig_Box_1mm.uexp" 622
"../../../Engine/Plugins/Animation/ControlRig/Content/Controls/ControlRig_Arrow_solid.ubulk" 623
"../../../Engine/Plugins/Animation/ControlRig/Content/Controls/ControlRig_Arrow_solid.uasset" 624
"../../../Engine/Plugins/Animation/ControlRig/Content/Controls/ControlRig_Arrow_solid.uexp" 625
"../../../Engine/Plugins/Animation/ControlRig/Content/Controls/ControlRig_Arrow_3mm.ubulk" 626
"../../../Engine/Plugins/Animation/ControlRig/Content/Controls/ControlRig_Arrow_3mm.uasset" 627
"../../../Engine/Plugins/Animation/ControlRig/Content/Controls/ControlRig_Arrow_3mm.uexp" 628
"../../../Engine/Plugins/Animation/ControlRig/Content/Controls/ControlRig_Arrow_1mm.ubulk" 629
"../../../Engine/Plugins/Animation/ControlRig/Content/Controls/ControlRig_Arrow_1mm.uasset" 630
"../../../Engine/Plugins/Animation/ControlRig/Content/Controls/ControlRig_Arrow_1mm.uexp" 631
"../../../Engine/Plugins/Animation/ControlRig/Content/Controls/ControlRig_Arrow4_solid.ubulk" 632
"../../../Engine/Plugins/Animation/ControlRig/Content/Controls/ControlRig_Arrow4_solid.uasset" 633
"../../../Engine/Plugins/Animation/ControlRig/Content/Controls/ControlRig_Arrow4_solid.uexp" 634
"../../../Engine/Plugins/Animation/ControlRig/Content/Controls/ControlRig_Arrow4_3mm.ubulk" 635
"../../../Engine/Plugins/Animation/ControlRig/Content/Controls/ControlRig_Arrow4_3mm.uasset" 636
"../../../Engine/Plugins/Animation/ControlRig/Content/Controls/ControlRig_Arrow4_3mm.uexp" 637
"../../../Engine/Plugins/Animation/ControlRig/Content/Controls/ControlRig_Arrow4_1mm.ubulk" 638
"../../../Engine/Plugins/Animation/ControlRig/Content/Controls/ControlRig_Arrow4_1mm.uasset" 639
"../../../Engine/Plugins/Animation/ControlRig/Content/Controls/ControlRig_Arrow4_1mm.uexp" 640
"../../../Engine/Plugins/Animation/ControlRig/Content/Controls/ControlRig_Arrow2_solid.ubulk" 641
"../../../Engine/Plugins/Animation/ControlRig/Content/Controls/ControlRig_Arrow2_solid.uasset" 642
"../../../Engine/Plugins/Animation/ControlRig/Content/Controls/ControlRig_Arrow2_solid.uexp" 643
"../../../Engine/Plugins/Animation/ControlRig/Content/Controls/ControlRig_Arrow2_3mm.ubulk" 644
"../../../Engine/Plugins/Animation/ControlRig/Content/Controls/ControlRig_Arrow2_3mm.uasset" 645
"../../../Engine/Plugins/Animation/ControlRig/Content/Controls/ControlRig_Arrow2_3mm.uexp" 646
"../../../Engine/Plugins/Animation/ControlRig/Content/Controls/ControlRig_Arrow2_1mm.ubulk" 647
"../../../Engine/Plugins/Animation/ControlRig/Content/Controls/ControlRig_Arrow2_1mm.uasset" 648
"../../../Engine/Plugins/Animation/ControlRig/Content/Controls/ControlRig_Arrow2_1mm.uexp" 649
"../../../Engine/Plugins/Animation/ControlRig/Content/Controls/ControlRigXRayMaterial.uasset" 650
"../../../Engine/Plugins/Animation/ControlRig/Content/Controls/ControlRigXRayMaterial.uexp" 651
"../../../Engine/Plugins/Animation/ControlRig/Content/Controls/ControlRigGizmoMaterial.uasset" 652
"../../../Engine/Plugins/Animation/ControlRig/Content/Controls/ControlRigGizmoMaterial.uexp" 653
"../../../Engine/Content/MapTemplates/SM_Template_Map_Floor.ubulk" 654
"../../../Engine/Content/MapTemplates/SM_Template_Map_Floor.uasset" 655
"../../../Engine/Content/MapTemplates/SM_Template_Map_Floor.uexp" 656
"../../../Engine/Content/EditorMaterials/ParticleSystems/PSysThumbnail_OOD.ubulk" 657
"../../../Engine/Content/EditorMaterials/ParticleSystems/PSysThumbnail_OOD.uasset" 658
"../../../Engine/Content/EditorMaterials/ParticleSystems/PSysThumbnail_OOD.uexp" 659
"../../../Engine/Content/EditorMaterials/ParticleSystems/PSysThumbnail_NoImage.ubulk" 660
"../../../Engine/Content/EditorMaterials/ParticleSystems/PSysThumbnail_NoImage.uasset" 661
"../../../Engine/Content/EditorMaterials/ParticleSystems/PSysThumbnail_NoImage.uexp" 662
"../../../Engine/Content/EditorMaterials/Dataflow/DataflowVertexMaterial.uasset" 663
"../../../Engine/Content/EditorMaterials/Dataflow/DataflowVertexMaterial.uexp" 664
"../../../Engine/Content/EditorMaterials/Dataflow/DataflowTwoSidedVertexMaterial.uasset" 665
"../../../Engine/Content/EditorMaterials/Dataflow/DataflowTwoSidedVertexMaterial.uexp" 666
"../../../Engine/Content/EngineResources/FilmGrains/Marcie_Grain_v3_128_M2_000.uasset" 667
"../../../Engine/Content/EngineResources/FilmGrains/Marcie_Grain_v3_128_M2_000.uexp" 668
"../../../Engine/Content/EngineResources/Development/ZenLogo_64.uasset" 669
"../../../Engine/Content/EngineResources/Development/ZenLogo_64.uexp" 670
"../../../Engine/Content/EngineMaterials/LTC/Sheen_LTC.uasset" 671
"../../../Engine/Content/EngineMaterials/LTC/Sheen_LTC.uexp" 672
"../../../Engine/Content/EngineMaterials/LTC/GGX_LTCMat.uasset" 673
"../../../Engine/Content/EngineMaterials/LTC/GGX_LTCMat.uexp" 674
"../../../Engine/Content/EngineMaterials/LTC/GGX_LTCAmp.uasset" 675
"../../../Engine/Content/EngineMaterials/LTC/GGX_LTCAmp.uexp" 676
"../../../Engine/Content/EngineMaterials/EnergyConservation/Sheen_Energy.uasset" 677
"../../../Engine/Content/EngineMaterials/EnergyConservation/Sheen_Energy.uexp" 678
"../../../Engine/Content/EngineMaterials/EnergyConservation/SheenLegacy_Energy.uasset" 679
"../../../Engine/Content/EngineMaterials/EnergyConservation/SheenLegacy_Energy.uexp" 680
"../../../Engine/Content/EngineMaterials/EnergyConservation/GGX_TransmissionEnergyArray.uasset" 681
"../../../Engine/Content/EngineMaterials/EnergyConservation/GGX_TransmissionEnergyArray.uexp" 682
"../../../Engine/Content/EngineMaterials/EnergyConservation/GGX_ReflectionEnergy.uasset" 683
"../../../Engine/Content/EngineMaterials/EnergyConservation/GGX_ReflectionEnergy.uexp" 684
"../../../Engine/Content/EngineMaterials/EnergyConservation/Diffuse_Energy.uasset" 685
"../../../Engine/Content/EngineMaterials/EnergyConservation/Diffuse_Energy.uexp" 686
"../../../Engine/Content/EditorResources/SequenceRecorder/RecordingIndicator.uasset" 687
"../../../Engine/Content/EditorResources/SequenceRecorder/RecordingIndicator.uexp" 688
"../../../Engine/Content/EditorResources/SequenceRecorder/Countdown.uasset" 689
"../../../Engine/Content/EditorResources/SequenceRecorder/Countdown.uexp" 690
"../../../Engine/Content/EditorMaterials/Camera/CineMat.uasset" 691
"../../../Engine/Content/EditorMaterials/Camera/CineMat.uexp" 692
"../../../Engine/Content/EditorMaterials/Camera/MI_CineMat_Rig.uasset" 693
"../../../Engine/Content/EditorMaterials/Camera/MI_CineMat_Rig.uexp" 694
"../../../Engine/Content/EditorMeshes/Camera/SM_RailRig_Track.ubulk" 695
"../../../Engine/Content/EditorMeshes/Camera/SM_RailRig_Track.uasset" 696
"../../../Engine/Content/EditorMeshes/Camera/SM_RailRig_Track.uexp" 697
"../../../Engine/Content/EditorMeshes/Camera/SM_RailRig_Mount.ubulk" 698
"../../../Engine/Content/EditorMeshes/Camera/SM_RailRig_Mount.uasset" 699
"../../../Engine/Content/EditorMeshes/Camera/SM_RailRig_Mount.uexp" 700
"../../../Engine/Content/EditorMeshes/Camera/SM_CraneRig_Mount.ubulk" 701
"../../../Engine/Content/EditorMeshes/Camera/SM_CraneRig_Mount.uasset" 702
"../../../Engine/Content/EditorMeshes/Camera/SM_CraneRig_Mount.uexp" 703
"../../../Engine/Content/EditorMeshes/Camera/SM_CraneRig_Body.ubulk" 704
"../../../Engine/Content/EditorMeshes/Camera/SM_CraneRig_Body.uasset" 705
"../../../Engine/Content/EditorMeshes/Camera/SM_CraneRig_Body.uexp" 706
"../../../Engine/Content/EditorMeshes/Camera/SM_CraneRig_Base.ubulk" 707
"../../../Engine/Content/EditorMeshes/Camera/SM_CraneRig_Base.uasset" 708
"../../../Engine/Content/EditorMeshes/Camera/SM_CraneRig_Base.uexp" 709
"../../../Engine/Content/EditorMeshes/Camera/SM_CraneRig_Arm.ubulk" 710
"../../../Engine/Content/EditorMeshes/Camera/SM_CraneRig_Arm.uasset" 711
"../../../Engine/Content/EditorMeshes/Camera/SM_CraneRig_Arm.uexp" 712
"D:/Epic Games/UE_project/BT_Game/Content/IndustryPropsPack6/Textures/T_WaterTank01_SRM.ubulk" 713
"D:/Epic Games/UE_project/BT_Game/Content/IndustryPropsPack6/Textures/T_WaterTank01_SRM.uasset" 714
"D:/Epic Games/UE_project/BT_Game/Content/IndustryPropsPack6/Textures/T_WaterTank01_SRM.uexp" 715
"D:/Epic Games/UE_project/BT_Game/Content/IndustryPropsPack6/Textures/T_WaterTank01_N.ubulk" 716
"D:/Epic Games/UE_project/BT_Game/Content/IndustryPropsPack6/Textures/T_WaterTank01_N.uasset" 717
"D:/Epic Games/UE_project/BT_Game/Content/IndustryPropsPack6/Textures/T_WaterTank01_N.uexp" 718
"D:/Epic Games/UE_project/BT_Game/Content/IndustryPropsPack6/Textures/T_WaterTank01_D.ubulk" 719
"D:/Epic Games/UE_project/BT_Game/Content/IndustryPropsPack6/Textures/T_WaterTank01_D.uasset" 720
"D:/Epic Games/UE_project/BT_Game/Content/IndustryPropsPack6/Textures/T_WaterTank01_D.uexp" 721
"D:/Epic Games/UE_project/BT_Game/Content/IndustryPropsPack6/Materials/MI_WaterTank01.uasset" 722
"D:/Epic Games/UE_project/BT_Game/Content/IndustryPropsPack6/Materials/MI_WaterTank01.uexp" 723
"D:/Epic Games/UE_project/BT_Game/Content/IndustryPropsPack6/Meshes/SM_WaterTank01.ubulk" 724
"D:/Epic Games/UE_project/BT_Game/Content/IndustryPropsPack6/Meshes/SM_WaterTank01.uasset" 725
"D:/Epic Games/UE_project/BT_Game/Content/IndustryPropsPack6/Meshes/SM_WaterTank01.uexp" 726
"D:/Epic Games/UE_project/BT_Game/Content/IndustryPropsPack6/Textures/T_Hose_SRM.ubulk" 727
"D:/Epic Games/UE_project/BT_Game/Content/IndustryPropsPack6/Textures/T_Hose_SRM.uasset" 728
"D:/Epic Games/UE_project/BT_Game/Content/IndustryPropsPack6/Textures/T_Hose_SRM.uexp" 729
"D:/Epic Games/UE_project/BT_Game/Content/IndustryPropsPack6/Textures/T_Hose_N.ubulk" 730
"D:/Epic Games/UE_project/BT_Game/Content/IndustryPropsPack6/Textures/T_Hose_N.uasset" 731
"D:/Epic Games/UE_project/BT_Game/Content/IndustryPropsPack6/Textures/T_Hose_N.uexp" 732
"D:/Epic Games/UE_project/BT_Game/Content/IndustryPropsPack6/Textures/T_Hose_D.ubulk" 733
"D:/Epic Games/UE_project/BT_Game/Content/IndustryPropsPack6/Textures/T_Hose_D.uasset" 734
"D:/Epic Games/UE_project/BT_Game/Content/IndustryPropsPack6/Textures/T_Hose_D.uexp" 735
"D:/Epic Games/UE_project/BT_Game/Content/IndustryPropsPack6/Materials/MI_Hose01_1.uasset" 736
"D:/Epic Games/UE_project/BT_Game/Content/IndustryPropsPack6/Materials/MI_Hose01_1.uexp" 737
"D:/Epic Games/UE_project/BT_Game/Content/IndustryPropsPack6/Meshes/SM_Hose01.ubulk" 738
"D:/Epic Games/UE_project/BT_Game/Content/IndustryPropsPack6/Meshes/SM_Hose01.uasset" 739
"D:/Epic Games/UE_project/BT_Game/Content/IndustryPropsPack6/Meshes/SM_Hose01.uexp" 740
"D:/Epic Games/UE_project/BT_Game/Content/IndustryPropsPack6/Textures/T_Cartonbox01_SRM.ubulk" 741
"D:/Epic Games/UE_project/BT_Game/Content/IndustryPropsPack6/Textures/T_Cartonbox01_SRM.uasset" 742
"D:/Epic Games/UE_project/BT_Game/Content/IndustryPropsPack6/Textures/T_Cartonbox01_SRM.uexp" 743
"D:/Epic Games/UE_project/BT_Game/Content/IndustryPropsPack6/Textures/T_Cartonbox01_N.ubulk" 744
"D:/Epic Games/UE_project/BT_Game/Content/IndustryPropsPack6/Textures/T_Cartonbox01_N.uasset" 745
"D:/Epic Games/UE_project/BT_Game/Content/IndustryPropsPack6/Textures/T_Cartonbox01_N.uexp" 746
"D:/Epic Games/UE_project/BT_Game/Content/IndustryPropsPack6/Textures/T_Cartonbox01_D.ubulk" 747
"D:/Epic Games/UE_project/BT_Game/Content/IndustryPropsPack6/Textures/T_Cartonbox01_D.uasset" 748
"D:/Epic Games/UE_project/BT_Game/Content/IndustryPropsPack6/Textures/T_Cartonbox01_D.uexp" 749
"D:/Epic Games/UE_project/BT_Game/Content/IndustryPropsPack6/Materials/MI_Cartonbox01_1.uasset" 750
"D:/Epic Games/UE_project/BT_Game/Content/IndustryPropsPack6/Materials/MI_Cartonbox01_1.uexp" 751
"D:/Epic Games/UE_project/BT_Game/Content/IndustryPropsPack6/Meshes/SM_CartonGarbage09.ubulk" 752
"D:/Epic Games/UE_project/BT_Game/Content/IndustryPropsPack6/Meshes/SM_CartonGarbage09.uasset" 753
"D:/Epic Games/UE_project/BT_Game/Content/IndustryPropsPack6/Meshes/SM_CartonGarbage09.uexp" 754
"D:/Epic Games/UE_project/BT_Game/Content/IndustryPropsPack6/Textures/T_Tarp01_SRM.ubulk" 755
"D:/Epic Games/UE_project/BT_Game/Content/IndustryPropsPack6/Textures/T_Tarp01_SRM.uasset" 756
"D:/Epic Games/UE_project/BT_Game/Content/IndustryPropsPack6/Textures/T_Tarp01_SRM.uexp" 757
"D:/Epic Games/UE_project/BT_Game/Content/IndustryPropsPack6/Textures/T_Tarp01_N.ubulk" 758
"D:/Epic Games/UE_project/BT_Game/Content/IndustryPropsPack6/Textures/T_Tarp01_N.uasset" 759
"D:/Epic Games/UE_project/BT_Game/Content/IndustryPropsPack6/Textures/T_Tarp01_N.uexp" 760
"D:/Epic Games/UE_project/BT_Game/Content/IndustryPropsPack6/Textures/T_Tarp01_D.ubulk" 761
"D:/Epic Games/UE_project/BT_Game/Content/IndustryPropsPack6/Textures/T_Tarp01_D.uasset" 762
"D:/Epic Games/UE_project/BT_Game/Content/IndustryPropsPack6/Textures/T_Tarp01_D.uexp" 763
"D:/Epic Games/UE_project/BT_Game/Content/IndustryPropsPack6/Materials/MI_Tarp01_1.uasset" 764
"D:/Epic Games/UE_project/BT_Game/Content/IndustryPropsPack6/Materials/MI_Tarp01_1.uexp" 765
"D:/Epic Games/UE_project/BT_Game/Content/IndustryPropsPack6/Meshes/SM_Box03.ubulk" 766
"D:/Epic Games/UE_project/BT_Game/Content/IndustryPropsPack6/Meshes/SM_Box03.uasset" 767
"D:/Epic Games/UE_project/BT_Game/Content/IndustryPropsPack6/Meshes/SM_Box03.uexp" 768
"../../../Engine/Content/VREditor/TransformGizmo/Xray.uasset" 769
"../../../Engine/Content/VREditor/TransformGizmo/Xray.uexp" 770
"../../../Engine/Content/VREditor/TransformGizmo/Main.uasset" 771
"../../../Engine/Content/VREditor/TransformGizmo/Main.uexp" 772
"../../../Engine/Content/VREditor/TransformGizmo/SM_Sequencer_Node.ubulk" 773
"../../../Engine/Content/VREditor/TransformGizmo/SM_Sequencer_Node.uasset" 774
"../../../Engine/Content/VREditor/TransformGizmo/SM_Sequencer_Node.uexp" 775
"../../../Engine/Content/VREditor/TransformGizmo/TranslucentTransformGizmoMaterial.uasset" 776
"../../../Engine/Content/VREditor/TransformGizmo/TranslucentTransformGizmoMaterial.uexp" 777
"../../../Engine/Content/VREditor/LaserPointer/VR_LaserPower_01.ubulk" 778
"../../../Engine/Content/VREditor/LaserPointer/VR_LaserPower_01.uasset" 779
"../../../Engine/Content/VREditor/LaserPointer/VR_LaserPower_01.uexp" 780
"../../../Engine/Content/VREditor/TransformGizmo/TransformGizmoMaterial.uasset" 781
"../../../Engine/Content/VREditor/TransformGizmo/TransformGizmoMaterial.uexp" 782
"../../../Engine/Content/VREditor/TransformGizmo/BoundingBoxEdge.ubulk" 783
"../../../Engine/Content/VREditor/TransformGizmo/BoundingBoxEdge.uasset" 784
"../../../Engine/Content/VREditor/TransformGizmo/BoundingBoxEdge.uexp" 785
"../../../Engine/Content/VREditor/TransformGizmo/BoundingBoxCorner.ubulk" 786
"../../../Engine/Content/VREditor/TransformGizmo/BoundingBoxCorner.uasset" 787
"../../../Engine/Content/VREditor/TransformGizmo/BoundingBoxCorner.uexp" 788
"../../../Engine/Content/ArtTools/RenderToTexture/Meshes/S_1_Unit_Plane.ubulk" 789
"../../../Engine/Content/ArtTools/RenderToTexture/Meshes/S_1_Unit_Plane.uasset" 790
"../../../Engine/Content/ArtTools/RenderToTexture/Meshes/S_1_Unit_Plane.uexp" 791
"../../../Engine/Content/EngineMaterials/Substrate/Glints2/AGlintTex2dArray2.uasset" 792
"../../../Engine/Content/EngineMaterials/Substrate/Glints2/AGlintTex2dArray2.uexp" 793
"../../../Engine/Content/EngineMaterials/Substrate/GLints/AGlintTex2dArray.uasset" 794
"../../../Engine/Content/EngineMaterials/Substrate/GLints/AGlintTex2dArray.uexp" 795
"D:/Epic Games/UE_project/BT_Game/Content/MOUT_Fabrication/Textures/Airfield/HangarSet/T_Hangar_Floor_RMA.ubulk" 796
"D:/Epic Games/UE_project/BT_Game/Content/MOUT_Fabrication/Textures/Airfield/HangarSet/T_Hangar_Floor_RMA.uasset" 797
"D:/Epic Games/UE_project/BT_Game/Content/MOUT_Fabrication/Textures/Airfield/HangarSet/T_Hangar_Floor_RMA.uexp" 798
"D:/Epic Games/UE_project/BT_Game/Content/MOUT_Fabrication/Textures/Airfield/HangarSet/T_Hangar_Floor_NRM.ubulk" 799
"D:/Epic Games/UE_project/BT_Game/Content/MOUT_Fabrication/Textures/Airfield/HangarSet/T_Hangar_Floor_NRM.uasset" 800
"D:/Epic Games/UE_project/BT_Game/Content/MOUT_Fabrication/Textures/Airfield/HangarSet/T_Hangar_Floor_NRM.uexp" 801
"D:/Epic Games/UE_project/BT_Game/Content/MOUT_Fabrication/Textures/Airfield/HangarSet/T_Hangar_Floor_BC.ubulk" 802
"D:/Epic Games/UE_project/BT_Game/Content/MOUT_Fabrication/Textures/Airfield/HangarSet/T_Hangar_Floor_BC.uasset" 803
"D:/Epic Games/UE_project/BT_Game/Content/MOUT_Fabrication/Textures/Airfield/HangarSet/T_Hangar_Floor_BC.uexp" 804
"D:/Epic Games/UE_project/BT_Game/Content/MOUT_Fabrication/Materials/Airfield/Hangar_Floor_Mat.uasset" 805
"D:/Epic Games/UE_project/BT_Game/Content/MOUT_Fabrication/Materials/Airfield/Hangar_Floor_Mat.uexp" 806
"../../../Engine/Content/EngineSky/T_Sky_Stars.ubulk" 807
"../../../Engine/Content/EngineSky/T_Sky_Stars.uasset" 808
"../../../Engine/Content/EngineSky/T_Sky_Stars.uexp" 809
"../../../Engine/Content/EngineSky/T_Sky_Clouds_M.ubulk" 810
"../../../Engine/Content/EngineSky/T_Sky_Clouds_M.uasset" 811
"../../../Engine/Content/EngineSky/T_Sky_Clouds_M.uexp" 812
"../../../Engine/Content/EngineSky/T_Sky_Blue.ubulk" 813
"../../../Engine/Content/EngineSky/T_Sky_Blue.uasset" 814
"../../../Engine/Content/EngineSky/T_Sky_Blue.uexp" 815
"../../../Engine/Content/EngineSky/M_Sky_Panning_Clouds2.uasset" 816
"../../../Engine/Content/EngineSky/M_Sky_Panning_Clouds2.uexp" 817
"../../../Engine/Content/EngineSky/SM_SkySphere.ubulk" 818
"../../../Engine/Content/EngineSky/SM_SkySphere.uasset" 819
"../../../Engine/Content/EngineSky/SM_SkySphere.uexp" 820
"D:/Epic Games/UE_project/BT_Game/Content/MOUT_Fabrication/Textures/Sky/T_SaySky_HDRI.uasset" 821
"D:/Epic Games/UE_project/BT_Game/Content/MOUT_Fabrication/Textures/Sky/T_SaySky_HDRI.uexp" 822
"D:/Epic Games/UE_project/BT_Game/Content/MOUT_Fabrication/Textures/Sky/T_NightSky_HDRI.uasset" 823
"D:/Epic Games/UE_project/BT_Game/Content/MOUT_Fabrication/Textures/Sky/T_NightSky_HDRI.uexp" 824
"D:/Epic Games/UE_project/BT_Game/Content/MOUT_Fabrication/Materials/Sky/M_Sky_Day_01.uasset" 825
"D:/Epic Games/UE_project/BT_Game/Content/MOUT_Fabrication/Materials/Sky/M_Sky_Day_01.uexp" 826
"D:/Epic Games/UE_project/BT_Game/Content/MOUT_Fabrication/Materials/Sky/M_Sky_Night_01.uasset" 827
"D:/Epic Games/UE_project/BT_Game/Content/MOUT_Fabrication/Materials/Sky/M_Sky_Night_01.uexp" 828
"D:/Epic Games/UE_project/BT_Game/Content/MOUT_Fabrication/Blueprints/Sky/BP_Sky_02.uasset" 829
"D:/Epic Games/UE_project/BT_Game/Content/MOUT_Fabrication/Blueprints/Sky/BP_Sky_02.uexp" 830
"../../../Engine/Content/Functions/Engine_MaterialFunctions01/Shading/PowerToRoughness.uasset" 831
"../../../Engine/Content/Functions/Engine_MaterialFunctions01/Shading/PowerToRoughness.uexp" 832
"../../../Engine/Content/Functions/Engine_MaterialFunctions01/Shading/ConvertFromDiffSpec.uasset" 833
"../../../Engine/Content/Functions/Engine_MaterialFunctions01/Shading/ConvertFromDiffSpec.uexp" 834
"D:/Epic Games/UE_project/BT_Game/Content/MOUT_Fabrication/Textures/MOUTFabrications/ContainerTextures/T_YellowPaint_OcclusionRoughnessMetallic.ubulk" 835
"D:/Epic Games/UE_project/BT_Game/Content/MOUT_Fabrication/Textures/MOUTFabrications/ContainerTextures/T_YellowPaint_OcclusionRoughnessMetallic.uasset" 836
"D:/Epic Games/UE_project/BT_Game/Content/MOUT_Fabrication/Textures/MOUTFabrications/ContainerTextures/T_YellowPaint_OcclusionRoughnessMetallic.uexp" 837
"D:/Epic Games/UE_project/BT_Game/Content/MOUT_Fabrication/Textures/MOUTFabrications/ContainerTextures/T_YellowPaint_BaseColor.ubulk" 838
"D:/Epic Games/UE_project/BT_Game/Content/MOUT_Fabrication/Textures/MOUTFabrications/ContainerTextures/T_YellowPaint_BaseColor.uasset" 839
"D:/Epic Games/UE_project/BT_Game/Content/MOUT_Fabrication/Textures/MOUTFabrications/ContainerTextures/T_YellowPaint_BaseColor.uexp" 840
"D:/Epic Games/UE_project/BT_Game/Content/MOUT_Fabrication/Textures/MOUTFabrications/ContainerTextures/T_YellowCorrugated_Mask.ubulk" 841
"D:/Epic Games/UE_project/BT_Game/Content/MOUT_Fabrication/Textures/MOUTFabrications/ContainerTextures/T_YellowCorrugated_Mask.uasset" 842
"D:/Epic Games/UE_project/BT_Game/Content/MOUT_Fabrication/Textures/MOUTFabrications/ContainerTextures/T_YellowCorrugated_Mask.uexp" 843
"D:/Epic Games/UE_project/BT_Game/Content/MOUT_Fabrication/Textures/MOUTFabrications/ContainerTextures/T_Rust_OcclusionRoughnessMetallic.ubulk" 844
"D:/Epic Games/UE_project/BT_Game/Content/MOUT_Fabrication/Textures/MOUTFabrications/ContainerTextures/T_Rust_OcclusionRoughnessMetallic.uasset" 845
"D:/Epic Games/UE_project/BT_Game/Content/MOUT_Fabrication/Textures/MOUTFabrications/ContainerTextures/T_Rust_OcclusionRoughnessMetallic.uexp" 846
"D:/Epic Games/UE_project/BT_Game/Content/MOUT_Fabrication/Textures/MOUTFabrications/ContainerTextures/T_Rust_BaseColor.ubulk" 847
"D:/Epic Games/UE_project/BT_Game/Content/MOUT_Fabrication/Textures/MOUTFabrications/ContainerTextures/T_Rust_BaseColor.uasset" 848
"D:/Epic Games/UE_project/BT_Game/Content/MOUT_Fabrication/Textures/MOUTFabrications/ContainerTextures/T_Rust_BaseColor.uexp" 849
"D:/Epic Games/UE_project/BT_Game/Content/MOUT_Fabrication/Textures/MOUTFabrications/ContainerTextures/T_Dust_OcclusionRoughnessMetallic.ubulk" 850
"D:/Epic Games/UE_project/BT_Game/Content/MOUT_Fabrication/Textures/MOUTFabrications/ContainerTextures/T_Dust_OcclusionRoughnessMetallic.uasset" 851
"D:/Epic Games/UE_project/BT_Game/Content/MOUT_Fabrication/Textures/MOUTFabrications/ContainerTextures/T_Dust_OcclusionRoughnessMetallic.uexp" 852
"D:/Epic Games/UE_project/BT_Game/Content/MOUT_Fabrication/Textures/MOUTFabrications/ContainerTextures/T_Dust_BaseColor.ubulk" 853
"D:/Epic Games/UE_project/BT_Game/Content/MOUT_Fabrication/Textures/MOUTFabrications/ContainerTextures/T_Dust_BaseColor.uasset" 854
"D:/Epic Games/UE_project/BT_Game/Content/MOUT_Fabrication/Textures/MOUTFabrications/ContainerTextures/T_Dust_BaseColor.uexp" 855
"D:/Epic Games/UE_project/BT_Game/Content/MOUT_Fabrication/Textures/MOUTFabrications/ContainerTextures/T_BareMetalRusty_OcclusionRoughnessMetallic.ubulk" 856
"D:/Epic Games/UE_project/BT_Game/Content/MOUT_Fabrication/Textures/MOUTFabrications/ContainerTextures/T_BareMetalRusty_OcclusionRoughnessMetallic.uasset" 857
"D:/Epic Games/UE_project/BT_Game/Content/MOUT_Fabrication/Textures/MOUTFabrications/ContainerTextures/T_BareMetalRusty_OcclusionRoughnessMetallic.uexp" 858
"D:/Epic Games/UE_project/BT_Game/Content/MOUT_Fabrication/Textures/MOUTFabrications/ContainerTextures/T_BareMetalRusty_BaseColor.ubulk" 859
"D:/Epic Games/UE_project/BT_Game/Content/MOUT_Fabrication/Textures/MOUTFabrications/ContainerTextures/T_BareMetalRusty_BaseColor.uasset" 860
"D:/Epic Games/UE_project/BT_Game/Content/MOUT_Fabrication/Textures/MOUTFabrications/ContainerTextures/T_BareMetalRusty_BaseColor.uexp" 861
"D:/Epic Games/UE_project/BT_Game/Content/MOUT_Fabrication/Textures/MOUTFabrications/ContainerTextures/00_white.uasset" 862
"D:/Epic Games/UE_project/BT_Game/Content/MOUT_Fabrication/Textures/MOUTFabrications/ContainerTextures/00_white.uexp" 863
"D:/Epic Games/UE_project/BT_Game/Content/MOUT_Fabrication/Textures/MOUTFabrications/ContainerTextures/Masks/T_YellowCorrugated_Mask.ubulk" 864
"D:/Epic Games/UE_project/BT_Game/Content/MOUT_Fabrication/Textures/MOUTFabrications/ContainerTextures/Masks/T_YellowCorrugated_Mask.uasset" 865
"D:/Epic Games/UE_project/BT_Game/Content/MOUT_Fabrication/Textures/MOUTFabrications/ContainerTextures/Masks/T_YellowCorrugated_Mask.uexp" 866
"D:/Epic Games/UE_project/BT_Game/Content/MOUT_Fabrication/Materials/MOUTFabrications/ContainerMaterials/LayeredMaterials/MM_SimpleMaterial.uasset" 867
"D:/Epic Games/UE_project/BT_Game/Content/MOUT_Fabrication/Materials/MOUTFabrications/ContainerMaterials/LayeredMaterials/MM_SimpleMaterial.uexp" 868
"D:/Epic Games/UE_project/BT_Game/Content/MOUT_Fabrication/Materials/MOUTFabrications/ContainerMaterials/LayeredMaterials/MM_MaterialLayerBlend_VertexPaint.uasset" 869
"D:/Epic Games/UE_project/BT_Game/Content/MOUT_Fabrication/Materials/MOUTFabrications/ContainerMaterials/LayeredMaterials/MM_MaterialLayerBlend_VertexPaint.uexp" 870
"D:/Epic Games/UE_project/BT_Game/Content/MOUT_Fabrication/Materials/MOUTFabrications/ContainerMaterials/LayeredMaterials/MM_MasterLayer.uasset" 871
"D:/Epic Games/UE_project/BT_Game/Content/MOUT_Fabrication/Materials/MOUTFabrications/ContainerMaterials/LayeredMaterials/MM_MasterLayer.uexp" 872
"D:/Epic Games/UE_project/BT_Game/Content/MOUT_Fabrication/Materials/MOUTFabrications/ContainerMaterials/LayeredMaterials/MI_MasterLayer.uasset" 873
"D:/Epic Games/UE_project/BT_Game/Content/MOUT_Fabrication/Materials/MOUTFabrications/ContainerMaterials/LayeredMaterials/MI_MasterLayer.uexp" 874
"D:/Epic Games/UE_project/BT_Game/Content/MOUT_Fabrication/Materials/MOUTFabrications/ContainerMaterials/LayeredMaterials/MI_YellowCorrugated.uasset" 875
"D:/Epic Games/UE_project/BT_Game/Content/MOUT_Fabrication/Materials/MOUTFabrications/ContainerMaterials/LayeredMaterials/MI_YellowCorrugated.uexp" 876
"D:/Epic Games/UE_project/BT_Game/Content/MOUT_Fabrication/Textures/MOUTFabrications/ContainerTextures/Masks/T_YellowCorrugatedSupport_Mask.ubulk" 877
"D:/Epic Games/UE_project/BT_Game/Content/MOUT_Fabrication/Textures/MOUTFabrications/ContainerTextures/Masks/T_YellowCorrugatedSupport_Mask.uasset" 878
"D:/Epic Games/UE_project/BT_Game/Content/MOUT_Fabrication/Textures/MOUTFabrications/ContainerTextures/Masks/T_YellowCorrugatedSupport_Mask.uexp" 879
"D:/Epic Games/UE_project/BT_Game/Content/MOUT_Fabrication/Textures/MOUTFabrications/ContainerTextures/Masks/T_YellowCorrugatedFrames_Mask.ubulk" 880
"D:/Epic Games/UE_project/BT_Game/Content/MOUT_Fabrication/Textures/MOUTFabrications/ContainerTextures/Masks/T_YellowCorrugatedFrames_Mask.uasset" 881
"D:/Epic Games/UE_project/BT_Game/Content/MOUT_Fabrication/Textures/MOUTFabrications/ContainerTextures/Masks/T_YellowCorrugatedFrames_Mask.uexp" 882
"D:/Epic Games/UE_project/BT_Game/Content/MOUT_Fabrication/Textures/MOUTFabrications/ContainerTextures/Masks/T_ContainerLock_Mask.ubulk" 883
"D:/Epic Games/UE_project/BT_Game/Content/MOUT_Fabrication/Textures/MOUTFabrications/ContainerTextures/Masks/T_ContainerLock_Mask.uasset" 884
"D:/Epic Games/UE_project/BT_Game/Content/MOUT_Fabrication/Textures/MOUTFabrications/ContainerTextures/Masks/T_ContainerLock_Mask.uexp" 885
"D:/Epic Games/UE_project/BT_Game/Content/MOUT_Fabrication/Materials/MOUTFabrications/ContainerMaterials/LayeredMaterials/MI_YellowCorrugated_ContainerLock.uasset" 886
"D:/Epic Games/UE_project/BT_Game/Content/MOUT_Fabrication/Materials/MOUTFabrications/ContainerMaterials/LayeredMaterials/MI_YellowCorrugated_ContainerLock.uexp" 887
"D:/Epic Games/UE_project/BT_Game/Content/MOUT_Fabrication/Materials/MOUTFabrications/ContainerMaterials/LayeredMaterials/MI_YellowCorrugated_ContainerSupport.uasset" 888
"D:/Epic Games/UE_project/BT_Game/Content/MOUT_Fabrication/Materials/MOUTFabrications/ContainerMaterials/LayeredMaterials/MI_YellowCorrugated_ContainerSupport.uexp" 889
"D:/Epic Games/UE_project/BT_Game/Content/MOUT_Fabrication/Materials/MOUTFabrications/ContainerMaterials/LayeredMaterials/MI_YellowCorrugated_ContainerFrames.uasset" 890
"D:/Epic Games/UE_project/BT_Game/Content/MOUT_Fabrication/Materials/MOUTFabrications/ContainerMaterials/LayeredMaterials/MI_YellowCorrugated_ContainerFrames.uexp" 891
"D:/Epic Games/UE_project/BT_Game/Content/MOUT_Fabrication/Meshes/MOUTFabrications/ModularAssets/ContainerKit/Walls/SM_ContainerWIndow_01b.ubulk" 892
"D:/Epic Games/UE_project/BT_Game/Content/MOUT_Fabrication/Meshes/MOUTFabrications/ModularAssets/ContainerKit/Walls/SM_ContainerWIndow_01b.uasset" 893
"D:/Epic Games/UE_project/BT_Game/Content/MOUT_Fabrication/Meshes/MOUTFabrications/ModularAssets/ContainerKit/Walls/SM_ContainerWIndow_01b.uexp" 894
"D:/Epic Games/UE_project/BT_Game/Content/MOUT_Fabrication/Meshes/MOUTFabrications/ModularAssets/ContainerKit/Walls/SM_ContainerWall_01a.ubulk" 895
"D:/Epic Games/UE_project/BT_Game/Content/MOUT_Fabrication/Meshes/MOUTFabrications/ModularAssets/ContainerKit/Walls/SM_ContainerWall_01a.uasset" 896
"D:/Epic Games/UE_project/BT_Game/Content/MOUT_Fabrication/Meshes/MOUTFabrications/ModularAssets/ContainerKit/Walls/SM_ContainerWall_01a.uexp" 897
"D:/Epic Games/UE_project/BT_Game/Content/MOUT_Fabrication/Meshes/MOUTFabrications/ModularAssets/ContainerKit/Walls/SM_ContainerDoor_01b.ubulk" 898
"D:/Epic Games/UE_project/BT_Game/Content/MOUT_Fabrication/Meshes/MOUTFabrications/ModularAssets/ContainerKit/Walls/SM_ContainerDoor_01b.uasset" 899
"D:/Epic Games/UE_project/BT_Game/Content/MOUT_Fabrication/Meshes/MOUTFabrications/ModularAssets/ContainerKit/Walls/SM_ContainerDoor_01b.uexp" 900
"D:/Epic Games/UE_project/BT_Game/Content/MOUT_Fabrication/Meshes/MOUTFabrications/ModularAssets/ContainerKit/Pillars/SM_ContainerCornerPillar_01a.ubulk" 901
"D:/Epic Games/UE_project/BT_Game/Content/MOUT_Fabrication/Meshes/MOUTFabrications/ModularAssets/ContainerKit/Pillars/SM_ContainerCornerPillar_01a.uasset" 902
"D:/Epic Games/UE_project/BT_Game/Content/MOUT_Fabrication/Meshes/MOUTFabrications/ModularAssets/ContainerKit/Pillars/SM_ContainerCornerPillar_01a.uexp" 903
"D:/Epic Games/UE_project/BT_Game/Content/MOUT_Fabrication/Textures/MOUTFabrications/ContainerTextures/T_IntWood/T_IntWood_ORM.ubulk" 904
"D:/Epic Games/UE_project/BT_Game/Content/MOUT_Fabrication/Textures/MOUTFabrications/ContainerTextures/T_IntWood/T_IntWood_ORM.uasset" 905
"D:/Epic Games/UE_project/BT_Game/Content/MOUT_Fabrication/Textures/MOUTFabrications/ContainerTextures/T_IntWood/T_IntWood_ORM.uexp" 906
"D:/Epic Games/UE_project/BT_Game/Content/MOUT_Fabrication/Textures/MOUTFabrications/ContainerTextures/T_IntWood/T_IntWood_NRM.ubulk" 907
"D:/Epic Games/UE_project/BT_Game/Content/MOUT_Fabrication/Textures/MOUTFabrications/ContainerTextures/T_IntWood/T_IntWood_NRM.uasset" 908
"D:/Epic Games/UE_project/BT_Game/Content/MOUT_Fabrication/Textures/MOUTFabrications/ContainerTextures/T_IntWood/T_IntWood_NRM.uexp" 909
"D:/Epic Games/UE_project/BT_Game/Content/MOUT_Fabrication/Textures/MOUTFabrications/ContainerTextures/T_IntWood/T_IntWood_BC.ubulk" 910
"D:/Epic Games/UE_project/BT_Game/Content/MOUT_Fabrication/Textures/MOUTFabrications/ContainerTextures/T_IntWood/T_IntWood_BC.uasset" 911
"D:/Epic Games/UE_project/BT_Game/Content/MOUT_Fabrication/Textures/MOUTFabrications/ContainerTextures/T_IntWood/T_IntWood_BC.uexp" 912
"D:/Epic Games/UE_project/BT_Game/Content/MOUT_Fabrication/Materials/MOUTFabrications/ContainerMaterials/M_IntWood.uasset" 913
"D:/Epic Games/UE_project/BT_Game/Content/MOUT_Fabrication/Materials/MOUTFabrications/ContainerMaterials/M_IntWood.uexp" 914
"D:/Epic Games/UE_project/BT_Game/Content/MOUT_Fabrication/Meshes/MOUTFabrications/ModularAssets/ContainerKit/FloorAndCeiling/SM_ContainerFloor_01.ubulk" 915
"D:/Epic Games/UE_project/BT_Game/Content/MOUT_Fabrication/Meshes/MOUTFabrications/ModularAssets/ContainerKit/FloorAndCeiling/SM_ContainerFloor_01.uasset" 916
"D:/Epic Games/UE_project/BT_Game/Content/MOUT_Fabrication/Meshes/MOUTFabrications/ModularAssets/ContainerKit/FloorAndCeiling/SM_ContainerFloor_01.uexp" 917
"D:/Epic Games/UE_project/BT_Game/Content/MOUT_Fabrication/Meshes/MOUTFabrications/ModularAssets/ContainerKit/FloorAndCeiling/SM_ContainerCeiling_IntWood_01.ubulk" 918
"D:/Epic Games/UE_project/BT_Game/Content/MOUT_Fabrication/Meshes/MOUTFabrications/ModularAssets/ContainerKit/FloorAndCeiling/SM_ContainerCeiling_IntWood_01.uasset" 919
"D:/Epic Games/UE_project/BT_Game/Content/MOUT_Fabrication/Meshes/MOUTFabrications/ModularAssets/ContainerKit/FloorAndCeiling/SM_ContainerCeiling_IntWood_01.uexp" 920
"D:/Epic Games/UE_project/BT_Game/Content/MOUT_Fabrication/Blueprints/Buildings/MOUT7_Var/BP_MoutFab_07d.uasset" 921
"D:/Epic Games/UE_project/BT_Game/Content/MOUT_Fabrication/Blueprints/Buildings/MOUT7_Var/BP_MoutFab_07d.uexp" 922
"D:/Epic Games/UE_project/BT_Game/Content/MOUT_Fabrication/Blueprints/Buildings/MOUT4_Var/BP_MoutFab_04g.uasset" 923
"D:/Epic Games/UE_project/BT_Game/Content/MOUT_Fabrication/Blueprints/Buildings/MOUT4_Var/BP_MoutFab_04g.uexp" 924
"D:/Epic Games/UE_project/BT_Game/Content/MOUT_Fabrication/Meshes/Airfield/HangarAssets/SM_Hangar_Wall.ubulk" 925
"D:/Epic Games/UE_project/BT_Game/Content/MOUT_Fabrication/Meshes/Airfield/HangarAssets/SM_Hangar_Wall.uasset" 926
"D:/Epic Games/UE_project/BT_Game/Content/MOUT_Fabrication/Meshes/Airfield/HangarAssets/SM_Hangar_Wall.uexp" 927
"D:/Epic Games/UE_project/BT_Game/Content/MOUT_Fabrication/Meshes/Airfield/HangarAssets/SM_Hangar_Sliding_Door_01.ubulk" 928
"D:/Epic Games/UE_project/BT_Game/Content/MOUT_Fabrication/Meshes/Airfield/HangarAssets/SM_Hangar_Sliding_Door_01.uasset" 929
"D:/Epic Games/UE_project/BT_Game/Content/MOUT_Fabrication/Meshes/Airfield/HangarAssets/SM_Hangar_Sliding_Door_01.uexp" 930
"D:/Epic Games/UE_project/BT_Game/Content/MOUT_Fabrication/Meshes/Airfield/HangarAssets/SM_Hangar_Frame_02.ubulk" 931
"D:/Epic Games/UE_project/BT_Game/Content/MOUT_Fabrication/Meshes/Airfield/HangarAssets/SM_Hangar_Frame_02.uasset" 932
"D:/Epic Games/UE_project/BT_Game/Content/MOUT_Fabrication/Meshes/Airfield/HangarAssets/SM_Hangar_Frame_02.uexp" 933
"../../../Engine/Content/EngineResources/DefaultTextureCube.uasset" 934
"../../../Engine/Content/EngineResources/DefaultTextureCube.uexp" 935
"../../../Engine/Content/EngineMaterials/Substrate/Volume/SubstrateSimpleVolumeEnvLUT3D.uasset" 936
"../../../Engine/Content/EngineMaterials/Substrate/Volume/SubstrateSimpleVolumeEnvLUT3D.uexp" 937
"../../../Engine/Content/EngineMaterials/Substrate/Volume/SubstrateSimpleVolumeLUT3D.uasset" 938
"../../../Engine/Content/EngineMaterials/Substrate/Volume/SubstrateSimpleVolumeLUT3D.uexp" 939
"../../../Engine/Plugins/Interchange/Assets/Content/Utilities/New_LUT.uasset" 940
"../../../Engine/Plugins/Interchange/Assets/Content/Utilities/New_LUT.uexp" 941
"../../../Engine/Content/Functions/Engine_MaterialFunctions03/Math/RemapValueRange.uasset" 942
"../../../Engine/Content/Functions/Engine_MaterialFunctions03/Math/RemapValueRange.uexp" 943
"../../../Engine/Plugins/Interchange/Assets/Content/Functions/MF_Iridescence.uasset" 944
"../../../Engine/Plugins/Interchange/Assets/Content/Functions/MF_Iridescence.uexp" 945
"../../../Engine/Plugins/Interchange/Assets/Content/gltf/Textures/T_White_srgb.uasset" 946
"../../../Engine/Plugins/Interchange/Assets/Content/gltf/Textures/T_White_srgb.uexp" 947
"../../../Engine/Plugins/Interchange/Assets/Content/gltf/MaterialFunctions/MF_BaseColor.uasset" 948
"../../../Engine/Plugins/Interchange/Assets/Content/gltf/MaterialFunctions/MF_BaseColor.uexp" 949
"../../../Engine/Plugins/Interchange/Assets/Content/gltf/MaterialFunctions/MF_RotateV2.uasset" 950
"../../../Engine/Plugins/Interchange/Assets/Content/gltf/MaterialFunctions/MF_RotateV2.uexp" 951
"../../../Engine/Plugins/Interchange/Assets/Content/gltf/MaterialFunctions/MF_TransformUVs.uasset" 952
"../../../Engine/Plugins/Interchange/Assets/Content/gltf/MaterialFunctions/MF_TransformUVs.uexp" 953
"../../../Engine/Plugins/Interchange/Assets/Content/gltf/MaterialFunctions/MF_IOR.uasset" 954
"../../../Engine/Plugins/Interchange/Assets/Content/gltf/MaterialFunctions/MF_IOR.uexp" 955
"../../../Engine/Plugins/Interchange/Assets/Content/gltf/MaterialFunctions/MF_Iridescence.uasset" 956
"../../../Engine/Plugins/Interchange/Assets/Content/gltf/MaterialFunctions/MF_Iridescence.uexp" 957
"../../../Engine/Plugins/Interchange/Assets/Content/gltf/Textures/T_White_Linear.uasset" 958
"../../../Engine/Plugins/Interchange/Assets/Content/gltf/Textures/T_White_Linear.uexp" 959
"../../../Engine/Plugins/Interchange/Assets/Content/gltf/MaterialFunctions/MF_MetallicRoughness.uasset" 960
"../../../Engine/Plugins/Interchange/Assets/Content/gltf/MaterialFunctions/MF_MetallicRoughness.uexp" 961
"../../../Engine/Content/Functions/Engine_MaterialFunctions02/Math/Transform3x3Matrix.uasset" 962
"../../../Engine/Content/Functions/Engine_MaterialFunctions02/Math/Transform3x3Matrix.uexp" 963
"../../../Engine/Plugins/Interchange/Assets/Content/gltf/MaterialFunctions/MF_RotateNormals_TS.uasset" 964
"../../../Engine/Plugins/Interchange/Assets/Content/gltf/MaterialFunctions/MF_RotateNormals_TS.uexp" 965
"../../../Engine/Plugins/Interchange/Assets/Content/gltf/MaterialFunctions/MF_ScaleNormal.uasset" 966
"../../../Engine/Plugins/Interchange/Assets/Content/gltf/MaterialFunctions/MF_ScaleNormal.uexp" 967
"../../../Engine/Plugins/Interchange/Assets/Content/gltf/Textures/T_Generic_N.uasset" 968
"../../../Engine/Plugins/Interchange/Assets/Content/gltf/Textures/T_Generic_N.uexp" 969
"../../../Engine/Plugins/Interchange/Assets/Content/gltf/MaterialFunctions/MF_Normals.uasset" 970
"../../../Engine/Plugins/Interchange/Assets/Content/gltf/MaterialFunctions/MF_Normals.uexp" 971
"../../../Engine/Plugins/Interchange/Assets/Content/gltf/MaterialFunctions/MF_Occlusion.uasset" 972
"../../../Engine/Plugins/Interchange/Assets/Content/gltf/MaterialFunctions/MF_Occlusion.uexp" 973
"../../../Engine/Plugins/Interchange/Assets/Content/gltf/MaterialFunctions/MF_Specular.uasset" 974
"../../../Engine/Plugins/Interchange/Assets/Content/gltf/MaterialFunctions/MF_Specular.uexp" 975
"../../../Engine/Plugins/Interchange/Assets/Content/gltf/Textures/T_Anisotropy_Direction_Linear.uasset" 976
"../../../Engine/Plugins/Interchange/Assets/Content/gltf/Textures/T_Anisotropy_Direction_Linear.uexp" 977
"../../../Engine/Plugins/Interchange/Assets/Content/gltf/MaterialFunctions/MF_SpecularAnisotropy.uasset" 978
"../../../Engine/Plugins/Interchange/Assets/Content/gltf/MaterialFunctions/MF_SpecularAnisotropy.uexp" 979
"../../../Engine/Plugins/Interchange/Assets/Content/gltf/MaterialFunctions/MF_Emissive.uasset" 980
"../../../Engine/Plugins/Interchange/Assets/Content/gltf/MaterialFunctions/MF_Emissive.uexp" 981
"../../../Engine/Content/Functions/Engine_MaterialFunctions01/Texturing/FlattenNormal.uasset" 982
"../../../Engine/Content/Functions/Engine_MaterialFunctions01/Texturing/FlattenNormal.uexp" 983
"../../../Engine/Plugins/Interchange/Assets/Content/gltf/MaterialFunctions/MF_Clearcoat.uasset" 984
"../../../Engine/Plugins/Interchange/Assets/Content/gltf/MaterialFunctions/MF_Clearcoat.uexp" 985
"../../../Engine/Plugins/Interchange/Assets/Content/gltf/MaterialBodies/MF_ClearCoat_Body.uasset" 986
"../../../Engine/Plugins/Interchange/Assets/Content/gltf/MaterialBodies/MF_ClearCoat_Body.uexp" 987
"../../../Engine/Plugins/Interchange/Assets/Content/gltf/M_ClearCoat.uasset" 988
"../../../Engine/Plugins/Interchange/Assets/Content/gltf/M_ClearCoat.uexp" 989
"../../../Engine/Plugins/Interchange/Assets/Content/gltf/MaterialInstances/MI_ClearCoat_Blend.uasset" 990
"../../../Engine/Plugins/Interchange/Assets/Content/gltf/MaterialInstances/MI_ClearCoat_Blend.uexp" 991
"../../../Engine/Plugins/Interchange/Assets/Content/gltf/MaterialInstances/MI_ClearCoat_Blend_DS.uasset" 992
"../../../Engine/Plugins/Interchange/Assets/Content/gltf/MaterialInstances/MI_ClearCoat_Blend_DS.uexp" 993
"../../../Engine/Plugins/Interchange/Assets/Content/gltf/MaterialInstances/MI_ClearCoat_Mask.uasset" 994
"../../../Engine/Plugins/Interchange/Assets/Content/gltf/MaterialInstances/MI_ClearCoat_Mask.uexp" 995
"../../../Engine/Plugins/Interchange/Assets/Content/gltf/MaterialInstances/MI_ClearCoat_Mask_DS.uasset" 996
"../../../Engine/Plugins/Interchange/Assets/Content/gltf/MaterialInstances/MI_ClearCoat_Mask_DS.uexp" 997
"../../../Engine/Plugins/Interchange/Assets/Content/gltf/MaterialInstances/MI_ClearCoat_Opaque.uasset" 998
"../../../Engine/Plugins/Interchange/Assets/Content/gltf/MaterialInstances/MI_ClearCoat_Opaque.uexp" 999
"../../../Engine/Plugins/Interchange/Assets/Content/gltf/MaterialInstances/MI_ClearCoat_Opaque_DS.uasset" 1000
"../../../Engine/Plugins/Interchange/Assets/Content/gltf/MaterialInstances/MI_ClearCoat_Opaque_DS.uexp" 1001
"../../../Engine/Plugins/Interchange/Assets/Content/gltf/MaterialBodies/MF_Default_Body.uasset" 1002
"../../../Engine/Plugins/Interchange/Assets/Content/gltf/MaterialBodies/MF_Default_Body.uexp" 1003
"../../../Engine/Plugins/Interchange/Assets/Content/gltf/M_Default.uasset" 1004
"../../../Engine/Plugins/Interchange/Assets/Content/gltf/M_Default.uexp" 1005
"../../../Engine/Plugins/Interchange/Assets/Content/gltf/MaterialInstances/MI_Default_Blend.uasset" 1006
"../../../Engine/Plugins/Interchange/Assets/Content/gltf/MaterialInstances/MI_Default_Blend.uexp" 1007
"../../../Engine/Plugins/Interchange/Assets/Content/gltf/MaterialInstances/MI_Default_Blend_DS.uasset" 1008
"../../../Engine/Plugins/Interchange/Assets/Content/gltf/MaterialInstances/MI_Default_Blend_DS.uexp" 1009
"../../../Engine/Plugins/Interchange/Assets/Content/gltf/MaterialInstances/MI_Default_Mask.uasset" 1010
"../../../Engine/Plugins/Interchange/Assets/Content/gltf/MaterialInstances/MI_Default_Mask.uexp" 1011
"../../../Engine/Plugins/Interchange/Assets/Content/gltf/MaterialInstances/MI_Default_Mask_DS.uasset" 1012
"../../../Engine/Plugins/Interchange/Assets/Content/gltf/MaterialInstances/MI_Default_Mask_DS.uexp" 1013
"../../../Engine/Plugins/Interchange/Assets/Content/gltf/MaterialInstances/MI_Default_Opaque.uasset" 1014
"../../../Engine/Plugins/Interchange/Assets/Content/gltf/MaterialInstances/MI_Default_Opaque.uexp" 1015
"../../../Engine/Plugins/Interchange/Assets/Content/gltf/MaterialFunctions/MF_Sheen.uasset" 1016
"../../../Engine/Plugins/Interchange/Assets/Content/gltf/MaterialFunctions/MF_Sheen.uexp" 1017
"../../../Engine/Plugins/Interchange/Assets/Content/gltf/MaterialBodies/MF_Sheen_Body.uasset" 1018
"../../../Engine/Plugins/Interchange/Assets/Content/gltf/MaterialBodies/MF_Sheen_Body.uexp" 1019
"../../../Engine/Plugins/Interchange/Assets/Content/gltf/M_Sheen.uasset" 1020
"../../../Engine/Plugins/Interchange/Assets/Content/gltf/M_Sheen.uexp" 1021
"../../../Engine/Plugins/Interchange/Assets/Content/gltf/MaterialInstances/MI_Sheen_Blend.uasset" 1022
"../../../Engine/Plugins/Interchange/Assets/Content/gltf/MaterialInstances/MI_Sheen_Blend.uexp" 1023
"../../../Engine/Plugins/Interchange/Assets/Content/gltf/MaterialInstances/MI_Sheen_Blend_DS.uasset" 1024
"../../../Engine/Plugins/Interchange/Assets/Content/gltf/MaterialInstances/MI_Sheen_Blend_DS.uexp" 1025
"../../../Engine/Plugins/Interchange/Assets/Content/gltf/MaterialInstances/MI_Sheen_Mask.uasset" 1026
"../../../Engine/Plugins/Interchange/Assets/Content/gltf/MaterialInstances/MI_Sheen_Mask.uexp" 1027
"../../../Engine/Plugins/Interchange/Assets/Content/gltf/MaterialInstances/MI_Sheen_Mask_DS.uasset" 1028
"../../../Engine/Plugins/Interchange/Assets/Content/gltf/MaterialInstances/MI_Sheen_Mask_DS.uexp" 1029
"../../../Engine/Plugins/Interchange/Assets/Content/gltf/MaterialInstances/MI_Sheen_Opaque.uasset" 1030
"../../../Engine/Plugins/Interchange/Assets/Content/gltf/MaterialInstances/MI_Sheen_Opaque.uexp" 1031
"../../../Engine/Plugins/Interchange/Assets/Content/gltf/MaterialInstances/MI_Sheen_Opaque_DS.uasset" 1032
"../../../Engine/Plugins/Interchange/Assets/Content/gltf/MaterialInstances/MI_Sheen_Opaque_DS.uexp" 1033
"../../../Engine/Content/Functions/Engine_MaterialFunctions02/Math/AddComponents.uasset" 1034
"../../../Engine/Content/Functions/Engine_MaterialFunctions02/Math/AddComponents.uexp" 1035
"../../../Engine/Plugins/Interchange/Assets/Content/gltf/MaterialFunctions/MF_DiffuseSpecGloss.uasset" 1036
"../../../Engine/Plugins/Interchange/Assets/Content/gltf/MaterialFunctions/MF_DiffuseSpecGloss.uexp" 1037
"../../../Engine/Plugins/Interchange/Assets/Content/gltf/MaterialFunctions/MF_MaxComponentValue.uasset" 1038
"../../../Engine/Plugins/Interchange/Assets/Content/gltf/MaterialFunctions/MF_MaxComponentValue.uexp" 1039
"../../../Engine/Plugins/Interchange/Assets/Content/gltf/MaterialFunctions/MF_PerceivedBrightness.uasset" 1040
"../../../Engine/Plugins/Interchange/Assets/Content/gltf/MaterialFunctions/MF_PerceivedBrightness.uexp" 1041
"../../../Engine/Plugins/Interchange/Assets/Content/gltf/MaterialFunctions/MF_SpecGlossToMetalRoughness.uasset" 1042
"../../../Engine/Plugins/Interchange/Assets/Content/gltf/MaterialFunctions/MF_SpecGlossToMetalRoughness.uexp" 1043
"../../../Engine/Plugins/Interchange/Assets/Content/gltf/MaterialBodies/MF_SpecularGlossiness_Body.uasset" 1044
"../../../Engine/Plugins/Interchange/Assets/Content/gltf/MaterialBodies/MF_SpecularGlossiness_Body.uexp" 1045
"../../../Engine/Plugins/Interchange/Assets/Content/gltf/M_SpecularGlossiness.uasset" 1046
"../../../Engine/Plugins/Interchange/Assets/Content/gltf/M_SpecularGlossiness.uexp" 1047
"../../../Engine/Plugins/Interchange/Assets/Content/gltf/MaterialInstances/MI_SpecularGlossiness_Blend.uasset" 1048
"../../../Engine/Plugins/Interchange/Assets/Content/gltf/MaterialInstances/MI_SpecularGlossiness_Blend.uexp" 1049
"../../../Engine/Plugins/Interchange/Assets/Content/gltf/MaterialInstances/MI_SpecularGlossiness_Blend_DS.uasset" 1050
"../../../Engine/Plugins/Interchange/Assets/Content/gltf/MaterialInstances/MI_SpecularGlossiness_Blend_DS.uexp" 1051
"../../../Engine/Plugins/Interchange/Assets/Content/gltf/MaterialInstances/MI_SpecularGlossiness_Mask.uasset" 1052
"../../../Engine/Plugins/Interchange/Assets/Content/gltf/MaterialInstances/MI_SpecularGlossiness_Mask.uexp" 1053
"../../../Engine/Plugins/Interchange/Assets/Content/gltf/MaterialInstances/MI_SpecularGlossiness_Mask_DS.uasset" 1054
"../../../Engine/Plugins/Interchange/Assets/Content/gltf/MaterialInstances/MI_SpecularGlossiness_Mask_DS.uexp" 1055
"../../../Engine/Plugins/Interchange/Assets/Content/gltf/MaterialInstances/MI_SpecularGlossiness_Opaque.uasset" 1056
"../../../Engine/Plugins/Interchange/Assets/Content/gltf/MaterialInstances/MI_SpecularGlossiness_Opaque.uexp" 1057
"../../../Engine/Plugins/Interchange/Assets/Content/gltf/MaterialInstances/MI_SpecularGlossiness_Opaque_DS.uasset" 1058
"../../../Engine/Plugins/Interchange/Assets/Content/gltf/MaterialInstances/MI_SpecularGlossiness_Opaque_DS.uexp" 1059
"../../../Engine/Plugins/Interchange/Assets/Content/gltf/MaterialFunctions/MF_Fresnel_DS.uasset" 1060
"../../../Engine/Plugins/Interchange/Assets/Content/gltf/MaterialFunctions/MF_Fresnel_DS.uexp" 1061
"../../../Engine/Plugins/Interchange/Assets/Content/gltf/MaterialFunctions/MF_Temporal_Blur.uasset" 1062
"../../../Engine/Plugins/Interchange/Assets/Content/gltf/MaterialFunctions/MF_Temporal_Blur.uexp" 1063
"../../../Engine/Plugins/Interchange/Assets/Content/gltf/MaterialFunctions/MF_Transmission.uasset" 1064
"../../../Engine/Plugins/Interchange/Assets/Content/gltf/MaterialFunctions/MF_Transmission.uexp" 1065
"../../../Engine/Plugins/Interchange/Assets/Content/gltf/MaterialBodies/MF_Transmission_Body.uasset" 1066
"../../../Engine/Plugins/Interchange/Assets/Content/gltf/MaterialBodies/MF_Transmission_Body.uexp" 1067
"../../../Engine/Plugins/Interchange/Assets/Content/gltf/M_Transmission.uasset" 1068
"../../../Engine/Plugins/Interchange/Assets/Content/gltf/M_Transmission.uexp" 1069
"../../../Engine/Plugins/Interchange/Assets/Content/gltf/MaterialInstances/MI_Transmission.uasset" 1070
"../../../Engine/Plugins/Interchange/Assets/Content/gltf/MaterialInstances/MI_Transmission.uexp" 1071
"../../../Engine/Plugins/Interchange/Assets/Content/gltf/MaterialInstances/MI_Transmission_DS.uasset" 1072
"../../../Engine/Plugins/Interchange/Assets/Content/gltf/MaterialInstances/MI_Transmission_DS.uexp" 1073
"../../../Engine/Plugins/Interchange/Assets/Content/gltf/MaterialBodies/MF_Unlit_Body.uasset" 1074
"../../../Engine/Plugins/Interchange/Assets/Content/gltf/MaterialBodies/MF_Unlit_Body.uexp" 1075
"../../../Engine/Plugins/Interchange/Assets/Content/gltf/M_Unlit.uasset" 1076
"../../../Engine/Plugins/Interchange/Assets/Content/gltf/M_Unlit.uexp" 1077
"../../../Engine/Plugins/Interchange/Assets/Content/gltf/MaterialInstances/MI_Unlit_Blend.uasset" 1078
"../../../Engine/Plugins/Interchange/Assets/Content/gltf/MaterialInstances/MI_Unlit_Blend.uexp" 1079
"../../../Engine/Plugins/Interchange/Assets/Content/gltf/MaterialInstances/MI_Unlit_Blend_DS.uasset" 1080
"../../../Engine/Plugins/Interchange/Assets/Content/gltf/MaterialInstances/MI_Unlit_Blend_DS.uexp" 1081
"../../../Engine/Plugins/Interchange/Assets/Content/gltf/MaterialInstances/MI_Unlit_Mask.uasset" 1082
"../../../Engine/Plugins/Interchange/Assets/Content/gltf/MaterialInstances/MI_Unlit_Mask.uexp" 1083
"../../../Engine/Plugins/Interchange/Assets/Content/gltf/MaterialInstances/MI_Unlit_Mask_DS.uasset" 1084
"../../../Engine/Plugins/Interchange/Assets/Content/gltf/MaterialInstances/MI_Unlit_Mask_DS.uexp" 1085
"../../../Engine/Plugins/Interchange/Assets/Content/gltf/MaterialInstances/MI_Unlit_Opaque.uasset" 1086
"../../../Engine/Plugins/Interchange/Assets/Content/gltf/MaterialInstances/MI_Unlit_Opaque.uexp" 1087
"../../../Engine/Plugins/Interchange/Assets/Content/gltf/MaterialInstances/MI_Unlit_Opaque_DS.uasset" 1088
"../../../Engine/Plugins/Interchange/Assets/Content/gltf/MaterialInstances/MI_Unlit_Opaque_DS.uexp" 1089
"../../../Engine/Content/EngineSky/VolumetricClouds/VT_PerlinWorley_Balanced.uasset" 1090
"../../../Engine/Content/EngineSky/VolumetricClouds/VT_PerlinWorley_Balanced.uexp" 1091
"../../../Engine/Content/EngineSky/VolumetricClouds/T_Profile_08.ubulk" 1092
"../../../Engine/Content/EngineSky/VolumetricClouds/T_Profile_08.uasset" 1093
"../../../Engine/Content/EngineSky/VolumetricClouds/T_Profile_08.uexp" 1094
"../../../Engine/Content/EngineSky/VolumetricClouds/T_CloudPattern.ubulk" 1095
"../../../Engine/Content/EngineSky/VolumetricClouds/T_CloudPattern.uasset" 1096
"../../../Engine/Content/EngineSky/VolumetricClouds/T_CloudPattern.uexp" 1097
"../../../Engine/Content/EngineSky/VolumetricClouds/T_CloudMask.ubulk" 1098
"../../../Engine/Content/EngineSky/VolumetricClouds/T_CloudMask.uasset" 1099
"../../../Engine/Content/EngineSky/VolumetricClouds/T_CloudMask.uexp" 1100
"../../../Engine/Content/Functions/Engine_MaterialFunctions02/Utility/BreakOutFloat4Components.uasset" 1101
"../../../Engine/Content/Functions/Engine_MaterialFunctions02/Utility/BreakOutFloat4Components.uexp" 1102
"../../../Engine/Content/Functions/Engine_MaterialFunctions02/Utility/MakeFloat4.uasset" 1103
"../../../Engine/Content/Functions/Engine_MaterialFunctions02/Utility/MakeFloat4.uexp" 1104
"../../../Engine/Content/EngineResources/DefaultVolumeTexture2D.uasset" 1105
"../../../Engine/Content/EngineResources/DefaultVolumeTexture2D.uexp" 1106
"../../../Engine/Content/EngineResources/DefaultVolumeTexture.uasset" 1107
"../../../Engine/Content/EngineResources/DefaultVolumeTexture.uexp" 1108
"../../../Engine/Content/EngineSky/VolumetricClouds/VT_Lightning.uasset" 1109
"../../../Engine/Content/EngineSky/VolumetricClouds/VT_Lightning.uexp" 1110
"../../../Engine/Content/Functions/Engine_MaterialFunctions01/Units/Km-to-Cm.uasset" 1111
"../../../Engine/Content/Functions/Engine_MaterialFunctions01/Units/Km-to-Cm.uexp" 1112
"../../../Engine/Content/EngineSky/VolumetricClouds/m_SimpleVolumetricCloud.uasset" 1113
"../../../Engine/Content/EngineSky/VolumetricClouds/m_SimpleVolumetricCloud.uexp" 1114
"../../../Engine/Content/EngineSky/VolumetricClouds/m_SimpleVolumetricCloud_Inst.uasset" 1115
"../../../Engine/Content/EngineSky/VolumetricClouds/m_SimpleVolumetricCloud_Inst.uexp" 1116
"../../../Engine/Content/EngineMaterials/WeightMapPlaceholderTexture.uasset" 1117
"../../../Engine/Content/EngineMaterials/WeightMapPlaceholderTexture.uexp" 1118
"../../../Engine/Content/EngineMaterials/WeightMapArrayPlaceholderTexture.uasset" 1119
"../../../Engine/Content/EngineMaterials/WeightMapArrayPlaceholderTexture.uexp" 1120
"../../../Engine/Content/EngineResources/WhiteSquareTexture.uasset" 1121
"../../../Engine/Content/EngineResources/WhiteSquareTexture.uexp" 1122
"../../../Engine/Content/EngineMaterials/Widget3DPassThrough.uasset" 1123
"../../../Engine/Content/EngineMaterials/Widget3DPassThrough.uexp" 1124
"../../../Engine/Content/EngineMaterials/Widget3DPassThrough_Masked.uasset" 1125
"../../../Engine/Content/EngineMaterials/Widget3DPassThrough_Masked.uexp" 1126
"../../../Engine/Content/EngineMaterials/Widget3DPassThrough_Opaque.uasset" 1127
"../../../Engine/Content/EngineMaterials/Widget3DPassThrough_Opaque.uexp" 1128
"../../../Engine/Content/EngineMaterials/Widget3DPassThrough_Masked_OneSided.uasset" 1129
"../../../Engine/Content/EngineMaterials/Widget3DPassThrough_Masked_OneSided.uexp" 1130
"../../../Engine/Content/EngineMaterials/Widget3DPassThrough_Opaque_OneSided.uasset" 1131
"../../../Engine/Content/EngineMaterials/Widget3DPassThrough_Opaque_OneSided.uexp" 1132
"../../../Engine/Content/EngineMaterials/Widget3DPassThrough_Translucent.uasset" 1133
"../../../Engine/Content/EngineMaterials/Widget3DPassThrough_Translucent.uexp" 1134
"../../../Engine/Content/EngineMaterials/Widget3DPassThrough_Translucent_OneSided.uasset" 1135
"../../../Engine/Content/EngineMaterials/Widget3DPassThrough_Translucent_OneSided.uexp" 1136
"../../../Engine/Content/EditorLandscapeResources/ColorMaskBrushMaterial.uasset" 1137
"../../../Engine/Content/EditorLandscapeResources/ColorMaskBrushMaterial.uexp" 1138
"../../../Engine/Content/EditorLandscapeResources/ColorMaskBrushMaterial_MaskedRegion.uasset" 1139
"../../../Engine/Content/EditorLandscapeResources/ColorMaskBrushMaterial_MaskedRegion.uexp" 1140
"../../../Engine/Content/Functions/Engine_MaterialFunctions03/Math/WithinRangeFloat2.uasset" 1141
"../../../Engine/Content/Functions/Engine_MaterialFunctions03/Math/WithinRangeFloat2.uexp" 1142
"../../../Engine/Content/EditorLandscapeResources/MaskBrushMaterial.uasset" 1143
"../../../Engine/Content/EditorLandscapeResources/MaskBrushMaterial.uexp" 1144
"../../../Engine/Content/EditorLandscapeResources/MaskBrushMaterial_MaskedRegion.uasset" 1145
"../../../Engine/Content/EditorLandscapeResources/MaskBrushMaterial_MaskedRegion.uexp" 1146
"../../../Engine/Content/EditorLandscapeResources/SelectBrushMaterial.uasset" 1147
"../../../Engine/Content/EditorLandscapeResources/SelectBrushMaterial.uexp" 1148
"../../../Engine/Content/EditorLandscapeResources/SelectBrushMaterial_Selected.uasset" 1149
"../../../Engine/Content/EditorLandscapeResources/SelectBrushMaterial_Selected.uexp" 1150
"../../../Engine/Content/EditorLandscapeResources/SelectBrushMaterial_SelectedRegion.uasset" 1151
"../../../Engine/Content/EditorLandscapeResources/SelectBrushMaterial_SelectedRegion.uexp" 1152
"../../../Engine/Plugins/NNE/NNEDenoiser/Content/NNE_oidn2-3-0_rt_hdr_alb_nrm_small__dyn__fp16_opset11_DenoiseAlpha.uasset" 1153
"../../../Engine/Plugins/NNE/NNEDenoiser/Content/NNE_oidn2-3-0_rt_hdr_alb_nrm_small__dyn__fp16_opset11_DenoiseAlpha.uexp" 1154
"../../../Engine/Plugins/NNE/NNEDenoiser/Content/NNE_oidn2-3-0_rt_hdr_alb_nrm_small__dyn__fp16_opset11_ForwardAlpha.uasset" 1155
"../../../Engine/Plugins/NNE/NNEDenoiser/Content/NNE_oidn2-3-0_rt_hdr_alb_nrm_small__dyn__fp16_opset11_ForwardAlpha.uexp" 1156
"../../../Engine/Plugins/NNE/NNEDenoiser/Content/NNE_oidn2-3-0_rt_hdr_alb_nrm__dyn__fp16_opset11_DenoiseAlpha.uasset" 1157
"../../../Engine/Plugins/NNE/NNEDenoiser/Content/NNE_oidn2-3-0_rt_hdr_alb_nrm__dyn__fp16_opset11_DenoiseAlpha.uexp" 1158
"../../../Engine/Plugins/NNE/NNEDenoiser/Content/NNE_oidn2-3-0_rt_hdr_alb_nrm__dyn__fp16_opset11_ForwardAlpha.uasset" 1159
"../../../Engine/Plugins/NNE/NNEDenoiser/Content/NNE_oidn2-3-0_rt_hdr_alb_nrm__dyn__fp16_opset11_ForwardAlpha.uexp" 1160
"../../../Engine/Plugins/NNE/NNEDenoiser/Content/NNE_oidn2-3-0_rt_hdr_calb_cnrm_large__dyn__fp16_opset11_DenoiseAlpha.uasset" 1161
"../../../Engine/Plugins/NNE/NNEDenoiser/Content/NNE_oidn2-3-0_rt_hdr_calb_cnrm_large__dyn__fp16_opset11_DenoiseAlpha.uexp" 1162
"../../../Engine/Plugins/NNE/NNEDenoiser/Content/NNE_oidn2-3-0_rt_hdr_calb_cnrm_large__dyn__fp16_opset11_ForwardAlpha.uasset" 1163
"../../../Engine/Plugins/NNE/NNEDenoiser/Content/NNE_oidn2-3-0_rt_hdr_calb_cnrm_large__dyn__fp16_opset11_ForwardAlpha.uexp" 1164
"../../../Engine/Plugins/2D/Paper2D/Content/DefaultSpriteMaterial.uasset" 1165
"../../../Engine/Plugins/2D/Paper2D/Content/DefaultSpriteMaterial.uexp" 1166
"../../../Engine/Plugins/2D/Paper2D/Content/OpaqueUnlitSpriteMaterial.uasset" 1167
"../../../Engine/Plugins/2D/Paper2D/Content/OpaqueUnlitSpriteMaterial.uexp" 1168
"../../../Engine/Content/VREditor/Sounds/UI/Drop_Item_From_ContentBrowser.ubulk" 1169
"../../../Engine/Content/VREditor/Sounds/UI/Drop_Item_From_ContentBrowser.uasset" 1170
"../../../Engine/Content/VREditor/Sounds/UI/Drop_Item_From_ContentBrowser.uexp" 1171
"../../../Engine/Content/VREditor/TransformGizmo/TransformGizmoMaterial_Inst.uasset" 1172
"../../../Engine/Content/VREditor/TransformGizmo/TransformGizmoMaterial_Inst.uexp" 1173
"../../../Engine/Content/VREditor/TransformGizmo/TranslucentTransformGizmoMaterial_Inst.uasset" 1174
"../../../Engine/Content/VREditor/TransformGizmo/TranslucentTransformGizmoMaterial_Inst.uexp" 1175
"../../../Engine/Content/Functions/Engine_MaterialFunctions02/SplitComponents.uasset" 1176
"../../../Engine/Content/Functions/Engine_MaterialFunctions02/SplitComponents.uexp" 1177
"../../../Engine/Content/VREditor/SnapGrid/SnapGridMaterial.uasset" 1178
"../../../Engine/Content/VREditor/SnapGrid/SnapGridMaterial.uexp" 1179
"../../../Engine/Content/VREditor/SnapGrid/SnapGridPlaneMesh.ubulk" 1180
"../../../Engine/Content/VREditor/SnapGrid/SnapGridPlaneMesh.uasset" 1181
"../../../Engine/Content/VREditor/SnapGrid/SnapGridPlaneMesh.uexp" 1182
"../../../Engine/Content/VREditor/Sounds/UI/Gizmo_Handle_Clicked.ubulk" 1183
"../../../Engine/Content/VREditor/Sounds/UI/Gizmo_Handle_Clicked.uasset" 1184
"../../../Engine/Content/VREditor/Sounds/UI/Gizmo_Handle_Clicked.uexp" 1185
"../../../Engine/Content/VREditor/Sounds/UI/Object_PickUp.ubulk" 1186
"../../../Engine/Content/VREditor/Sounds/UI/Object_PickUp.uasset" 1187
"../../../Engine/Content/VREditor/Sounds/UI/Object_PickUp.uexp" 1188
"../../../Engine/Content/VREditor/Sounds/UI/Object_Snaps_To_Another_Actor.ubulk" 1189
"../../../Engine/Content/VREditor/Sounds/UI/Object_Snaps_To_Another_Actor.uasset" 1190
"../../../Engine/Content/VREditor/Sounds/UI/Object_Snaps_To_Another_Actor.uexp" 1191
"../../../Engine/Content/VREditor/Sounds/UI/Object_Snaps_To_Grid.ubulk" 1192
"../../../Engine/Content/VREditor/Sounds/UI/Object_Snaps_To_Grid.uasset" 1193
"../../../Engine/Content/VREditor/Sounds/UI/Object_Snaps_To_Grid.uexp" 1194
"../../../Engine/Content/VREditor/Sounds/UI/Scaling_Down.ubulk" 1195
"../../../Engine/Content/VREditor/Sounds/UI/Scaling_Down.uasset" 1196
"../../../Engine/Content/VREditor/Sounds/UI/Scaling_Down.uexp" 1197
"../../../Engine/Content/VREditor/Sounds/UI/Scaling_Up.ubulk" 1198
"../../../Engine/Content/VREditor/Sounds/UI/Scaling_Up.uasset" 1199
"../../../Engine/Content/VREditor/Sounds/UI/Scaling_Up.uexp" 1200
"../../../Engine/Content/VREditor/Sounds/UI/Selection_Changes.ubulk" 1201
"../../../Engine/Content/VREditor/Sounds/UI/Selection_Changes.uasset" 1202
"../../../Engine/Content/VREditor/Sounds/UI/Selection_Changes.uexp" 1203
"../../../Engine/Content/VREditor/TransformGizmo/PlaneTranslationHandle.ubulk" 1204
"../../../Engine/Content/VREditor/TransformGizmo/PlaneTranslationHandle.uasset" 1205
"../../../Engine/Content/VREditor/TransformGizmo/PlaneTranslationHandle.uexp" 1206
"../../../Engine/Content/VREditor/TransformGizmo/RotationHandleFull.ubulk" 1207
"../../../Engine/Content/VREditor/TransformGizmo/RotationHandleFull.uasset" 1208
"../../../Engine/Content/VREditor/TransformGizmo/RotationHandleFull.uexp" 1209
"../../../Engine/Content/VREditor/TransformGizmo/RotationHandleIndicator.ubulk" 1210
"../../../Engine/Content/VREditor/TransformGizmo/RotationHandleIndicator.uasset" 1211
"../../../Engine/Content/VREditor/TransformGizmo/RotationHandleIndicator.uexp" 1212
"../../../Engine/Content/VREditor/TransformGizmo/RotationHandleQuarter.ubulk" 1213
"../../../Engine/Content/VREditor/TransformGizmo/RotationHandleQuarter.uasset" 1214
"../../../Engine/Content/VREditor/TransformGizmo/RotationHandleQuarter.uexp" 1215
"../../../Engine/Content/VREditor/TransformGizmo/StartRotationHandleIndicator.ubulk" 1216
"../../../Engine/Content/VREditor/TransformGizmo/StartRotationHandleIndicator.uasset" 1217
"../../../Engine/Content/VREditor/TransformGizmo/StartRotationHandleIndicator.uexp" 1218
"../../../Engine/Content/VREditor/TransformGizmo/TransformGizmoFreeRotation.ubulk" 1219
"../../../Engine/Content/VREditor/TransformGizmo/TransformGizmoFreeRotation.uasset" 1220
"../../../Engine/Content/VREditor/TransformGizmo/TransformGizmoFreeRotation.uexp" 1221
"../../../Engine/Content/VREditor/TransformGizmo/TranslateArrowHandle.ubulk" 1222
"../../../Engine/Content/VREditor/TransformGizmo/TranslateArrowHandle.uasset" 1223
"../../../Engine/Content/VREditor/TransformGizmo/TranslateArrowHandle.uexp" 1224
"../../../Engine/Content/VREditor/TransformGizmo/UniformScaleHandle.ubulk" 1225
"../../../Engine/Content/VREditor/TransformGizmo/UniformScaleHandle.uasset" 1226
"../../../Engine/Content/VREditor/TransformGizmo/UniformScaleHandle.uexp" 1227
"../../../Engine/Plugins/Animation/DeformerGraph/Content/DeformerFunctions/DG_Function_LinearBlendSkin_Morph_Cloth.uasset" 1228
"../../../Engine/Plugins/Animation/DeformerGraph/Content/DeformerFunctions/DG_Function_LinearBlendSkin_Morph_Cloth.uexp" 1229
"../../../Engine/Plugins/Animation/DeformerGraph/Content/Deformers/DG_LinearBlendSkin_Morph_Cloth.uasset" 1230
"../../../Engine/Plugins/Animation/DeformerGraph/Content/Deformers/DG_LinearBlendSkin_Morph_Cloth.uexp" 1231
"../../../Engine/Plugins/Animation/DeformerGraph/Content/DeformerFunctions/DG_Function_LinearBlendSkin_Morph_Cloth_PositionOnly.uasset" 1232
"../../../Engine/Plugins/Animation/DeformerGraph/Content/DeformerFunctions/DG_Function_LinearBlendSkin_Morph_Cloth_PositionOnly.uexp" 1233
"../../../Engine/Plugins/Animation/DeformerGraph/Content/DeformerFunctions/DG_Function_ComputeNormalsTangents.uasset" 1234
"../../../Engine/Plugins/Animation/DeformerGraph/Content/DeformerFunctions/DG_Function_ComputeNormalsTangents.uexp" 1235
"../../../Engine/Plugins/Animation/DeformerGraph/Content/Deformers/DG_LinearBlendSkin_Morph_Cloth_RecomputeNormals.uasset" 1236
"../../../Engine/Plugins/Animation/DeformerGraph/Content/Deformers/DG_LinearBlendSkin_Morph_Cloth_RecomputeNormals.uexp" 1237
"../../../Engine/Content/EngineResources/LandscapeVisibilityLayerInfo.uasset" 1238
"../../../Engine/Content/EngineResources/LandscapeVisibilityLayerInfo.uexp" 1239
"../../../Engine/Plugins/NNE/NNEDenoiser/Content/NNEDT_Oidn2-3_Balanced.uasset" 1240
"../../../Engine/Plugins/NNE/NNEDenoiser/Content/NNEDT_Oidn2-3_Balanced.uexp" 1241
"../../../Engine/Plugins/NNE/NNEDenoiser/Content/NNEDT_Oidn2-3_Balanced_Alpha.uasset" 1242
"../../../Engine/Plugins/NNE/NNEDenoiser/Content/NNEDT_Oidn2-3_Balanced_Alpha.uexp" 1243
"../../../Engine/Plugins/NNE/NNEDenoiser/Content/NNED_Oidn2-3_Balanced.uasset" 1244
"../../../Engine/Plugins/NNE/NNEDenoiser/Content/NNED_Oidn2-3_Balanced.uexp" 1245
"../../../Engine/Plugins/NNE/NNEDenoiser/Content/NNED_Oidn2-3_Balanced_Alpha.uasset" 1246
"../../../Engine/Plugins/NNE/NNEDenoiser/Content/NNED_Oidn2-3_Balanced_Alpha.uexp" 1247
"../../../Engine/Plugins/NNE/NNEDenoiser/Content/NNED_Oidn2-3_Fast.uasset" 1248
"../../../Engine/Plugins/NNE/NNEDenoiser/Content/NNED_Oidn2-3_Fast.uexp" 1249
"../../../Engine/Plugins/NNE/NNEDenoiser/Content/NNED_Oidn2-3_Fast_Alpha.uasset" 1250
"../../../Engine/Plugins/NNE/NNEDenoiser/Content/NNED_Oidn2-3_Fast_Alpha.uexp" 1251
"../../../Engine/Plugins/NNE/NNEDenoiser/Content/NNED_Oidn2-3_HighQuality.uasset" 1252
"../../../Engine/Plugins/NNE/NNEDenoiser/Content/NNED_Oidn2-3_HighQuality.uexp" 1253
"../../../Engine/Plugins/NNE/NNEDenoiser/Content/NNED_Oidn2-3_HighQuality_Alpha.uasset" 1254
"../../../Engine/Plugins/NNE/NNEDenoiser/Content/NNED_Oidn2-3_HighQuality_Alpha.uexp" 1255
"D:/Epic Games/UE_project/BT_Game/Content/BP_MainMenuGameMode.uasset" 1256
"D:/Epic Games/UE_project/BT_Game/Content/BP_MainMenuGameMode.uexp" 1257
"D:/Epic Games/UE_project/BT_Game/Content/ThirdPerson/UI/Font/Impacted2_0.uexp" 1258
"D:/Epic Games/UE_project/BT_Game/Content/ThirdPerson/UI/Font/Impacted2_0.uasset" 1259
"D:/Epic Games/UE_project/BT_Game/Content/ThirdPerson/UI/Font/Impacted2_0.ufont" 1260
"D:/Epic Games/UE_project/BT_Game/Content/ThirdPerson/UI/Font/Impacted2_0_Font.uasset" 1261
"D:/Epic Games/UE_project/BT_Game/Content/ThirdPerson/UI/Font/Impacted2_0_Font.uexp" 1262
"D:/Epic Games/UE_project/BT_Game/Content/ThirdPerson/SFX/Press_Button.ubulk" 1263
"D:/Epic Games/UE_project/BT_Game/Content/ThirdPerson/SFX/Press_Button.uasset" 1264
"D:/Epic Games/UE_project/BT_Game/Content/ThirdPerson/SFX/Press_Button.uexp" 1265
"../../../Engine/Content/BasicShapes/Sphere.ubulk" 1266
"../../../Engine/Content/BasicShapes/Sphere.uasset" 1267
"../../../Engine/Content/BasicShapes/Sphere.uexp" 1268
"../../../Engine/Plugins/2D/Paper2D/Content/MaskedUnlitSpriteMaterial.uasset" 1269
"../../../Engine/Plugins/2D/Paper2D/Content/MaskedUnlitSpriteMaterial.uexp" 1270
"D:/Epic Games/UE_project/BT_Game/Content/Characters/Mannequins/Meshes/SK_Mannequin.uasset" 1271
"D:/Epic Games/UE_project/BT_Game/Content/Characters/Mannequins/Meshes/SK_Mannequin.uexp" 1272
"D:/Epic Games/UE_project/BT_Game/Content/Characters/Mannequins/Rigs/PA_Mannequin.uasset" 1273
"D:/Epic Games/UE_project/BT_Game/Content/Characters/Mannequins/Rigs/PA_Mannequin.uexp" 1274
"D:/Epic Games/UE_project/BT_Game/Content/Characters/Mannequins/Textures/Quinn/T_Quinn_02_N.ubulk" 1275
"D:/Epic Games/UE_project/BT_Game/Content/Characters/Mannequins/Textures/Quinn/T_Quinn_02_N.uasset" 1276
"D:/Epic Games/UE_project/BT_Game/Content/Characters/Mannequins/Textures/Quinn/T_Quinn_02_N.uexp" 1277
"D:/Epic Games/UE_project/BT_Game/Content/Characters/Mannequins/Textures/Quinn/T_Quinn_02_MRA.ubulk" 1278
"D:/Epic Games/UE_project/BT_Game/Content/Characters/Mannequins/Textures/Quinn/T_Quinn_02_MRA.uasset" 1279
"D:/Epic Games/UE_project/BT_Game/Content/Characters/Mannequins/Textures/Quinn/T_Quinn_02_MRA.uexp" 1280
"D:/Epic Games/UE_project/BT_Game/Content/Characters/Mannequins/Textures/Quinn/T_Quinn_02_D.ubulk" 1281
"D:/Epic Games/UE_project/BT_Game/Content/Characters/Mannequins/Textures/Quinn/T_Quinn_02_D.uasset" 1282
"D:/Epic Games/UE_project/BT_Game/Content/Characters/Mannequins/Textures/Quinn/T_Quinn_02_D.uexp" 1283
"D:/Epic Games/UE_project/BT_Game/Content/Characters/Mannequins/Textures/Quinn/T_Quinn_01_N.ubulk" 1284
"D:/Epic Games/UE_project/BT_Game/Content/Characters/Mannequins/Textures/Quinn/T_Quinn_01_N.uasset" 1285
"D:/Epic Games/UE_project/BT_Game/Content/Characters/Mannequins/Textures/Quinn/T_Quinn_01_N.uexp" 1286
"D:/Epic Games/UE_project/BT_Game/Content/Characters/Mannequins/Textures/Quinn/T_Quinn_01_MRA.ubulk" 1287
"D:/Epic Games/UE_project/BT_Game/Content/Characters/Mannequins/Textures/Quinn/T_Quinn_01_MRA.uasset" 1288
"D:/Epic Games/UE_project/BT_Game/Content/Characters/Mannequins/Textures/Quinn/T_Quinn_01_MRA.uexp" 1289
"D:/Epic Games/UE_project/BT_Game/Content/Characters/Mannequins/Textures/Quinn/T_Quinn_01_D.ubulk" 1290
"D:/Epic Games/UE_project/BT_Game/Content/Characters/Mannequins/Textures/Quinn/T_Quinn_01_D.uasset" 1291
"D:/Epic Games/UE_project/BT_Game/Content/Characters/Mannequins/Textures/Quinn/T_Quinn_01_D.uexp" 1292
"D:/Epic Games/UE_project/BT_Game/Content/Characters/Mannequins/Textures/Shared/T_UE_Logo_M.uasset" 1293
"D:/Epic Games/UE_project/BT_Game/Content/Characters/Mannequins/Textures/Shared/T_UE_Logo_M.uexp" 1294
"D:/Epic Games/UE_project/BT_Game/Content/Characters/Mannequins/Textures/Manny/T_Manny_01_MRA.ubulk" 1295
"D:/Epic Games/UE_project/BT_Game/Content/Characters/Mannequins/Textures/Manny/T_Manny_01_MRA.uasset" 1296
"D:/Epic Games/UE_project/BT_Game/Content/Characters/Mannequins/Textures/Manny/T_Manny_01_MRA.uexp" 1297
"D:/Epic Games/UE_project/BT_Game/Content/Characters/Mannequins/Textures/Manny/T_Manny_01_D.ubulk" 1298
"D:/Epic Games/UE_project/BT_Game/Content/Characters/Mannequins/Textures/Manny/T_Manny_01_D.uasset" 1299
"D:/Epic Games/UE_project/BT_Game/Content/Characters/Mannequins/Textures/Manny/T_Manny_01_D.uexp" 1300
"D:/Epic Games/UE_project/BT_Game/Content/Characters/Mannequins/Textures/Manny/T_Manny_01_BN.ubulk" 1301
"D:/Epic Games/UE_project/BT_Game/Content/Characters/Mannequins/Textures/Manny/T_Manny_01_BN.uasset" 1302
"D:/Epic Games/UE_project/BT_Game/Content/Characters/Mannequins/Textures/Manny/T_Manny_01_BN.uexp" 1303
"D:/Epic Games/UE_project/BT_Game/Content/Characters/Mannequins/Materials/M_Mannequin.uasset" 1304
"D:/Epic Games/UE_project/BT_Game/Content/Characters/Mannequins/Materials/M_Mannequin.uexp" 1305
"D:/Epic Games/UE_project/BT_Game/Content/Characters/Mannequins/Materials/Quinn/MI_Quinn_01.uasset" 1306
"D:/Epic Games/UE_project/BT_Game/Content/Characters/Mannequins/Materials/Quinn/MI_Quinn_01.uexp" 1307
"D:/Epic Games/UE_project/BT_Game/Content/Characters/Mannequins/Materials/Quinn/MI_Quinn_02.uasset" 1308
"D:/Epic Games/UE_project/BT_Game/Content/Characters/Mannequins/Materials/Quinn/MI_Quinn_02.uexp" 1309
"D:/Epic Games/UE_project/BT_Game/Content/Characters/Mannequins/Meshes/SKM_Quinn_Simple.uasset" 1310
"D:/Epic Games/UE_project/BT_Game/Content/Characters/Mannequins/Meshes/SKM_Quinn_Simple.uexp" 1311
"D:/Epic Games/UE_project/BT_Game/Content/Input/Actions/IA_MouseLook.uasset" 1312
"D:/Epic Games/UE_project/BT_Game/Content/Input/Actions/IA_MouseLook.uexp" 1313
"D:/Epic Games/UE_project/BT_Game/Content/Input/Actions/IA_Jump.uasset" 1314
"D:/Epic Games/UE_project/BT_Game/Content/Input/Actions/IA_Jump.uexp" 1315
"D:/Epic Games/UE_project/BT_Game/Content/Input/Actions/IA_Look.uasset" 1316
"D:/Epic Games/UE_project/BT_Game/Content/Input/Actions/IA_Look.uexp" 1317
"D:/Epic Games/UE_project/BT_Game/Content/Input/Actions/IA_Move.uasset" 1318
"D:/Epic Games/UE_project/BT_Game/Content/Input/Actions/IA_Move.uexp" 1319
"D:/Epic Games/UE_project/BT_Game/Content/Input/Actions/IA_Sprint.uasset" 1320
"D:/Epic Games/UE_project/BT_Game/Content/Input/Actions/IA_Sprint.uexp" 1321
"D:/Epic Games/UE_project/BT_Game/Content/Input/Actions/IA_Parkour.uasset" 1322
"D:/Epic Games/UE_project/BT_Game/Content/Input/Actions/IA_Parkour.uexp" 1323
"D:/Epic Games/UE_project/BT_Game/Content/Input/Actions/IA_Fire.uasset" 1324
"D:/Epic Games/UE_project/BT_Game/Content/Input/Actions/IA_Fire.uexp" 1325
"D:/Epic Games/UE_project/BT_Game/Content/Input/Actions/IA_Aiming.uasset" 1326
"D:/Epic Games/UE_project/BT_Game/Content/Input/Actions/IA_Aiming.uexp" 1327
"D:/Epic Games/UE_project/BT_Game/Content/Input/Actions/IA_Interact.uasset" 1328
"D:/Epic Games/UE_project/BT_Game/Content/Input/Actions/IA_Interact.uexp" 1329
"D:/Epic Games/UE_project/BT_Game/Content/Input/Actions/IA_Pause.uasset" 1330
"D:/Epic Games/UE_project/BT_Game/Content/Input/Actions/IA_Pause.uexp" 1331
"../../../Engine/Plugins/2D/Paper2D/Content/TranslucentUnlitSpriteMaterial.uasset" 1332
"../../../Engine/Plugins/2D/Paper2D/Content/TranslucentUnlitSpriteMaterial.uexp" 1333
"D:/Epic Games/UE_project/BT_Game/Content/UI_CrosshairFreePack/Textures/T_CH006.ubulk" 1334
"D:/Epic Games/UE_project/BT_Game/Content/UI_CrosshairFreePack/Textures/T_CH006.uasset" 1335
"D:/Epic Games/UE_project/BT_Game/Content/UI_CrosshairFreePack/Textures/T_CH006.uexp" 1336
"D:/Epic Games/UE_project/BT_Game/Content/UI_CrosshairFreePack/Textures/T_CH006_Sprite.uasset" 1337
"D:/Epic Games/UE_project/BT_Game/Content/UI_CrosshairFreePack/Textures/T_CH006_Sprite.uexp" 1338
"D:/Epic Games/UE_project/BT_Game/Content/Realistic_Starter_VFX_Pack_Vol2/Vectorfields/VectorField_A.uasset" 1339
"D:/Epic Games/UE_project/BT_Game/Content/Realistic_Starter_VFX_Pack_Vol2/Vectorfields/VectorField_A.uexp" 1340
"D:/Epic Games/UE_project/BT_Game/Content/Realistic_Starter_VFX_Pack_Vol2/Textures/T_Flare_A.ubulk" 1341
"D:/Epic Games/UE_project/BT_Game/Content/Realistic_Starter_VFX_Pack_Vol2/Textures/T_Flare_A.uasset" 1342
"D:/Epic Games/UE_project/BT_Game/Content/Realistic_Starter_VFX_Pack_Vol2/Textures/T_Flare_A.uexp" 1343
"D:/Epic Games/UE_project/BT_Game/Content/Realistic_Starter_VFX_Pack_Vol2/Textures/T_Spark_B.uasset" 1344
"D:/Epic Games/UE_project/BT_Game/Content/Realistic_Starter_VFX_Pack_Vol2/Textures/T_Spark_B.uexp" 1345
"D:/Epic Games/UE_project/BT_Game/Content/Realistic_Starter_VFX_Pack_Vol2/Materials/M_Glow_C.uasset" 1346
"D:/Epic Games/UE_project/BT_Game/Content/Realistic_Starter_VFX_Pack_Vol2/Materials/M_Glow_C.uexp" 1347
"D:/Epic Games/UE_project/BT_Game/Content/Realistic_Starter_VFX_Pack_Vol2/Materials/M_Glow_C_Inst.uasset" 1348
"D:/Epic Games/UE_project/BT_Game/Content/Realistic_Starter_VFX_Pack_Vol2/Materials/M_Glow_C_Inst.uexp" 1349
"D:/Epic Games/UE_project/BT_Game/Content/Realistic_Starter_VFX_Pack_Vol2/Textures/T_Smoke_B.ubulk" 1350
"D:/Epic Games/UE_project/BT_Game/Content/Realistic_Starter_VFX_Pack_Vol2/Textures/T_Smoke_B.uasset" 1351
"D:/Epic Games/UE_project/BT_Game/Content/Realistic_Starter_VFX_Pack_Vol2/Textures/T_Smoke_B.uexp" 1352
"D:/Epic Games/UE_project/BT_Game/Content/Realistic_Starter_VFX_Pack_Vol2/Materials/M_Smoke_A.uasset" 1353
"D:/Epic Games/UE_project/BT_Game/Content/Realistic_Starter_VFX_Pack_Vol2/Materials/M_Smoke_A.uexp" 1354
"D:/Epic Games/UE_project/BT_Game/Content/Realistic_Starter_VFX_Pack_Vol2/Textures/T_Epxlosion_B_packed.ubulk" 1355
"D:/Epic Games/UE_project/BT_Game/Content/Realistic_Starter_VFX_Pack_Vol2/Textures/T_Epxlosion_B_packed.uasset" 1356
"D:/Epic Games/UE_project/BT_Game/Content/Realistic_Starter_VFX_Pack_Vol2/Textures/T_Epxlosion_B_packed.uexp" 1357
"D:/Epic Games/UE_project/BT_Game/Content/Realistic_Starter_VFX_Pack_Vol2/Textures/T_Epxlosion_B_color.ubulk" 1358
"D:/Epic Games/UE_project/BT_Game/Content/Realistic_Starter_VFX_Pack_Vol2/Textures/T_Epxlosion_B_color.uasset" 1359
"D:/Epic Games/UE_project/BT_Game/Content/Realistic_Starter_VFX_Pack_Vol2/Textures/T_Epxlosion_B_color.uexp" 1360
"D:/Epic Games/UE_project/BT_Game/Content/Realistic_Starter_VFX_Pack_Vol2/Materials/M_Explosion_B.uasset" 1361
"D:/Epic Games/UE_project/BT_Game/Content/Realistic_Starter_VFX_Pack_Vol2/Materials/M_Explosion_B.uexp" 1362
"D:/Epic Games/UE_project/BT_Game/Content/Realistic_Starter_VFX_Pack_Vol2/Textures/T_Smoke_Wisp.ubulk" 1363
"D:/Epic Games/UE_project/BT_Game/Content/Realistic_Starter_VFX_Pack_Vol2/Textures/T_Smoke_Wisp.uasset" 1364
"D:/Epic Games/UE_project/BT_Game/Content/Realistic_Starter_VFX_Pack_Vol2/Textures/T_Smoke_Wisp.uexp" 1365
"D:/Epic Games/UE_project/BT_Game/Content/Realistic_Starter_VFX_Pack_Vol2/Materials/M_Smoke_Wisp.uasset" 1366
"D:/Epic Games/UE_project/BT_Game/Content/Realistic_Starter_VFX_Pack_Vol2/Materials/M_Smoke_Wisp.uexp" 1367
"D:/Epic Games/UE_project/BT_Game/Content/Realistic_Starter_VFX_Pack_Vol2/Textures/T_Rocks_NM.uasset" 1368
"D:/Epic Games/UE_project/BT_Game/Content/Realistic_Starter_VFX_Pack_Vol2/Textures/T_Rocks_NM.uexp" 1369
"D:/Epic Games/UE_project/BT_Game/Content/Realistic_Starter_VFX_Pack_Vol2/Textures/T_Rocks.ubulk" 1370
"D:/Epic Games/UE_project/BT_Game/Content/Realistic_Starter_VFX_Pack_Vol2/Textures/T_Rocks.uasset" 1371
"D:/Epic Games/UE_project/BT_Game/Content/Realistic_Starter_VFX_Pack_Vol2/Textures/T_Rocks.uexp" 1372
"D:/Epic Games/UE_project/BT_Game/Content/Realistic_Starter_VFX_Pack_Vol2/Materials/M_Rock_B.uasset" 1373
"D:/Epic Games/UE_project/BT_Game/Content/Realistic_Starter_VFX_Pack_Vol2/Materials/M_Rock_B.uexp" 1374
"../../../Engine/Content/Functions/Engine_MaterialFunctions01/Gradient/SphereGradient-2D.uasset" 1375
"../../../Engine/Content/Functions/Engine_MaterialFunctions01/Gradient/SphereGradient-2D.uexp" 1376
"D:/Epic Games/UE_project/BT_Game/Content/Realistic_Starter_VFX_Pack_Vol2/Textures/T_NoiseNormal_B.ubulk" 1377
"D:/Epic Games/UE_project/BT_Game/Content/Realistic_Starter_VFX_Pack_Vol2/Textures/T_NoiseNormal_B.uasset" 1378
"D:/Epic Games/UE_project/BT_Game/Content/Realistic_Starter_VFX_Pack_Vol2/Textures/T_NoiseNormal_B.uexp" 1379
"D:/Epic Games/UE_project/BT_Game/Content/Realistic_Starter_VFX_Pack_Vol2/Materials/M_Distortion.uasset" 1380
"D:/Epic Games/UE_project/BT_Game/Content/Realistic_Starter_VFX_Pack_Vol2/Materials/M_Distortion.uexp" 1381
"D:/Epic Games/UE_project/BT_Game/Content/Realistic_Starter_VFX_Pack_Vol2/Textures/T_Impact.ubulk" 1382
"D:/Epic Games/UE_project/BT_Game/Content/Realistic_Starter_VFX_Pack_Vol2/Textures/T_Impact.uasset" 1383
"D:/Epic Games/UE_project/BT_Game/Content/Realistic_Starter_VFX_Pack_Vol2/Textures/T_Impact.uexp" 1384
"D:/Epic Games/UE_project/BT_Game/Content/Realistic_Starter_VFX_Pack_Vol2/Materials/M_Impact_C.uasset" 1385
"D:/Epic Games/UE_project/BT_Game/Content/Realistic_Starter_VFX_Pack_Vol2/Materials/M_Impact_C.uexp" 1386
"D:/Epic Games/UE_project/BT_Game/Content/Realistic_Starter_VFX_Pack_Vol2/Particles/Explosion/P_Explosion_Big_A.uasset" 1387
"D:/Epic Games/UE_project/BT_Game/Content/Realistic_Starter_VFX_Pack_Vol2/Particles/Explosion/P_Explosion_Big_A.uexp" 1388
"../../../Engine/Content/Functions/Engine_MaterialFunctions01/Density/ExponentialDensity.uasset" 1389
"../../../Engine/Content/Functions/Engine_MaterialFunctions01/Density/ExponentialDensity.uexp" 1390
"../../../Engine/Content/Functions/Engine_MaterialFunctions01/Gradient/RadialGradientExponential.uasset" 1391
"../../../Engine/Content/Functions/Engine_MaterialFunctions01/Gradient/RadialGradientExponential.uexp" 1392
"D:/Epic Games/UE_project/BT_Game/Content/Realistic_Starter_VFX_Pack_Vol2/Materials/M_Snow.uasset" 1393
"D:/Epic Games/UE_project/BT_Game/Content/Realistic_Starter_VFX_Pack_Vol2/Materials/M_Snow.uexp" 1394
"../../../Engine/Content/Functions/Engine_MaterialFunctions02/Texturing/CustomRotator.uasset" 1395
"../../../Engine/Content/Functions/Engine_MaterialFunctions02/Texturing/CustomRotator.uexp" 1396
"D:/Epic Games/UE_project/BT_Game/Content/Realistic_Starter_VFX_Pack_Vol2/Textures/T_Dirt_C.ubulk" 1397
"D:/Epic Games/UE_project/BT_Game/Content/Realistic_Starter_VFX_Pack_Vol2/Textures/T_Dirt_C.uasset" 1398
"D:/Epic Games/UE_project/BT_Game/Content/Realistic_Starter_VFX_Pack_Vol2/Textures/T_Dirt_C.uexp" 1399
"D:/Epic Games/UE_project/BT_Game/Content/Realistic_Starter_VFX_Pack_Vol2/Materials/M_Dirt_A.uasset" 1400
"D:/Epic Games/UE_project/BT_Game/Content/Realistic_Starter_VFX_Pack_Vol2/Materials/M_Dirt_A.uexp" 1401
"D:/Epic Games/UE_project/BT_Game/Content/Realistic_Starter_VFX_Pack_Vol2/Textures/T_Splash_A.ubulk" 1402
"D:/Epic Games/UE_project/BT_Game/Content/Realistic_Starter_VFX_Pack_Vol2/Textures/T_Splash_A.uasset" 1403
"D:/Epic Games/UE_project/BT_Game/Content/Realistic_Starter_VFX_Pack_Vol2/Textures/T_Splash_A.uexp" 1404
"D:/Epic Games/UE_project/BT_Game/Content/Realistic_Starter_VFX_Pack_Vol2/Materials/M_Blood_C.uasset" 1405
"D:/Epic Games/UE_project/BT_Game/Content/Realistic_Starter_VFX_Pack_Vol2/Materials/M_Blood_C.uexp" 1406
"D:/Epic Games/UE_project/BT_Game/Content/Realistic_Starter_VFX_Pack_Vol2/Particles/Blood/P_Blood_Splat_Cone.uasset" 1407
"D:/Epic Games/UE_project/BT_Game/Content/Realistic_Starter_VFX_Pack_Vol2/Particles/Blood/P_Blood_Splat_Cone.uexp" 1408
"D:/Epic Games/UE_project/BT_Game/Content/UI_FlatIconsFreeSamplePack/512/T_Flag_512.uasset" 1409
"D:/Epic Games/UE_project/BT_Game/Content/UI_FlatIconsFreeSamplePack/512/T_Flag_512.uexp" 1410
"D:/Epic Games/UE_project/BT_Game/Content/UI_FlatIconsFreeSamplePack/512/T_Flag_512_Sprite.uasset" 1411
"D:/Epic Games/UE_project/BT_Game/Content/UI_FlatIconsFreeSamplePack/512/T_Flag_512_Sprite.uexp" 1412
"D:/Epic Games/UE_project/BT_Game/Content/ThirdPerson/Blueprints/outline.uasset" 1413
"D:/Epic Games/UE_project/BT_Game/Content/ThirdPerson/Blueprints/outline.uexp" 1414
"D:/Epic Games/UE_project/BT_Game/Content/ThirdPerson/Blueprints/CharacterBPInterface.uasset" 1415
"D:/Epic Games/UE_project/BT_Game/Content/ThirdPerson/Blueprints/CharacterBPInterface.uexp" 1416
"../../../Engine/Plugins/Interchange/Assets/Content/gltf/MaterialInstances/MI_Default_Opaque_DS.uasset" 1417
"../../../Engine/Plugins/Interchange/Assets/Content/gltf/MaterialInstances/MI_Default_Opaque_DS.uexp" 1418
"D:/Epic Games/UE_project/BT_Game/Content/ThirdPerson/Blueprints/document_file_folder/Textures/document_file_folder_texture_0.ubulk" 1419
"D:/Epic Games/UE_project/BT_Game/Content/ThirdPerson/Blueprints/document_file_folder/Textures/document_file_folder_texture_0.uasset" 1420
"D:/Epic Games/UE_project/BT_Game/Content/ThirdPerson/Blueprints/document_file_folder/Textures/document_file_folder_texture_0.uexp" 1421
"D:/Epic Games/UE_project/BT_Game/Content/ThirdPerson/Blueprints/document_file_folder/Textures/document_file_folder_texture_1.ubulk" 1422
"D:/Epic Games/UE_project/BT_Game/Content/ThirdPerson/Blueprints/document_file_folder/Textures/document_file_folder_texture_1.uasset" 1423
"D:/Epic Games/UE_project/BT_Game/Content/ThirdPerson/Blueprints/document_file_folder/Textures/document_file_folder_texture_1.uexp" 1424
"D:/Epic Games/UE_project/BT_Game/Content/ThirdPerson/Blueprints/document_file_folder/Textures/document_file_folder_texture_2.ubulk" 1425
"D:/Epic Games/UE_project/BT_Game/Content/ThirdPerson/Blueprints/document_file_folder/Textures/document_file_folder_texture_2.uasset" 1426
"D:/Epic Games/UE_project/BT_Game/Content/ThirdPerson/Blueprints/document_file_folder/Textures/document_file_folder_texture_2.uexp" 1427
"D:/Epic Games/UE_project/BT_Game/Content/ThirdPerson/Blueprints/document_file_folder/Materials/A4_Paper_StackShape.uasset" 1428
"D:/Epic Games/UE_project/BT_Game/Content/ThirdPerson/Blueprints/document_file_folder/Materials/A4_Paper_StackShape.uexp" 1429
"D:/Epic Games/UE_project/BT_Game/Content/ThirdPerson/Blueprints/document_file_folder/StaticMeshes/A4_Paper_StackShape_8_0.ubulk" 1430
"D:/Epic Games/UE_project/BT_Game/Content/ThirdPerson/Blueprints/document_file_folder/StaticMeshes/A4_Paper_StackShape_8_0.uasset" 1431
"D:/Epic Games/UE_project/BT_Game/Content/ThirdPerson/Blueprints/document_file_folder/StaticMeshes/A4_Paper_StackShape_8_0.uexp" 1432
"D:/Epic Games/UE_project/BT_Game/Content/ThirdPerson/Blueprints/document_file_folder/Materials/A4_Page3Shape.uasset" 1433
"D:/Epic Games/UE_project/BT_Game/Content/ThirdPerson/Blueprints/document_file_folder/Materials/A4_Page3Shape.uexp" 1434
"D:/Epic Games/UE_project/BT_Game/Content/ThirdPerson/Blueprints/document_file_folder/StaticMeshes/A4_Page3Shape_2_0.ubulk" 1435
"D:/Epic Games/UE_project/BT_Game/Content/ThirdPerson/Blueprints/document_file_folder/StaticMeshes/A4_Page3Shape_2_0.uasset" 1436
"D:/Epic Games/UE_project/BT_Game/Content/ThirdPerson/Blueprints/document_file_folder/StaticMeshes/A4_Page3Shape_2_0.uexp" 1437
"D:/Epic Games/UE_project/BT_Game/Content/ThirdPerson/Blueprints/document_file_folder/Materials/A4_Page2Shape.uasset" 1438
"D:/Epic Games/UE_project/BT_Game/Content/ThirdPerson/Blueprints/document_file_folder/Materials/A4_Page2Shape.uexp" 1439
"D:/Epic Games/UE_project/BT_Game/Content/ThirdPerson/Blueprints/document_file_folder/StaticMeshes/A4_Page2Shape_4_0.ubulk" 1440
"D:/Epic Games/UE_project/BT_Game/Content/ThirdPerson/Blueprints/document_file_folder/StaticMeshes/A4_Page2Shape_4_0.uasset" 1441
"D:/Epic Games/UE_project/BT_Game/Content/ThirdPerson/Blueprints/document_file_folder/StaticMeshes/A4_Page2Shape_4_0.uexp" 1442
"D:/Epic Games/UE_project/BT_Game/Content/ThirdPerson/Blueprints/document_file_folder/Materials/A4_Page1Shape.uasset" 1443
"D:/Epic Games/UE_project/BT_Game/Content/ThirdPerson/Blueprints/document_file_folder/Materials/A4_Page1Shape.uexp" 1444
"D:/Epic Games/UE_project/BT_Game/Content/ThirdPerson/Blueprints/document_file_folder/StaticMeshes/A4_Page1Shape_6_0.ubulk" 1445
"D:/Epic Games/UE_project/BT_Game/Content/ThirdPerson/Blueprints/document_file_folder/StaticMeshes/A4_Page1Shape_6_0.uasset" 1446
"D:/Epic Games/UE_project/BT_Game/Content/ThirdPerson/Blueprints/document_file_folder/StaticMeshes/A4_Page1Shape_6_0.uexp" 1447
"D:/Epic Games/UE_project/BT_Game/Content/ThirdPerson/Blueprints/document_file_folder/SkeletalMeshes/Folder_1Shape_Skeleton.uasset" 1448
"D:/Epic Games/UE_project/BT_Game/Content/ThirdPerson/Blueprints/document_file_folder/SkeletalMeshes/Folder_1Shape_Skeleton.uexp" 1449
"D:/Epic Games/UE_project/BT_Game/Content/ThirdPerson/Blueprints/document_file_folder/SkeletalMeshes/Folder_1Shape_PhysicsAsset.uasset" 1450
"D:/Epic Games/UE_project/BT_Game/Content/ThirdPerson/Blueprints/document_file_folder/SkeletalMeshes/Folder_1Shape_PhysicsAsset.uexp" 1451
"D:/Epic Games/UE_project/BT_Game/Content/ThirdPerson/Blueprints/document_file_folder/Textures/document_file_folder_texture_3.ubulk" 1452
"D:/Epic Games/UE_project/BT_Game/Content/ThirdPerson/Blueprints/document_file_folder/Textures/document_file_folder_texture_3.uasset" 1453
"D:/Epic Games/UE_project/BT_Game/Content/ThirdPerson/Blueprints/document_file_folder/Textures/document_file_folder_texture_3.uexp" 1454
"D:/Epic Games/UE_project/BT_Game/Content/ThirdPerson/Blueprints/document_file_folder/Textures/document_file_folder_texture_4.ubulk" 1455
"D:/Epic Games/UE_project/BT_Game/Content/ThirdPerson/Blueprints/document_file_folder/Textures/document_file_folder_texture_4.uasset" 1456
"D:/Epic Games/UE_project/BT_Game/Content/ThirdPerson/Blueprints/document_file_folder/Textures/document_file_folder_texture_4.uexp" 1457
"D:/Epic Games/UE_project/BT_Game/Content/ThirdPerson/Blueprints/document_file_folder/Textures/document_file_folder_texture_5.ubulk" 1458
"D:/Epic Games/UE_project/BT_Game/Content/ThirdPerson/Blueprints/document_file_folder/Textures/document_file_folder_texture_5.uasset" 1459
"D:/Epic Games/UE_project/BT_Game/Content/ThirdPerson/Blueprints/document_file_folder/Textures/document_file_folder_texture_5.uexp" 1460
"D:/Epic Games/UE_project/BT_Game/Content/ThirdPerson/Blueprints/document_file_folder/Materials/Folder_1Shape.uasset" 1461
"D:/Epic Games/UE_project/BT_Game/Content/ThirdPerson/Blueprints/document_file_folder/Materials/Folder_1Shape.uexp" 1462
"D:/Epic Games/UE_project/BT_Game/Content/ThirdPerson/Blueprints/document_file_folder/SkeletalMeshes/Folder_1Shape.uasset" 1463
"D:/Epic Games/UE_project/BT_Game/Content/ThirdPerson/Blueprints/document_file_folder/SkeletalMeshes/Folder_1Shape.uexp" 1464
"D:/Epic Games/UE_project/BT_Game/Content/ThirdPerson/Blueprints/BP_PickUp.uasset" 1465
"D:/Epic Games/UE_project/BT_Game/Content/ThirdPerson/Blueprints/BP_PickUp.uexp" 1466
"D:/Epic Games/UE_project/BT_Game/Content/ThirdPerson/TextureRenderTarget2D.uasset" 1467
"D:/Epic Games/UE_project/BT_Game/Content/ThirdPerson/TextureRenderTarget2D.uexp" 1468
"../../../Engine/Plugins/Animation/ACLPlugin/Content/ACLAnimCurveCompressionSettings.uasset" 1469
"../../../Engine/Plugins/Animation/ACLPlugin/Content/ACLAnimCurveCompressionSettings.uexp" 1470
"../../../Engine/Plugins/Animation/ACLPlugin/Content/ACLAnimBoneCompressionSettings.uasset" 1471
"../../../Engine/Plugins/Animation/ACLPlugin/Content/ACLAnimBoneCompressionSettings.uexp" 1472
"../../../Engine/Content/Animation/DefaultVariableFrameStrippingSettings.uasset" 1473
"../../../Engine/Content/Animation/DefaultVariableFrameStrippingSettings.uexp" 1474
"D:/Epic Games/UE_project/BT_Game/Content/ThirdPerson/Anim_Vault.uasset" 1475
"D:/Epic Games/UE_project/BT_Game/Content/ThirdPerson/Anim_Vault.uexp" 1476
"D:/Epic Games/UE_project/BT_Game/Content/ThirdPerson/Anim_Vault_Montage.uasset" 1477
"D:/Epic Games/UE_project/BT_Game/Content/ThirdPerson/Anim_Vault_Montage.uexp" 1478
"D:/Epic Games/UE_project/BT_Game/Content/ThirdPerson/Anim_GettingUp.uasset" 1479
"D:/Epic Games/UE_project/BT_Game/Content/ThirdPerson/Anim_GettingUp.uexp" 1480
"D:/Epic Games/UE_project/BT_Game/Content/ThirdPerson/Anim_GettingUp_Montage.uasset" 1481
"D:/Epic Games/UE_project/BT_Game/Content/ThirdPerson/Anim_GettingUp_Montage.uexp" 1482
"D:/Epic Games/UE_project/BT_Game/Content/ThirdPerson/Anim_Climb.uasset" 1483
"D:/Epic Games/UE_project/BT_Game/Content/ThirdPerson/Anim_Climb.uexp" 1484
"D:/Epic Games/UE_project/BT_Game/Content/ThirdPerson/Anim_Climb_Montage.uasset" 1485
"D:/Epic Games/UE_project/BT_Game/Content/ThirdPerson/Anim_Climb_Montage.uexp" 1486
"D:/Epic Games/UE_project/BT_Game/Content/ThirdPerson/_GENERATED/s5624234/Projectile_Mat.uasset" 1487
"D:/Epic Games/UE_project/BT_Game/Content/ThirdPerson/_GENERATED/s5624234/Projectile_Mat.uexp" 1488
"D:/Epic Games/UE_project/BT_Game/Content/ThirdPerson/_GENERATED/s5624234/Projectile_Indicator.ubulk" 1489
"D:/Epic Games/UE_project/BT_Game/Content/ThirdPerson/_GENERATED/s5624234/Projectile_Indicator.uasset" 1490
"D:/Epic Games/UE_project/BT_Game/Content/ThirdPerson/_GENERATED/s5624234/Projectile_Indicator.uexp" 1491
"D:/Epic Games/UE_project/BT_Game/Content/UI_FlatIconsFreeSamplePack/512/T_Knife_512.uasset" 1492
"D:/Epic Games/UE_project/BT_Game/Content/UI_FlatIconsFreeSamplePack/512/T_Knife_512.uexp" 1493
"D:/Epic Games/UE_project/BT_Game/Content/UI_FlatIconsFreeSamplePack/512/T_Gun_512.uasset" 1494
"D:/Epic Games/UE_project/BT_Game/Content/UI_FlatIconsFreeSamplePack/512/T_Gun_512.uexp" 1495
"D:/Epic Games/UE_project/BT_Game/Content/UI_FlatIconsFreeSamplePack/512/T_Bell_512.uasset" 1496
"D:/Epic Games/UE_project/BT_Game/Content/UI_FlatIconsFreeSamplePack/512/T_Bell_512.uexp" 1497
"D:/Epic Games/UE_project/BT_Game/Content/ThirdPerson/UI/WB_WeaponSwitch.uasset" 1498
"D:/Epic Games/UE_project/BT_Game/Content/ThirdPerson/UI/WB_WeaponSwitch.uexp" 1499
"../../../Engine/Content/EngineSounds/Master.uasset" 1500
"../../../Engine/Content/EngineSounds/Master.uexp" 1501
"D:/Epic Games/UE_project/BT_Game/Content/ThirdPerson/SFX/MasterVolume.uasset" 1502
"D:/Epic Games/UE_project/BT_Game/Content/ThirdPerson/SFX/MasterVolume.uexp" 1503
"D:/Epic Games/UE_project/BT_Game/Content/ThirdPerson/UI/WB_Settings.uasset" 1504
"D:/Epic Games/UE_project/BT_Game/Content/ThirdPerson/UI/WB_Settings.uexp" 1505
"D:/Epic Games/UE_project/BT_Game/Content/ThirdPerson/UI/WB_SavingPage1.uasset" 1506
"D:/Epic Games/UE_project/BT_Game/Content/ThirdPerson/UI/WB_SavingPage1.uexp" 1507
"D:/Epic Games/UE_project/BT_Game/Content/ThirdPerson/UI/WB_LoadingPage.uasset" 1508
"D:/Epic Games/UE_project/BT_Game/Content/ThirdPerson/UI/WB_LoadingPage.uexp" 1509
"D:/Epic Games/UE_project/BT_Game/Content/ThirdPerson/SFX/Hovering.ubulk" 1510
"D:/Epic Games/UE_project/BT_Game/Content/ThirdPerson/SFX/Hovering.uasset" 1511
"D:/Epic Games/UE_project/BT_Game/Content/ThirdPerson/SFX/Hovering.uexp" 1512
"D:/Epic Games/UE_project/BT_Game/Content/ThirdPerson/UI/WB_PauseMenu.uasset" 1513
"D:/Epic Games/UE_project/BT_Game/Content/ThirdPerson/UI/WB_PauseMenu.uexp" 1514
"D:/Epic Games/UE_project/BT_Game/Content/ThirdPerson/UI/WB_Timer.uasset" 1515
"D:/Epic Games/UE_project/BT_Game/Content/ThirdPerson/UI/WB_Timer.uexp" 1516
"D:/Epic Games/UE_project/BT_Game/Content/ThirdPerson/UI/Font/DCC_-_Ash.uexp" 1517
"D:/Epic Games/UE_project/BT_Game/Content/ThirdPerson/UI/Font/DCC_-_Ash.uasset" 1518
"D:/Epic Games/UE_project/BT_Game/Content/ThirdPerson/UI/Font/DCC_-_Ash.ufont" 1519
"D:/Epic Games/UE_project/BT_Game/Content/ThirdPerson/UI/Font/DCC_-_Ash_Font.uasset" 1520
"D:/Epic Games/UE_project/BT_Game/Content/ThirdPerson/UI/Font/DCC_-_Ash_Font.uexp" 1521
"D:/Epic Games/UE_project/BT_Game/Content/ThirdPerson/UI/WB_Goals.uasset" 1522
"D:/Epic Games/UE_project/BT_Game/Content/ThirdPerson/UI/WB_Goals.uexp" 1523
"D:/Epic Games/UE_project/BT_Game/Content/ThirdPerson/M_Minimap.uasset" 1524
"D:/Epic Games/UE_project/BT_Game/Content/ThirdPerson/M_Minimap.uexp" 1525
"D:/Epic Games/UE_project/BT_Game/Content/ThirdPerson/UI/WB_MiniMap.uasset" 1526
"D:/Epic Games/UE_project/BT_Game/Content/ThirdPerson/UI/WB_MiniMap.uexp" 1527
"D:/Epic Games/UE_project/BT_Game/Content/ThirdPerson/UI/WB_PlayerHUD.uasset" 1528
"D:/Epic Games/UE_project/BT_Game/Content/ThirdPerson/UI/WB_PlayerHUD.uexp" 1529
"D:/Epic Games/UE_project/BT_Game/Content/ThirdPerson/UI/WB_PickUp.uasset" 1530
"D:/Epic Games/UE_project/BT_Game/Content/ThirdPerson/UI/WB_PickUp.uexp" 1531
"D:/Epic Games/UE_project/BT_Game/Content/UI_CrosshairFreePack/Textures/T_CH007.ubulk" 1532
"D:/Epic Games/UE_project/BT_Game/Content/UI_CrosshairFreePack/Textures/T_CH007.uasset" 1533
"D:/Epic Games/UE_project/BT_Game/Content/UI_CrosshairFreePack/Textures/T_CH007.uexp" 1534
"D:/Epic Games/UE_project/BT_Game/Content/ThirdPerson/UI/Crosshair.uasset" 1535
"D:/Epic Games/UE_project/BT_Game/Content/ThirdPerson/UI/Crosshair.uexp" 1536
"D:/Epic Games/UE_project/BT_Game/Content/ThirdPerson/UI/BP_LoseGame.uasset" 1537
"D:/Epic Games/UE_project/BT_Game/Content/ThirdPerson/UI/BP_LoseGame.uexp" 1538
"D:/Epic Games/UE_project/BT_Game/Content/ThirdPerson/SFX/freesound_community-single-gunshot-43-79835.ubulk" 1539
"D:/Epic Games/UE_project/BT_Game/Content/ThirdPerson/SFX/freesound_community-single-gunshot-43-79835.uasset" 1540
"D:/Epic Games/UE_project/BT_Game/Content/ThirdPerson/SFX/freesound_community-single-gunshot-43-79835.uexp" 1541
"D:/Epic Games/UE_project/BT_Game/Content/ThirdPerson/Pistol/textures/internal_ground_ao_texture.ubulk" 1542
"D:/Epic Games/UE_project/BT_Game/Content/ThirdPerson/Pistol/textures/internal_ground_ao_texture.uasset" 1543
"D:/Epic Games/UE_project/BT_Game/Content/ThirdPerson/Pistol/textures/internal_ground_ao_texture.uexp" 1544
"D:/Epic Games/UE_project/BT_Game/Content/ThirdPerson/Pistol/textures/G17_lambert10_Roughness.ubulk" 1545
"D:/Epic Games/UE_project/BT_Game/Content/ThirdPerson/Pistol/textures/G17_lambert10_Roughness.uasset" 1546
"D:/Epic Games/UE_project/BT_Game/Content/ThirdPerson/Pistol/textures/G17_lambert10_Roughness.uexp" 1547
"D:/Epic Games/UE_project/BT_Game/Content/ThirdPerson/Pistol/textures/G17_lambert10_Normal.ubulk" 1548
"D:/Epic Games/UE_project/BT_Game/Content/ThirdPerson/Pistol/textures/G17_lambert10_Normal.uasset" 1549
"D:/Epic Games/UE_project/BT_Game/Content/ThirdPerson/Pistol/textures/G17_lambert10_Normal.uexp" 1550
"D:/Epic Games/UE_project/BT_Game/Content/ThirdPerson/Pistol/textures/G17_lambert10_Metalness.ubulk" 1551
"D:/Epic Games/UE_project/BT_Game/Content/ThirdPerson/Pistol/textures/G17_lambert10_Metalness.uasset" 1552
"D:/Epic Games/UE_project/BT_Game/Content/ThirdPerson/Pistol/textures/G17_lambert10_Metalness.uexp" 1553
"D:/Epic Games/UE_project/BT_Game/Content/ThirdPerson/Pistol/textures/G17_lambert10_Emissive.ubulk" 1554
"D:/Epic Games/UE_project/BT_Game/Content/ThirdPerson/Pistol/textures/G17_lambert10_Emissive.uasset" 1555
"D:/Epic Games/UE_project/BT_Game/Content/ThirdPerson/Pistol/textures/G17_lambert10_Emissive.uexp" 1556
"D:/Epic Games/UE_project/BT_Game/Content/ThirdPerson/Pistol/textures/G17_lambert10_BaseColor.ubulk" 1557
"D:/Epic Games/UE_project/BT_Game/Content/ThirdPerson/Pistol/textures/G17_lambert10_BaseColor.uasset" 1558
"D:/Epic Games/UE_project/BT_Game/Content/ThirdPerson/Pistol/textures/G17_lambert10_BaseColor.uexp" 1559
"D:/Epic Games/UE_project/BT_Game/Content/ThirdPerson/Pistol/source/aiStandardSurface1.uasset" 1560
"D:/Epic Games/UE_project/BT_Game/Content/ThirdPerson/Pistol/source/aiStandardSurface1.uexp" 1561
"D:/Epic Games/UE_project/BT_Game/Content/ThirdPerson/Pistol/source/SemiAuto_Pistol_G-17.ubulk" 1562
"D:/Epic Games/UE_project/BT_Game/Content/ThirdPerson/Pistol/source/SemiAuto_Pistol_G-17.uasset" 1563
"D:/Epic Games/UE_project/BT_Game/Content/ThirdPerson/Pistol/source/SemiAuto_Pistol_G-17.uexp" 1564
"D:/Epic Games/UE_project/BT_Game/Content/ThirdPerson/Knife/textures/Knife_Roughness.ubulk" 1565
"D:/Epic Games/UE_project/BT_Game/Content/ThirdPerson/Knife/textures/Knife_Roughness.uasset" 1566
"D:/Epic Games/UE_project/BT_Game/Content/ThirdPerson/Knife/textures/Knife_Roughness.uexp" 1567
"D:/Epic Games/UE_project/BT_Game/Content/ThirdPerson/Knife/textures/Knife_Normal.ubulk" 1568
"D:/Epic Games/UE_project/BT_Game/Content/ThirdPerson/Knife/textures/Knife_Normal.uasset" 1569
"D:/Epic Games/UE_project/BT_Game/Content/ThirdPerson/Knife/textures/Knife_Normal.uexp" 1570
"D:/Epic Games/UE_project/BT_Game/Content/ThirdPerson/Knife/textures/Knife_Metallic.ubulk" 1571
"D:/Epic Games/UE_project/BT_Game/Content/ThirdPerson/Knife/textures/Knife_Metallic.uasset" 1572
"D:/Epic Games/UE_project/BT_Game/Content/ThirdPerson/Knife/textures/Knife_Metallic.uexp" 1573
"D:/Epic Games/UE_project/BT_Game/Content/ThirdPerson/Knife/textures/Knife_BaseColor.ubulk" 1574
"D:/Epic Games/UE_project/BT_Game/Content/ThirdPerson/Knife/textures/Knife_BaseColor.uasset" 1575
"D:/Epic Games/UE_project/BT_Game/Content/ThirdPerson/Knife/textures/Knife_BaseColor.uexp" 1576
"D:/Epic Games/UE_project/BT_Game/Content/ThirdPerson/Knife/textures/Knife_AO.ubulk" 1577
"D:/Epic Games/UE_project/BT_Game/Content/ThirdPerson/Knife/textures/Knife_AO.uasset" 1578
"D:/Epic Games/UE_project/BT_Game/Content/ThirdPerson/Knife/textures/Knife_AO.uexp" 1579
"D:/Epic Games/UE_project/BT_Game/Content/ThirdPerson/Knife/source/Knife.uasset" 1580
"D:/Epic Games/UE_project/BT_Game/Content/ThirdPerson/Knife/source/Knife.uexp" 1581
"D:/Epic Games/UE_project/BT_Game/Content/ThirdPerson/Knife/source/Knife1.ubulk" 1582
"D:/Epic Games/UE_project/BT_Game/Content/ThirdPerson/Knife/source/Knife1.uasset" 1583
"D:/Epic Games/UE_project/BT_Game/Content/ThirdPerson/Knife/source/Knife1.uexp" 1584
"D:/Epic Games/UE_project/BT_Game/Content/ThirdPerson/Blueprints/PistolCameraShake.uasset" 1585
"D:/Epic Games/UE_project/BT_Game/Content/ThirdPerson/Blueprints/PistolCameraShake.uexp" 1586
"D:/Epic Games/UE_project/BT_Game/Content/ThirdPerson/Blueprints/Hand_Gun.uasset" 1587
"D:/Epic Games/UE_project/BT_Game/Content/ThirdPerson/Blueprints/Hand_Gun.uexp" 1588
"D:/Epic Games/UE_project/BT_Game/Content/ThirdPerson/Blueprints/E_WeaponType.uasset" 1589
"D:/Epic Games/UE_project/BT_Game/Content/ThirdPerson/Blueprints/E_WeaponType.uexp" 1590
"D:/Epic Games/UE_project/BT_Game/Content/LevelPrototyping/Materials/M_FlatCol.uasset" 1591
"D:/Epic Games/UE_project/BT_Game/Content/LevelPrototyping/Materials/M_FlatCol.uexp" 1592
"D:/Epic Games/UE_project/BT_Game/Content/LevelPrototyping/Materials/MI_DefaultColorway.uasset" 1593
"D:/Epic Games/UE_project/BT_Game/Content/LevelPrototyping/Materials/MI_DefaultColorway.uexp" 1594
"D:/Epic Games/UE_project/BT_Game/Content/ThirdPerson/SFX/ribhavagrawal-hit-by-a-wood-230542.ubulk" 1595
"D:/Epic Games/UE_project/BT_Game/Content/ThirdPerson/SFX/ribhavagrawal-hit-by-a-wood-230542.uasset" 1596
"D:/Epic Games/UE_project/BT_Game/Content/ThirdPerson/SFX/ribhavagrawal-hit-by-a-wood-230542.uexp" 1597
"D:/Epic Games/UE_project/BT_Game/Content/ThirdPerson/Blueprints/BP_Throwable.uasset" 1598
"D:/Epic Games/UE_project/BT_Game/Content/ThirdPerson/Blueprints/BP_Throwable.uexp" 1599
"D:/Epic Games/UE_project/BT_Game/Content/ThirdPerson/Animations/Throw__2__Anim.uasset" 1600
"D:/Epic Games/UE_project/BT_Game/Content/ThirdPerson/Animations/Throw__2__Anim.uexp" 1601
"D:/Epic Games/UE_project/BT_Game/Content/ThirdPerson/Animations/Throw__2__Anim_Montage.uasset" 1602
"D:/Epic Games/UE_project/BT_Game/Content/ThirdPerson/Animations/Throw__2__Anim_Montage.uexp" 1603
"D:/Epic Games/UE_project/BT_Game/Content/ThirdPerson/Animations/Static_Aiming.uasset" 1604
"D:/Epic Games/UE_project/BT_Game/Content/ThirdPerson/Animations/Static_Aiming.uexp" 1605
"D:/Epic Games/UE_project/BT_Game/Content/ThirdPerson/Animations/Throwable_Aiming_montage.uasset" 1606
"D:/Epic Games/UE_project/BT_Game/Content/ThirdPerson/Animations/Throwable_Aiming_montage.uexp" 1607
"D:/Epic Games/UE_project/BT_Game/Content/ThirdPerson/Animations/Stabbing_Anim1.uasset" 1608
"D:/Epic Games/UE_project/BT_Game/Content/ThirdPerson/Animations/Stabbing_Anim1.uexp" 1609
"D:/Epic Games/UE_project/BT_Game/Content/ThirdPerson/Animations/Stabbing_Anim_Montage.uasset" 1610
"D:/Epic Games/UE_project/BT_Game/Content/ThirdPerson/Animations/Stabbing_Anim_Montage.uexp" 1611
"../../../Engine/Content/Animation/DefaultAnimCurveCompressionSettings.uasset" 1612
"../../../Engine/Content/Animation/DefaultAnimCurveCompressionSettings.uexp" 1613
"../../../Engine/Content/Animation/DefaultAnimBoneCompressionSettings.uasset" 1614
"../../../Engine/Content/Animation/DefaultAnimBoneCompressionSettings.uexp" 1615
"D:/Epic Games/UE_project/BT_Game/Content/ThirdPerson/Animations/MM_Pistol_DryFire.uasset" 1616
"D:/Epic Games/UE_project/BT_Game/Content/ThirdPerson/Animations/MM_Pistol_DryFire.uexp" 1617
"D:/Epic Games/UE_project/BT_Game/Content/ThirdPerson/Animations/MM_Pistol_DryFire_Montage.uasset" 1618
"D:/Epic Games/UE_project/BT_Game/Content/ThirdPerson/Animations/MM_Pistol_DryFire_Montage.uexp" 1619
"D:/Epic Games/UE_project/BT_Game/Content/ThirdPerson/Animations/Falling_Back_Death_Anim1.uasset" 1620
"D:/Epic Games/UE_project/BT_Game/Content/ThirdPerson/Animations/Falling_Back_Death_Anim1.uexp" 1621
"D:/Epic Games/UE_project/BT_Game/Content/Input/Touch/BPI_TouchInterface.uasset" 1622
"D:/Epic Games/UE_project/BT_Game/Content/Input/Touch/BPI_TouchInterface.uexp" 1623
"D:/Epic Games/UE_project/BT_Game/Content/UI_CrosshairFreePack/Textures/T_AH002.ubulk" 1624
"D:/Epic Games/UE_project/BT_Game/Content/UI_CrosshairFreePack/Textures/T_AH002.uasset" 1625
"D:/Epic Games/UE_project/BT_Game/Content/UI_CrosshairFreePack/Textures/T_AH002.uexp" 1626
"D:/Epic Games/UE_project/BT_Game/Content/UI_CrosshairFreePack/Textures/T_AH002_Sprite.uasset" 1627
"D:/Epic Games/UE_project/BT_Game/Content/UI_CrosshairFreePack/Textures/T_AH002_Sprite.uexp" 1628
"D:/Epic Games/UE_project/BT_Game/Content/ThirdPerson/AI/BP_Waypoint.uasset" 1629
"D:/Epic Games/UE_project/BT_Game/Content/ThirdPerson/AI/BP_Waypoint.uexp" 1630
"D:/Epic Games/UE_project/BT_Game/Content/Limping/Injured_Idle_Anim1.uasset" 1631
"D:/Epic Games/UE_project/BT_Game/Content/Limping/Injured_Idle_Anim1.uexp" 1632
"D:/Epic Games/UE_project/BT_Game/Content/ThirdPerson/Animations/Pistol_Idle_DryFirePose.uasset" 1633
"D:/Epic Games/UE_project/BT_Game/Content/ThirdPerson/Animations/Pistol_Idle_DryFirePose.uexp" 1634
"D:/Epic Games/UE_project/BT_Game/Content/ThirdPerson/Animations/Dying_Anim1.uasset" 1635
"D:/Epic Games/UE_project/BT_Game/Content/ThirdPerson/Animations/Dying_Anim1.uexp" 1636
"D:/Epic Games/UE_project/BT_Game/Content/ThirdPerson/Animations/Crouch_Torch_Idle_01_Anim.uasset" 1637
"D:/Epic Games/UE_project/BT_Game/Content/ThirdPerson/Animations/Crouch_Torch_Idle_01_Anim.uexp" 1638
"../../../Engine/Plugins/Animation/ControlRig/Content/Controls/DefaultGizmoLibraryNormalized.uasset" 1639
"../../../Engine/Plugins/Animation/ControlRig/Content/Controls/DefaultGizmoLibraryNormalized.uexp" 1640
"D:/Epic Games/UE_project/BT_Game/Content/Characters/Mannequins/Rigs/CR_Mannequin_FootIK.uasset" 1641
"D:/Epic Games/UE_project/BT_Game/Content/Characters/Mannequins/Rigs/CR_Mannequin_FootIK.uexp" 1642
"D:/Epic Games/UE_project/BT_Game/Content/Characters/Mannequins/Anims/Unarmed/MM_Idle.uasset" 1643
"D:/Epic Games/UE_project/BT_Game/Content/Characters/Mannequins/Anims/Unarmed/MM_Idle.uexp" 1644
"D:/Epic Games/UE_project/BT_Game/Content/Characters/Mannequins/Anims/Unarmed/Jog/MF_Unarmed_Jog_Fwd.uasset" 1645
"D:/Epic Games/UE_project/BT_Game/Content/Characters/Mannequins/Anims/Unarmed/Jog/MF_Unarmed_Jog_Fwd.uexp" 1646
"D:/Epic Games/UE_project/BT_Game/Content/Characters/Mannequins/Anims/Unarmed/Jog/MF_Unarmed_Jog_Bwd.uasset" 1647
"D:/Epic Games/UE_project/BT_Game/Content/Characters/Mannequins/Anims/Unarmed/Jog/MF_Unarmed_Jog_Bwd.uexp" 1648
"../../../Engine/Content/Animation/DefaultRecorderBoneCompression.uasset" 1649
"../../../Engine/Content/Animation/DefaultRecorderBoneCompression.uexp" 1650
"D:/Epic Games/UE_project/BT_Game/Content/Characters/Mannequins/Anims/Unarmed/Jog/MF_Unarmed_Jog_Bwd_Left.uasset" 1651
"D:/Epic Games/UE_project/BT_Game/Content/Characters/Mannequins/Anims/Unarmed/Jog/MF_Unarmed_Jog_Bwd_Left.uexp" 1652
"D:/Epic Games/UE_project/BT_Game/Content/Characters/Mannequins/Anims/Unarmed/Jog/MF_Unarmed_Jog_Bwd_Right.uasset" 1653
"D:/Epic Games/UE_project/BT_Game/Content/Characters/Mannequins/Anims/Unarmed/Jog/MF_Unarmed_Jog_Bwd_Right.uexp" 1654
"D:/Epic Games/UE_project/BT_Game/Content/Characters/Mannequins/Anims/Unarmed/Jog/MF_Unarmed_Jog_Fwd_Left.uasset" 1655
"D:/Epic Games/UE_project/BT_Game/Content/Characters/Mannequins/Anims/Unarmed/Jog/MF_Unarmed_Jog_Fwd_Left.uexp" 1656
"D:/Epic Games/UE_project/BT_Game/Content/Characters/Mannequins/Anims/Unarmed/Jog/MF_Unarmed_Jog_Fwd_Right.uasset" 1657
"D:/Epic Games/UE_project/BT_Game/Content/Characters/Mannequins/Anims/Unarmed/Jog/MF_Unarmed_Jog_Fwd_Right.uexp" 1658
"D:/Epic Games/UE_project/BT_Game/Content/Characters/Mannequins/Anims/Unarmed/Jog/MF_Unarmed_Jog_Left.uasset" 1659
"D:/Epic Games/UE_project/BT_Game/Content/Characters/Mannequins/Anims/Unarmed/Jog/MF_Unarmed_Jog_Left.uexp" 1660
"D:/Epic Games/UE_project/BT_Game/Content/Characters/Mannequins/Anims/Unarmed/Jog/MF_Unarmed_Jog_Right.uasset" 1661
"D:/Epic Games/UE_project/BT_Game/Content/Characters/Mannequins/Anims/Unarmed/Jog/MF_Unarmed_Jog_Right.uexp" 1662
"D:/Epic Games/UE_project/BT_Game/Content/Characters/Mannequins/Anims/Unarmed/Walk/MF_Unarmed_Walk_Bwd.uasset" 1663
"D:/Epic Games/UE_project/BT_Game/Content/Characters/Mannequins/Anims/Unarmed/Walk/MF_Unarmed_Walk_Bwd.uexp" 1664
"D:/Epic Games/UE_project/BT_Game/Content/Characters/Mannequins/Anims/Unarmed/Walk/MF_Unarmed_Walk_Bwd_Left.uasset" 1665
"D:/Epic Games/UE_project/BT_Game/Content/Characters/Mannequins/Anims/Unarmed/Walk/MF_Unarmed_Walk_Bwd_Left.uexp" 1666
"D:/Epic Games/UE_project/BT_Game/Content/Characters/Mannequins/Anims/Unarmed/Walk/MF_Unarmed_Walk_Bwd_Right.uasset" 1667
"D:/Epic Games/UE_project/BT_Game/Content/Characters/Mannequins/Anims/Unarmed/Walk/MF_Unarmed_Walk_Bwd_Right.uexp" 1668
"D:/Epic Games/UE_project/BT_Game/Content/Characters/Mannequins/Anims/Unarmed/Walk/MF_Unarmed_Walk_Fwd.uasset" 1669
"D:/Epic Games/UE_project/BT_Game/Content/Characters/Mannequins/Anims/Unarmed/Walk/MF_Unarmed_Walk_Fwd.uexp" 1670
"D:/Epic Games/UE_project/BT_Game/Content/Characters/Mannequins/Anims/Unarmed/Walk/MF_Unarmed_Walk_Fwd_Left.uasset" 1671
"D:/Epic Games/UE_project/BT_Game/Content/Characters/Mannequins/Anims/Unarmed/Walk/MF_Unarmed_Walk_Fwd_Left.uexp" 1672
"D:/Epic Games/UE_project/BT_Game/Content/Characters/Mannequins/Anims/Unarmed/Walk/MF_Unarmed_Walk_Fwd_Right.uasset" 1673
"D:/Epic Games/UE_project/BT_Game/Content/Characters/Mannequins/Anims/Unarmed/Walk/MF_Unarmed_Walk_Fwd_Right.uexp" 1674
"D:/Epic Games/UE_project/BT_Game/Content/Characters/Mannequins/Anims/Unarmed/Walk/MF_Unarmed_Walk_Left.uasset" 1675
"D:/Epic Games/UE_project/BT_Game/Content/Characters/Mannequins/Anims/Unarmed/Walk/MF_Unarmed_Walk_Left.uexp" 1676
"D:/Epic Games/UE_project/BT_Game/Content/Characters/Mannequins/Anims/Unarmed/Walk/MF_Unarmed_Walk_Right.uasset" 1677
"D:/Epic Games/UE_project/BT_Game/Content/Characters/Mannequins/Anims/Unarmed/Walk/MF_Unarmed_Walk_Right.uexp" 1678
"D:/Epic Games/UE_project/BT_Game/Content/Characters/Mannequins/Anims/Unarmed/BS_Idle_Walk_Run.uasset" 1679
"D:/Epic Games/UE_project/BT_Game/Content/Characters/Mannequins/Anims/Unarmed/BS_Idle_Walk_Run.uexp" 1680
"D:/Epic Games/UE_project/BT_Game/Content/Characters/Mannequins/Anims/Unarmed/Jump/MM_Land.uasset" 1681
"D:/Epic Games/UE_project/BT_Game/Content/Characters/Mannequins/Anims/Unarmed/Jump/MM_Land.uexp" 1682
"D:/Epic Games/UE_project/BT_Game/Content/Characters/Mannequins/Anims/Unarmed/Jump/MM_Jump.uasset" 1683
"D:/Epic Games/UE_project/BT_Game/Content/Characters/Mannequins/Anims/Unarmed/Jump/MM_Jump.uexp" 1684
"D:/Epic Games/UE_project/BT_Game/Content/Characters/Mannequins/Anims/Unarmed/Jump/MM_Fall_Loop.uasset" 1685
"D:/Epic Games/UE_project/BT_Game/Content/Characters/Mannequins/Anims/Unarmed/Jump/MM_Fall_Loop.uexp" 1686
"D:/Epic Games/UE_project/BT_Game/Content/Limping/Injured_Walk_Backwards__1__Anim1.uasset" 1687
"D:/Epic Games/UE_project/BT_Game/Content/Limping/Injured_Walk_Backwards__1__Anim1.uexp" 1688
"D:/Epic Games/UE_project/BT_Game/Content/Limping/Injured_Walk_Anim1.uasset" 1689
"D:/Epic Games/UE_project/BT_Game/Content/Limping/Injured_Walk_Anim1.uexp" 1690
"D:/Epic Games/UE_project/BT_Game/Content/Limping/Injured_Run_Backwards_Anim1.uasset" 1691
"D:/Epic Games/UE_project/BT_Game/Content/Limping/Injured_Run_Backwards_Anim1.uexp" 1692
"D:/Epic Games/UE_project/BT_Game/Content/Limping/Injured_Run_Anim1.uasset" 1693
"D:/Epic Games/UE_project/BT_Game/Content/Limping/Injured_Run_Anim1.uexp" 1694
"D:/Epic Games/UE_project/BT_Game/Content/Characters/Mannequins/Anims/Unarmed/BS_Limping_Idle_Walk.uasset" 1695
"D:/Epic Games/UE_project/BT_Game/Content/Characters/Mannequins/Anims/Unarmed/BS_Limping_Idle_Walk.uexp" 1696
"D:/Epic Games/UE_project/BT_Game/Content/Characters/Mannequins/Anims/Unarmed/test_e.uasset" 1697
"D:/Epic Games/UE_project/BT_Game/Content/Characters/Mannequins/Anims/Unarmed/test_e.uexp" 1698
"D:/Epic Games/UE_project/BT_Game/Content/ThirdPerson/AI/TARGETAI.uasset" 1699
"D:/Epic Games/UE_project/BT_Game/Content/ThirdPerson/AI/TARGETAI.uexp" 1700
"D:/Epic Games/UE_project/BT_Game/Content/ThirdPerson/AI/Exit.uasset" 1701
"D:/Epic Games/UE_project/BT_Game/Content/ThirdPerson/AI/Exit.uexp" 1702
"D:/Epic Games/UE_project/BT_Game/Content/Question.uasset" 1703
"D:/Epic Games/UE_project/BT_Game/Content/Question.uexp" 1704
"D:/Epic Games/UE_project/BT_Game/Content/Exclamation.uasset" 1705
"D:/Epic Games/UE_project/BT_Game/Content/Exclamation.uexp" 1706
"D:/Epic Games/UE_project/BT_Game/Content/ThirdPerson/AI/EnemyState.uasset" 1707
"D:/Epic Games/UE_project/BT_Game/Content/ThirdPerson/AI/EnemyState.uexp" 1708
"D:/Epic Games/UE_project/BT_Game/Content/ThirdPerson/UI/WB_Suspecious_State.uasset" 1709
"D:/Epic Games/UE_project/BT_Game/Content/ThirdPerson/UI/WB_Suspecious_State.uexp" 1710
"D:/Epic Games/UE_project/BT_Game/Content/ThirdPerson/SFX/pwlpl-gunshot-377279.ubulk" 1711
"D:/Epic Games/UE_project/BT_Game/Content/ThirdPerson/SFX/pwlpl-gunshot-377279.uasset" 1712
"D:/Epic Games/UE_project/BT_Game/Content/ThirdPerson/SFX/pwlpl-gunshot-377279.uexp" 1713
"D:/Epic Games/UE_project/BT_Game/Content/ThirdPerson/Animations/Looking_Around_Anim1.uasset" 1714
"D:/Epic Games/UE_project/BT_Game/Content/ThirdPerson/Animations/Looking_Around_Anim1.uexp" 1715
"D:/Epic Games/UE_project/BT_Game/Content/ThirdPerson/Animations/Looking_Around_Anim1_Montage.uasset" 1716
"D:/Epic Games/UE_project/BT_Game/Content/ThirdPerson/Animations/Looking_Around_Anim1_Montage.uexp" 1717
"D:/Epic Games/UE_project/BT_Game/Content/ThirdPerson/AI/EQS/Context_Player.uasset" 1718
"D:/Epic Games/UE_project/BT_Game/Content/ThirdPerson/AI/EQS/Context_Player.uexp" 1719
"D:/Epic Games/UE_project/BT_Game/Content/ThirdPerson/AI/EQS/EQS_FindCover.uasset" 1720
"D:/Epic Games/UE_project/BT_Game/Content/ThirdPerson/AI/EQS/EQS_FindCover.uexp" 1721
"D:/Epic Games/UE_project/BT_Game/Content/ThirdPerson/AI/ThreatLevelEnum.uasset" 1722
"D:/Epic Games/UE_project/BT_Game/Content/ThirdPerson/AI/ThreatLevelEnum.uexp" 1723
"D:/Epic Games/UE_project/BT_Game/Content/ThirdPerson/AI/BestCombatActionEnum.uasset" 1724
"D:/Epic Games/UE_project/BT_Game/Content/ThirdPerson/AI/BestCombatActionEnum.uexp" 1725
"D:/Epic Games/UE_project/BT_Game/Content/ThirdPerson/AI/BB_Enemy.uasset" 1726
"D:/Epic Games/UE_project/BT_Game/Content/ThirdPerson/AI/BB_Enemy.uexp" 1727
"D:/Epic Games/UE_project/BT_Game/Content/ThirdPerson/AI/BTT_PathPatrol.uasset" 1728
"D:/Epic Games/UE_project/BT_Game/Content/ThirdPerson/AI/BTT_PathPatrol.uexp" 1729
"D:/Epic Games/UE_project/BT_Game/Content/ThirdPerson/AI/BTT_FindRandomPatrol.uasset" 1730
"D:/Epic Games/UE_project/BT_Game/Content/ThirdPerson/AI/BTT_FindRandomPatrol.uexp" 1731
"D:/Epic Games/UE_project/BT_Game/Content/ThirdPerson/AI/BTT_FindExit.uasset" 1732
"D:/Epic Games/UE_project/BT_Game/Content/ThirdPerson/AI/BTT_FindExit.uexp" 1733
"D:/Epic Games/UE_project/BT_Game/Content/ThirdPerson/AI/BTT_ClearrBlackboardKey.uasset" 1734
"D:/Epic Games/UE_project/BT_Game/Content/ThirdPerson/AI/BTT_ClearrBlackboardKey.uexp" 1735
"D:/Epic Games/UE_project/BT_Game/Content/ThirdPerson/AI/BTTask_Cover.uasset" 1736
"D:/Epic Games/UE_project/BT_Game/Content/ThirdPerson/AI/BTTask_Cover.uexp" 1737
"D:/Epic Games/UE_project/BT_Game/Content/ThirdPerson/AI/EQS/EQS_FindAttack.uasset" 1738
"D:/Epic Games/UE_project/BT_Game/Content/ThirdPerson/AI/EQS/EQS_FindAttack.uexp" 1739
"D:/Epic Games/UE_project/BT_Game/Content/ThirdPerson/AI/BTT_Gather.uasset" 1740
"D:/Epic Games/UE_project/BT_Game/Content/ThirdPerson/AI/BTT_Gather.uexp" 1741
"D:/Epic Games/UE_project/BT_Game/Content/ThirdPerson/AI/BTT_ChasePlayer.uasset" 1742
"D:/Epic Games/UE_project/BT_Game/Content/ThirdPerson/AI/BTT_ChasePlayer.uexp" 1743
"D:/Epic Games/UE_project/BT_Game/Content/ThirdPerson/AI/BTT_AttackPlayer.uasset" 1744
"D:/Epic Games/UE_project/BT_Game/Content/ThirdPerson/AI/BTT_AttackPlayer.uexp" 1745
"D:/Epic Games/UE_project/BT_Game/Content/ThirdPerson/Utility_Curve/CF_Attack_Distance.uasset" 1746
"D:/Epic Games/UE_project/BT_Game/Content/ThirdPerson/Utility_Curve/CF_Attack_Distance.uexp" 1747
"D:/Epic Games/UE_project/BT_Game/Content/ThirdPerson/AI/BTService_SetConsiderations.uasset" 1748
"D:/Epic Games/UE_project/BT_Game/Content/ThirdPerson/AI/BTService_SetConsiderations.uexp" 1749
"D:/Epic Games/UE_project/BT_Game/Content/ThirdPerson/AI/EQS/EQS_Retreat.uasset" 1750
"D:/Epic Games/UE_project/BT_Game/Content/ThirdPerson/AI/EQS/EQS_Retreat.uexp" 1751
"D:/Epic Games/UE_project/BT_Game/Content/ThirdPerson/AI/BTT_SetFocus.uasset" 1752
"D:/Epic Games/UE_project/BT_Game/Content/ThirdPerson/AI/BTT_SetFocus.uexp" 1753
"D:/Epic Games/UE_project/BT_Game/Content/ThirdPerson/SFX/universfield-atmospheric-cinematic-soundscape-152493.ubulk" 1754
"D:/Epic Games/UE_project/BT_Game/Content/ThirdPerson/SFX/universfield-atmospheric-cinematic-soundscape-152493.uasset" 1755
"D:/Epic Games/UE_project/BT_Game/Content/ThirdPerson/SFX/universfield-atmospheric-cinematic-soundscape-152493.uexp" 1756
"D:/Epic Games/UE_project/BT_Game/Content/ThirdPerson/SFX/Intense_Ambient.ubulk" 1757
"D:/Epic Games/UE_project/BT_Game/Content/ThirdPerson/SFX/Intense_Ambient.uasset" 1758
"D:/Epic Games/UE_project/BT_Game/Content/ThirdPerson/SFX/Intense_Ambient.uexp" 1759
"D:/Epic Games/UE_project/BT_Game/Content/ThirdPerson/Blueprints/BP_MusicManager.uasset" 1760
"D:/Epic Games/UE_project/BT_Game/Content/ThirdPerson/Blueprints/BP_MusicManager.uexp" 1761
"D:/Epic Games/UE_project/BT_Game/Content/ThirdPerson/AI/BTS_DecideState.uasset" 1762
"D:/Epic Games/UE_project/BT_Game/Content/ThirdPerson/AI/BTS_DecideState.uexp" 1763
"D:/Epic Games/UE_project/BT_Game/Content/ThirdPerson/AI/BTT_ClearFocusTarget.uasset" 1764
"D:/Epic Games/UE_project/BT_Game/Content/ThirdPerson/AI/BTT_ClearFocusTarget.uexp" 1765
"D:/Epic Games/UE_project/BT_Game/Content/ThirdPerson/AI/BTT_LookingAround.uasset" 1766
"D:/Epic Games/UE_project/BT_Game/Content/ThirdPerson/AI/BTT_LookingAround.uexp" 1767
"D:/Epic Games/UE_project/BT_Game/Content/ThirdPerson/AI/BT_Enemy.uasset" 1768
"D:/Epic Games/UE_project/BT_Game/Content/ThirdPerson/AI/BT_Enemy.uexp" 1769
"D:/Epic Games/UE_project/BT_Game/Content/ThirdPerson/AI/Enemy_Controller.uasset" 1770
"D:/Epic Games/UE_project/BT_Game/Content/ThirdPerson/AI/Enemy_Controller.uexp" 1771
"D:/Epic Games/UE_project/BT_Game/Content/ThirdPerson/AI/Enemy_Character.uasset" 1772
"D:/Epic Games/UE_project/BT_Game/Content/ThirdPerson/AI/Enemy_Character.uexp" 1773
"D:/Epic Games/UE_project/BT_Game/Content/LevelPrototyping/Meshes/SM_ChamferCube.ubulk" 1774
"D:/Epic Games/UE_project/BT_Game/Content/LevelPrototyping/Meshes/SM_ChamferCube.uasset" 1775
"D:/Epic Games/UE_project/BT_Game/Content/LevelPrototyping/Meshes/SM_ChamferCube.uexp" 1776
"D:/Epic Games/UE_project/BT_Game/Content/ThirdPerson/Blueprints/BP_Bullet.uasset" 1777
"D:/Epic Games/UE_project/BT_Game/Content/ThirdPerson/Blueprints/BP_Bullet.uexp" 1778
"D:/Epic Games/UE_project/BT_Game/Content/ThirdPerson/Animations/Holding_Idle_Anim1.uasset" 1779
"D:/Epic Games/UE_project/BT_Game/Content/ThirdPerson/Animations/Holding_Idle_Anim1.uexp" 1780
"D:/Epic Games/UE_project/BT_Game/Content/ThirdPerson/Animations/CrouchWalk.uasset" 1781
"D:/Epic Games/UE_project/BT_Game/Content/ThirdPerson/Animations/CrouchWalk.uexp" 1782
"D:/Epic Games/UE_project/BT_Game/Content/ThirdPerson/Animations/Crouch.uasset" 1783
"D:/Epic Games/UE_project/BT_Game/Content/ThirdPerson/Animations/Crouch.uexp" 1784
"D:/Epic Games/UE_project/BT_Game/Content/Characters/Mannequins/Anims/Unarmed/ABP_Unarmed.uasset" 1785
"D:/Epic Games/UE_project/BT_Game/Content/Characters/Mannequins/Anims/Unarmed/ABP_Unarmed.uexp" 1786
"D:/Epic Games/UE_project/BT_Game/Content/Characters/Mannequins/Anims/Rifle/MF_Rifle_Idle_ADS.uasset" 1787
"D:/Epic Games/UE_project/BT_Game/Content/Characters/Mannequins/Anims/Rifle/MF_Rifle_Idle_ADS.uexp" 1788
"D:/Epic Games/UE_project/BT_Game/Content/Characters/Mannequins/Anims/Rifle/AIM/MM_Rifle_Idle_ADS_AO_CC.uasset" 1789
"D:/Epic Games/UE_project/BT_Game/Content/Characters/Mannequins/Anims/Rifle/AIM/MM_Rifle_Idle_ADS_AO_CC.uexp" 1790
"D:/Epic Games/UE_project/BT_Game/Content/ThirdPerson/Blueprints/BP_ThirdPersonCharacter.uasset" 1791
"D:/Epic Games/UE_project/BT_Game/Content/ThirdPerson/Blueprints/BP_ThirdPersonCharacter.uexp" 1792
"D:/Epic Games/UE_project/BT_Game/Content/ThirdPerson/Saving/WB_SaveGame.uasset" 1793
"D:/Epic Games/UE_project/BT_Game/Content/ThirdPerson/Saving/WB_SaveGame.uexp" 1794
"D:/Epic Games/UE_project/BT_Game/Content/ThirdPerson/Saving/WB_GameInstance.uasset" 1795
"D:/Epic Games/UE_project/BT_Game/Content/ThirdPerson/Saving/WB_GameInstance.uexp" 1796
"D:/Epic Games/UE_project/BT_Game/Content/ThirdPerson/UI/WB_MainMenu.uasset" 1797
"D:/Epic Games/UE_project/BT_Game/Content/ThirdPerson/UI/WB_MainMenu.uexp" 1798
"D:/Epic Games/UE_project/BT_Game/Content/ThirdPerson/SFX/universfield-melancholic-ambient-background-02-351771.ubulk" 1799
"D:/Epic Games/UE_project/BT_Game/Content/ThirdPerson/SFX/universfield-melancholic-ambient-background-02-351771.uasset" 1800
"D:/Epic Games/UE_project/BT_Game/Content/ThirdPerson/SFX/universfield-melancholic-ambient-background-02-351771.uexp" 1801
"D:/Epic Games/UE_project/BT_Game/Content/ThirdPerson/Blueprints/Menu_MusicManager.uasset" 1802
"D:/Epic Games/UE_project/BT_Game/Content/ThirdPerson/Blueprints/Menu_MusicManager.uexp" 1803
"D:/Epic Games/UE_project/BT_Game/Content/ThirdPerson/MenuLevel.uexp" 1804
"D:/Epic Games/UE_project/BT_Game/Content/ThirdPerson/MenuLevel.umap" 1805
"D:/Epic Games/UE_project/BT_Game/Content/Input/IMC_MouseLook.uasset" 1806
"D:/Epic Games/UE_project/BT_Game/Content/Input/IMC_MouseLook.uexp" 1807
"D:/Epic Games/UE_project/BT_Game/Content/Input/IMC_Default.uasset" 1808
"D:/Epic Games/UE_project/BT_Game/Content/Input/IMC_Default.uexp" 1809
"../../../Engine/Content/MobileResources/HUD/VirtualJoystick_Thumb.uasset" 1810
"../../../Engine/Content/MobileResources/HUD/VirtualJoystick_Thumb.uexp" 1811
"../../../Engine/Content/MobileResources/HUD/VirtualJoystick_Background.uasset" 1812
"../../../Engine/Content/MobileResources/HUD/VirtualJoystick_Background.uexp" 1813
"D:/Epic Games/UE_project/BT_Game/Content/Input/Touch/UI_Thumbstick.uasset" 1814
"D:/Epic Games/UE_project/BT_Game/Content/Input/Touch/UI_Thumbstick.uexp" 1815
"D:/Epic Games/UE_project/BT_Game/Content/Input/Touch/UI_TouchSimple.uasset" 1816
"D:/Epic Games/UE_project/BT_Game/Content/Input/Touch/UI_TouchSimple.uexp" 1817
"D:/Epic Games/UE_project/BT_Game/Content/ThirdPerson/Blueprints/BP_ThirdPersonPlayerController.uasset" 1818
"D:/Epic Games/UE_project/BT_Game/Content/ThirdPerson/Blueprints/BP_ThirdPersonPlayerController.uexp" 1819
"D:/Epic Games/UE_project/BT_Game/Content/ThirdPerson/Blueprints/BP_ThirdPersonGameMode.uasset" 1820
"D:/Epic Games/UE_project/BT_Game/Content/ThirdPerson/Blueprints/BP_ThirdPersonGameMode.uexp" 1821
"D:/Epic Games/UE_project/BT_Game/Content/ThirdPerson/Utility_Curve/CF_TotalScore.uasset" 1822
"D:/Epic Games/UE_project/BT_Game/Content/ThirdPerson/Utility_Curve/CF_TotalScore.uexp" 1823
"D:/Epic Games/UE_project/BT_Game/Content/ThirdPerson/UI/BP_EndGame.uasset" 1824
"D:/Epic Games/UE_project/BT_Game/Content/ThirdPerson/UI/BP_EndGame.uexp" 1825
"D:/Epic Games/UE_project/BT_Game/Content/ThirdPerson/UI/WB_ExitTimer.uasset" 1826
"D:/Epic Games/UE_project/BT_Game/Content/ThirdPerson/UI/WB_ExitTimer.uexp" 1827
"D:/Epic Games/UE_project/BT_Game/Content/ThirdPerson/Lvl_ThirdPerson.uexp" 1828
"D:/Epic Games/UE_project/BT_Game/Content/ThirdPerson/Lvl_ThirdPerson.umap" 1829
"../../../Engine/Content/Maps/Entry_BuiltData.uasset" 1830
"../../../Engine/Content/Maps/Entry_BuiltData.uexp" 1831
"../../../Engine/Content/Maps/Entry.uexp" 1832
"../../../Engine/Content/Maps/Entry.umap" 1833
