"../../../Engine/Plugins/2D/Paper2D/Content/PlaceholderTextures/DummySpriteTexture.ubulk" 0
"../../../Engine/Plugins/2D/Paper2D/Content/PlaceholderTextures/DummySpriteTexture.uasset" 1
"../../../Engine/Plugins/2D/Paper2D/Content/PlaceholderTextures/DummySpriteTexture.uexp" 2
"../../../Engine/Plugins/2D/Paper2D/Content/DummySprite.uasset" 3
"../../../Engine/Plugins/2D/Paper2D/Content/DummySprite.uexp" 4
"../../../Engine/Plugins/2D/Paper2D/Content/DefaultPaperTerrainMaterial.uasset" 5
"../../../Engine/Plugins/2D/Paper2D/Content/DefaultPaperTerrainMaterial.uexp" 6
"../../../Engine/Content/EngineMaterials/DefaultPhysicalMaterial.uasset" 7
"../../../Engine/Content/EngineMaterials/DefaultPhysicalMaterial.uexp" 8
"../../../Engine/Content/EngineMaterials/DefaultDestructiblePhysicalMaterial.uasset" 9
"../../../Engine/Content/EngineMaterials/DefaultDestructiblePhysicalMaterial.uexp" 10
"../../../Engine/Content/EngineFonts/Faces/DroidSansFallback.uexp" 11
"../../../Engine/Content/EngineFonts/Faces/DroidSansFallback.uasset" 12
"../../../Engine/Content/EngineFonts/Faces/DroidSansFallback.ufont" 13
"../../../Engine/Content/EngineFonts/Faces/RobotoRegular.uexp" 14
"../../../Engine/Content/EngineFonts/Faces/RobotoRegular.uasset" 15
"../../../Engine/Content/EngineFonts/Faces/RobotoRegular.ufont" 16
"../../../Engine/Content/EngineFonts/Faces/RobotoLight.uexp" 17
"../../../Engine/Content/EngineFonts/Faces/RobotoLight.uasset" 18
"../../../Engine/Content/EngineFonts/Faces/RobotoLight.ufont" 19
"../../../Engine/Content/EngineFonts/Faces/RobotoItalic.uexp" 20
"../../../Engine/Content/EngineFonts/Faces/RobotoItalic.uasset" 21
"../../../Engine/Content/EngineFonts/Faces/RobotoItalic.ufont" 22
"../../../Engine/Content/EngineFonts/Faces/RobotoBoldItalic.uexp" 23
"../../../Engine/Content/EngineFonts/Faces/RobotoBoldItalic.uasset" 24
"../../../Engine/Content/EngineFonts/Faces/RobotoBoldItalic.ufont" 25
"../../../Engine/Content/EngineFonts/Faces/RobotoBold.uexp" 26
"../../../Engine/Content/EngineFonts/Faces/RobotoBold.uasset" 27
"../../../Engine/Content/EngineFonts/Faces/RobotoBold.ufont" 28
"../../../Engine/Content/EngineFonts/Roboto.uasset" 29
"../../../Engine/Content/EngineFonts/Roboto.uexp" 30
"../../../Engine/Content/EngineFonts/Faces/DroidSansMono.uexp" 31
"../../../Engine/Content/EngineFonts/Faces/DroidSansMono.uasset" 32
"../../../Engine/Content/EngineFonts/Faces/DroidSansMono.ufont" 33
"../../../Engine/Content/EngineFonts/DroidSansMono.uasset" 34
"../../../Engine/Content/EngineFonts/DroidSansMono.uexp" 35
"../../../Engine/Plugins/Interchange/Runtime/Content/Pipelines/DefaultTexturePipeline.uasset" 36
"../../../Engine/Plugins/Interchange/Runtime/Content/Pipelines/DefaultTexturePipeline.uexp" 37
"../../../Engine/Plugins/Interchange/Runtime/Content/Pipelines/DefaultSceneLevelPipeline.uasset" 38
"../../../Engine/Plugins/Interchange/Runtime/Content/Pipelines/DefaultSceneLevelPipeline.uexp" 39
"../../../Engine/Plugins/Interchange/Runtime/Content/Pipelines/DefaultSceneAssetsPipeline.uasset" 40
"../../../Engine/Plugins/Interchange/Runtime/Content/Pipelines/DefaultSceneAssetsPipeline.uexp" 41
"../../../Engine/Plugins/Interchange/Runtime/Content/Pipelines/DefaultMaterialXPipeline.uasset" 42
"../../../Engine/Plugins/Interchange/Runtime/Content/Pipelines/DefaultMaterialXPipeline.uexp" 43
"../../../Engine/Plugins/Interchange/Runtime/Content/Pipelines/DefaultMaterialPipeline.uasset" 44
"../../../Engine/Plugins/Interchange/Runtime/Content/Pipelines/DefaultMaterialPipeline.uexp" 45
"../../../Engine/Plugins/Interchange/Runtime/Content/Pipelines/DefaultGLTFSceneAssetsPipeline.uasset" 46
"../../../Engine/Plugins/Interchange/Runtime/Content/Pipelines/DefaultGLTFSceneAssetsPipeline.uexp" 47
"../../../Engine/Plugins/Interchange/Runtime/Content/Pipelines/DefaultGLTFPipeline.uasset" 48
"../../../Engine/Plugins/Interchange/Runtime/Content/Pipelines/DefaultGLTFPipeline.uexp" 49
"../../../Engine/Plugins/Interchange/Runtime/Content/Pipelines/DefaultGLTFAssetsPipeline.uasset" 50
"../../../Engine/Plugins/Interchange/Runtime/Content/Pipelines/DefaultGLTFAssetsPipeline.uexp" 51
"../../../Engine/Plugins/Interchange/Runtime/Content/Pipelines/DefaultAssetsPipeline.uasset" 52
"../../../Engine/Plugins/Interchange/Runtime/Content/Pipelines/DefaultAssetsPipeline.uexp" 53
"../../../Engine/Content/EngineResources/GradientTexture0.uasset" 54
"../../../Engine/Content/EngineResources/GradientTexture0.uexp" 55
"../../../Engine/Content/EngineResources/Black.uasset" 56
"../../../Engine/Content/EngineResources/Black.uexp" 57
"../../../Engine/Content/EditorResources/S_Actor.ubulk" 58
"../../../Engine/Content/EditorResources/S_Actor.uasset" 59
"../../../Engine/Content/EditorResources/S_Actor.uexp" 60
"../../../Engine/Plugins/NNE/NNEDenoiser/Content/NNEDTOM_Output_Default.uasset" 61
"../../../Engine/Plugins/NNE/NNEDenoiser/Content/NNEDTOM_Output_Default.uexp" 62
"../../../Engine/Plugins/NNE/NNEDenoiser/Content/NNEDTOM_Output_Alpha.uasset" 63
"../../../Engine/Plugins/NNE/NNEDenoiser/Content/NNEDTOM_Output_Alpha.uexp" 64
"../../../Engine/Plugins/NNE/NNEDenoiser/Content/NNEDTIM_ColorAlbedoNormal_Default.uasset" 65
"../../../Engine/Plugins/NNE/NNEDenoiser/Content/NNEDTIM_ColorAlbedoNormal_Default.uexp" 66
"../../../Engine/Plugins/NNE/NNEDenoiser/Content/NNEDTIM_ColorAlbedoNormal_Alpha.uasset" 67
"../../../Engine/Plugins/NNE/NNEDenoiser/Content/NNEDTIM_ColorAlbedoNormal_Alpha.uexp" 68
"../../../Engine/Plugins/NNE/NNEDenoiser/Content/NNEDOM_Output_Default.uasset" 69
"../../../Engine/Plugins/NNE/NNEDenoiser/Content/NNEDOM_Output_Default.uexp" 70
"../../../Engine/Plugins/NNE/NNEDenoiser/Content/NNEDOM_Output_Alpha.uasset" 71
"../../../Engine/Plugins/NNE/NNEDenoiser/Content/NNEDOM_Output_Alpha.uexp" 72
"../../../Engine/Plugins/NNE/NNEDenoiser/Content/NNEDIM_HighQuality_Default.uasset" 73
"../../../Engine/Plugins/NNE/NNEDenoiser/Content/NNEDIM_HighQuality_Default.uexp" 74
"../../../Engine/Plugins/NNE/NNEDenoiser/Content/NNEDIM_HighQuality_Alpha.uasset" 75
"../../../Engine/Plugins/NNE/NNEDenoiser/Content/NNEDIM_HighQuality_Alpha.uexp" 76
"../../../Engine/Plugins/NNE/NNEDenoiser/Content/NNEDIM_ColorAlbedoNormal_Default.uasset" 77
"../../../Engine/Plugins/NNE/NNEDenoiser/Content/NNEDIM_ColorAlbedoNormal_Default.uexp" 78
"../../../Engine/Plugins/NNE/NNEDenoiser/Content/NNEDIM_ColorAlbedoNormal_Alpha.uasset" 79
"../../../Engine/Plugins/NNE/NNEDenoiser/Content/NNEDIM_ColorAlbedoNormal_Alpha.uexp" 80
"../../../Engine/Content/EngineMaterials/PreintegratedSkinBRDF.uasset" 81
"../../../Engine/Content/EngineMaterials/PreintegratedSkinBRDF.uexp" 82
"../../../Engine/Content/EngineMaterials/MiniFont.uasset" 83
"../../../Engine/Content/EngineMaterials/MiniFont.uexp" 84
"../../../Engine/Content/EngineMaterials/FastBlueNoise_vec2_128x128x64.uasset" 85
"../../../Engine/Content/EngineMaterials/FastBlueNoise_vec2_128x128x64.uexp" 86
"../../../Engine/Content/EngineMaterials/FastBlueNoise_scalar_128x128x8.uasset" 87
"../../../Engine/Content/EngineMaterials/FastBlueNoise_scalar_128x128x8.uexp" 88
"../../../Engine/Content/EngineMaterials/FastBlueNoise_scalar_128x128x64.uasset" 89
"../../../Engine/Content/EngineMaterials/FastBlueNoise_scalar_128x128x64.uexp" 90
"../../../Engine/Content/EngineMaterials/DefaultWhiteGrid.ubulk" 91
"../../../Engine/Content/EngineMaterials/DefaultWhiteGrid.uasset" 92
"../../../Engine/Content/EngineMaterials/DefaultWhiteGrid.uexp" 93
"../../../Engine/Content/EngineMaterials/DefaultBokeh.uasset" 94
"../../../Engine/Content/EngineMaterials/DefaultBokeh.uexp" 95
"../../../Engine/Content/EngineMaterials/DefaultBloomKernel.uasset" 96
"../../../Engine/Content/EngineMaterials/DefaultBloomKernel.uexp" 97
"../../../Engine/Content/EngineDamageTypes/DmgTypeBP_Environmental.uasset" 98
"../../../Engine/Content/EngineDamageTypes/DmgTypeBP_Environmental.uexp" 99
"../../../Engine/Content/EditorResources/S_TriggerSphere.uasset" 100
"../../../Engine/Content/EditorResources/S_TriggerSphere.uexp" 101
"../../../Engine/Content/EditorResources/S_TriggerCapsule.uasset" 102
"../../../Engine/Content/EditorResources/S_TriggerCapsule.uexp" 103
"../../../Engine/Content/EditorResources/S_TriggerBox.uasset" 104
"../../../Engine/Content/EditorResources/S_TriggerBox.uexp" 105
"../../../Engine/Content/EditorResources/S_Trigger.ubulk" 106
"../../../Engine/Content/EditorResources/S_Trigger.uasset" 107
"../../../Engine/Content/EditorResources/S_Trigger.uexp" 108
"../../../Engine/Content/EditorResources/S_Terrain.ubulk" 109
"../../../Engine/Content/EditorResources/S_Terrain.uasset" 110
"../../../Engine/Content/EditorResources/S_Terrain.uexp" 111
"../../../Engine/Content/EditorResources/S_Solver.ubulk" 112
"../../../Engine/Content/EditorResources/S_Solver.uasset" 113
"../../../Engine/Content/EditorResources/S_Solver.uexp" 114
"../../../Engine/Content/EditorResources/S_BoxReflectionCapture.uasset" 115
"../../../Engine/Content/EditorResources/S_BoxReflectionCapture.uexp" 116
"../../../Engine/Content/EditorResources/BSPVertex.uasset" 117
"../../../Engine/Content/EditorResources/BSPVertex.uexp" 118
"../../../Engine/Plugins/Runtime/AudioWidgets/Content/Resources/ScrubHandleDown_Clamped.uasset" 119
"../../../Engine/Plugins/Runtime/AudioWidgets/Content/Resources/ScrubHandleDown_Clamped.uexp" 120
"../../../Engine/Content/EngineResources/DefaultTexture.ubulk" 121
"../../../Engine/Content/EngineResources/DefaultTexture.uasset" 122
"../../../Engine/Content/EngineResources/DefaultTexture.uexp" 123
"D:/AFY_UE/FYP_UE/FYP/Content/MOUT_Fabrication/Textures/Sky/T_SaySky_HDRI.uasset" 124
"D:/AFY_UE/FYP_UE/FYP/Content/MOUT_Fabrication/Textures/Sky/T_SaySky_HDRI.uexp" 125
"D:/AFY_UE/FYP_UE/FYP/Content/MOUT_Fabrication/Textures/Sky/T_NightSky_HDRI.uasset" 126
"D:/AFY_UE/FYP_UE/FYP/Content/MOUT_Fabrication/Textures/Sky/T_NightSky_HDRI.uexp" 127
"D:/AFY_UE/FYP_UE/FYP/Content/MOUT_Fabrication/Materials/Sky/M_Sky_Day_01.uasset" 128
"D:/AFY_UE/FYP_UE/FYP/Content/MOUT_Fabrication/Materials/Sky/M_Sky_Day_01.uexp" 129
"D:/AFY_UE/FYP_UE/FYP/Content/MOUT_Fabrication/Materials/Sky/M_Sky_Night_01.uasset" 130
"D:/AFY_UE/FYP_UE/FYP/Content/MOUT_Fabrication/Materials/Sky/M_Sky_Night_01.uexp" 131
"../../../Engine/Content/EngineSky/T_Sky_Stars.ubulk" 132
"../../../Engine/Content/EngineSky/T_Sky_Stars.uasset" 133
"../../../Engine/Content/EngineSky/T_Sky_Stars.uexp" 134
"../../../Engine/Content/EngineSky/T_Sky_Clouds_M.ubulk" 135
"../../../Engine/Content/EngineSky/T_Sky_Clouds_M.uasset" 136
"../../../Engine/Content/EngineSky/T_Sky_Clouds_M.uexp" 137
"../../../Engine/Content/EngineSky/T_Sky_Blue.ubulk" 138
"../../../Engine/Content/EngineSky/T_Sky_Blue.uasset" 139
"../../../Engine/Content/EngineSky/T_Sky_Blue.uexp" 140
"../../../Engine/Content/EngineSky/M_Sky_Panning_Clouds2.uasset" 141
"../../../Engine/Content/EngineSky/M_Sky_Panning_Clouds2.uexp" 142
"../../../Engine/Content/EngineSky/SM_SkySphere.ubulk" 143
"../../../Engine/Content/EngineSky/SM_SkySphere.uasset" 144
"../../../Engine/Content/EngineSky/SM_SkySphere.uexp" 145
"D:/AFY_UE/FYP_UE/FYP/Content/MOUT_Fabrication/Blueprints/Sky/BP_Sky_02.uasset" 146
"D:/AFY_UE/FYP_UE/FYP/Content/MOUT_Fabrication/Blueprints/Sky/BP_Sky_02.uexp" 147
"D:/AFY_UE/FYP_UE/FYP/Content/MOUT_Fabrication/Textures/MOUTFabrications/ContainerTextures/T_YellowPaint_OcclusionRoughnessMetallic.ubulk" 148
"D:/AFY_UE/FYP_UE/FYP/Content/MOUT_Fabrication/Textures/MOUTFabrications/ContainerTextures/T_YellowPaint_OcclusionRoughnessMetallic.uasset" 149
"D:/AFY_UE/FYP_UE/FYP/Content/MOUT_Fabrication/Textures/MOUTFabrications/ContainerTextures/T_YellowPaint_OcclusionRoughnessMetallic.uexp" 150
"D:/AFY_UE/FYP_UE/FYP/Content/MOUT_Fabrication/Textures/MOUTFabrications/ContainerTextures/T_YellowPaint_BaseColor.ubulk" 151
"D:/AFY_UE/FYP_UE/FYP/Content/MOUT_Fabrication/Textures/MOUTFabrications/ContainerTextures/T_YellowPaint_BaseColor.uasset" 152
"D:/AFY_UE/FYP_UE/FYP/Content/MOUT_Fabrication/Textures/MOUTFabrications/ContainerTextures/T_YellowPaint_BaseColor.uexp" 153
"D:/AFY_UE/FYP_UE/FYP/Content/MOUT_Fabrication/Textures/MOUTFabrications/ContainerTextures/T_YellowCorrugated_Mask.ubulk" 154
"D:/AFY_UE/FYP_UE/FYP/Content/MOUT_Fabrication/Textures/MOUTFabrications/ContainerTextures/T_YellowCorrugated_Mask.uasset" 155
"D:/AFY_UE/FYP_UE/FYP/Content/MOUT_Fabrication/Textures/MOUTFabrications/ContainerTextures/T_YellowCorrugated_Mask.uexp" 156
"D:/AFY_UE/FYP_UE/FYP/Content/MOUT_Fabrication/Textures/MOUTFabrications/ContainerTextures/T_Rust_OcclusionRoughnessMetallic.ubulk" 157
"D:/AFY_UE/FYP_UE/FYP/Content/MOUT_Fabrication/Textures/MOUTFabrications/ContainerTextures/T_Rust_OcclusionRoughnessMetallic.uasset" 158
"D:/AFY_UE/FYP_UE/FYP/Content/MOUT_Fabrication/Textures/MOUTFabrications/ContainerTextures/T_Rust_OcclusionRoughnessMetallic.uexp" 159
"D:/AFY_UE/FYP_UE/FYP/Content/MOUT_Fabrication/Textures/MOUTFabrications/ContainerTextures/T_Rust_BaseColor.ubulk" 160
"D:/AFY_UE/FYP_UE/FYP/Content/MOUT_Fabrication/Textures/MOUTFabrications/ContainerTextures/T_Rust_BaseColor.uasset" 161
"D:/AFY_UE/FYP_UE/FYP/Content/MOUT_Fabrication/Textures/MOUTFabrications/ContainerTextures/T_Rust_BaseColor.uexp" 162
"D:/AFY_UE/FYP_UE/FYP/Content/MOUT_Fabrication/Textures/MOUTFabrications/ContainerTextures/T_Dust_OcclusionRoughnessMetallic.ubulk" 163
"D:/AFY_UE/FYP_UE/FYP/Content/MOUT_Fabrication/Textures/MOUTFabrications/ContainerTextures/T_Dust_OcclusionRoughnessMetallic.uasset" 164
"D:/AFY_UE/FYP_UE/FYP/Content/MOUT_Fabrication/Textures/MOUTFabrications/ContainerTextures/T_Dust_OcclusionRoughnessMetallic.uexp" 165
"D:/AFY_UE/FYP_UE/FYP/Content/MOUT_Fabrication/Textures/MOUTFabrications/ContainerTextures/T_Dust_BaseColor.ubulk" 166
"D:/AFY_UE/FYP_UE/FYP/Content/MOUT_Fabrication/Textures/MOUTFabrications/ContainerTextures/T_Dust_BaseColor.uasset" 167
"D:/AFY_UE/FYP_UE/FYP/Content/MOUT_Fabrication/Textures/MOUTFabrications/ContainerTextures/T_Dust_BaseColor.uexp" 168
"D:/AFY_UE/FYP_UE/FYP/Content/MOUT_Fabrication/Textures/MOUTFabrications/ContainerTextures/T_BareMetalRusty_OcclusionRoughnessMetallic.ubulk" 169
"D:/AFY_UE/FYP_UE/FYP/Content/MOUT_Fabrication/Textures/MOUTFabrications/ContainerTextures/T_BareMetalRusty_OcclusionRoughnessMetallic.uasset" 170
"D:/AFY_UE/FYP_UE/FYP/Content/MOUT_Fabrication/Textures/MOUTFabrications/ContainerTextures/T_BareMetalRusty_OcclusionRoughnessMetallic.uexp" 171
"D:/AFY_UE/FYP_UE/FYP/Content/MOUT_Fabrication/Textures/MOUTFabrications/ContainerTextures/T_BareMetalRusty_BaseColor.ubulk" 172
"D:/AFY_UE/FYP_UE/FYP/Content/MOUT_Fabrication/Textures/MOUTFabrications/ContainerTextures/T_BareMetalRusty_BaseColor.uasset" 173
"D:/AFY_UE/FYP_UE/FYP/Content/MOUT_Fabrication/Textures/MOUTFabrications/ContainerTextures/T_BareMetalRusty_BaseColor.uexp" 174
"D:/AFY_UE/FYP_UE/FYP/Content/MOUT_Fabrication/Textures/MOUTFabrications/ContainerTextures/00_white.uasset" 175
"D:/AFY_UE/FYP_UE/FYP/Content/MOUT_Fabrication/Textures/MOUTFabrications/ContainerTextures/00_white.uexp" 176
"D:/AFY_UE/FYP_UE/FYP/Content/MOUT_Fabrication/Textures/MOUTFabrications/ContainerTextures/Masks/T_YellowCorrugated_Mask.ubulk" 177
"D:/AFY_UE/FYP_UE/FYP/Content/MOUT_Fabrication/Textures/MOUTFabrications/ContainerTextures/Masks/T_YellowCorrugated_Mask.uasset" 178
"D:/AFY_UE/FYP_UE/FYP/Content/MOUT_Fabrication/Textures/MOUTFabrications/ContainerTextures/Masks/T_YellowCorrugated_Mask.uexp" 179
"D:/AFY_UE/FYP_UE/FYP/Content/MOUT_Fabrication/Materials/MOUTFabrications/ContainerMaterials/LayeredMaterials/MM_SimpleMaterial.uasset" 180
"D:/AFY_UE/FYP_UE/FYP/Content/MOUT_Fabrication/Materials/MOUTFabrications/ContainerMaterials/LayeredMaterials/MM_SimpleMaterial.uexp" 181
"D:/AFY_UE/FYP_UE/FYP/Content/MOUT_Fabrication/Materials/MOUTFabrications/ContainerMaterials/LayeredMaterials/MM_MaterialLayerBlend_VertexPaint.uasset" 182
"D:/AFY_UE/FYP_UE/FYP/Content/MOUT_Fabrication/Materials/MOUTFabrications/ContainerMaterials/LayeredMaterials/MM_MaterialLayerBlend_VertexPaint.uexp" 183
"D:/AFY_UE/FYP_UE/FYP/Content/MOUT_Fabrication/Materials/MOUTFabrications/ContainerMaterials/LayeredMaterials/MM_MasterLayer.uasset" 184
"D:/AFY_UE/FYP_UE/FYP/Content/MOUT_Fabrication/Materials/MOUTFabrications/ContainerMaterials/LayeredMaterials/MM_MasterLayer.uexp" 185
"D:/AFY_UE/FYP_UE/FYP/Content/MOUT_Fabrication/Materials/MOUTFabrications/ContainerMaterials/LayeredMaterials/MI_MasterLayer.uasset" 186
"D:/AFY_UE/FYP_UE/FYP/Content/MOUT_Fabrication/Materials/MOUTFabrications/ContainerMaterials/LayeredMaterials/MI_MasterLayer.uexp" 187
"D:/AFY_UE/FYP_UE/FYP/Content/MOUT_Fabrication/Materials/MOUTFabrications/ContainerMaterials/LayeredMaterials/MI_YellowCorrugated.uasset" 188
"D:/AFY_UE/FYP_UE/FYP/Content/MOUT_Fabrication/Materials/MOUTFabrications/ContainerMaterials/LayeredMaterials/MI_YellowCorrugated.uexp" 189
"D:/AFY_UE/FYP_UE/FYP/Content/MOUT_Fabrication/Textures/MOUTFabrications/ContainerTextures/Masks/T_YellowCorrugatedSupport_Mask.ubulk" 190
"D:/AFY_UE/FYP_UE/FYP/Content/MOUT_Fabrication/Textures/MOUTFabrications/ContainerTextures/Masks/T_YellowCorrugatedSupport_Mask.uasset" 191
"D:/AFY_UE/FYP_UE/FYP/Content/MOUT_Fabrication/Textures/MOUTFabrications/ContainerTextures/Masks/T_YellowCorrugatedSupport_Mask.uexp" 192
"D:/AFY_UE/FYP_UE/FYP/Content/MOUT_Fabrication/Textures/MOUTFabrications/ContainerTextures/Masks/T_ContainerLock_Mask.ubulk" 193
"D:/AFY_UE/FYP_UE/FYP/Content/MOUT_Fabrication/Textures/MOUTFabrications/ContainerTextures/Masks/T_ContainerLock_Mask.uasset" 194
"D:/AFY_UE/FYP_UE/FYP/Content/MOUT_Fabrication/Textures/MOUTFabrications/ContainerTextures/Masks/T_ContainerLock_Mask.uexp" 195
"D:/AFY_UE/FYP_UE/FYP/Content/MOUT_Fabrication/Materials/MOUTFabrications/ContainerMaterials/LayeredMaterials/MI_YellowCorrugated_ContainerLock.uasset" 196
"D:/AFY_UE/FYP_UE/FYP/Content/MOUT_Fabrication/Materials/MOUTFabrications/ContainerMaterials/LayeredMaterials/MI_YellowCorrugated_ContainerLock.uexp" 197
"D:/AFY_UE/FYP_UE/FYP/Content/MOUT_Fabrication/Materials/MOUTFabrications/ContainerMaterials/LayeredMaterials/MI_YellowCorrugated_ContainerSupport.uasset" 198
"D:/AFY_UE/FYP_UE/FYP/Content/MOUT_Fabrication/Materials/MOUTFabrications/ContainerMaterials/LayeredMaterials/MI_YellowCorrugated_ContainerSupport.uexp" 199
"D:/AFY_UE/FYP_UE/FYP/Content/MOUT_Fabrication/Textures/MOUTFabrications/ContainerTextures/Masks/T_YellowCorrugatedFrames_Mask.ubulk" 200
"D:/AFY_UE/FYP_UE/FYP/Content/MOUT_Fabrication/Textures/MOUTFabrications/ContainerTextures/Masks/T_YellowCorrugatedFrames_Mask.uasset" 201
"D:/AFY_UE/FYP_UE/FYP/Content/MOUT_Fabrication/Textures/MOUTFabrications/ContainerTextures/Masks/T_YellowCorrugatedFrames_Mask.uexp" 202
"D:/AFY_UE/FYP_UE/FYP/Content/MOUT_Fabrication/Materials/MOUTFabrications/ContainerMaterials/LayeredMaterials/MI_YellowCorrugated_ContainerFrames.uasset" 203
"D:/AFY_UE/FYP_UE/FYP/Content/MOUT_Fabrication/Materials/MOUTFabrications/ContainerMaterials/LayeredMaterials/MI_YellowCorrugated_ContainerFrames.uexp" 204
"D:/AFY_UE/FYP_UE/FYP/Content/MOUT_Fabrication/Meshes/MOUTFabrications/ModularAssets/ContainerKit/Walls/SM_ContainerWIndow_01b.ubulk" 205
"D:/AFY_UE/FYP_UE/FYP/Content/MOUT_Fabrication/Meshes/MOUTFabrications/ModularAssets/ContainerKit/Walls/SM_ContainerWIndow_01b.uasset" 206
"D:/AFY_UE/FYP_UE/FYP/Content/MOUT_Fabrication/Meshes/MOUTFabrications/ModularAssets/ContainerKit/Walls/SM_ContainerWIndow_01b.uexp" 207
"D:/AFY_UE/FYP_UE/FYP/Content/MOUT_Fabrication/Meshes/MOUTFabrications/ModularAssets/ContainerKit/Walls/SM_ContainerWall_01a.ubulk" 208
"D:/AFY_UE/FYP_UE/FYP/Content/MOUT_Fabrication/Meshes/MOUTFabrications/ModularAssets/ContainerKit/Walls/SM_ContainerWall_01a.uasset" 209
"D:/AFY_UE/FYP_UE/FYP/Content/MOUT_Fabrication/Meshes/MOUTFabrications/ModularAssets/ContainerKit/Walls/SM_ContainerWall_01a.uexp" 210
"D:/AFY_UE/FYP_UE/FYP/Content/MOUT_Fabrication/Meshes/MOUTFabrications/ModularAssets/ContainerKit/Walls/SM_ContainerDoor_01b.ubulk" 211
"D:/AFY_UE/FYP_UE/FYP/Content/MOUT_Fabrication/Meshes/MOUTFabrications/ModularAssets/ContainerKit/Walls/SM_ContainerDoor_01b.uasset" 212
"D:/AFY_UE/FYP_UE/FYP/Content/MOUT_Fabrication/Meshes/MOUTFabrications/ModularAssets/ContainerKit/Walls/SM_ContainerDoor_01b.uexp" 213
"D:/AFY_UE/FYP_UE/FYP/Content/MOUT_Fabrication/Meshes/MOUTFabrications/ModularAssets/ContainerKit/Pillars/SM_ContainerCornerPillar_01a.ubulk" 214
"D:/AFY_UE/FYP_UE/FYP/Content/MOUT_Fabrication/Meshes/MOUTFabrications/ModularAssets/ContainerKit/Pillars/SM_ContainerCornerPillar_01a.uasset" 215
"D:/AFY_UE/FYP_UE/FYP/Content/MOUT_Fabrication/Meshes/MOUTFabrications/ModularAssets/ContainerKit/Pillars/SM_ContainerCornerPillar_01a.uexp" 216
"D:/AFY_UE/FYP_UE/FYP/Content/MOUT_Fabrication/Textures/MOUTFabrications/ContainerTextures/T_IntWood/T_IntWood_ORM.ubulk" 217
"D:/AFY_UE/FYP_UE/FYP/Content/MOUT_Fabrication/Textures/MOUTFabrications/ContainerTextures/T_IntWood/T_IntWood_ORM.uasset" 218
"D:/AFY_UE/FYP_UE/FYP/Content/MOUT_Fabrication/Textures/MOUTFabrications/ContainerTextures/T_IntWood/T_IntWood_ORM.uexp" 219
"D:/AFY_UE/FYP_UE/FYP/Content/MOUT_Fabrication/Textures/MOUTFabrications/ContainerTextures/T_IntWood/T_IntWood_NRM.ubulk" 220
"D:/AFY_UE/FYP_UE/FYP/Content/MOUT_Fabrication/Textures/MOUTFabrications/ContainerTextures/T_IntWood/T_IntWood_NRM.uasset" 221
"D:/AFY_UE/FYP_UE/FYP/Content/MOUT_Fabrication/Textures/MOUTFabrications/ContainerTextures/T_IntWood/T_IntWood_NRM.uexp" 222
"D:/AFY_UE/FYP_UE/FYP/Content/MOUT_Fabrication/Textures/MOUTFabrications/ContainerTextures/T_IntWood/T_IntWood_BC.ubulk" 223
"D:/AFY_UE/FYP_UE/FYP/Content/MOUT_Fabrication/Textures/MOUTFabrications/ContainerTextures/T_IntWood/T_IntWood_BC.uasset" 224
"D:/AFY_UE/FYP_UE/FYP/Content/MOUT_Fabrication/Textures/MOUTFabrications/ContainerTextures/T_IntWood/T_IntWood_BC.uexp" 225
"D:/AFY_UE/FYP_UE/FYP/Content/MOUT_Fabrication/Materials/MOUTFabrications/ContainerMaterials/M_IntWood.uasset" 226
"D:/AFY_UE/FYP_UE/FYP/Content/MOUT_Fabrication/Materials/MOUTFabrications/ContainerMaterials/M_IntWood.uexp" 227
"D:/AFY_UE/FYP_UE/FYP/Content/MOUT_Fabrication/Meshes/MOUTFabrications/ModularAssets/ContainerKit/FloorAndCeiling/SM_ContainerFloor_01.ubulk" 228
"D:/AFY_UE/FYP_UE/FYP/Content/MOUT_Fabrication/Meshes/MOUTFabrications/ModularAssets/ContainerKit/FloorAndCeiling/SM_ContainerFloor_01.uasset" 229
"D:/AFY_UE/FYP_UE/FYP/Content/MOUT_Fabrication/Meshes/MOUTFabrications/ModularAssets/ContainerKit/FloorAndCeiling/SM_ContainerFloor_01.uexp" 230
"D:/AFY_UE/FYP_UE/FYP/Content/MOUT_Fabrication/Meshes/MOUTFabrications/ModularAssets/ContainerKit/FloorAndCeiling/SM_ContainerCeiling_IntWood_01.ubulk" 231
"D:/AFY_UE/FYP_UE/FYP/Content/MOUT_Fabrication/Meshes/MOUTFabrications/ModularAssets/ContainerKit/FloorAndCeiling/SM_ContainerCeiling_IntWood_01.uasset" 232
"D:/AFY_UE/FYP_UE/FYP/Content/MOUT_Fabrication/Meshes/MOUTFabrications/ModularAssets/ContainerKit/FloorAndCeiling/SM_ContainerCeiling_IntWood_01.uexp" 233
"D:/AFY_UE/FYP_UE/FYP/Content/MOUT_Fabrication/Blueprints/Buildings/MOUT7_Var/BP_MoutFab_07d.uasset" 234
"D:/AFY_UE/FYP_UE/FYP/Content/MOUT_Fabrication/Blueprints/Buildings/MOUT7_Var/BP_MoutFab_07d.uexp" 235
"D:/AFY_UE/FYP_UE/FYP/Content/MOUT_Fabrication/Blueprints/Buildings/MOUT4_Var/BP_MoutFab_04g.uasset" 236
"D:/AFY_UE/FYP_UE/FYP/Content/MOUT_Fabrication/Blueprints/Buildings/MOUT4_Var/BP_MoutFab_04g.uexp" 237
"../../../Engine/Content/Functions/Engine_MaterialFunctions01/Shading/PowerToRoughness.uasset" 238
"../../../Engine/Content/Functions/Engine_MaterialFunctions01/Shading/PowerToRoughness.uexp" 239
"../../../Engine/Content/Functions/Engine_MaterialFunctions01/Shading/ConvertFromDiffSpec.uasset" 240
"../../../Engine/Content/Functions/Engine_MaterialFunctions01/Shading/ConvertFromDiffSpec.uexp" 241
"../../../Engine/Content/EngineResources/FilmGrains/Marcie_Grain_v3_128_M2_000.uasset" 242
"../../../Engine/Content/EngineResources/FilmGrains/Marcie_Grain_v3_128_M2_000.uexp" 243
"../../../Engine/Content/EngineResources/Development/ZenLogo_64.uasset" 244
"../../../Engine/Content/EngineResources/Development/ZenLogo_64.uexp" 245
"../../../Engine/Content/EngineMaterials/LTC/Sheen_LTC.uasset" 246
"../../../Engine/Content/EngineMaterials/LTC/Sheen_LTC.uexp" 247
"../../../Engine/Content/EngineMaterials/LTC/GGX_LTCMat.uasset" 248
"../../../Engine/Content/EngineMaterials/LTC/GGX_LTCMat.uexp" 249
"../../../Engine/Content/EngineMaterials/LTC/GGX_LTCAmp.uasset" 250
"../../../Engine/Content/EngineMaterials/LTC/GGX_LTCAmp.uexp" 251
"../../../Engine/Content/EngineMaterials/EnergyConservation/Sheen_Energy.uasset" 252
"../../../Engine/Content/EngineMaterials/EnergyConservation/Sheen_Energy.uexp" 253
"../../../Engine/Content/EngineMaterials/EnergyConservation/SheenLegacy_Energy.uasset" 254
"../../../Engine/Content/EngineMaterials/EnergyConservation/SheenLegacy_Energy.uexp" 255
"../../../Engine/Content/EngineMaterials/EnergyConservation/GGX_TransmissionEnergyArray.uasset" 256
"../../../Engine/Content/EngineMaterials/EnergyConservation/GGX_TransmissionEnergyArray.uexp" 257
"../../../Engine/Content/EngineMaterials/EnergyConservation/GGX_ReflectionEnergy.uasset" 258
"../../../Engine/Content/EngineMaterials/EnergyConservation/GGX_ReflectionEnergy.uexp" 259
"../../../Engine/Content/EngineMaterials/EnergyConservation/Diffuse_Energy.uasset" 260
"../../../Engine/Content/EngineMaterials/EnergyConservation/Diffuse_Energy.uexp" 261
"../../../Engine/Content/EditorResources/SequenceRecorder/RecordingIndicator.uasset" 262
"../../../Engine/Content/EditorResources/SequenceRecorder/RecordingIndicator.uexp" 263
"../../../Engine/Content/EditorResources/SequenceRecorder/Countdown.uasset" 264
"../../../Engine/Content/EditorResources/SequenceRecorder/Countdown.uexp" 265
"../../../Engine/Content/EditorMaterials/ParticleSystems/PSysThumbnail_OOD.ubulk" 266
"../../../Engine/Content/EditorMaterials/ParticleSystems/PSysThumbnail_OOD.uasset" 267
"../../../Engine/Content/EditorMaterials/ParticleSystems/PSysThumbnail_OOD.uexp" 268
"../../../Engine/Content/EditorMaterials/ParticleSystems/PSysThumbnail_NoImage.ubulk" 269
"../../../Engine/Content/EditorMaterials/ParticleSystems/PSysThumbnail_NoImage.uasset" 270
"../../../Engine/Content/EditorMaterials/ParticleSystems/PSysThumbnail_NoImage.uexp" 271
"../../../Engine/Content/EditorMaterials/Dataflow/DataflowVertexMaterial.uasset" 272
"../../../Engine/Content/EditorMaterials/Dataflow/DataflowVertexMaterial.uexp" 273
"../../../Engine/Content/EditorMaterials/Dataflow/DataflowTwoSidedVertexMaterial.uasset" 274
"../../../Engine/Content/EditorMaterials/Dataflow/DataflowTwoSidedVertexMaterial.uexp" 275
"D:/AFY_UE/FYP_UE/FYP/Content/MOUT_Fabrication/Textures/Airfield/HangarSet/T_Hangar_Floor_RMA.ubulk" 276
"D:/AFY_UE/FYP_UE/FYP/Content/MOUT_Fabrication/Textures/Airfield/HangarSet/T_Hangar_Floor_RMA.uasset" 277
"D:/AFY_UE/FYP_UE/FYP/Content/MOUT_Fabrication/Textures/Airfield/HangarSet/T_Hangar_Floor_RMA.uexp" 278
"D:/AFY_UE/FYP_UE/FYP/Content/MOUT_Fabrication/Textures/Airfield/HangarSet/T_Hangar_Floor_NRM.ubulk" 279
"D:/AFY_UE/FYP_UE/FYP/Content/MOUT_Fabrication/Textures/Airfield/HangarSet/T_Hangar_Floor_NRM.uasset" 280
"D:/AFY_UE/FYP_UE/FYP/Content/MOUT_Fabrication/Textures/Airfield/HangarSet/T_Hangar_Floor_NRM.uexp" 281
"D:/AFY_UE/FYP_UE/FYP/Content/MOUT_Fabrication/Textures/Airfield/HangarSet/T_Hangar_Floor_BC.ubulk" 282
"D:/AFY_UE/FYP_UE/FYP/Content/MOUT_Fabrication/Textures/Airfield/HangarSet/T_Hangar_Floor_BC.uasset" 283
"D:/AFY_UE/FYP_UE/FYP/Content/MOUT_Fabrication/Textures/Airfield/HangarSet/T_Hangar_Floor_BC.uexp" 284
"D:/AFY_UE/FYP_UE/FYP/Content/MOUT_Fabrication/Materials/Airfield/Hangar_Floor_Mat.uasset" 285
"D:/AFY_UE/FYP_UE/FYP/Content/MOUT_Fabrication/Materials/Airfield/Hangar_Floor_Mat.uexp" 286
"../../../Engine/Plugins/Animation/ControlRig/Content/Controls/ControlRigGizmoMaterial.uasset" 287
"../../../Engine/Plugins/Animation/ControlRig/Content/Controls/ControlRigGizmoMaterial.uexp" 288
"../../../Engine/Plugins/Animation/ControlRig/Content/Controls/ControlRigXRayMaterial.uasset" 289
"../../../Engine/Plugins/Animation/ControlRig/Content/Controls/ControlRigXRayMaterial.uexp" 290
"../../../Engine/Content/Functions/Engine_MaterialFunctions02/Utility/VectorLength.uasset" 291
"../../../Engine/Content/Functions/Engine_MaterialFunctions02/Utility/VectorLength.uexp" 292
"../../../Engine/Content/Functions/Engine_MaterialFunctions02/SafeNormalize.uasset" 293
"../../../Engine/Content/Functions/Engine_MaterialFunctions02/SafeNormalize.uexp" 294
"../../../Engine/Content/Functions/Engine_MaterialFunctions02/Utility/BreakOutFloat3Components.uasset" 295
"../../../Engine/Content/Functions/Engine_MaterialFunctions02/Utility/BreakOutFloat3Components.uexp" 296
"../../../Engine/Content/Functions/Engine_MaterialFunctions02/ObjectLocalBounds.uasset" 297
"../../../Engine/Content/Functions/Engine_MaterialFunctions02/ObjectLocalBounds.uexp" 298
"../../../Engine/Content/Functions/Engine_MaterialFunctions02/WorldPositionOffset/ObjectScale.uasset" 299
"../../../Engine/Content/Functions/Engine_MaterialFunctions02/WorldPositionOffset/ObjectScale.uexp" 300
"../../../Engine/Plugins/Editor/SpeedTreeImporter/Content/SpeedTree9/UnpackInteger3.uasset" 301
"../../../Engine/Plugins/Editor/SpeedTreeImporter/Content/SpeedTree9/UnpackInteger3.uexp" 302
"../../../Engine/Plugins/Editor/SpeedTreeImporter/Content/SpeedTree9/UnpackDirection.uasset" 303
"../../../Engine/Plugins/Editor/SpeedTreeImporter/Content/SpeedTree9/UnpackDirection.uexp" 304
"../../../Engine/Plugins/Editor/SpeedTreeImporter/Content/SpeedTree9/game_wind_noise.ubulk" 305
"../../../Engine/Plugins/Editor/SpeedTreeImporter/Content/SpeedTree9/game_wind_noise.uasset" 306
"../../../Engine/Plugins/Editor/SpeedTreeImporter/Content/SpeedTree9/game_wind_noise.uexp" 307
"../../../Engine/Plugins/Editor/SpeedTreeImporter/Content/SpeedTree9/SpeedTreeWindMotion.uasset" 308
"../../../Engine/Plugins/Editor/SpeedTreeImporter/Content/SpeedTree9/SpeedTreeWindMotion.uexp" 309
"../../../Engine/Plugins/Editor/SpeedTreeImporter/Content/SpeedTree9/SpeedTreeBranchMotion.uasset" 310
"../../../Engine/Plugins/Editor/SpeedTreeImporter/Content/SpeedTree9/SpeedTreeBranchMotion.uexp" 311
"../../../Engine/Content/Functions/Engine_MaterialFunctions02/UVs/BoundingBoxBased_0-1_UVW.uasset" 312
"../../../Engine/Content/Functions/Engine_MaterialFunctions02/UVs/BoundingBoxBased_0-1_UVW.uexp" 313
"../../../Engine/Plugins/Editor/SpeedTreeImporter/Content/SpeedTree9/SpeedTreeWind.uasset" 314
"../../../Engine/Plugins/Editor/SpeedTreeImporter/Content/SpeedTree9/SpeedTreeWind.uexp" 315
"../../../Engine/Plugins/Editor/SpeedTreeImporter/Content/SpeedTree9/EmptyNormal.uasset" 316
"../../../Engine/Plugins/Editor/SpeedTreeImporter/Content/SpeedTree9/EmptyNormal.uexp" 317
"../../../Engine/Plugins/Editor/SpeedTreeImporter/Content/SpeedTree9/Empty.uasset" 318
"../../../Engine/Plugins/Editor/SpeedTreeImporter/Content/SpeedTree9/Empty.uexp" 319
"../../../Engine/Plugins/Editor/SpeedTreeImporter/Content/SpeedTree9/SpeedTreeBillboard.uasset" 320
"../../../Engine/Plugins/Editor/SpeedTreeImporter/Content/SpeedTree9/SpeedTreeBillboard.uexp" 321
"../../../Engine/Plugins/Editor/SpeedTreeImporter/Content/SpeedTree9/SpeedTreeBillboardMaster.uasset" 322
"../../../Engine/Plugins/Editor/SpeedTreeImporter/Content/SpeedTree9/SpeedTreeBillboardMaster.uexp" 323
"../../../Engine/Plugins/Editor/SpeedTreeImporter/Content/SpeedTree9/SpeedTreeCameraFacing.uasset" 324
"../../../Engine/Plugins/Editor/SpeedTreeImporter/Content/SpeedTree9/SpeedTreeCameraFacing.uexp" 325
"../../../Engine/Plugins/Editor/SpeedTreeImporter/Content/SpeedTree9/SpeedTreeMaster.uasset" 326
"../../../Engine/Plugins/Editor/SpeedTreeImporter/Content/SpeedTree9/SpeedTreeMaster.uexp" 327
"../../../Engine/Plugins/Interchange/Assets/Content/Functions/MX_AbsorptionVDF.uasset" 328
"../../../Engine/Plugins/Interchange/Assets/Content/Functions/MX_AbsorptionVDF.uexp" 329
"../../../Engine/Plugins/Interchange/Assets/Content/Functions/MX_AnisotropicVDF.uasset" 330
"../../../Engine/Plugins/Interchange/Assets/Content/Functions/MX_AnisotropicVDF.uexp" 331
"../../../Engine/Plugins/Interchange/Assets/Content/Functions/MX_BurleyDiffuseBSDF.uasset" 332
"../../../Engine/Plugins/Interchange/Assets/Content/Functions/MX_BurleyDiffuseBSDF.uexp" 333
"../../../Engine/Plugins/Interchange/Assets/Content/Functions/MX_ConductorBSDF.uasset" 334
"../../../Engine/Plugins/Interchange/Assets/Content/Functions/MX_ConductorBSDF.uexp" 335
"../../../Engine/Plugins/Interchange/Assets/Content/Functions/MX_ConicalEDF.uasset" 336
"../../../Engine/Plugins/Interchange/Assets/Content/Functions/MX_ConicalEDF.uexp" 337
"../../../Engine/Plugins/Interchange/Assets/Content/Functions/MX_DielectricBSDF.uasset" 338
"../../../Engine/Plugins/Interchange/Assets/Content/Functions/MX_DielectricBSDF.uexp" 339
"../../../Engine/Content/Functions/Engine_MaterialFunctions02/Utility/BlendAngleCorrectedNormals.uasset" 340
"../../../Engine/Content/Functions/Engine_MaterialFunctions02/Utility/BlendAngleCorrectedNormals.uexp" 341
"../../../Engine/Plugins/Interchange/Assets/Content/Functions/MX_Displacement.uasset" 342
"../../../Engine/Plugins/Interchange/Assets/Content/Functions/MX_Displacement.uexp" 343
"../../../Engine/Plugins/Interchange/Assets/Content/Functions/MX_GeneralizedSchlickBSDF.uasset" 344
"../../../Engine/Plugins/Interchange/Assets/Content/Functions/MX_GeneralizedSchlickBSDF.uexp" 345
"../../../Engine/Plugins/Interchange/Assets/Content/Functions/MX_MeasuredEDF.uasset" 346
"../../../Engine/Plugins/Interchange/Assets/Content/Functions/MX_MeasuredEDF.uexp" 347
"../../../Engine/Plugins/Interchange/Assets/Content/Functions/MF_IridescenceNoLUT.uasset" 348
"../../../Engine/Plugins/Interchange/Assets/Content/Functions/MF_IridescenceNoLUT.uexp" 349
"../../../Engine/Plugins/Interchange/Assets/Content/Functions/MX_StandardSurface.uasset" 350
"../../../Engine/Plugins/Interchange/Assets/Content/Functions/MX_StandardSurface.uexp" 351
"../../../Engine/Plugins/Interchange/Assets/Content/Functions/MX_OpenPBR_Opaque.uasset" 352
"../../../Engine/Plugins/Interchange/Assets/Content/Functions/MX_OpenPBR_Opaque.uexp" 353
"../../../Engine/Plugins/Interchange/Assets/Content/Functions/MX_TransmissionSurface.uasset" 354
"../../../Engine/Plugins/Interchange/Assets/Content/Functions/MX_TransmissionSurface.uexp" 355
"../../../Engine/Plugins/Interchange/Assets/Content/Functions/MX_OpenPBR_Translucent.uasset" 356
"../../../Engine/Plugins/Interchange/Assets/Content/Functions/MX_OpenPBR_Translucent.uexp" 357
"../../../Engine/Plugins/Interchange/Assets/Content/Functions/MX_OrenNayarBSDF.uasset" 358
"../../../Engine/Plugins/Interchange/Assets/Content/Functions/MX_OrenNayarBSDF.uexp" 359
"../../../Engine/Plugins/Interchange/Assets/Content/Functions/MX_SheenBSDF.uasset" 360
"../../../Engine/Plugins/Interchange/Assets/Content/Functions/MX_SheenBSDF.uexp" 361
"../../../Engine/Plugins/Interchange/Assets/Content/Functions/MX_SubsurfaceBSDF.uasset" 362
"../../../Engine/Plugins/Interchange/Assets/Content/Functions/MX_SubsurfaceBSDF.uexp" 363
"../../../Engine/Plugins/Interchange/Assets/Content/Functions/MX_Surface.uasset" 364
"../../../Engine/Plugins/Interchange/Assets/Content/Functions/MX_Surface.uexp" 365
"../../../Engine/Plugins/Interchange/Assets/Content/Functions/MX_SurfaceUnlit.uasset" 366
"../../../Engine/Plugins/Interchange/Assets/Content/Functions/MX_SurfaceUnlit.uexp" 367
"../../../Engine/Plugins/Interchange/Assets/Content/Functions/MX_ThinFilmBSDF.uasset" 368
"../../../Engine/Plugins/Interchange/Assets/Content/Functions/MX_ThinFilmBSDF.uexp" 369
"../../../Engine/Plugins/Interchange/Assets/Content/Functions/MX_TranslucentBSDF.uasset" 370
"../../../Engine/Plugins/Interchange/Assets/Content/Functions/MX_TranslucentBSDF.uexp" 371
"../../../Engine/Plugins/Interchange/Assets/Content/Functions/MX_UniformEDF.uasset" 372
"../../../Engine/Plugins/Interchange/Assets/Content/Functions/MX_UniformEDF.uexp" 373
"../../../Engine/Plugins/Interchange/Assets/Content/Functions/MX_UsdPreviewSurface.uasset" 374
"../../../Engine/Plugins/Interchange/Assets/Content/Functions/MX_UsdPreviewSurface.uexp" 375
"../../../Engine/Plugins/Runtime/HairStrands/Content/Materials/HairCardsDefaultMaterial.uasset" 376
"../../../Engine/Plugins/Runtime/HairStrands/Content/Materials/HairCardsDefaultMaterial.uexp" 377
"../../../Engine/Plugins/Runtime/HairStrands/Content/Materials/HairGroupColors.uasset" 378
"../../../Engine/Plugins/Runtime/HairStrands/Content/Materials/HairGroupColors.uexp" 379
"../../../Engine/Content/EngineMaterials/HairColorMap.uasset" 380
"../../../Engine/Content/EngineMaterials/HairColorMap.uexp" 381
"../../../Engine/Content/EngineMaterials/HairDebugColor.uasset" 382
"../../../Engine/Content/EngineMaterials/HairDebugColor.uexp" 383
"../../../Engine/Content/Functions/Engine_MaterialFunctions02/Utility/MakeFloat2.uasset" 384
"../../../Engine/Content/Functions/Engine_MaterialFunctions02/Utility/MakeFloat2.uexp" 385
"../../../Engine/Content/Functions/Engine_MaterialFunctions02/Utility/MakeFloat3.uasset" 386
"../../../Engine/Content/Functions/Engine_MaterialFunctions02/Utility/MakeFloat3.uexp" 387
"../../../Engine/Plugins/Runtime/HairStrands/Content/Materials/HairDebugMaterial.uasset" 388
"../../../Engine/Plugins/Runtime/HairStrands/Content/Materials/HairDebugMaterial.uexp" 389
"../../../Engine/Plugins/Runtime/HairStrands/Content/Materials/HairDefaultMaterial.uasset" 390
"../../../Engine/Plugins/Runtime/HairStrands/Content/Materials/HairDefaultMaterial.uexp" 391
"../../../Engine/Plugins/Runtime/HairStrands/Content/Materials/HairMeshesDefaultMaterial.uasset" 392
"../../../Engine/Plugins/Runtime/HairStrands/Content/Materials/HairMeshesDefaultMaterial.uexp" 393
"../../../Engine/Plugins/VirtualProduction/CameraCalibrationCore/Content/Materials/M_DefaultEvenSquare.uasset" 394
"../../../Engine/Plugins/VirtualProduction/CameraCalibrationCore/Content/Materials/M_DefaultEvenSquare.uexp" 395
"../../../Engine/Plugins/VirtualProduction/CameraCalibrationCore/Content/Materials/M_DefaultOddSquare.uasset" 396
"../../../Engine/Plugins/VirtualProduction/CameraCalibrationCore/Content/Materials/M_DefaultOddSquare.uexp" 397
"../../../Engine/Content/BasicShapes/BasicShapeMaterial.uasset" 398
"../../../Engine/Content/BasicShapes/BasicShapeMaterial.uexp" 399
"../../../Engine/Content/EditorLandscapeResources/DefaultAlphaTexture.uasset" 400
"../../../Engine/Content/EditorLandscapeResources/DefaultAlphaTexture.uexp" 401
"../../../Engine/Content/EditorLandscapeResources/LandscapeDirtyMaterial.uasset" 402
"../../../Engine/Content/EditorLandscapeResources/LandscapeDirtyMaterial.uexp" 403
"../../../Engine/Content/Functions/Engine_MaterialFunctions02/Utility/BreakOutFloat2Components.uasset" 404
"../../../Engine/Content/Functions/Engine_MaterialFunctions02/Utility/BreakOutFloat2Components.uexp" 405
"../../../Engine/Content/Functions/Engine_MaterialFunctions01/Texturing/ScaleUVsByCenter.uasset" 406
"../../../Engine/Content/Functions/Engine_MaterialFunctions01/Texturing/ScaleUVsByCenter.uexp" 407
"../../../Engine/Content/Functions/Engine_MaterialFunctions02/WorldPositionOffset/LocalPosition.uasset" 408
"../../../Engine/Content/Functions/Engine_MaterialFunctions02/WorldPositionOffset/LocalPosition.uexp" 409
"../../../Engine/Content/EngineMaterials/DefaultDiffuse.ubulk" 410
"../../../Engine/Content/EngineMaterials/DefaultDiffuse.uasset" 411
"../../../Engine/Content/EngineMaterials/DefaultDiffuse.uexp" 412
"../../../Engine/Content/Functions/Engine_MaterialFunctions01/Texturing/TextureCropping.uasset" 413
"../../../Engine/Content/Functions/Engine_MaterialFunctions01/Texturing/TextureCropping.uexp" 414
"../../../Engine/Content/Functions/Engine_MaterialFunctions02/ExampleContent/DebugNumberStrip.uasset" 415
"../../../Engine/Content/Functions/Engine_MaterialFunctions02/ExampleContent/DebugNumberStrip.uexp" 416
"../../../Engine/Content/Functions/Engine_MaterialFunctions01/Debug/DebugIntValues.uasset" 417
"../../../Engine/Content/Functions/Engine_MaterialFunctions01/Debug/DebugIntValues.uexp" 418
"../../../Engine/Content/EditorLandscapeResources/LandscapeLayerUsageMaterial.uasset" 419
"../../../Engine/Content/EditorLandscapeResources/LandscapeLayerUsageMaterial.uexp" 420
"../../../Engine/Content/EditorLandscapeResources/WhiteSquareTexture.uasset" 421
"../../../Engine/Content/EditorLandscapeResources/WhiteSquareTexture.uexp" 422
"../../../Engine/Content/EditorLandscapeResources/LayerVisMaterial.uasset" 423
"../../../Engine/Content/EditorLandscapeResources/LayerVisMaterial.uexp" 424
"../../../Engine/Content/EditorMaterials/PhAT_NoCollisionMaterial.uasset" 425
"../../../Engine/Content/EditorMaterials/PhAT_NoCollisionMaterial.uexp" 426
"../../../Engine/Content/EditorMaterials/PhAT_UnselectedMaterial.uasset" 427
"../../../Engine/Content/EditorMaterials/PhAT_UnselectedMaterial.uexp" 428
"../../../Engine/Content/EditorMaterials/PreviewShadowIndicator.ubulk" 429
"../../../Engine/Content/EditorMaterials/PreviewShadowIndicator.uasset" 430
"../../../Engine/Content/EditorMaterials/PreviewShadowIndicator.uexp" 431
"../../../Engine/Content/EditorMaterials/PreviewShadowIndicatorMaterial.uasset" 432
"../../../Engine/Content/EditorMaterials/PreviewShadowIndicatorMaterial.uexp" 433
"../../../Engine/Content/EngineDebugMaterials/DebugEditorMaterial.uasset" 434
"../../../Engine/Content/EngineDebugMaterials/DebugEditorMaterial.uexp" 435
"../../../Engine/Content/EngineDebugMaterials/DebugMeshMaterial.uasset" 436
"../../../Engine/Content/EngineDebugMaterials/DebugMeshMaterial.uexp" 437
"../../../Engine/Content/EngineDebugMaterials/M_SimpleUnlitTranslucent.uasset" 438
"../../../Engine/Content/EngineDebugMaterials/M_SimpleUnlitTranslucent.uexp" 439
"../../../Engine/Content/Functions/Engine_MaterialFunctions02/Utility/CameraDirectionVector.uasset" 440
"../../../Engine/Content/Functions/Engine_MaterialFunctions02/Utility/CameraDirectionVector.uexp" 441
"../../../Engine/Content/EngineDebugMaterials/VolumeToRender.uasset" 442
"../../../Engine/Content/EngineDebugMaterials/VolumeToRender.uexp" 443
"../../../Engine/Content/EngineDebugMaterials/M_VolumeRenderSphereTracePP.uasset" 444
"../../../Engine/Content/EngineDebugMaterials/M_VolumeRenderSphereTracePP.uexp" 445
"../../../Engine/Content/EngineMaterials/DefaultDeferredDecalMaterial.uasset" 446
"../../../Engine/Content/EngineMaterials/DefaultDeferredDecalMaterial.uexp" 447
"../../../Engine/Content/EngineMaterials/DefaultLightFunctionMaterial.uasset" 448
"../../../Engine/Content/EngineMaterials/DefaultLightFunctionMaterial.uexp" 449
"../../../Engine/Content/EngineMaterials/DefaultPostProcessMaterial.uasset" 450
"../../../Engine/Content/EngineMaterials/DefaultPostProcessMaterial.uexp" 451
"../../../Engine/Content/EngineFonts/RobotoDistanceField.uasset" 452
"../../../Engine/Content/EngineFonts/RobotoDistanceField.uexp" 453
"../../../Engine/Content/EngineMaterials/DefaultTextMaterialOpaque.uasset" 454
"../../../Engine/Content/EngineMaterials/DefaultTextMaterialOpaque.uexp" 455
"../../../Engine/Content/EngineMaterials/DefaultWhiteGrid_Low.uasset" 456
"../../../Engine/Content/EngineMaterials/DefaultWhiteGrid_Low.uexp" 457
"../../../Engine/Content/EngineMaterials/EmissiveMeshMaterial.uasset" 458
"../../../Engine/Content/EngineMaterials/EmissiveMeshMaterial.uexp" 459
"../../../Engine/Content/EngineMaterials/BaseFlattenNormalMap.uasset" 460
"../../../Engine/Content/EngineMaterials/BaseFlattenNormalMap.uexp" 461
"../../../Engine/Content/EngineMaterials/BaseFlattenLinearColor.uasset" 462
"../../../Engine/Content/EngineMaterials/BaseFlattenLinearColor.uexp" 463
"../../../Engine/Content/Functions/Engine_MaterialFunctions02/PivotPainter2/Black_1x1_EXR_Texture.uasset" 464
"../../../Engine/Content/Functions/Engine_MaterialFunctions02/PivotPainter2/Black_1x1_EXR_Texture.uexp" 465
"../../../Engine/Content/EngineMaterials/BaseFlattenDiffuseMap.uasset" 466
"../../../Engine/Content/EngineMaterials/BaseFlattenDiffuseMap.uexp" 467
"../../../Engine/Content/EngineMaterials/BaseFlattenEmissiveMap.uasset" 468
"../../../Engine/Content/EngineMaterials/BaseFlattenEmissiveMap.uexp" 469
"../../../Engine/Content/EngineMaterials/BaseFlattenGrayscaleMap.uasset" 470
"../../../Engine/Content/EngineMaterials/BaseFlattenGrayscaleMap.uexp" 471
"../../../Engine/Content/EngineMaterials/FlattenMaterial.uasset" 472
"../../../Engine/Content/EngineMaterials/FlattenMaterial.uexp" 473
"../../../Engine/Content/EngineMaterials/BaseFlattenDiffuseMap_VT.ubulk" 474
"../../../Engine/Content/EngineMaterials/BaseFlattenDiffuseMap_VT.uasset" 475
"../../../Engine/Content/EngineMaterials/BaseFlattenDiffuseMap_VT.uexp" 476
"../../../Engine/Content/EngineMaterials/BaseFlattenEmissiveMap_VT.ubulk" 477
"../../../Engine/Content/EngineMaterials/BaseFlattenEmissiveMap_VT.uasset" 478
"../../../Engine/Content/EngineMaterials/BaseFlattenEmissiveMap_VT.uexp" 479
"../../../Engine/Content/EngineMaterials/BaseFlattenGrayscaleMap_VT.ubulk" 480
"../../../Engine/Content/EngineMaterials/BaseFlattenGrayscaleMap_VT.uasset" 481
"../../../Engine/Content/EngineMaterials/BaseFlattenGrayscaleMap_VT.uexp" 482
"../../../Engine/Content/EngineMaterials/BaseFlattenLinearColor_VT.ubulk" 483
"../../../Engine/Content/EngineMaterials/BaseFlattenLinearColor_VT.uasset" 484
"../../../Engine/Content/EngineMaterials/BaseFlattenLinearColor_VT.uexp" 485
"../../../Engine/Content/EngineMaterials/BaseFlattenNormalMap_VT.ubulk" 486
"../../../Engine/Content/EngineMaterials/BaseFlattenNormalMap_VT.uasset" 487
"../../../Engine/Content/EngineMaterials/BaseFlattenNormalMap_VT.uexp" 488
"../../../Engine/Content/EngineMaterials/Black_1x1_EXR_Texture_VT.ubulk" 489
"../../../Engine/Content/EngineMaterials/Black_1x1_EXR_Texture_VT.uasset" 490
"../../../Engine/Content/EngineMaterials/Black_1x1_EXR_Texture_VT.uexp" 491
"../../../Engine/Content/EngineMaterials/FlattenMaterial_VT.uasset" 492
"../../../Engine/Content/EngineMaterials/FlattenMaterial_VT.uexp" 493
"../../../Engine/Content/EngineMaterials/FlattenMaterial_WS_Normal_VT.uasset" 494
"../../../Engine/Content/EngineMaterials/FlattenMaterial_WS_Normal_VT.uexp" 495
"../../../Engine/Content/EngineMaterials/GizmoMaterial.uasset" 496
"../../../Engine/Content/EngineMaterials/GizmoMaterial.uexp" 497
"../../../Engine/Content/EngineMaterials/InvalidLightmapSettings.ubulk" 498
"../../../Engine/Content/EngineMaterials/InvalidLightmapSettings.uasset" 499
"../../../Engine/Content/EngineMaterials/InvalidLightmapSettings.uexp" 500
"../../../Engine/Content/EngineMaterials/M_InvalidLightmapSettings.uasset" 501
"../../../Engine/Content/EngineMaterials/M_InvalidLightmapSettings.uexp" 502
"../../../Engine/Content/EngineMaterials/NaniteHiddenSectionMaterial.uasset" 503
"../../../Engine/Content/EngineMaterials/NaniteHiddenSectionMaterial.uexp" 504
"../../../Engine/Content/Functions/Engine_MaterialFunctions02/WorldPositionOffset/CameraOffset.uasset" 505
"../../../Engine/Content/Functions/Engine_MaterialFunctions02/WorldPositionOffset/CameraOffset.uexp" 506
"../../../Engine/Content/EngineMaterials/PhAT_JointLimitMaterial.uasset" 507
"../../../Engine/Content/EngineMaterials/PhAT_JointLimitMaterial.uexp" 508
"../../../Engine/Content/EngineMaterials/DefaultCalibrationColor.uasset" 509
"../../../Engine/Content/EngineMaterials/DefaultCalibrationColor.uexp" 510
"../../../Engine/Content/EngineMaterials/PPM_DefaultCalibrationColor.uasset" 511
"../../../Engine/Content/EngineMaterials/PPM_DefaultCalibrationColor.uexp" 512
"../../../Engine/Content/EngineMaterials/DefaultCalibrationGrayscale.uasset" 513
"../../../Engine/Content/EngineMaterials/DefaultCalibrationGrayscale.uexp" 514
"../../../Engine/Content/EngineMaterials/PPM_DefaultCalibrationGrayscale.uasset" 515
"../../../Engine/Content/EngineMaterials/PPM_DefaultCalibrationGrayscale.uexp" 516
"../../../Engine/Content/EngineMaterials/RemoveSurfaceMaterial.uasset" 517
"../../../Engine/Content/EngineMaterials/RemoveSurfaceMaterial.uexp" 518
"../../../Engine/Plugins/Animation/ControlRig/Content/M_Manip.uasset" 519
"../../../Engine/Plugins/Animation/ControlRig/Content/M_Manip.uexp" 520
"../../../Engine/Content/EngineMeshes/Sphere.ubulk" 521
"../../../Engine/Content/EngineMeshes/Sphere.uasset" 522
"../../../Engine/Content/EngineMeshes/Sphere.uexp" 523
"../../../Engine/Content/EngineResources/DefaultTextureCube.uasset" 524
"../../../Engine/Content/EngineResources/DefaultTextureCube.uexp" 525
"../../../Engine/Content/EngineMaterials/T_Default_Material_Grid_M.ubulk" 526
"../../../Engine/Content/EngineMaterials/T_Default_Material_Grid_M.uasset" 527
"../../../Engine/Content/EngineMaterials/T_Default_Material_Grid_M.uexp" 528
"../../../Engine/Content/EngineMaterials/T_Default_Material_Grid_N.ubulk" 529
"../../../Engine/Content/EngineMaterials/T_Default_Material_Grid_N.uasset" 530
"../../../Engine/Content/EngineMaterials/T_Default_Material_Grid_N.uexp" 531
"../../../Engine/Content/Functions/Engine_MaterialFunctions01/Opacity/CameraDepthFade.uasset" 532
"../../../Engine/Content/Functions/Engine_MaterialFunctions01/Opacity/CameraDepthFade.uexp" 533
"../../../Engine/Content/EngineMaterials/WorldGridMaterial.uasset" 534
"../../../Engine/Content/EngineMaterials/WorldGridMaterial.uexp" 535
"../../../Engine/Content/ArtTools/RenderToTexture/Meshes/S_1_Unit_Plane.ubulk" 536
"../../../Engine/Content/ArtTools/RenderToTexture/Meshes/S_1_Unit_Plane.uasset" 537
"../../../Engine/Content/ArtTools/RenderToTexture/Meshes/S_1_Unit_Plane.uexp" 538
"../../../Engine/Content/EditorMaterials/Camera/CineMat.uasset" 539
"../../../Engine/Content/EditorMaterials/Camera/CineMat.uexp" 540
"../../../Engine/Content/EditorMaterials/Camera/MI_CineMat_Rig.uasset" 541
"../../../Engine/Content/EditorMaterials/Camera/MI_CineMat_Rig.uexp" 542
"../../../Engine/Content/EditorMeshes/Camera/SM_CraneRig_Arm.ubulk" 543
"../../../Engine/Content/EditorMeshes/Camera/SM_CraneRig_Arm.uasset" 544
"../../../Engine/Content/EditorMeshes/Camera/SM_CraneRig_Arm.uexp" 545
"../../../Engine/Content/EditorMeshes/Camera/SM_CraneRig_Base.ubulk" 546
"../../../Engine/Content/EditorMeshes/Camera/SM_CraneRig_Base.uasset" 547
"../../../Engine/Content/EditorMeshes/Camera/SM_CraneRig_Base.uexp" 548
"../../../Engine/Content/EditorMeshes/Camera/SM_CraneRig_Body.ubulk" 549
"../../../Engine/Content/EditorMeshes/Camera/SM_CraneRig_Body.uasset" 550
"../../../Engine/Content/EditorMeshes/Camera/SM_CraneRig_Body.uexp" 551
"../../../Engine/Content/EditorMeshes/Camera/SM_CraneRig_Mount.ubulk" 552
"../../../Engine/Content/EditorMeshes/Camera/SM_CraneRig_Mount.uasset" 553
"../../../Engine/Content/EditorMeshes/Camera/SM_CraneRig_Mount.uexp" 554
"../../../Engine/Content/EditorMeshes/Camera/SM_RailRig_Mount.ubulk" 555
"../../../Engine/Content/EditorMeshes/Camera/SM_RailRig_Mount.uasset" 556
"../../../Engine/Content/EditorMeshes/Camera/SM_RailRig_Mount.uexp" 557
"../../../Engine/Content/EditorMeshes/Camera/SM_RailRig_Track.ubulk" 558
"../../../Engine/Content/EditorMeshes/Camera/SM_RailRig_Track.uasset" 559
"../../../Engine/Content/EditorMeshes/Camera/SM_RailRig_Track.uexp" 560
"../../../Engine/Content/EngineMaterials/Substrate/GLints/AGlintTex2dArray.uasset" 561
"../../../Engine/Content/EngineMaterials/Substrate/GLints/AGlintTex2dArray.uexp" 562
"../../../Engine/Content/EngineMaterials/Substrate/Glints2/AGlintTex2dArray2.uasset" 563
"../../../Engine/Content/EngineMaterials/Substrate/Glints2/AGlintTex2dArray2.uexp" 564
"../../../Engine/Content/EngineMaterials/Substrate/Volume/SubstrateSimpleVolumeEnvLUT3D.uasset" 565
"../../../Engine/Content/EngineMaterials/Substrate/Volume/SubstrateSimpleVolumeEnvLUT3D.uexp" 566
"../../../Engine/Content/EngineMaterials/Substrate/Volume/SubstrateSimpleVolumeLUT3D.uasset" 567
"../../../Engine/Content/EngineMaterials/Substrate/Volume/SubstrateSimpleVolumeLUT3D.uexp" 568
"../../../Engine/Content/EngineSky/VolumetricClouds/VT_PerlinWorley_Balanced.uasset" 569
"../../../Engine/Content/EngineSky/VolumetricClouds/VT_PerlinWorley_Balanced.uexp" 570
"../../../Engine/Content/EngineSky/VolumetricClouds/T_Profile_08.ubulk" 571
"../../../Engine/Content/EngineSky/VolumetricClouds/T_Profile_08.uasset" 572
"../../../Engine/Content/EngineSky/VolumetricClouds/T_Profile_08.uexp" 573
"../../../Engine/Content/EngineSky/VolumetricClouds/T_CloudPattern.ubulk" 574
"../../../Engine/Content/EngineSky/VolumetricClouds/T_CloudPattern.uasset" 575
"../../../Engine/Content/EngineSky/VolumetricClouds/T_CloudPattern.uexp" 576
"../../../Engine/Content/EngineSky/VolumetricClouds/T_CloudMask.ubulk" 577
"../../../Engine/Content/EngineSky/VolumetricClouds/T_CloudMask.uasset" 578
"../../../Engine/Content/EngineSky/VolumetricClouds/T_CloudMask.uexp" 579
"../../../Engine/Content/Functions/Engine_MaterialFunctions02/Utility/BreakOutFloat4Components.uasset" 580
"../../../Engine/Content/Functions/Engine_MaterialFunctions02/Utility/BreakOutFloat4Components.uexp" 581
"../../../Engine/Content/Functions/Engine_MaterialFunctions02/Utility/MakeFloat4.uasset" 582
"../../../Engine/Content/Functions/Engine_MaterialFunctions02/Utility/MakeFloat4.uexp" 583
"../../../Engine/Content/Functions/Engine_MaterialFunctions01/Units/Km-to-Cm.uasset" 584
"../../../Engine/Content/Functions/Engine_MaterialFunctions01/Units/Km-to-Cm.uexp" 585
"../../../Engine/Content/EngineSky/VolumetricClouds/VT_Lightning.uasset" 586
"../../../Engine/Content/EngineSky/VolumetricClouds/VT_Lightning.uexp" 587
"../../../Engine/Content/EngineResources/DefaultVolumeTexture2D.uasset" 588
"../../../Engine/Content/EngineResources/DefaultVolumeTexture2D.uexp" 589
"../../../Engine/Content/EngineResources/DefaultVolumeTexture.uasset" 590
"../../../Engine/Content/EngineResources/DefaultVolumeTexture.uexp" 591
"../../../Engine/Content/EngineSky/VolumetricClouds/m_SimpleVolumetricCloud.uasset" 592
"../../../Engine/Content/EngineSky/VolumetricClouds/m_SimpleVolumetricCloud.uexp" 593
"../../../Engine/Content/EngineSky/VolumetricClouds/m_SimpleVolumetricCloud_Inst.uasset" 594
"../../../Engine/Content/EngineSky/VolumetricClouds/m_SimpleVolumetricCloud_Inst.uexp" 595
"../../../Engine/Content/VREditor/TransformGizmo/TranslucentTransformGizmoMaterial.uasset" 596
"../../../Engine/Content/VREditor/TransformGizmo/TranslucentTransformGizmoMaterial.uexp" 597
"../../../Engine/Content/VREditor/LaserPointer/VR_LaserPower_01.ubulk" 598
"../../../Engine/Content/VREditor/LaserPointer/VR_LaserPower_01.uasset" 599
"../../../Engine/Content/VREditor/LaserPointer/VR_LaserPower_01.uexp" 600
"../../../Engine/Content/VREditor/TransformGizmo/TransformGizmoMaterial.uasset" 601
"../../../Engine/Content/VREditor/TransformGizmo/TransformGizmoMaterial.uexp" 602
"../../../Engine/Content/VREditor/TransformGizmo/BoundingBoxCorner.ubulk" 603
"../../../Engine/Content/VREditor/TransformGizmo/BoundingBoxCorner.uasset" 604
"../../../Engine/Content/VREditor/TransformGizmo/BoundingBoxCorner.uexp" 605
"../../../Engine/Content/VREditor/TransformGizmo/BoundingBoxEdge.ubulk" 606
"../../../Engine/Content/VREditor/TransformGizmo/BoundingBoxEdge.uasset" 607
"../../../Engine/Content/VREditor/TransformGizmo/BoundingBoxEdge.uexp" 608
"../../../Engine/Content/VREditor/TransformGizmo/Xray.uasset" 609
"../../../Engine/Content/VREditor/TransformGizmo/Xray.uexp" 610
"../../../Engine/Content/VREditor/TransformGizmo/Main.uasset" 611
"../../../Engine/Content/VREditor/TransformGizmo/Main.uexp" 612
"../../../Engine/Content/VREditor/TransformGizmo/SM_Sequencer_Node.ubulk" 613
"../../../Engine/Content/VREditor/TransformGizmo/SM_Sequencer_Node.uasset" 614
"../../../Engine/Content/VREditor/TransformGizmo/SM_Sequencer_Node.uexp" 615
"../../../Engine/Content/Functions/Engine_MaterialFunctions02/Math/Transform3x3Matrix.uasset" 616
"../../../Engine/Content/Functions/Engine_MaterialFunctions02/Math/Transform3x3Matrix.uexp" 617
"../../../Engine/Content/Functions/Engine_MaterialFunctions01/Texturing/FlattenNormal.uasset" 618
"../../../Engine/Content/Functions/Engine_MaterialFunctions01/Texturing/FlattenNormal.uexp" 619
"../../../Engine/Plugins/Interchange/Assets/Content/Utilities/New_LUT.uasset" 620
"../../../Engine/Plugins/Interchange/Assets/Content/Utilities/New_LUT.uexp" 621
"../../../Engine/Content/Functions/Engine_MaterialFunctions03/Math/RemapValueRange.uasset" 622
"../../../Engine/Content/Functions/Engine_MaterialFunctions03/Math/RemapValueRange.uexp" 623
"../../../Engine/Plugins/Interchange/Assets/Content/Functions/MF_Iridescence.uasset" 624
"../../../Engine/Plugins/Interchange/Assets/Content/Functions/MF_Iridescence.uexp" 625
"../../../Engine/Plugins/Interchange/Assets/Content/gltf/Textures/T_White_srgb.uasset" 626
"../../../Engine/Plugins/Interchange/Assets/Content/gltf/Textures/T_White_srgb.uexp" 627
"../../../Engine/Plugins/Interchange/Assets/Content/gltf/MaterialFunctions/MF_BaseColor.uasset" 628
"../../../Engine/Plugins/Interchange/Assets/Content/gltf/MaterialFunctions/MF_BaseColor.uexp" 629
"../../../Engine/Plugins/Interchange/Assets/Content/gltf/MaterialFunctions/MF_RotateV2.uasset" 630
"../../../Engine/Plugins/Interchange/Assets/Content/gltf/MaterialFunctions/MF_RotateV2.uexp" 631
"../../../Engine/Plugins/Interchange/Assets/Content/gltf/MaterialFunctions/MF_TransformUVs.uasset" 632
"../../../Engine/Plugins/Interchange/Assets/Content/gltf/MaterialFunctions/MF_TransformUVs.uexp" 633
"../../../Engine/Plugins/Interchange/Assets/Content/gltf/MaterialFunctions/MF_IOR.uasset" 634
"../../../Engine/Plugins/Interchange/Assets/Content/gltf/MaterialFunctions/MF_IOR.uexp" 635
"../../../Engine/Plugins/Interchange/Assets/Content/gltf/MaterialFunctions/MF_Iridescence.uasset" 636
"../../../Engine/Plugins/Interchange/Assets/Content/gltf/MaterialFunctions/MF_Iridescence.uexp" 637
"../../../Engine/Plugins/Interchange/Assets/Content/gltf/Textures/T_White_Linear.uasset" 638
"../../../Engine/Plugins/Interchange/Assets/Content/gltf/Textures/T_White_Linear.uexp" 639
"../../../Engine/Plugins/Interchange/Assets/Content/gltf/MaterialFunctions/MF_MetallicRoughness.uasset" 640
"../../../Engine/Plugins/Interchange/Assets/Content/gltf/MaterialFunctions/MF_MetallicRoughness.uexp" 641
"../../../Engine/Plugins/Interchange/Assets/Content/gltf/MaterialFunctions/MF_RotateNormals_TS.uasset" 642
"../../../Engine/Plugins/Interchange/Assets/Content/gltf/MaterialFunctions/MF_RotateNormals_TS.uexp" 643
"../../../Engine/Plugins/Interchange/Assets/Content/gltf/MaterialFunctions/MF_ScaleNormal.uasset" 644
"../../../Engine/Plugins/Interchange/Assets/Content/gltf/MaterialFunctions/MF_ScaleNormal.uexp" 645
"../../../Engine/Plugins/Interchange/Assets/Content/gltf/Textures/T_Generic_N.uasset" 646
"../../../Engine/Plugins/Interchange/Assets/Content/gltf/Textures/T_Generic_N.uexp" 647
"../../../Engine/Plugins/Interchange/Assets/Content/gltf/MaterialFunctions/MF_Normals.uasset" 648
"../../../Engine/Plugins/Interchange/Assets/Content/gltf/MaterialFunctions/MF_Normals.uexp" 649
"../../../Engine/Plugins/Interchange/Assets/Content/gltf/MaterialFunctions/MF_Occlusion.uasset" 650
"../../../Engine/Plugins/Interchange/Assets/Content/gltf/MaterialFunctions/MF_Occlusion.uexp" 651
"../../../Engine/Plugins/Interchange/Assets/Content/gltf/MaterialFunctions/MF_Specular.uasset" 652
"../../../Engine/Plugins/Interchange/Assets/Content/gltf/MaterialFunctions/MF_Specular.uexp" 653
"../../../Engine/Plugins/Interchange/Assets/Content/gltf/Textures/T_Anisotropy_Direction_Linear.uasset" 654
"../../../Engine/Plugins/Interchange/Assets/Content/gltf/Textures/T_Anisotropy_Direction_Linear.uexp" 655
"../../../Engine/Plugins/Interchange/Assets/Content/gltf/MaterialFunctions/MF_SpecularAnisotropy.uasset" 656
"../../../Engine/Plugins/Interchange/Assets/Content/gltf/MaterialFunctions/MF_SpecularAnisotropy.uexp" 657
"../../../Engine/Plugins/Interchange/Assets/Content/gltf/MaterialFunctions/MF_Emissive.uasset" 658
"../../../Engine/Plugins/Interchange/Assets/Content/gltf/MaterialFunctions/MF_Emissive.uexp" 659
"../../../Engine/Plugins/Interchange/Assets/Content/gltf/MaterialFunctions/MF_Clearcoat.uasset" 660
"../../../Engine/Plugins/Interchange/Assets/Content/gltf/MaterialFunctions/MF_Clearcoat.uexp" 661
"../../../Engine/Plugins/Interchange/Assets/Content/gltf/MaterialBodies/MF_ClearCoat_Body.uasset" 662
"../../../Engine/Plugins/Interchange/Assets/Content/gltf/MaterialBodies/MF_ClearCoat_Body.uexp" 663
"../../../Engine/Plugins/Interchange/Assets/Content/gltf/M_ClearCoat.uasset" 664
"../../../Engine/Plugins/Interchange/Assets/Content/gltf/M_ClearCoat.uexp" 665
"../../../Engine/Plugins/Interchange/Assets/Content/gltf/MaterialInstances/MI_ClearCoat_Blend.uasset" 666
"../../../Engine/Plugins/Interchange/Assets/Content/gltf/MaterialInstances/MI_ClearCoat_Blend.uexp" 667
"../../../Engine/Plugins/Interchange/Assets/Content/gltf/MaterialInstances/MI_ClearCoat_Blend_DS.uasset" 668
"../../../Engine/Plugins/Interchange/Assets/Content/gltf/MaterialInstances/MI_ClearCoat_Blend_DS.uexp" 669
"../../../Engine/Plugins/Interchange/Assets/Content/gltf/MaterialInstances/MI_ClearCoat_Mask.uasset" 670
"../../../Engine/Plugins/Interchange/Assets/Content/gltf/MaterialInstances/MI_ClearCoat_Mask.uexp" 671
"../../../Engine/Plugins/Interchange/Assets/Content/gltf/MaterialInstances/MI_ClearCoat_Mask_DS.uasset" 672
"../../../Engine/Plugins/Interchange/Assets/Content/gltf/MaterialInstances/MI_ClearCoat_Mask_DS.uexp" 673
"../../../Engine/Plugins/Interchange/Assets/Content/gltf/MaterialInstances/MI_ClearCoat_Opaque.uasset" 674
"../../../Engine/Plugins/Interchange/Assets/Content/gltf/MaterialInstances/MI_ClearCoat_Opaque.uexp" 675
"../../../Engine/Plugins/Interchange/Assets/Content/gltf/MaterialInstances/MI_ClearCoat_Opaque_DS.uasset" 676
"../../../Engine/Plugins/Interchange/Assets/Content/gltf/MaterialInstances/MI_ClearCoat_Opaque_DS.uexp" 677
"../../../Engine/Plugins/Interchange/Assets/Content/gltf/MaterialBodies/MF_Default_Body.uasset" 678
"../../../Engine/Plugins/Interchange/Assets/Content/gltf/MaterialBodies/MF_Default_Body.uexp" 679
"../../../Engine/Plugins/Interchange/Assets/Content/gltf/M_Default.uasset" 680
"../../../Engine/Plugins/Interchange/Assets/Content/gltf/M_Default.uexp" 681
"../../../Engine/Plugins/Interchange/Assets/Content/gltf/MaterialInstances/MI_Default_Blend.uasset" 682
"../../../Engine/Plugins/Interchange/Assets/Content/gltf/MaterialInstances/MI_Default_Blend.uexp" 683
"../../../Engine/Plugins/Interchange/Assets/Content/gltf/MaterialInstances/MI_Default_Blend_DS.uasset" 684
"../../../Engine/Plugins/Interchange/Assets/Content/gltf/MaterialInstances/MI_Default_Blend_DS.uexp" 685
"../../../Engine/Plugins/Interchange/Assets/Content/gltf/MaterialInstances/MI_Default_Mask.uasset" 686
"../../../Engine/Plugins/Interchange/Assets/Content/gltf/MaterialInstances/MI_Default_Mask.uexp" 687
"../../../Engine/Plugins/Interchange/Assets/Content/gltf/MaterialInstances/MI_Default_Mask_DS.uasset" 688
"../../../Engine/Plugins/Interchange/Assets/Content/gltf/MaterialInstances/MI_Default_Mask_DS.uexp" 689
"../../../Engine/Plugins/Interchange/Assets/Content/gltf/MaterialInstances/MI_Default_Opaque.uasset" 690
"../../../Engine/Plugins/Interchange/Assets/Content/gltf/MaterialInstances/MI_Default_Opaque.uexp" 691
"../../../Engine/Plugins/Interchange/Assets/Content/gltf/MaterialFunctions/MF_Sheen.uasset" 692
"../../../Engine/Plugins/Interchange/Assets/Content/gltf/MaterialFunctions/MF_Sheen.uexp" 693
"../../../Engine/Plugins/Interchange/Assets/Content/gltf/MaterialBodies/MF_Sheen_Body.uasset" 694
"../../../Engine/Plugins/Interchange/Assets/Content/gltf/MaterialBodies/MF_Sheen_Body.uexp" 695
"../../../Engine/Plugins/Interchange/Assets/Content/gltf/M_Sheen.uasset" 696
"../../../Engine/Plugins/Interchange/Assets/Content/gltf/M_Sheen.uexp" 697
"../../../Engine/Plugins/Interchange/Assets/Content/gltf/MaterialInstances/MI_Sheen_Blend.uasset" 698
"../../../Engine/Plugins/Interchange/Assets/Content/gltf/MaterialInstances/MI_Sheen_Blend.uexp" 699
"../../../Engine/Plugins/Interchange/Assets/Content/gltf/MaterialInstances/MI_Sheen_Blend_DS.uasset" 700
"../../../Engine/Plugins/Interchange/Assets/Content/gltf/MaterialInstances/MI_Sheen_Blend_DS.uexp" 701
"../../../Engine/Plugins/Interchange/Assets/Content/gltf/MaterialInstances/MI_Sheen_Mask.uasset" 702
"../../../Engine/Plugins/Interchange/Assets/Content/gltf/MaterialInstances/MI_Sheen_Mask.uexp" 703
"../../../Engine/Plugins/Interchange/Assets/Content/gltf/MaterialInstances/MI_Sheen_Mask_DS.uasset" 704
"../../../Engine/Plugins/Interchange/Assets/Content/gltf/MaterialInstances/MI_Sheen_Mask_DS.uexp" 705
"../../../Engine/Plugins/Interchange/Assets/Content/gltf/MaterialInstances/MI_Sheen_Opaque.uasset" 706
"../../../Engine/Plugins/Interchange/Assets/Content/gltf/MaterialInstances/MI_Sheen_Opaque.uexp" 707
"../../../Engine/Plugins/Interchange/Assets/Content/gltf/MaterialInstances/MI_Sheen_Opaque_DS.uasset" 708
"../../../Engine/Plugins/Interchange/Assets/Content/gltf/MaterialInstances/MI_Sheen_Opaque_DS.uexp" 709
"../../../Engine/Content/Functions/Engine_MaterialFunctions02/Math/AddComponents.uasset" 710
"../../../Engine/Content/Functions/Engine_MaterialFunctions02/Math/AddComponents.uexp" 711
"../../../Engine/Plugins/Interchange/Assets/Content/gltf/MaterialFunctions/MF_DiffuseSpecGloss.uasset" 712
"../../../Engine/Plugins/Interchange/Assets/Content/gltf/MaterialFunctions/MF_DiffuseSpecGloss.uexp" 713
"../../../Engine/Plugins/Interchange/Assets/Content/gltf/MaterialFunctions/MF_MaxComponentValue.uasset" 714
"../../../Engine/Plugins/Interchange/Assets/Content/gltf/MaterialFunctions/MF_MaxComponentValue.uexp" 715
"../../../Engine/Plugins/Interchange/Assets/Content/gltf/MaterialFunctions/MF_PerceivedBrightness.uasset" 716
"../../../Engine/Plugins/Interchange/Assets/Content/gltf/MaterialFunctions/MF_PerceivedBrightness.uexp" 717
"../../../Engine/Plugins/Interchange/Assets/Content/gltf/MaterialFunctions/MF_SpecGlossToMetalRoughness.uasset" 718
"../../../Engine/Plugins/Interchange/Assets/Content/gltf/MaterialFunctions/MF_SpecGlossToMetalRoughness.uexp" 719
"../../../Engine/Plugins/Interchange/Assets/Content/gltf/MaterialBodies/MF_SpecularGlossiness_Body.uasset" 720
"../../../Engine/Plugins/Interchange/Assets/Content/gltf/MaterialBodies/MF_SpecularGlossiness_Body.uexp" 721
"../../../Engine/Plugins/Interchange/Assets/Content/gltf/M_SpecularGlossiness.uasset" 722
"../../../Engine/Plugins/Interchange/Assets/Content/gltf/M_SpecularGlossiness.uexp" 723
"../../../Engine/Plugins/Interchange/Assets/Content/gltf/MaterialInstances/MI_SpecularGlossiness_Blend.uasset" 724
"../../../Engine/Plugins/Interchange/Assets/Content/gltf/MaterialInstances/MI_SpecularGlossiness_Blend.uexp" 725
"../../../Engine/Plugins/Interchange/Assets/Content/gltf/MaterialInstances/MI_SpecularGlossiness_Blend_DS.uasset" 726
"../../../Engine/Plugins/Interchange/Assets/Content/gltf/MaterialInstances/MI_SpecularGlossiness_Blend_DS.uexp" 727
"../../../Engine/Plugins/Interchange/Assets/Content/gltf/MaterialInstances/MI_SpecularGlossiness_Mask.uasset" 728
"../../../Engine/Plugins/Interchange/Assets/Content/gltf/MaterialInstances/MI_SpecularGlossiness_Mask.uexp" 729
"../../../Engine/Plugins/Interchange/Assets/Content/gltf/MaterialInstances/MI_SpecularGlossiness_Mask_DS.uasset" 730
"../../../Engine/Plugins/Interchange/Assets/Content/gltf/MaterialInstances/MI_SpecularGlossiness_Mask_DS.uexp" 731
"../../../Engine/Plugins/Interchange/Assets/Content/gltf/MaterialInstances/MI_SpecularGlossiness_Opaque.uasset" 732
"../../../Engine/Plugins/Interchange/Assets/Content/gltf/MaterialInstances/MI_SpecularGlossiness_Opaque.uexp" 733
"../../../Engine/Plugins/Interchange/Assets/Content/gltf/MaterialInstances/MI_SpecularGlossiness_Opaque_DS.uasset" 734
"../../../Engine/Plugins/Interchange/Assets/Content/gltf/MaterialInstances/MI_SpecularGlossiness_Opaque_DS.uexp" 735
"../../../Engine/Content/EngineMaterials/Good64x64TilingNoiseHighFreq.uasset" 736
"../../../Engine/Content/EngineMaterials/Good64x64TilingNoiseHighFreq.uexp" 737
"../../../Engine/Content/Functions/Engine_MaterialFunctions02/Texturing/ScreenAlignedPixelToPixelUVs.uasset" 738
"../../../Engine/Content/Functions/Engine_MaterialFunctions02/Texturing/ScreenAlignedPixelToPixelUVs.uexp" 739
"../../../Engine/Plugins/Interchange/Assets/Content/gltf/MaterialFunctions/MF_Fresnel_DS.uasset" 740
"../../../Engine/Plugins/Interchange/Assets/Content/gltf/MaterialFunctions/MF_Fresnel_DS.uexp" 741
"../../../Engine/Plugins/Interchange/Assets/Content/gltf/MaterialFunctions/MF_Temporal_Blur.uasset" 742
"../../../Engine/Plugins/Interchange/Assets/Content/gltf/MaterialFunctions/MF_Temporal_Blur.uexp" 743
"../../../Engine/Plugins/Interchange/Assets/Content/gltf/MaterialFunctions/MF_Transmission.uasset" 744
"../../../Engine/Plugins/Interchange/Assets/Content/gltf/MaterialFunctions/MF_Transmission.uexp" 745
"../../../Engine/Plugins/Interchange/Assets/Content/gltf/MaterialBodies/MF_Transmission_Body.uasset" 746
"../../../Engine/Plugins/Interchange/Assets/Content/gltf/MaterialBodies/MF_Transmission_Body.uexp" 747
"../../../Engine/Plugins/Interchange/Assets/Content/gltf/M_Transmission.uasset" 748
"../../../Engine/Plugins/Interchange/Assets/Content/gltf/M_Transmission.uexp" 749
"../../../Engine/Plugins/Interchange/Assets/Content/gltf/MaterialInstances/MI_Transmission.uasset" 750
"../../../Engine/Plugins/Interchange/Assets/Content/gltf/MaterialInstances/MI_Transmission.uexp" 751
"../../../Engine/Plugins/Interchange/Assets/Content/gltf/MaterialInstances/MI_Transmission_DS.uasset" 752
"../../../Engine/Plugins/Interchange/Assets/Content/gltf/MaterialInstances/MI_Transmission_DS.uexp" 753
"../../../Engine/Plugins/Interchange/Assets/Content/gltf/MaterialBodies/MF_Unlit_Body.uasset" 754
"../../../Engine/Plugins/Interchange/Assets/Content/gltf/MaterialBodies/MF_Unlit_Body.uexp" 755
"../../../Engine/Plugins/Interchange/Assets/Content/gltf/M_Unlit.uasset" 756
"../../../Engine/Plugins/Interchange/Assets/Content/gltf/M_Unlit.uexp" 757
"../../../Engine/Plugins/Interchange/Assets/Content/gltf/MaterialInstances/MI_Unlit_Blend.uasset" 758
"../../../Engine/Plugins/Interchange/Assets/Content/gltf/MaterialInstances/MI_Unlit_Blend.uexp" 759
"../../../Engine/Plugins/Interchange/Assets/Content/gltf/MaterialInstances/MI_Unlit_Blend_DS.uasset" 760
"../../../Engine/Plugins/Interchange/Assets/Content/gltf/MaterialInstances/MI_Unlit_Blend_DS.uexp" 761
"../../../Engine/Plugins/Interchange/Assets/Content/gltf/MaterialInstances/MI_Unlit_Mask.uasset" 762
"../../../Engine/Plugins/Interchange/Assets/Content/gltf/MaterialInstances/MI_Unlit_Mask.uexp" 763
"../../../Engine/Plugins/Interchange/Assets/Content/gltf/MaterialInstances/MI_Unlit_Mask_DS.uasset" 764
"../../../Engine/Plugins/Interchange/Assets/Content/gltf/MaterialInstances/MI_Unlit_Mask_DS.uexp" 765
"../../../Engine/Plugins/Interchange/Assets/Content/gltf/MaterialInstances/MI_Unlit_Opaque.uasset" 766
"../../../Engine/Plugins/Interchange/Assets/Content/gltf/MaterialInstances/MI_Unlit_Opaque.uexp" 767
"../../../Engine/Plugins/Interchange/Assets/Content/gltf/MaterialInstances/MI_Unlit_Opaque_DS.uasset" 768
"../../../Engine/Plugins/Interchange/Assets/Content/gltf/MaterialInstances/MI_Unlit_Opaque_DS.uexp" 769
"D:/AFY_UE/FYP_UE/FYP/Content/Bandit/Mesh/BanditUnreal_Skeleton.uasset" 770
"D:/AFY_UE/FYP_UE/FYP/Content/Bandit/Mesh/BanditUnreal_Skeleton.uexp" 771
"D:/AFY_UE/FYP_UE/FYP/Content/Bandit/Weapon/Textures/Revolver_OcclusionRoughnessMetallic.ubulk" 772
"D:/AFY_UE/FYP_UE/FYP/Content/Bandit/Weapon/Textures/Revolver_OcclusionRoughnessMetallic.uasset" 773
"D:/AFY_UE/FYP_UE/FYP/Content/Bandit/Weapon/Textures/Revolver_OcclusionRoughnessMetallic.uexp" 774
"D:/AFY_UE/FYP_UE/FYP/Content/Bandit/Weapon/Textures/Revolver_Normal.ubulk" 775
"D:/AFY_UE/FYP_UE/FYP/Content/Bandit/Weapon/Textures/Revolver_Normal.uasset" 776
"D:/AFY_UE/FYP_UE/FYP/Content/Bandit/Weapon/Textures/Revolver_Normal.uexp" 777
"D:/AFY_UE/FYP_UE/FYP/Content/Bandit/Weapon/Textures/Revolver_BaseColor.ubulk" 778
"D:/AFY_UE/FYP_UE/FYP/Content/Bandit/Weapon/Textures/Revolver_BaseColor.uasset" 779
"D:/AFY_UE/FYP_UE/FYP/Content/Bandit/Weapon/Textures/Revolver_BaseColor.uexp" 780
"D:/AFY_UE/FYP_UE/FYP/Content/Bandit/Weapon/Materials/RevolverMtl.uasset" 781
"D:/AFY_UE/FYP_UE/FYP/Content/Bandit/Weapon/Materials/RevolverMtl.uexp" 782
"D:/AFY_UE/FYP_UE/FYP/Content/Bandit/Mesh/BanditUnreal_PhysicsAsset.uasset" 783
"D:/AFY_UE/FYP_UE/FYP/Content/Bandit/Mesh/BanditUnreal_PhysicsAsset.uexp" 784
"D:/AFY_UE/FYP_UE/FYP/Content/Bandit/Textures/prettyJaw_OcclusionRoughnessMetallic.ubulk" 785
"D:/AFY_UE/FYP_UE/FYP/Content/Bandit/Textures/prettyJaw_OcclusionRoughnessMetallic.uasset" 786
"D:/AFY_UE/FYP_UE/FYP/Content/Bandit/Textures/prettyJaw_OcclusionRoughnessMetallic.uexp" 787
"D:/AFY_UE/FYP_UE/FYP/Content/Bandit/Textures/prettyJaw_Normal.ubulk" 788
"D:/AFY_UE/FYP_UE/FYP/Content/Bandit/Textures/prettyJaw_Normal.uasset" 789
"D:/AFY_UE/FYP_UE/FYP/Content/Bandit/Textures/prettyJaw_Normal.uexp" 790
"D:/AFY_UE/FYP_UE/FYP/Content/Bandit/Textures/prettyJaw_BaseColor.ubulk" 791
"D:/AFY_UE/FYP_UE/FYP/Content/Bandit/Textures/prettyJaw_BaseColor.uasset" 792
"D:/AFY_UE/FYP_UE/FYP/Content/Bandit/Textures/prettyJaw_BaseColor.uexp" 793
"D:/AFY_UE/FYP_UE/FYP/Content/Bandit/Materials/prettyJawMtl.uasset" 794
"D:/AFY_UE/FYP_UE/FYP/Content/Bandit/Materials/prettyJawMtl.uexp" 795
"D:/AFY_UE/FYP_UE/FYP/Content/Bandit/Textures/BanShirt_OcclusionRoughnessMetallic.ubulk" 796
"D:/AFY_UE/FYP_UE/FYP/Content/Bandit/Textures/BanShirt_OcclusionRoughnessMetallic.uasset" 797
"D:/AFY_UE/FYP_UE/FYP/Content/Bandit/Textures/BanShirt_OcclusionRoughnessMetallic.uexp" 798
"D:/AFY_UE/FYP_UE/FYP/Content/Bandit/Textures/BanShirt_Normal.ubulk" 799
"D:/AFY_UE/FYP_UE/FYP/Content/Bandit/Textures/BanShirt_Normal.uasset" 800
"D:/AFY_UE/FYP_UE/FYP/Content/Bandit/Textures/BanShirt_Normal.uexp" 801
"D:/AFY_UE/FYP_UE/FYP/Content/Bandit/Textures/BanShirt_BaseColor.ubulk" 802
"D:/AFY_UE/FYP_UE/FYP/Content/Bandit/Textures/BanShirt_BaseColor.uasset" 803
"D:/AFY_UE/FYP_UE/FYP/Content/Bandit/Textures/BanShirt_BaseColor.uexp" 804
"D:/AFY_UE/FYP_UE/FYP/Content/Bandit/Materials/BanShirtMtl.uasset" 805
"D:/AFY_UE/FYP_UE/FYP/Content/Bandit/Materials/BanShirtMtl.uexp" 806
"D:/AFY_UE/FYP_UE/FYP/Content/Bandit/Textures/BanPants_OcclusionRoughnessMetallic.ubulk" 807
"D:/AFY_UE/FYP_UE/FYP/Content/Bandit/Textures/BanPants_OcclusionRoughnessMetallic.uasset" 808
"D:/AFY_UE/FYP_UE/FYP/Content/Bandit/Textures/BanPants_OcclusionRoughnessMetallic.uexp" 809
"D:/AFY_UE/FYP_UE/FYP/Content/Bandit/Textures/BanPants_Normal.ubulk" 810
"D:/AFY_UE/FYP_UE/FYP/Content/Bandit/Textures/BanPants_Normal.uasset" 811
"D:/AFY_UE/FYP_UE/FYP/Content/Bandit/Textures/BanPants_Normal.uexp" 812
"D:/AFY_UE/FYP_UE/FYP/Content/Bandit/Textures/BanPants_BaseColor.ubulk" 813
"D:/AFY_UE/FYP_UE/FYP/Content/Bandit/Textures/BanPants_BaseColor.uasset" 814
"D:/AFY_UE/FYP_UE/FYP/Content/Bandit/Textures/BanPants_BaseColor.uexp" 815
"D:/AFY_UE/FYP_UE/FYP/Content/Bandit/Materials/BanPantsMtl.uasset" 816
"D:/AFY_UE/FYP_UE/FYP/Content/Bandit/Materials/BanPantsMtl.uexp" 817
"D:/AFY_UE/FYP_UE/FYP/Content/Bandit/Textures/BanMaskdown_OcclusionRoughnessMetallic.ubulk" 818
"D:/AFY_UE/FYP_UE/FYP/Content/Bandit/Textures/BanMaskdown_OcclusionRoughnessMetallic.uasset" 819
"D:/AFY_UE/FYP_UE/FYP/Content/Bandit/Textures/BanMaskdown_OcclusionRoughnessMetallic.uexp" 820
"D:/AFY_UE/FYP_UE/FYP/Content/Bandit/Textures/BanMaskdown_Normal.ubulk" 821
"D:/AFY_UE/FYP_UE/FYP/Content/Bandit/Textures/BanMaskdown_Normal.uasset" 822
"D:/AFY_UE/FYP_UE/FYP/Content/Bandit/Textures/BanMaskdown_Normal.uexp" 823
"D:/AFY_UE/FYP_UE/FYP/Content/Bandit/Textures/BanMaskdown_BaseColor.ubulk" 824
"D:/AFY_UE/FYP_UE/FYP/Content/Bandit/Textures/BanMaskdown_BaseColor.uasset" 825
"D:/AFY_UE/FYP_UE/FYP/Content/Bandit/Textures/BanMaskdown_BaseColor.uexp" 826
"D:/AFY_UE/FYP_UE/FYP/Content/Bandit/Materials/BanMaskdownMtl.uasset" 827
"D:/AFY_UE/FYP_UE/FYP/Content/Bandit/Materials/BanMaskdownMtl.uexp" 828
"D:/AFY_UE/FYP_UE/FYP/Content/Bandit/Eyes/Textures/EpicQuadPanorama_CC.uasset" 829
"D:/AFY_UE/FYP_UE/FYP/Content/Bandit/Eyes/Textures/EpicQuadPanorama_CC.uexp" 830
"D:/AFY_UE/FYP_UE/FYP/Content/Bandit/Eyes/Textures/Example/Eye_Wet_Normal.ubulk" 831
"D:/AFY_UE/FYP_UE/FYP/Content/Bandit/Eyes/Textures/Example/Eye_Wet_Normal.uasset" 832
"D:/AFY_UE/FYP_UE/FYP/Content/Bandit/Eyes/Textures/Example/Eye_Wet_Normal.uexp" 833
"D:/AFY_UE/FYP_UE/FYP/Content/Bandit/Eyes/Textures/Example/EyeScleraBaseColor_Example_2.ubulk" 834
"D:/AFY_UE/FYP_UE/FYP/Content/Bandit/Eyes/Textures/Example/EyeScleraBaseColor_Example_2.uasset" 835
"D:/AFY_UE/FYP_UE/FYP/Content/Bandit/Eyes/Textures/Example/EyeScleraBaseColor_Example_2.uexp" 836
"D:/AFY_UE/FYP_UE/FYP/Content/Bandit/Eyes/Textures/Example/EyeIrisBaseColor_Example_2.ubulk" 837
"D:/AFY_UE/FYP_UE/FYP/Content/Bandit/Eyes/Textures/Example/EyeIrisBaseColor_Example_2.uasset" 838
"D:/AFY_UE/FYP_UE/FYP/Content/Bandit/Eyes/Textures/Example/EyeIrisBaseColor_Example_2.uexp" 839
"../../../Engine/Content/Functions/Engine_MaterialFunctions02/HueShift.uasset" 840
"../../../Engine/Content/Functions/Engine_MaterialFunctions02/HueShift.uexp" 841
"D:/AFY_UE/FYP_UE/FYP/Content/Bandit/Eyes/Textures/Swirly_Noise.ubulk" 842
"D:/AFY_UE/FYP_UE/FYP/Content/Bandit/Eyes/Textures/Swirly_Noise.uasset" 843
"D:/AFY_UE/FYP_UE/FYP/Content/Bandit/Eyes/Textures/Swirly_Noise.uexp" 844
"D:/AFY_UE/FYP_UE/FYP/Content/Bandit/Eyes/Textures/DecalMask_Radial03.ubulk" 845
"D:/AFY_UE/FYP_UE/FYP/Content/Bandit/Eyes/Textures/DecalMask_Radial03.uasset" 846
"D:/AFY_UE/FYP_UE/FYP/Content/Bandit/Eyes/Textures/DecalMask_Radial03.uexp" 847
"D:/AFY_UE/FYP_UE/FYP/Content/Bandit/Eyes/Textures/Example/SSP_EyeInner_Profile.uasset" 848
"D:/AFY_UE/FYP_UE/FYP/Content/Bandit/Eyes/Textures/Example/SSP_EyeInner_Profile.uexp" 849
"D:/AFY_UE/FYP_UE/FYP/Content/Bandit/Eyes/Textures/Example/Sphere_EYE_NORMALS.ubulk" 850
"D:/AFY_UE/FYP_UE/FYP/Content/Bandit/Eyes/Textures/Example/Sphere_EYE_NORMALS.uasset" 851
"D:/AFY_UE/FYP_UE/FYP/Content/Bandit/Eyes/Textures/Example/Sphere_EYE_NORMALS.uexp" 852
"D:/AFY_UE/FYP_UE/FYP/Content/Bandit/Eyes/Textures/Example/EYE_NORMALS.ubulk" 853
"D:/AFY_UE/FYP_UE/FYP/Content/Bandit/Eyes/Textures/Example/EYE_NORMALS.uasset" 854
"D:/AFY_UE/FYP_UE/FYP/Content/Bandit/Eyes/Textures/Example/EYE_NORMALS.uexp" 855
"D:/AFY_UE/FYP_UE/FYP/Content/Bandit/Eyes/Textures/Example/EyeMidPlaneDisplacement_Example.ubulk" 856
"D:/AFY_UE/FYP_UE/FYP/Content/Bandit/Eyes/Textures/Example/EyeMidPlaneDisplacement_Example.uasset" 857
"D:/AFY_UE/FYP_UE/FYP/Content/Bandit/Eyes/Textures/Example/EyeMidPlaneDisplacement_Example.uexp" 858
"D:/AFY_UE/FYP_UE/FYP/Content/Bandit/Eyes/Textures/Yin_Corona_D.ubulk" 859
"D:/AFY_UE/FYP_UE/FYP/Content/Bandit/Eyes/Textures/Yin_Corona_D.uasset" 860
"D:/AFY_UE/FYP_UE/FYP/Content/Bandit/Eyes/Textures/Yin_Corona_D.uexp" 861
"../../../Engine/Content/Functions/MaterialLayerFunctions/MatLayerBlend_Standard.uasset" 862
"../../../Engine/Content/Functions/MaterialLayerFunctions/MatLayerBlend_Standard.uexp" 863
"D:/AFY_UE/FYP_UE/FYP/Content/Bandit/Eyes/MaterialFunctions/YinULTEyeMtl.uasset" 864
"D:/AFY_UE/FYP_UE/FYP/Content/Bandit/Eyes/MaterialFunctions/YinULTEyeMtl.uexp" 865
"../../../Engine/Content/Functions/Engine_MaterialFunctions02/TangentBasis.uasset" 866
"../../../Engine/Content/Functions/Engine_MaterialFunctions02/TangentBasis.uexp" 867
"D:/AFY_UE/FYP_UE/FYP/Content/Bandit/Eyes/MaterialFunctions/EyeRefractionMtl.uasset" 868
"D:/AFY_UE/FYP_UE/FYP/Content/Bandit/Eyes/MaterialFunctions/EyeRefractionMtl.uexp" 869
"../../../Engine/Content/Functions/Engine_MaterialFunctions01/ImageAdjustment/DeriveHDRfromLDR.uasset" 870
"../../../Engine/Content/Functions/Engine_MaterialFunctions01/ImageAdjustment/DeriveHDRfromLDR.uexp" 871
"D:/AFY_UE/FYP_UE/FYP/Content/Bandit/Eyes/Materials/EyeRefractiveMtl.uasset" 872
"D:/AFY_UE/FYP_UE/FYP/Content/Bandit/Eyes/Materials/EyeRefractiveMtl.uexp" 873
"D:/AFY_UE/FYP_UE/FYP/Content/Bandit/Eyes/Materials/EyeRefractiveMtl_Inst.uasset" 874
"D:/AFY_UE/FYP_UE/FYP/Content/Bandit/Eyes/Materials/EyeRefractiveMtl_Inst.uexp" 875
"D:/AFY_UE/FYP_UE/FYP/Content/Bandit/Textures/BanBody_OcclusionRoughnessMetallic.ubulk" 876
"D:/AFY_UE/FYP_UE/FYP/Content/Bandit/Textures/BanBody_OcclusionRoughnessMetallic.uasset" 877
"D:/AFY_UE/FYP_UE/FYP/Content/Bandit/Textures/BanBody_OcclusionRoughnessMetallic.uexp" 878
"D:/AFY_UE/FYP_UE/FYP/Content/Bandit/Textures/BanBody_Normal.ubulk" 879
"D:/AFY_UE/FYP_UE/FYP/Content/Bandit/Textures/BanBody_Normal.uasset" 880
"D:/AFY_UE/FYP_UE/FYP/Content/Bandit/Textures/BanBody_Normal.uexp" 881
"D:/AFY_UE/FYP_UE/FYP/Content/Bandit/Textures/BanBody_BaseColor.ubulk" 882
"D:/AFY_UE/FYP_UE/FYP/Content/Bandit/Textures/BanBody_BaseColor.uasset" 883
"D:/AFY_UE/FYP_UE/FYP/Content/Bandit/Textures/BanBody_BaseColor.uexp" 884
"D:/AFY_UE/FYP_UE/FYP/Content/Bandit/Materials/BanMtl_SSS.uasset" 885
"D:/AFY_UE/FYP_UE/FYP/Content/Bandit/Materials/BanMtl_SSS.uexp" 886
"D:/AFY_UE/FYP_UE/FYP/Content/Bandit/Materials/BanBodyMtl.uasset" 887
"D:/AFY_UE/FYP_UE/FYP/Content/Bandit/Materials/BanBodyMtl.uexp" 888
"D:/AFY_UE/FYP_UE/FYP/Content/Bandit/Materials/BanBodyMtl_Inst.uasset" 889
"D:/AFY_UE/FYP_UE/FYP/Content/Bandit/Materials/BanBodyMtl_Inst.uexp" 890
"D:/AFY_UE/FYP_UE/FYP/Content/Bandit/Textures/BanBoots_OcclusionRoughnessMetallic.ubulk" 891
"D:/AFY_UE/FYP_UE/FYP/Content/Bandit/Textures/BanBoots_OcclusionRoughnessMetallic.uasset" 892
"D:/AFY_UE/FYP_UE/FYP/Content/Bandit/Textures/BanBoots_OcclusionRoughnessMetallic.uexp" 893
"D:/AFY_UE/FYP_UE/FYP/Content/Bandit/Textures/BanBoots_Normal.ubulk" 894
"D:/AFY_UE/FYP_UE/FYP/Content/Bandit/Textures/BanBoots_Normal.uasset" 895
"D:/AFY_UE/FYP_UE/FYP/Content/Bandit/Textures/BanBoots_Normal.uexp" 896
"D:/AFY_UE/FYP_UE/FYP/Content/Bandit/Textures/BanBoots_BaseColor.ubulk" 897
"D:/AFY_UE/FYP_UE/FYP/Content/Bandit/Textures/BanBoots_BaseColor.uasset" 898
"D:/AFY_UE/FYP_UE/FYP/Content/Bandit/Textures/BanBoots_BaseColor.uexp" 899
"D:/AFY_UE/FYP_UE/FYP/Content/Bandit/Materials/BanBootsMtl.uasset" 900
"D:/AFY_UE/FYP_UE/FYP/Content/Bandit/Materials/BanBootsMtl.uexp" 901
"D:/AFY_UE/FYP_UE/FYP/Content/Bandit/Textures/BanBracers_OcclusionRoughnessMetallic.ubulk" 902
"D:/AFY_UE/FYP_UE/FYP/Content/Bandit/Textures/BanBracers_OcclusionRoughnessMetallic.uasset" 903
"D:/AFY_UE/FYP_UE/FYP/Content/Bandit/Textures/BanBracers_OcclusionRoughnessMetallic.uexp" 904
"D:/AFY_UE/FYP_UE/FYP/Content/Bandit/Textures/BanBracers_Normal.ubulk" 905
"D:/AFY_UE/FYP_UE/FYP/Content/Bandit/Textures/BanBracers_Normal.uasset" 906
"D:/AFY_UE/FYP_UE/FYP/Content/Bandit/Textures/BanBracers_Normal.uexp" 907
"D:/AFY_UE/FYP_UE/FYP/Content/Bandit/Textures/BanBracers_BaseColor.ubulk" 908
"D:/AFY_UE/FYP_UE/FYP/Content/Bandit/Textures/BanBracers_BaseColor.uasset" 909
"D:/AFY_UE/FYP_UE/FYP/Content/Bandit/Textures/BanBracers_BaseColor.uexp" 910
"D:/AFY_UE/FYP_UE/FYP/Content/Bandit/Materials/BanBracersMtl.uasset" 911
"D:/AFY_UE/FYP_UE/FYP/Content/Bandit/Materials/BanBracersMtl.uexp" 912
"D:/AFY_UE/FYP_UE/FYP/Content/Bandit/Textures/BanChaps_OcclusionRoughnessMetallic.ubulk" 913
"D:/AFY_UE/FYP_UE/FYP/Content/Bandit/Textures/BanChaps_OcclusionRoughnessMetallic.uasset" 914
"D:/AFY_UE/FYP_UE/FYP/Content/Bandit/Textures/BanChaps_OcclusionRoughnessMetallic.uexp" 915
"D:/AFY_UE/FYP_UE/FYP/Content/Bandit/Textures/BanChaps_Normal.ubulk" 916
"D:/AFY_UE/FYP_UE/FYP/Content/Bandit/Textures/BanChaps_Normal.uasset" 917
"D:/AFY_UE/FYP_UE/FYP/Content/Bandit/Textures/BanChaps_Normal.uexp" 918
"D:/AFY_UE/FYP_UE/FYP/Content/Bandit/Textures/BanChaps_BaseColor.ubulk" 919
"D:/AFY_UE/FYP_UE/FYP/Content/Bandit/Textures/BanChaps_BaseColor.uasset" 920
"D:/AFY_UE/FYP_UE/FYP/Content/Bandit/Textures/BanChaps_BaseColor.uexp" 921
"D:/AFY_UE/FYP_UE/FYP/Content/Bandit/Materials/BanChapsMtl.uasset" 922
"D:/AFY_UE/FYP_UE/FYP/Content/Bandit/Materials/BanChapsMtl.uexp" 923
"D:/AFY_UE/FYP_UE/FYP/Content/Bandit/Textures/BanLashes_Shadows_Albedo.ubulk" 924
"D:/AFY_UE/FYP_UE/FYP/Content/Bandit/Textures/BanLashes_Shadows_Albedo.uasset" 925
"D:/AFY_UE/FYP_UE/FYP/Content/Bandit/Textures/BanLashes_Shadows_Albedo.uexp" 926
"D:/AFY_UE/FYP_UE/FYP/Content/Bandit/Materials/BanEyesShadowMtl.uasset" 927
"D:/AFY_UE/FYP_UE/FYP/Content/Bandit/Materials/BanEyesShadowMtl.uexp" 928
"D:/AFY_UE/FYP_UE/FYP/Content/Bandit/Materials/BanEyesShadowMtl_InstLashes.uasset" 929
"D:/AFY_UE/FYP_UE/FYP/Content/Bandit/Materials/BanEyesShadowMtl_InstLashes.uexp" 930
"D:/AFY_UE/FYP_UE/FYP/Content/Bandit/Materials/BanEyesShadowMtl_InstShadows.uasset" 931
"D:/AFY_UE/FYP_UE/FYP/Content/Bandit/Materials/BanEyesShadowMtl_InstShadows.uexp" 932
"D:/AFY_UE/FYP_UE/FYP/Content/Bandit/Textures/BanGunbelt_OcclusionRoughnessMetallic.ubulk" 933
"D:/AFY_UE/FYP_UE/FYP/Content/Bandit/Textures/BanGunbelt_OcclusionRoughnessMetallic.uasset" 934
"D:/AFY_UE/FYP_UE/FYP/Content/Bandit/Textures/BanGunbelt_OcclusionRoughnessMetallic.uexp" 935
"D:/AFY_UE/FYP_UE/FYP/Content/Bandit/Textures/BanGunbelt_Normal.ubulk" 936
"D:/AFY_UE/FYP_UE/FYP/Content/Bandit/Textures/BanGunbelt_Normal.uasset" 937
"D:/AFY_UE/FYP_UE/FYP/Content/Bandit/Textures/BanGunbelt_Normal.uexp" 938
"D:/AFY_UE/FYP_UE/FYP/Content/Bandit/Textures/BanGunbelt_BaseColor.ubulk" 939
"D:/AFY_UE/FYP_UE/FYP/Content/Bandit/Textures/BanGunbelt_BaseColor.uasset" 940
"D:/AFY_UE/FYP_UE/FYP/Content/Bandit/Textures/BanGunbelt_BaseColor.uexp" 941
"D:/AFY_UE/FYP_UE/FYP/Content/Bandit/Materials/BanGunbeltMtl.uasset" 942
"D:/AFY_UE/FYP_UE/FYP/Content/Bandit/Materials/BanGunbeltMtl.uexp" 943
"D:/AFY_UE/FYP_UE/FYP/Content/Bandit/Textures/BanHat_OcclusionRoughnessMetallic.ubulk" 944
"D:/AFY_UE/FYP_UE/FYP/Content/Bandit/Textures/BanHat_OcclusionRoughnessMetallic.uasset" 945
"D:/AFY_UE/FYP_UE/FYP/Content/Bandit/Textures/BanHat_OcclusionRoughnessMetallic.uexp" 946
"D:/AFY_UE/FYP_UE/FYP/Content/Bandit/Textures/BanHat_Normal.ubulk" 947
"D:/AFY_UE/FYP_UE/FYP/Content/Bandit/Textures/BanHat_Normal.uasset" 948
"D:/AFY_UE/FYP_UE/FYP/Content/Bandit/Textures/BanHat_Normal.uexp" 949
"D:/AFY_UE/FYP_UE/FYP/Content/Bandit/Textures/BanHat_BaseColor.ubulk" 950
"D:/AFY_UE/FYP_UE/FYP/Content/Bandit/Textures/BanHat_BaseColor.uasset" 951
"D:/AFY_UE/FYP_UE/FYP/Content/Bandit/Textures/BanHat_BaseColor.uexp" 952
"D:/AFY_UE/FYP_UE/FYP/Content/Bandit/Materials/BanHatMtl.uasset" 953
"D:/AFY_UE/FYP_UE/FYP/Content/Bandit/Materials/BanHatMtl.uexp" 954
"D:/AFY_UE/FYP_UE/FYP/Content/Bandit/Textures/BanJacket_OcclusionRoughnessMetallic.ubulk" 955
"D:/AFY_UE/FYP_UE/FYP/Content/Bandit/Textures/BanJacket_OcclusionRoughnessMetallic.uasset" 956
"D:/AFY_UE/FYP_UE/FYP/Content/Bandit/Textures/BanJacket_OcclusionRoughnessMetallic.uexp" 957
"D:/AFY_UE/FYP_UE/FYP/Content/Bandit/Textures/BanJacket_Normal.ubulk" 958
"D:/AFY_UE/FYP_UE/FYP/Content/Bandit/Textures/BanJacket_Normal.uasset" 959
"D:/AFY_UE/FYP_UE/FYP/Content/Bandit/Textures/BanJacket_Normal.uexp" 960
"D:/AFY_UE/FYP_UE/FYP/Content/Bandit/Textures/BanJacket_BaseColor.ubulk" 961
"D:/AFY_UE/FYP_UE/FYP/Content/Bandit/Textures/BanJacket_BaseColor.uasset" 962
"D:/AFY_UE/FYP_UE/FYP/Content/Bandit/Textures/BanJacket_BaseColor.uexp" 963
"D:/AFY_UE/FYP_UE/FYP/Content/Bandit/Materials/BanJacketMtl.uasset" 964
"D:/AFY_UE/FYP_UE/FYP/Content/Bandit/Materials/BanJacketMtl.uexp" 965
"../../../Engine/Content/Functions/Engine_MaterialFunctions02/Utility/DitherTemporalAA.uasset" 966
"../../../Engine/Content/Functions/Engine_MaterialFunctions02/Utility/DitherTemporalAA.uexp" 967
"D:/AFY_UE/FYP_UE/FYP/Content/Bandit/Textures/BanHair_Normal.ubulk" 968
"D:/AFY_UE/FYP_UE/FYP/Content/Bandit/Textures/BanHair_Normal.uasset" 969
"D:/AFY_UE/FYP_UE/FYP/Content/Bandit/Textures/BanHair_Normal.uexp" 970
"D:/AFY_UE/FYP_UE/FYP/Content/Bandit/Textures/BanHair_dif.ubulk" 971
"D:/AFY_UE/FYP_UE/FYP/Content/Bandit/Textures/BanHair_dif.uasset" 972
"D:/AFY_UE/FYP_UE/FYP/Content/Bandit/Textures/BanHair_dif.uexp" 973
"D:/AFY_UE/FYP_UE/FYP/Content/Bandit/Textures/BanHair_depth.ubulk" 974
"D:/AFY_UE/FYP_UE/FYP/Content/Bandit/Textures/BanHair_depth.uasset" 975
"D:/AFY_UE/FYP_UE/FYP/Content/Bandit/Textures/BanHair_depth.uexp" 976
"D:/AFY_UE/FYP_UE/FYP/Content/Bandit/Textures/BanHair_Alpha.ubulk" 977
"D:/AFY_UE/FYP_UE/FYP/Content/Bandit/Textures/BanHair_Alpha.uasset" 978
"D:/AFY_UE/FYP_UE/FYP/Content/Bandit/Textures/BanHair_Alpha.uexp" 979
"D:/AFY_UE/FYP_UE/FYP/Content/Bandit/Materials/BanHairMtl.uasset" 980
"D:/AFY_UE/FYP_UE/FYP/Content/Bandit/Materials/BanHairMtl.uexp" 981
"D:/AFY_UE/FYP_UE/FYP/Content/Bandit/Materials/BanHairMtl_Inst.uasset" 982
"D:/AFY_UE/FYP_UE/FYP/Content/Bandit/Materials/BanHairMtl_Inst.uexp" 983
"D:/AFY_UE/FYP_UE/FYP/Content/Bandit/Mesh/BanditUnreal.uasset" 984
"D:/AFY_UE/FYP_UE/FYP/Content/Bandit/Mesh/BanditUnreal.uexp" 985
"D:/AFY_UE/FYP_UE/FYP/Content/IndustryPropsPack6/Textures/T_Box01_SRM.ubulk" 986
"D:/AFY_UE/FYP_UE/FYP/Content/IndustryPropsPack6/Textures/T_Box01_SRM.uasset" 987
"D:/AFY_UE/FYP_UE/FYP/Content/IndustryPropsPack6/Textures/T_Box01_SRM.uexp" 988
"D:/AFY_UE/FYP_UE/FYP/Content/IndustryPropsPack6/Textures/T_Box01_N.ubulk" 989
"D:/AFY_UE/FYP_UE/FYP/Content/IndustryPropsPack6/Textures/T_Box01_N.uasset" 990
"D:/AFY_UE/FYP_UE/FYP/Content/IndustryPropsPack6/Textures/T_Box01_N.uexp" 991
"D:/AFY_UE/FYP_UE/FYP/Content/IndustryPropsPack6/Textures/T_Box01_D.ubulk" 992
"D:/AFY_UE/FYP_UE/FYP/Content/IndustryPropsPack6/Textures/T_Box01_D.uasset" 993
"D:/AFY_UE/FYP_UE/FYP/Content/IndustryPropsPack6/Textures/T_Box01_D.uexp" 994
"D:/AFY_UE/FYP_UE/FYP/Content/IndustryPropsPack6/Textures/BaseTextures/T_MASK2.ubulk" 995
"D:/AFY_UE/FYP_UE/FYP/Content/IndustryPropsPack6/Textures/BaseTextures/T_MASK2.uasset" 996
"D:/AFY_UE/FYP_UE/FYP/Content/IndustryPropsPack6/Textures/BaseTextures/T_MASK2.uexp" 997
"D:/AFY_UE/FYP_UE/FYP/Content/IndustryPropsPack6/Textures/BaseTextures/T_MASK1.ubulk" 998
"D:/AFY_UE/FYP_UE/FYP/Content/IndustryPropsPack6/Textures/BaseTextures/T_MASK1.uasset" 999
"D:/AFY_UE/FYP_UE/FYP/Content/IndustryPropsPack6/Textures/BaseTextures/T_MASK1.uexp" 1000
"D:/AFY_UE/FYP_UE/FYP/Content/IndustryPropsPack6/Textures/BaseTextures/B_N.uasset" 1001
"D:/AFY_UE/FYP_UE/FYP/Content/IndustryPropsPack6/Textures/BaseTextures/B_N.uexp" 1002
"D:/AFY_UE/FYP_UE/FYP/Content/IndustryPropsPack6/Textures/BaseTextures/BG_D.uasset" 1003
"D:/AFY_UE/FYP_UE/FYP/Content/IndustryPropsPack6/Textures/BaseTextures/BG_D.uexp" 1004
"D:/AFY_UE/FYP_UE/FYP/Content/IndustryPropsPack6/Textures/BaseTextures/BB_D.uasset" 1005
"D:/AFY_UE/FYP_UE/FYP/Content/IndustryPropsPack6/Textures/BaseTextures/BB_D.uexp" 1006
"../../../Engine/Content/Functions/Engine_MaterialFunctions01/ImageAdjustment/BlurSampleOffsets.uasset" 1007
"../../../Engine/Content/Functions/Engine_MaterialFunctions01/ImageAdjustment/BlurSampleOffsets.uexp" 1008
"../../../Engine/Content/EngineDebugMaterials/HeatmapGradient.ubulk" 1009
"../../../Engine/Content/EngineDebugMaterials/HeatmapGradient.uasset" 1010
"../../../Engine/Content/EngineDebugMaterials/HeatmapGradient.uexp" 1011
"../../../Engine/Content/Functions/Engine_MaterialFunctions01/ImageAdjustment/CheapContrast_RGB.uasset" 1012
"../../../Engine/Content/Functions/Engine_MaterialFunctions01/ImageAdjustment/CheapContrast_RGB.uexp" 1013
"D:/AFY_UE/FYP_UE/FYP/Content/IndustryPropsPack6/Materials/BaseMaterial/M_base.uasset" 1014
"D:/AFY_UE/FYP_UE/FYP/Content/IndustryPropsPack6/Materials/BaseMaterial/M_base.uexp" 1015
"D:/AFY_UE/FYP_UE/FYP/Content/IndustryPropsPack6/Materials/MI_Box01_2.uasset" 1016
"D:/AFY_UE/FYP_UE/FYP/Content/IndustryPropsPack6/Materials/MI_Box01_2.uexp" 1017
"D:/AFY_UE/FYP_UE/FYP/Content/IndustryPropsPack6/Textures/T_Tarp01_SRM.ubulk" 1018
"D:/AFY_UE/FYP_UE/FYP/Content/IndustryPropsPack6/Textures/T_Tarp01_SRM.uasset" 1019
"D:/AFY_UE/FYP_UE/FYP/Content/IndustryPropsPack6/Textures/T_Tarp01_SRM.uexp" 1020
"D:/AFY_UE/FYP_UE/FYP/Content/IndustryPropsPack6/Textures/T_Tarp01_N.ubulk" 1021
"D:/AFY_UE/FYP_UE/FYP/Content/IndustryPropsPack6/Textures/T_Tarp01_N.uasset" 1022
"D:/AFY_UE/FYP_UE/FYP/Content/IndustryPropsPack6/Textures/T_Tarp01_N.uexp" 1023
"D:/AFY_UE/FYP_UE/FYP/Content/IndustryPropsPack6/Textures/T_Tarp01_D.ubulk" 1024
"D:/AFY_UE/FYP_UE/FYP/Content/IndustryPropsPack6/Textures/T_Tarp01_D.uasset" 1025
"D:/AFY_UE/FYP_UE/FYP/Content/IndustryPropsPack6/Textures/T_Tarp01_D.uexp" 1026
"D:/AFY_UE/FYP_UE/FYP/Content/IndustryPropsPack6/Materials/MI_Tarp01_1.uasset" 1027
"D:/AFY_UE/FYP_UE/FYP/Content/IndustryPropsPack6/Materials/MI_Tarp01_1.uexp" 1028
"D:/AFY_UE/FYP_UE/FYP/Content/IndustryPropsPack6/Meshes/SM_Box03.ubulk" 1029
"D:/AFY_UE/FYP_UE/FYP/Content/IndustryPropsPack6/Meshes/SM_Box03.uasset" 1030
"D:/AFY_UE/FYP_UE/FYP/Content/IndustryPropsPack6/Meshes/SM_Box03.uexp" 1031
"D:/AFY_UE/FYP_UE/FYP/Content/IndustryPropsPack6/Textures/T_Cartonbox01_SRM.ubulk" 1032
"D:/AFY_UE/FYP_UE/FYP/Content/IndustryPropsPack6/Textures/T_Cartonbox01_SRM.uasset" 1033
"D:/AFY_UE/FYP_UE/FYP/Content/IndustryPropsPack6/Textures/T_Cartonbox01_SRM.uexp" 1034
"D:/AFY_UE/FYP_UE/FYP/Content/IndustryPropsPack6/Textures/T_Cartonbox01_N.ubulk" 1035
"D:/AFY_UE/FYP_UE/FYP/Content/IndustryPropsPack6/Textures/T_Cartonbox01_N.uasset" 1036
"D:/AFY_UE/FYP_UE/FYP/Content/IndustryPropsPack6/Textures/T_Cartonbox01_N.uexp" 1037
"D:/AFY_UE/FYP_UE/FYP/Content/IndustryPropsPack6/Textures/T_Cartonbox01_D.ubulk" 1038
"D:/AFY_UE/FYP_UE/FYP/Content/IndustryPropsPack6/Textures/T_Cartonbox01_D.uasset" 1039
"D:/AFY_UE/FYP_UE/FYP/Content/IndustryPropsPack6/Textures/T_Cartonbox01_D.uexp" 1040
"D:/AFY_UE/FYP_UE/FYP/Content/IndustryPropsPack6/Materials/MI_Cartonbox01_1.uasset" 1041
"D:/AFY_UE/FYP_UE/FYP/Content/IndustryPropsPack6/Materials/MI_Cartonbox01_1.uexp" 1042
"D:/AFY_UE/FYP_UE/FYP/Content/IndustryPropsPack6/Meshes/SM_CartonGarbage09.ubulk" 1043
"D:/AFY_UE/FYP_UE/FYP/Content/IndustryPropsPack6/Meshes/SM_CartonGarbage09.uasset" 1044
"D:/AFY_UE/FYP_UE/FYP/Content/IndustryPropsPack6/Meshes/SM_CartonGarbage09.uexp" 1045
"D:/AFY_UE/FYP_UE/FYP/Content/IndustryPropsPack6/Textures/T_Hose_SRM.ubulk" 1046
"D:/AFY_UE/FYP_UE/FYP/Content/IndustryPropsPack6/Textures/T_Hose_SRM.uasset" 1047
"D:/AFY_UE/FYP_UE/FYP/Content/IndustryPropsPack6/Textures/T_Hose_SRM.uexp" 1048
"D:/AFY_UE/FYP_UE/FYP/Content/IndustryPropsPack6/Textures/T_Hose_N.ubulk" 1049
"D:/AFY_UE/FYP_UE/FYP/Content/IndustryPropsPack6/Textures/T_Hose_N.uasset" 1050
"D:/AFY_UE/FYP_UE/FYP/Content/IndustryPropsPack6/Textures/T_Hose_N.uexp" 1051
"D:/AFY_UE/FYP_UE/FYP/Content/IndustryPropsPack6/Textures/T_Hose_D.ubulk" 1052
"D:/AFY_UE/FYP_UE/FYP/Content/IndustryPropsPack6/Textures/T_Hose_D.uasset" 1053
"D:/AFY_UE/FYP_UE/FYP/Content/IndustryPropsPack6/Textures/T_Hose_D.uexp" 1054
"D:/AFY_UE/FYP_UE/FYP/Content/IndustryPropsPack6/Materials/MI_Hose01_1.uasset" 1055
"D:/AFY_UE/FYP_UE/FYP/Content/IndustryPropsPack6/Materials/MI_Hose01_1.uexp" 1056
"D:/AFY_UE/FYP_UE/FYP/Content/IndustryPropsPack6/Meshes/SM_Hose01.ubulk" 1057
"D:/AFY_UE/FYP_UE/FYP/Content/IndustryPropsPack6/Meshes/SM_Hose01.uasset" 1058
"D:/AFY_UE/FYP_UE/FYP/Content/IndustryPropsPack6/Meshes/SM_Hose01.uexp" 1059
"D:/AFY_UE/FYP_UE/FYP/Content/IndustryPropsPack6/Textures/T_WaterTank01_SRM.ubulk" 1060
"D:/AFY_UE/FYP_UE/FYP/Content/IndustryPropsPack6/Textures/T_WaterTank01_SRM.uasset" 1061
"D:/AFY_UE/FYP_UE/FYP/Content/IndustryPropsPack6/Textures/T_WaterTank01_SRM.uexp" 1062
"D:/AFY_UE/FYP_UE/FYP/Content/IndustryPropsPack6/Textures/T_WaterTank01_N.ubulk" 1063
"D:/AFY_UE/FYP_UE/FYP/Content/IndustryPropsPack6/Textures/T_WaterTank01_N.uasset" 1064
"D:/AFY_UE/FYP_UE/FYP/Content/IndustryPropsPack6/Textures/T_WaterTank01_N.uexp" 1065
"D:/AFY_UE/FYP_UE/FYP/Content/IndustryPropsPack6/Textures/T_WaterTank01_D.ubulk" 1066
"D:/AFY_UE/FYP_UE/FYP/Content/IndustryPropsPack6/Textures/T_WaterTank01_D.uasset" 1067
"D:/AFY_UE/FYP_UE/FYP/Content/IndustryPropsPack6/Textures/T_WaterTank01_D.uexp" 1068
"D:/AFY_UE/FYP_UE/FYP/Content/IndustryPropsPack6/Materials/MI_WaterTank01.uasset" 1069
"D:/AFY_UE/FYP_UE/FYP/Content/IndustryPropsPack6/Materials/MI_WaterTank01.uexp" 1070
"D:/AFY_UE/FYP_UE/FYP/Content/IndustryPropsPack6/Meshes/SM_WaterTank01.ubulk" 1071
"D:/AFY_UE/FYP_UE/FYP/Content/IndustryPropsPack6/Meshes/SM_WaterTank01.uasset" 1072
"D:/AFY_UE/FYP_UE/FYP/Content/IndustryPropsPack6/Meshes/SM_WaterTank01.uexp" 1073
"D:/AFY_UE/FYP_UE/FYP/Content/Modern_Insurgent_7/Mesh/SKM_Insurgent_Skeleton.uasset" 1074
"D:/AFY_UE/FYP_UE/FYP/Content/Modern_Insurgent_7/Mesh/SKM_Insurgent_Skeleton.uexp" 1075
"D:/AFY_UE/FYP_UE/FYP/Content/Modern_Insurgent_7/Mesh/PA_Insurgent_PhysicsAsset.uasset" 1076
"D:/AFY_UE/FYP_UE/FYP/Content/Modern_Insurgent_7/Mesh/PA_Insurgent_PhysicsAsset.uexp" 1077
"D:/AFY_UE/FYP_UE/FYP/Content/Modern_Insurgent_7/Textures/PistolMod_Textures/T_PistolMod_N.ubulk" 1078
"D:/AFY_UE/FYP_UE/FYP/Content/Modern_Insurgent_7/Textures/PistolMod_Textures/T_PistolMod_N.uasset" 1079
"D:/AFY_UE/FYP_UE/FYP/Content/Modern_Insurgent_7/Textures/PistolMod_Textures/T_PistolMod_N.uexp" 1080
"D:/AFY_UE/FYP_UE/FYP/Content/Modern_Insurgent_7/Textures/PistolMod_Textures/T_PistolMod_BC.ubulk" 1081
"D:/AFY_UE/FYP_UE/FYP/Content/Modern_Insurgent_7/Textures/PistolMod_Textures/T_PistolMod_BC.uasset" 1082
"D:/AFY_UE/FYP_UE/FYP/Content/Modern_Insurgent_7/Textures/PistolMod_Textures/T_PistolMod_BC.uexp" 1083
"D:/AFY_UE/FYP_UE/FYP/Content/Modern_Insurgent_7/Textures/PistolMod_Textures/T_PistolMod_AO_MT_R.ubulk" 1084
"D:/AFY_UE/FYP_UE/FYP/Content/Modern_Insurgent_7/Textures/PistolMod_Textures/T_PistolMod_AO_MT_R.uasset" 1085
"D:/AFY_UE/FYP_UE/FYP/Content/Modern_Insurgent_7/Textures/PistolMod_Textures/T_PistolMod_AO_MT_R.uexp" 1086
"D:/AFY_UE/FYP_UE/FYP/Content/Modern_Insurgent_7/Materials/PouchesEquipment_Materials/Holster_Materials/M_PistolMod_Source.uasset" 1087
"D:/AFY_UE/FYP_UE/FYP/Content/Modern_Insurgent_7/Materials/PouchesEquipment_Materials/Holster_Materials/M_PistolMod_Source.uexp" 1088
"D:/AFY_UE/FYP_UE/FYP/Content/Modern_Insurgent_7/Textures/Holster_Textures/T_Holster_N.ubulk" 1089
"D:/AFY_UE/FYP_UE/FYP/Content/Modern_Insurgent_7/Textures/Holster_Textures/T_Holster_N.uasset" 1090
"D:/AFY_UE/FYP_UE/FYP/Content/Modern_Insurgent_7/Textures/Holster_Textures/T_Holster_N.uexp" 1091
"D:/AFY_UE/FYP_UE/FYP/Content/Modern_Insurgent_7/Textures/Holster_Textures/T_Holster_BC.ubulk" 1092
"D:/AFY_UE/FYP_UE/FYP/Content/Modern_Insurgent_7/Textures/Holster_Textures/T_Holster_BC.uasset" 1093
"D:/AFY_UE/FYP_UE/FYP/Content/Modern_Insurgent_7/Textures/Holster_Textures/T_Holster_BC.uexp" 1094
"D:/AFY_UE/FYP_UE/FYP/Content/Modern_Insurgent_7/Textures/Holster_Textures/T_Holster_AO_MT_R.ubulk" 1095
"D:/AFY_UE/FYP_UE/FYP/Content/Modern_Insurgent_7/Textures/Holster_Textures/T_Holster_AO_MT_R.uasset" 1096
"D:/AFY_UE/FYP_UE/FYP/Content/Modern_Insurgent_7/Textures/Holster_Textures/T_Holster_AO_MT_R.uexp" 1097
"D:/AFY_UE/FYP_UE/FYP/Content/Modern_Insurgent_7/Materials/PouchesEquipment_Materials/Holster_Materials/M_Holster_Source.uasset" 1098
"D:/AFY_UE/FYP_UE/FYP/Content/Modern_Insurgent_7/Materials/PouchesEquipment_Materials/Holster_Materials/M_Holster_Source.uexp" 1099
"D:/AFY_UE/FYP_UE/FYP/Content/Modern_Insurgent_7/Textures/BodySkin_Textures/T_face_N.ubulk" 1100
"D:/AFY_UE/FYP_UE/FYP/Content/Modern_Insurgent_7/Textures/BodySkin_Textures/T_face_N.uasset" 1101
"D:/AFY_UE/FYP_UE/FYP/Content/Modern_Insurgent_7/Textures/BodySkin_Textures/T_face_N.uexp" 1102
"D:/AFY_UE/FYP_UE/FYP/Content/Modern_Insurgent_7/Textures/BodySkin_Textures/T_face_BC.ubulk" 1103
"D:/AFY_UE/FYP_UE/FYP/Content/Modern_Insurgent_7/Textures/BodySkin_Textures/T_face_BC.uasset" 1104
"D:/AFY_UE/FYP_UE/FYP/Content/Modern_Insurgent_7/Textures/BodySkin_Textures/T_face_BC.uexp" 1105
"D:/AFY_UE/FYP_UE/FYP/Content/Modern_Insurgent_7/Textures/BodySkin_Textures/T_face_AO_MT_R.ubulk" 1106
"D:/AFY_UE/FYP_UE/FYP/Content/Modern_Insurgent_7/Textures/BodySkin_Textures/T_face_AO_MT_R.uasset" 1107
"D:/AFY_UE/FYP_UE/FYP/Content/Modern_Insurgent_7/Textures/BodySkin_Textures/T_face_AO_MT_R.uexp" 1108
"D:/AFY_UE/FYP_UE/FYP/Content/Modern_Insurgent_7/Materials/Body_Materials/M_Face_Source.uasset" 1109
"D:/AFY_UE/FYP_UE/FYP/Content/Modern_Insurgent_7/Materials/Body_Materials/M_Face_Source.uexp" 1110
"D:/AFY_UE/FYP_UE/FYP/Content/Modern_Insurgent_7/Textures/BodySkin_Textures/T_eye_N.ubulk" 1111
"D:/AFY_UE/FYP_UE/FYP/Content/Modern_Insurgent_7/Textures/BodySkin_Textures/T_eye_N.uasset" 1112
"D:/AFY_UE/FYP_UE/FYP/Content/Modern_Insurgent_7/Textures/BodySkin_Textures/T_eye_N.uexp" 1113
"D:/AFY_UE/FYP_UE/FYP/Content/Modern_Insurgent_7/Textures/BodySkin_Textures/T_eye_BC.ubulk" 1114
"D:/AFY_UE/FYP_UE/FYP/Content/Modern_Insurgent_7/Textures/BodySkin_Textures/T_eye_BC.uasset" 1115
"D:/AFY_UE/FYP_UE/FYP/Content/Modern_Insurgent_7/Textures/BodySkin_Textures/T_eye_BC.uexp" 1116
"D:/AFY_UE/FYP_UE/FYP/Content/Modern_Insurgent_7/Textures/BodySkin_Textures/T_eye_AO_MT_R.ubulk" 1117
"D:/AFY_UE/FYP_UE/FYP/Content/Modern_Insurgent_7/Textures/BodySkin_Textures/T_eye_AO_MT_R.uasset" 1118
"D:/AFY_UE/FYP_UE/FYP/Content/Modern_Insurgent_7/Textures/BodySkin_Textures/T_eye_AO_MT_R.uexp" 1119
"D:/AFY_UE/FYP_UE/FYP/Content/Modern_Insurgent_7/Materials/Body_Materials/M_Eye_Source.uasset" 1120
"D:/AFY_UE/FYP_UE/FYP/Content/Modern_Insurgent_7/Materials/Body_Materials/M_Eye_Source.uexp" 1121
"D:/AFY_UE/FYP_UE/FYP/Content/Modern_Insurgent_7/Textures/BodySkin_Textures/T_Body_N.ubulk" 1122
"D:/AFY_UE/FYP_UE/FYP/Content/Modern_Insurgent_7/Textures/BodySkin_Textures/T_Body_N.uasset" 1123
"D:/AFY_UE/FYP_UE/FYP/Content/Modern_Insurgent_7/Textures/BodySkin_Textures/T_Body_N.uexp" 1124
"D:/AFY_UE/FYP_UE/FYP/Content/Modern_Insurgent_7/Textures/BodySkin_Textures/T_Body_BC.ubulk" 1125
"D:/AFY_UE/FYP_UE/FYP/Content/Modern_Insurgent_7/Textures/BodySkin_Textures/T_Body_BC.uasset" 1126
"D:/AFY_UE/FYP_UE/FYP/Content/Modern_Insurgent_7/Textures/BodySkin_Textures/T_Body_BC.uexp" 1127
"D:/AFY_UE/FYP_UE/FYP/Content/Modern_Insurgent_7/Textures/BodySkin_Textures/T_Body_AO_MT_R.ubulk" 1128
"D:/AFY_UE/FYP_UE/FYP/Content/Modern_Insurgent_7/Textures/BodySkin_Textures/T_Body_AO_MT_R.uasset" 1129
"D:/AFY_UE/FYP_UE/FYP/Content/Modern_Insurgent_7/Textures/BodySkin_Textures/T_Body_AO_MT_R.uexp" 1130
"D:/AFY_UE/FYP_UE/FYP/Content/Modern_Insurgent_7/Materials/Body_Materials/M_Body_Source.uasset" 1131
"D:/AFY_UE/FYP_UE/FYP/Content/Modern_Insurgent_7/Materials/Body_Materials/M_Body_Source.uexp" 1132
"D:/AFY_UE/FYP_UE/FYP/Content/Modern_Insurgent_7/Textures/Beret_Textures/T_Beret_N.ubulk" 1133
"D:/AFY_UE/FYP_UE/FYP/Content/Modern_Insurgent_7/Textures/Beret_Textures/T_Beret_N.uasset" 1134
"D:/AFY_UE/FYP_UE/FYP/Content/Modern_Insurgent_7/Textures/Beret_Textures/T_Beret_N.uexp" 1135
"D:/AFY_UE/FYP_UE/FYP/Content/Modern_Insurgent_7/Textures/Beret_Textures/T_Beret_BC.ubulk" 1136
"D:/AFY_UE/FYP_UE/FYP/Content/Modern_Insurgent_7/Textures/Beret_Textures/T_Beret_BC.uasset" 1137
"D:/AFY_UE/FYP_UE/FYP/Content/Modern_Insurgent_7/Textures/Beret_Textures/T_Beret_BC.uexp" 1138
"D:/AFY_UE/FYP_UE/FYP/Content/Modern_Insurgent_7/Textures/Beret_Textures/T_Beret_AO_MT_R.ubulk" 1139
"D:/AFY_UE/FYP_UE/FYP/Content/Modern_Insurgent_7/Textures/Beret_Textures/T_Beret_AO_MT_R.uasset" 1140
"D:/AFY_UE/FYP_UE/FYP/Content/Modern_Insurgent_7/Textures/Beret_Textures/T_Beret_AO_MT_R.uexp" 1141
"D:/AFY_UE/FYP_UE/FYP/Content/Modern_Insurgent_7/Materials/Beret_Materials/M_Beret_Source.uasset" 1142
"D:/AFY_UE/FYP_UE/FYP/Content/Modern_Insurgent_7/Materials/Beret_Materials/M_Beret_Source.uexp" 1143
"D:/AFY_UE/FYP_UE/FYP/Content/Modern_Insurgent_7/Textures/Sweater_Textures/T_Sweater_N.ubulk" 1144
"D:/AFY_UE/FYP_UE/FYP/Content/Modern_Insurgent_7/Textures/Sweater_Textures/T_Sweater_N.uasset" 1145
"D:/AFY_UE/FYP_UE/FYP/Content/Modern_Insurgent_7/Textures/Sweater_Textures/T_Sweater_N.uexp" 1146
"D:/AFY_UE/FYP_UE/FYP/Content/Modern_Insurgent_7/Textures/Sweater_Textures/T_Sweater_Green_BC.ubulk" 1147
"D:/AFY_UE/FYP_UE/FYP/Content/Modern_Insurgent_7/Textures/Sweater_Textures/T_Sweater_Green_BC.uasset" 1148
"D:/AFY_UE/FYP_UE/FYP/Content/Modern_Insurgent_7/Textures/Sweater_Textures/T_Sweater_Green_BC.uexp" 1149
"D:/AFY_UE/FYP_UE/FYP/Content/Modern_Insurgent_7/Textures/Sweater_Textures/T_Sweater_AO_MT_R.ubulk" 1150
"D:/AFY_UE/FYP_UE/FYP/Content/Modern_Insurgent_7/Textures/Sweater_Textures/T_Sweater_AO_MT_R.uasset" 1151
"D:/AFY_UE/FYP_UE/FYP/Content/Modern_Insurgent_7/Textures/Sweater_Textures/T_Sweater_AO_MT_R.uexp" 1152
"D:/AFY_UE/FYP_UE/FYP/Content/Modern_Insurgent_7/Materials/Sweater_Materials/M_Sweater_Source.uasset" 1153
"D:/AFY_UE/FYP_UE/FYP/Content/Modern_Insurgent_7/Materials/Sweater_Materials/M_Sweater_Source.uexp" 1154
"D:/AFY_UE/FYP_UE/FYP/Content/Modern_Insurgent_7/Textures/Shoes_Textures/T_Shoes_Green_BC.ubulk" 1155
"D:/AFY_UE/FYP_UE/FYP/Content/Modern_Insurgent_7/Textures/Shoes_Textures/T_Shoes_Green_BC.uasset" 1156
"D:/AFY_UE/FYP_UE/FYP/Content/Modern_Insurgent_7/Textures/Shoes_Textures/T_Shoes_Green_BC.uexp" 1157
"D:/AFY_UE/FYP_UE/FYP/Content/Modern_Insurgent_7/Textures/Shoes_Textures/T_Shoes_Tan_BC.ubulk" 1158
"D:/AFY_UE/FYP_UE/FYP/Content/Modern_Insurgent_7/Textures/Shoes_Textures/T_Shoes_Tan_BC.uasset" 1159
"D:/AFY_UE/FYP_UE/FYP/Content/Modern_Insurgent_7/Textures/Shoes_Textures/T_Shoes_Tan_BC.uexp" 1160
"D:/AFY_UE/FYP_UE/FYP/Content/Modern_Insurgent_7/Textures/Shoes_Textures/T_Shoes_N.ubulk" 1161
"D:/AFY_UE/FYP_UE/FYP/Content/Modern_Insurgent_7/Textures/Shoes_Textures/T_Shoes_N.uasset" 1162
"D:/AFY_UE/FYP_UE/FYP/Content/Modern_Insurgent_7/Textures/Shoes_Textures/T_Shoes_N.uexp" 1163
"D:/AFY_UE/FYP_UE/FYP/Content/Modern_Insurgent_7/Textures/Shoes_Textures/T_Shoes_AO_MT_R.ubulk" 1164
"D:/AFY_UE/FYP_UE/FYP/Content/Modern_Insurgent_7/Textures/Shoes_Textures/T_Shoes_AO_MT_R.uasset" 1165
"D:/AFY_UE/FYP_UE/FYP/Content/Modern_Insurgent_7/Textures/Shoes_Textures/T_Shoes_AO_MT_R.uexp" 1166
"D:/AFY_UE/FYP_UE/FYP/Content/Modern_Insurgent_7/Materials/Shoe_Materials/M_Shoes_Source.uasset" 1167
"D:/AFY_UE/FYP_UE/FYP/Content/Modern_Insurgent_7/Materials/Shoe_Materials/M_Shoes_Source.uexp" 1168
"D:/AFY_UE/FYP_UE/FYP/Content/Modern_Insurgent_7/Materials/Shoe_Materials/MI_Shoes_Green.uasset" 1169
"D:/AFY_UE/FYP_UE/FYP/Content/Modern_Insurgent_7/Materials/Shoe_Materials/MI_Shoes_Green.uexp" 1170
"D:/AFY_UE/FYP_UE/FYP/Content/Modern_Insurgent_7/Textures/PantsMilitary_Textures/T_PantsMilitary_Camo6_BC.ubulk" 1171
"D:/AFY_UE/FYP_UE/FYP/Content/Modern_Insurgent_7/Textures/PantsMilitary_Textures/T_PantsMilitary_Camo6_BC.uasset" 1172
"D:/AFY_UE/FYP_UE/FYP/Content/Modern_Insurgent_7/Textures/PantsMilitary_Textures/T_PantsMilitary_Camo6_BC.uexp" 1173
"D:/AFY_UE/FYP_UE/FYP/Content/Modern_Insurgent_7/Textures/PantsMilitary_Textures/T_PantsMilitary_N.ubulk" 1174
"D:/AFY_UE/FYP_UE/FYP/Content/Modern_Insurgent_7/Textures/PantsMilitary_Textures/T_PantsMilitary_N.uasset" 1175
"D:/AFY_UE/FYP_UE/FYP/Content/Modern_Insurgent_7/Textures/PantsMilitary_Textures/T_PantsMilitary_N.uexp" 1176
"D:/AFY_UE/FYP_UE/FYP/Content/Modern_Insurgent_7/Textures/PantsMilitary_Textures/T_PantsMilitary_BC.ubulk" 1177
"D:/AFY_UE/FYP_UE/FYP/Content/Modern_Insurgent_7/Textures/PantsMilitary_Textures/T_PantsMilitary_BC.uasset" 1178
"D:/AFY_UE/FYP_UE/FYP/Content/Modern_Insurgent_7/Textures/PantsMilitary_Textures/T_PantsMilitary_BC.uexp" 1179
"D:/AFY_UE/FYP_UE/FYP/Content/Modern_Insurgent_7/Textures/PantsMilitary_Textures/T_PantsMilitary_AO_MT_R.ubulk" 1180
"D:/AFY_UE/FYP_UE/FYP/Content/Modern_Insurgent_7/Textures/PantsMilitary_Textures/T_PantsMilitary_AO_MT_R.uasset" 1181
"D:/AFY_UE/FYP_UE/FYP/Content/Modern_Insurgent_7/Textures/PantsMilitary_Textures/T_PantsMilitary_AO_MT_R.uexp" 1182
"D:/AFY_UE/FYP_UE/FYP/Content/Modern_Insurgent_7/Materials/PantsMilitary_Materials/M_PantsMilitary_Source.uasset" 1183
"D:/AFY_UE/FYP_UE/FYP/Content/Modern_Insurgent_7/Materials/PantsMilitary_Materials/M_PantsMilitary_Source.uexp" 1184
"D:/AFY_UE/FYP_UE/FYP/Content/Modern_Insurgent_7/Materials/PantsMilitary_Materials/MI_PantsMilitary_Camo6.uasset" 1185
"D:/AFY_UE/FYP_UE/FYP/Content/Modern_Insurgent_7/Materials/PantsMilitary_Materials/MI_PantsMilitary_Camo6.uexp" 1186
"D:/AFY_UE/FYP_UE/FYP/Content/Modern_Insurgent_7/Textures/BalaclavaClose_Textures/T_BalaclavaClose_N.ubulk" 1187
"D:/AFY_UE/FYP_UE/FYP/Content/Modern_Insurgent_7/Textures/BalaclavaClose_Textures/T_BalaclavaClose_N.uasset" 1188
"D:/AFY_UE/FYP_UE/FYP/Content/Modern_Insurgent_7/Textures/BalaclavaClose_Textures/T_BalaclavaClose_N.uexp" 1189
"D:/AFY_UE/FYP_UE/FYP/Content/Modern_Insurgent_7/Textures/BalaclavaClose_Textures/T_BalaclavaClose_BC.ubulk" 1190
"D:/AFY_UE/FYP_UE/FYP/Content/Modern_Insurgent_7/Textures/BalaclavaClose_Textures/T_BalaclavaClose_BC.uasset" 1191
"D:/AFY_UE/FYP_UE/FYP/Content/Modern_Insurgent_7/Textures/BalaclavaClose_Textures/T_BalaclavaClose_BC.uexp" 1192
"D:/AFY_UE/FYP_UE/FYP/Content/Modern_Insurgent_7/Textures/BalaclavaClose_Textures/T_BalaclavaClose_AO_MT_R.ubulk" 1193
"D:/AFY_UE/FYP_UE/FYP/Content/Modern_Insurgent_7/Textures/BalaclavaClose_Textures/T_BalaclavaClose_AO_MT_R.uasset" 1194
"D:/AFY_UE/FYP_UE/FYP/Content/Modern_Insurgent_7/Textures/BalaclavaClose_Textures/T_BalaclavaClose_AO_MT_R.uexp" 1195
"D:/AFY_UE/FYP_UE/FYP/Content/Modern_Insurgent_7/Materials/BalaclavaClose_Materials/M_BalaclavaClose_Source.uasset" 1196
"D:/AFY_UE/FYP_UE/FYP/Content/Modern_Insurgent_7/Materials/BalaclavaClose_Materials/M_BalaclavaClose_Source.uexp" 1197
"D:/AFY_UE/FYP_UE/FYP/Content/Modern_Insurgent_7/Textures/SmallArmor_Textures/T_ArmorSmall_Tan_BC.ubulk" 1198
"D:/AFY_UE/FYP_UE/FYP/Content/Modern_Insurgent_7/Textures/SmallArmor_Textures/T_ArmorSmall_Tan_BC.uasset" 1199
"D:/AFY_UE/FYP_UE/FYP/Content/Modern_Insurgent_7/Textures/SmallArmor_Textures/T_ArmorSmall_Tan_BC.uexp" 1200
"D:/AFY_UE/FYP_UE/FYP/Content/Modern_Insurgent_7/Textures/SmallArmor_Textures/T_ArmorSmall_N.ubulk" 1201
"D:/AFY_UE/FYP_UE/FYP/Content/Modern_Insurgent_7/Textures/SmallArmor_Textures/T_ArmorSmall_N.uasset" 1202
"D:/AFY_UE/FYP_UE/FYP/Content/Modern_Insurgent_7/Textures/SmallArmor_Textures/T_ArmorSmall_N.uexp" 1203
"D:/AFY_UE/FYP_UE/FYP/Content/Modern_Insurgent_7/Textures/SmallArmor_Textures/T_ArmorSmall_BC.ubulk" 1204
"D:/AFY_UE/FYP_UE/FYP/Content/Modern_Insurgent_7/Textures/SmallArmor_Textures/T_ArmorSmall_BC.uasset" 1205
"D:/AFY_UE/FYP_UE/FYP/Content/Modern_Insurgent_7/Textures/SmallArmor_Textures/T_ArmorSmall_BC.uexp" 1206
"D:/AFY_UE/FYP_UE/FYP/Content/Modern_Insurgent_7/Textures/SmallArmor_Textures/T_ArmorSmall_AO_MT_R.ubulk" 1207
"D:/AFY_UE/FYP_UE/FYP/Content/Modern_Insurgent_7/Textures/SmallArmor_Textures/T_ArmorSmall_AO_MT_R.uasset" 1208
"D:/AFY_UE/FYP_UE/FYP/Content/Modern_Insurgent_7/Textures/SmallArmor_Textures/T_ArmorSmall_AO_MT_R.uexp" 1209
"D:/AFY_UE/FYP_UE/FYP/Content/Modern_Insurgent_7/Materials/ArmorSmall_Materials/M_ArmorSmall_Source.uasset" 1210
"D:/AFY_UE/FYP_UE/FYP/Content/Modern_Insurgent_7/Materials/ArmorSmall_Materials/M_ArmorSmall_Source.uexp" 1211
"D:/AFY_UE/FYP_UE/FYP/Content/Modern_Insurgent_7/Materials/ArmorSmall_Materials/MI_ArmorSmall_Tan.uasset" 1212
"D:/AFY_UE/FYP_UE/FYP/Content/Modern_Insurgent_7/Materials/ArmorSmall_Materials/MI_ArmorSmall_Tan.uexp" 1213
"D:/AFY_UE/FYP_UE/FYP/Content/Modern_Insurgent_7/Mesh/SK_Insurgent_P7.uasset" 1214
"D:/AFY_UE/FYP_UE/FYP/Content/Modern_Insurgent_7/Mesh/SK_Insurgent_P7.uexp" 1215
"D:/AFY_UE/FYP_UE/FYP/Content/MOUT_Fabrication/Textures/Airfield/HangarSet/T_Hangar_Trim_RMA.ubulk" 1216
"D:/AFY_UE/FYP_UE/FYP/Content/MOUT_Fabrication/Textures/Airfield/HangarSet/T_Hangar_Trim_RMA.uasset" 1217
"D:/AFY_UE/FYP_UE/FYP/Content/MOUT_Fabrication/Textures/Airfield/HangarSet/T_Hangar_Trim_RMA.uexp" 1218
"D:/AFY_UE/FYP_UE/FYP/Content/MOUT_Fabrication/Textures/Airfield/HangarSet/T_Hangar_Trim_NRM.ubulk" 1219
"D:/AFY_UE/FYP_UE/FYP/Content/MOUT_Fabrication/Textures/Airfield/HangarSet/T_Hangar_Trim_NRM.uasset" 1220
"D:/AFY_UE/FYP_UE/FYP/Content/MOUT_Fabrication/Textures/Airfield/HangarSet/T_Hangar_Trim_NRM.uexp" 1221
"D:/AFY_UE/FYP_UE/FYP/Content/MOUT_Fabrication/Textures/Airfield/HangarSet/T_Hangar_Trim_BC.ubulk" 1222
"D:/AFY_UE/FYP_UE/FYP/Content/MOUT_Fabrication/Textures/Airfield/HangarSet/T_Hangar_Trim_BC.uasset" 1223
"D:/AFY_UE/FYP_UE/FYP/Content/MOUT_Fabrication/Textures/Airfield/HangarSet/T_Hangar_Trim_BC.uexp" 1224
"D:/AFY_UE/FYP_UE/FYP/Content/MOUT_Fabrication/Materials/Airfield/Hangar_Trim_Mat.uasset" 1225
"D:/AFY_UE/FYP_UE/FYP/Content/MOUT_Fabrication/Materials/Airfield/Hangar_Trim_Mat.uexp" 1226
"D:/AFY_UE/FYP_UE/FYP/Content/MOUT_Fabrication/Meshes/Airfield/HangarAssets/SM_Hangar_Frame_02.ubulk" 1227
"D:/AFY_UE/FYP_UE/FYP/Content/MOUT_Fabrication/Meshes/Airfield/HangarAssets/SM_Hangar_Frame_02.uasset" 1228
"D:/AFY_UE/FYP_UE/FYP/Content/MOUT_Fabrication/Meshes/Airfield/HangarAssets/SM_Hangar_Frame_02.uexp" 1229
"D:/AFY_UE/FYP_UE/FYP/Content/MOUT_Fabrication/Textures/Airfield/HangarSet/T_Hangar_Wall_RMA.ubulk" 1230
"D:/AFY_UE/FYP_UE/FYP/Content/MOUT_Fabrication/Textures/Airfield/HangarSet/T_Hangar_Wall_RMA.uasset" 1231
"D:/AFY_UE/FYP_UE/FYP/Content/MOUT_Fabrication/Textures/Airfield/HangarSet/T_Hangar_Wall_RMA.uexp" 1232
"D:/AFY_UE/FYP_UE/FYP/Content/MOUT_Fabrication/Textures/Airfield/HangarSet/T_Hangar_Wall_NRM.ubulk" 1233
"D:/AFY_UE/FYP_UE/FYP/Content/MOUT_Fabrication/Textures/Airfield/HangarSet/T_Hangar_Wall_NRM.uasset" 1234
"D:/AFY_UE/FYP_UE/FYP/Content/MOUT_Fabrication/Textures/Airfield/HangarSet/T_Hangar_Wall_NRM.uexp" 1235
"D:/AFY_UE/FYP_UE/FYP/Content/MOUT_Fabrication/Textures/Airfield/HangarSet/T_Hangar_Wall_BC.ubulk" 1236
"D:/AFY_UE/FYP_UE/FYP/Content/MOUT_Fabrication/Textures/Airfield/HangarSet/T_Hangar_Wall_BC.uasset" 1237
"D:/AFY_UE/FYP_UE/FYP/Content/MOUT_Fabrication/Textures/Airfield/HangarSet/T_Hangar_Wall_BC.uexp" 1238
"D:/AFY_UE/FYP_UE/FYP/Content/MOUT_Fabrication/Materials/Airfield/M_Wall_Tile.uasset" 1239
"D:/AFY_UE/FYP_UE/FYP/Content/MOUT_Fabrication/Materials/Airfield/M_Wall_Tile.uexp" 1240
"D:/AFY_UE/FYP_UE/FYP/Content/MOUT_Fabrication/Meshes/Airfield/HangarAssets/SM_Hangar_Sliding_Door_01.ubulk" 1241
"D:/AFY_UE/FYP_UE/FYP/Content/MOUT_Fabrication/Meshes/Airfield/HangarAssets/SM_Hangar_Sliding_Door_01.uasset" 1242
"D:/AFY_UE/FYP_UE/FYP/Content/MOUT_Fabrication/Meshes/Airfield/HangarAssets/SM_Hangar_Sliding_Door_01.uexp" 1243
"D:/AFY_UE/FYP_UE/FYP/Content/MOUT_Fabrication/Meshes/Airfield/HangarAssets/SM_Hangar_Wall.ubulk" 1244
"D:/AFY_UE/FYP_UE/FYP/Content/MOUT_Fabrication/Meshes/Airfield/HangarAssets/SM_Hangar_Wall.uasset" 1245
"D:/AFY_UE/FYP_UE/FYP/Content/MOUT_Fabrication/Meshes/Airfield/HangarAssets/SM_Hangar_Wall.uexp" 1246
"../../../Engine/Content/EngineResources/LandscapeVisibilityLayerInfo.uasset" 1247
"../../../Engine/Content/EngineResources/LandscapeVisibilityLayerInfo.uexp" 1248
"../../../Engine/Content/EngineMaterials/DefaultMaterial.uasset" 1249
"../../../Engine/Content/EngineMaterials/DefaultMaterial.uexp" 1250
"../../../Engine/Content/MapTemplates/SM_Template_Map_Floor.ubulk" 1251
"../../../Engine/Content/MapTemplates/SM_Template_Map_Floor.uasset" 1252
"../../../Engine/Content/MapTemplates/SM_Template_Map_Floor.uexp" 1253
"../../../Engine/Plugins/Animation/ControlRig/Content/Controls/ControlRig_Arrow2_1mm.ubulk" 1254
"../../../Engine/Plugins/Animation/ControlRig/Content/Controls/ControlRig_Arrow2_1mm.uasset" 1255
"../../../Engine/Plugins/Animation/ControlRig/Content/Controls/ControlRig_Arrow2_1mm.uexp" 1256
"../../../Engine/Plugins/Animation/ControlRig/Content/Controls/ControlRig_Arrow2_3mm.ubulk" 1257
"../../../Engine/Plugins/Animation/ControlRig/Content/Controls/ControlRig_Arrow2_3mm.uasset" 1258
"../../../Engine/Plugins/Animation/ControlRig/Content/Controls/ControlRig_Arrow2_3mm.uexp" 1259
"../../../Engine/Plugins/Animation/ControlRig/Content/Controls/ControlRig_Arrow2_solid.ubulk" 1260
"../../../Engine/Plugins/Animation/ControlRig/Content/Controls/ControlRig_Arrow2_solid.uasset" 1261
"../../../Engine/Plugins/Animation/ControlRig/Content/Controls/ControlRig_Arrow2_solid.uexp" 1262
"../../../Engine/Plugins/Animation/ControlRig/Content/Controls/ControlRig_Arrow4_1mm.ubulk" 1263
"../../../Engine/Plugins/Animation/ControlRig/Content/Controls/ControlRig_Arrow4_1mm.uasset" 1264
"../../../Engine/Plugins/Animation/ControlRig/Content/Controls/ControlRig_Arrow4_1mm.uexp" 1265
"../../../Engine/Plugins/Animation/ControlRig/Content/Controls/ControlRig_Arrow4_3mm.ubulk" 1266
"../../../Engine/Plugins/Animation/ControlRig/Content/Controls/ControlRig_Arrow4_3mm.uasset" 1267
"../../../Engine/Plugins/Animation/ControlRig/Content/Controls/ControlRig_Arrow4_3mm.uexp" 1268
"../../../Engine/Plugins/Animation/ControlRig/Content/Controls/ControlRig_Arrow4_solid.ubulk" 1269
"../../../Engine/Plugins/Animation/ControlRig/Content/Controls/ControlRig_Arrow4_solid.uasset" 1270
"../../../Engine/Plugins/Animation/ControlRig/Content/Controls/ControlRig_Arrow4_solid.uexp" 1271
"../../../Engine/Plugins/Animation/ControlRig/Content/Controls/ControlRig_Arrow_1mm.ubulk" 1272
"../../../Engine/Plugins/Animation/ControlRig/Content/Controls/ControlRig_Arrow_1mm.uasset" 1273
"../../../Engine/Plugins/Animation/ControlRig/Content/Controls/ControlRig_Arrow_1mm.uexp" 1274
"../../../Engine/Plugins/Animation/ControlRig/Content/Controls/ControlRig_Arrow_3mm.ubulk" 1275
"../../../Engine/Plugins/Animation/ControlRig/Content/Controls/ControlRig_Arrow_3mm.uasset" 1276
"../../../Engine/Plugins/Animation/ControlRig/Content/Controls/ControlRig_Arrow_3mm.uexp" 1277
"../../../Engine/Plugins/Animation/ControlRig/Content/Controls/ControlRig_Arrow_solid.ubulk" 1278
"../../../Engine/Plugins/Animation/ControlRig/Content/Controls/ControlRig_Arrow_solid.uasset" 1279
"../../../Engine/Plugins/Animation/ControlRig/Content/Controls/ControlRig_Arrow_solid.uexp" 1280
"../../../Engine/Plugins/Animation/ControlRig/Content/Controls/ControlRig_Box_1mm.ubulk" 1281
"../../../Engine/Plugins/Animation/ControlRig/Content/Controls/ControlRig_Box_1mm.uasset" 1282
"../../../Engine/Plugins/Animation/ControlRig/Content/Controls/ControlRig_Box_1mm.uexp" 1283
"../../../Engine/Plugins/Animation/ControlRig/Content/Controls/ControlRig_Box_3mm.ubulk" 1284
"../../../Engine/Plugins/Animation/ControlRig/Content/Controls/ControlRig_Box_3mm.uasset" 1285
"../../../Engine/Plugins/Animation/ControlRig/Content/Controls/ControlRig_Box_3mm.uexp" 1286
"../../../Engine/Plugins/Animation/ControlRig/Content/Controls/ControlRig_Box_solid.ubulk" 1287
"../../../Engine/Plugins/Animation/ControlRig/Content/Controls/ControlRig_Box_solid.uasset" 1288
"../../../Engine/Plugins/Animation/ControlRig/Content/Controls/ControlRig_Box_solid.uexp" 1289
"../../../Engine/Plugins/Animation/ControlRig/Content/Controls/ControlRig_Circle_1mm.ubulk" 1290
"../../../Engine/Plugins/Animation/ControlRig/Content/Controls/ControlRig_Circle_1mm.uasset" 1291
"../../../Engine/Plugins/Animation/ControlRig/Content/Controls/ControlRig_Circle_1mm.uexp" 1292
"../../../Engine/Plugins/Animation/ControlRig/Content/Controls/ControlRig_Circle_3mm.ubulk" 1293
"../../../Engine/Plugins/Animation/ControlRig/Content/Controls/ControlRig_Circle_3mm.uasset" 1294
"../../../Engine/Plugins/Animation/ControlRig/Content/Controls/ControlRig_Circle_3mm.uexp" 1295
"../../../Engine/Plugins/Animation/ControlRig/Content/Controls/ControlRig_Circle_solid.ubulk" 1296
"../../../Engine/Plugins/Animation/ControlRig/Content/Controls/ControlRig_Circle_solid.uasset" 1297
"../../../Engine/Plugins/Animation/ControlRig/Content/Controls/ControlRig_Circle_solid.uexp" 1298
"../../../Engine/Plugins/Animation/ControlRig/Content/Controls/ControlRig_Diamond_1mm.ubulk" 1299
"../../../Engine/Plugins/Animation/ControlRig/Content/Controls/ControlRig_Diamond_1mm.uasset" 1300
"../../../Engine/Plugins/Animation/ControlRig/Content/Controls/ControlRig_Diamond_1mm.uexp" 1301
"../../../Engine/Plugins/Animation/ControlRig/Content/Controls/ControlRig_Diamond_3mm.ubulk" 1302
"../../../Engine/Plugins/Animation/ControlRig/Content/Controls/ControlRig_Diamond_3mm.uasset" 1303
"../../../Engine/Plugins/Animation/ControlRig/Content/Controls/ControlRig_Diamond_3mm.uexp" 1304
"../../../Engine/Plugins/Animation/ControlRig/Content/Controls/ControlRig_Diamond_solid.ubulk" 1305
"../../../Engine/Plugins/Animation/ControlRig/Content/Controls/ControlRig_Diamond_solid.uasset" 1306
"../../../Engine/Plugins/Animation/ControlRig/Content/Controls/ControlRig_Diamond_solid.uexp" 1307
"../../../Engine/Plugins/Animation/ControlRig/Content/Controls/ControlRig_HalfCircle_1mm.ubulk" 1308
"../../../Engine/Plugins/Animation/ControlRig/Content/Controls/ControlRig_HalfCircle_1mm.uasset" 1309
"../../../Engine/Plugins/Animation/ControlRig/Content/Controls/ControlRig_HalfCircle_1mm.uexp" 1310
"../../../Engine/Plugins/Animation/ControlRig/Content/Controls/ControlRig_HalfCircle_3mm.ubulk" 1311
"../../../Engine/Plugins/Animation/ControlRig/Content/Controls/ControlRig_HalfCircle_3mm.uasset" 1312
"../../../Engine/Plugins/Animation/ControlRig/Content/Controls/ControlRig_HalfCircle_3mm.uexp" 1313
"../../../Engine/Plugins/Animation/ControlRig/Content/Controls/ControlRig_HalfCircle_solid.ubulk" 1314
"../../../Engine/Plugins/Animation/ControlRig/Content/Controls/ControlRig_HalfCircle_solid.uasset" 1315
"../../../Engine/Plugins/Animation/ControlRig/Content/Controls/ControlRig_HalfCircle_solid.uexp" 1316
"../../../Engine/Plugins/Animation/ControlRig/Content/Controls/ControlRig_Hexagon_1mm.ubulk" 1317
"../../../Engine/Plugins/Animation/ControlRig/Content/Controls/ControlRig_Hexagon_1mm.uasset" 1318
"../../../Engine/Plugins/Animation/ControlRig/Content/Controls/ControlRig_Hexagon_1mm.uexp" 1319
"../../../Engine/Plugins/Animation/ControlRig/Content/Controls/ControlRig_Hexagon_3mm.ubulk" 1320
"../../../Engine/Plugins/Animation/ControlRig/Content/Controls/ControlRig_Hexagon_3mm.uasset" 1321
"../../../Engine/Plugins/Animation/ControlRig/Content/Controls/ControlRig_Hexagon_3mm.uexp" 1322
"../../../Engine/Plugins/Animation/ControlRig/Content/Controls/ControlRig_Hexagon_solid.ubulk" 1323
"../../../Engine/Plugins/Animation/ControlRig/Content/Controls/ControlRig_Hexagon_solid.uasset" 1324
"../../../Engine/Plugins/Animation/ControlRig/Content/Controls/ControlRig_Hexagon_solid.uexp" 1325
"../../../Engine/Plugins/Animation/ControlRig/Content/Controls/ControlRig_Octagon_1mm.ubulk" 1326
"../../../Engine/Plugins/Animation/ControlRig/Content/Controls/ControlRig_Octagon_1mm.uasset" 1327
"../../../Engine/Plugins/Animation/ControlRig/Content/Controls/ControlRig_Octagon_1mm.uexp" 1328
"../../../Engine/Plugins/Animation/ControlRig/Content/Controls/ControlRig_Octagon_3mm.ubulk" 1329
"../../../Engine/Plugins/Animation/ControlRig/Content/Controls/ControlRig_Octagon_3mm.uasset" 1330
"../../../Engine/Plugins/Animation/ControlRig/Content/Controls/ControlRig_Octagon_3mm.uexp" 1331
"../../../Engine/Plugins/Animation/ControlRig/Content/Controls/ControlRig_Octagon_solid.ubulk" 1332
"../../../Engine/Plugins/Animation/ControlRig/Content/Controls/ControlRig_Octagon_solid.uasset" 1333
"../../../Engine/Plugins/Animation/ControlRig/Content/Controls/ControlRig_Octagon_solid.uexp" 1334
"../../../Engine/Plugins/Animation/ControlRig/Content/Controls/ControlRig_Pyramid_1mm.ubulk" 1335
"../../../Engine/Plugins/Animation/ControlRig/Content/Controls/ControlRig_Pyramid_1mm.uasset" 1336
"../../../Engine/Plugins/Animation/ControlRig/Content/Controls/ControlRig_Pyramid_1mm.uexp" 1337
"../../../Engine/Plugins/Animation/ControlRig/Content/Controls/ControlRig_Pyramid_3mm.ubulk" 1338
"../../../Engine/Plugins/Animation/ControlRig/Content/Controls/ControlRig_Pyramid_3mm.uasset" 1339
"../../../Engine/Plugins/Animation/ControlRig/Content/Controls/ControlRig_Pyramid_3mm.uexp" 1340
"../../../Engine/Plugins/Animation/ControlRig/Content/Controls/ControlRig_Pyramid_solid.ubulk" 1341
"../../../Engine/Plugins/Animation/ControlRig/Content/Controls/ControlRig_Pyramid_solid.uasset" 1342
"../../../Engine/Plugins/Animation/ControlRig/Content/Controls/ControlRig_Pyramid_solid.uexp" 1343
"../../../Engine/Plugins/Animation/ControlRig/Content/Controls/ControlRig_QuarterCircle_1mm.ubulk" 1344
"../../../Engine/Plugins/Animation/ControlRig/Content/Controls/ControlRig_QuarterCircle_1mm.uasset" 1345
"../../../Engine/Plugins/Animation/ControlRig/Content/Controls/ControlRig_QuarterCircle_1mm.uexp" 1346
"../../../Engine/Plugins/Animation/ControlRig/Content/Controls/ControlRig_QuarterCircle_3mm.ubulk" 1347
"../../../Engine/Plugins/Animation/ControlRig/Content/Controls/ControlRig_QuarterCircle_3mm.uasset" 1348
"../../../Engine/Plugins/Animation/ControlRig/Content/Controls/ControlRig_QuarterCircle_3mm.uexp" 1349
"../../../Engine/Plugins/Animation/ControlRig/Content/Controls/ControlRig_QuarterCircle_solid.ubulk" 1350
"../../../Engine/Plugins/Animation/ControlRig/Content/Controls/ControlRig_QuarterCircle_solid.uasset" 1351
"../../../Engine/Plugins/Animation/ControlRig/Content/Controls/ControlRig_QuarterCircle_solid.uexp" 1352
"../../../Engine/Plugins/Animation/ControlRig/Content/Controls/ControlRig_RoundedSquare_1mm.ubulk" 1353
"../../../Engine/Plugins/Animation/ControlRig/Content/Controls/ControlRig_RoundedSquare_1mm.uasset" 1354
"../../../Engine/Plugins/Animation/ControlRig/Content/Controls/ControlRig_RoundedSquare_1mm.uexp" 1355
"../../../Engine/Plugins/Animation/ControlRig/Content/Controls/ControlRig_RoundedSquare_3mm.ubulk" 1356
"../../../Engine/Plugins/Animation/ControlRig/Content/Controls/ControlRig_RoundedSquare_3mm.uasset" 1357
"../../../Engine/Plugins/Animation/ControlRig/Content/Controls/ControlRig_RoundedSquare_3mm.uexp" 1358
"../../../Engine/Plugins/Animation/ControlRig/Content/Controls/ControlRig_RoundedSquare_solid.ubulk" 1359
"../../../Engine/Plugins/Animation/ControlRig/Content/Controls/ControlRig_RoundedSquare_solid.uasset" 1360
"../../../Engine/Plugins/Animation/ControlRig/Content/Controls/ControlRig_RoundedSquare_solid.uexp" 1361
"../../../Engine/Plugins/Animation/ControlRig/Content/Controls/ControlRig_RoundedTriangle_1mm.ubulk" 1362
"../../../Engine/Plugins/Animation/ControlRig/Content/Controls/ControlRig_RoundedTriangle_1mm.uasset" 1363
"../../../Engine/Plugins/Animation/ControlRig/Content/Controls/ControlRig_RoundedTriangle_1mm.uexp" 1364
"../../../Engine/Plugins/Animation/ControlRig/Content/Controls/ControlRig_RoundedTriangle_3mm.ubulk" 1365
"../../../Engine/Plugins/Animation/ControlRig/Content/Controls/ControlRig_RoundedTriangle_3mm.uasset" 1366
"../../../Engine/Plugins/Animation/ControlRig/Content/Controls/ControlRig_RoundedTriangle_3mm.uexp" 1367
"../../../Engine/Plugins/Animation/ControlRig/Content/Controls/ControlRig_RoundedTriangle_solid.ubulk" 1368
"../../../Engine/Plugins/Animation/ControlRig/Content/Controls/ControlRig_RoundedTriangle_solid.uasset" 1369
"../../../Engine/Plugins/Animation/ControlRig/Content/Controls/ControlRig_RoundedTriangle_solid.uexp" 1370
"../../../Engine/Plugins/Animation/ControlRig/Content/Controls/ControlRig_Sphere_1mm.ubulk" 1371
"../../../Engine/Plugins/Animation/ControlRig/Content/Controls/ControlRig_Sphere_1mm.uasset" 1372
"../../../Engine/Plugins/Animation/ControlRig/Content/Controls/ControlRig_Sphere_1mm.uexp" 1373
"../../../Engine/Plugins/Animation/ControlRig/Content/Controls/ControlRig_Sphere_3mm.ubulk" 1374
"../../../Engine/Plugins/Animation/ControlRig/Content/Controls/ControlRig_Sphere_3mm.uasset" 1375
"../../../Engine/Plugins/Animation/ControlRig/Content/Controls/ControlRig_Sphere_3mm.uexp" 1376
"../../../Engine/Plugins/Animation/ControlRig/Content/Controls/ControlRig_Sphere_solid.ubulk" 1377
"../../../Engine/Plugins/Animation/ControlRig/Content/Controls/ControlRig_Sphere_solid.uasset" 1378
"../../../Engine/Plugins/Animation/ControlRig/Content/Controls/ControlRig_Sphere_solid.uexp" 1379
"../../../Engine/Plugins/Animation/ControlRig/Content/Controls/ControlRig_Square_1mm.ubulk" 1380
"../../../Engine/Plugins/Animation/ControlRig/Content/Controls/ControlRig_Square_1mm.uasset" 1381
"../../../Engine/Plugins/Animation/ControlRig/Content/Controls/ControlRig_Square_1mm.uexp" 1382
"../../../Engine/Plugins/Animation/ControlRig/Content/Controls/ControlRig_Square_3mm.ubulk" 1383
"../../../Engine/Plugins/Animation/ControlRig/Content/Controls/ControlRig_Square_3mm.uasset" 1384
"../../../Engine/Plugins/Animation/ControlRig/Content/Controls/ControlRig_Square_3mm.uexp" 1385
"../../../Engine/Plugins/Animation/ControlRig/Content/Controls/ControlRig_Square_solid.ubulk" 1386
"../../../Engine/Plugins/Animation/ControlRig/Content/Controls/ControlRig_Square_solid.uasset" 1387
"../../../Engine/Plugins/Animation/ControlRig/Content/Controls/ControlRig_Square_solid.uexp" 1388
"../../../Engine/Plugins/Animation/ControlRig/Content/Controls/ControlRig_Star4_1mm.ubulk" 1389
"../../../Engine/Plugins/Animation/ControlRig/Content/Controls/ControlRig_Star4_1mm.uasset" 1390
"../../../Engine/Plugins/Animation/ControlRig/Content/Controls/ControlRig_Star4_1mm.uexp" 1391
"../../../Engine/Plugins/Animation/ControlRig/Content/Controls/ControlRig_Star4_3mm.ubulk" 1392
"../../../Engine/Plugins/Animation/ControlRig/Content/Controls/ControlRig_Star4_3mm.uasset" 1393
"../../../Engine/Plugins/Animation/ControlRig/Content/Controls/ControlRig_Star4_3mm.uexp" 1394
"../../../Engine/Plugins/Animation/ControlRig/Content/Controls/ControlRig_Star4_solid.ubulk" 1395
"../../../Engine/Plugins/Animation/ControlRig/Content/Controls/ControlRig_Star4_solid.uasset" 1396
"../../../Engine/Plugins/Animation/ControlRig/Content/Controls/ControlRig_Star4_solid.uexp" 1397
"../../../Engine/Plugins/Animation/ControlRig/Content/Controls/ControlRig_Triangle_1mm.ubulk" 1398
"../../../Engine/Plugins/Animation/ControlRig/Content/Controls/ControlRig_Triangle_1mm.uasset" 1399
"../../../Engine/Plugins/Animation/ControlRig/Content/Controls/ControlRig_Triangle_1mm.uexp" 1400
"../../../Engine/Plugins/Animation/ControlRig/Content/Controls/ControlRig_Triangle_3mm.ubulk" 1401
"../../../Engine/Plugins/Animation/ControlRig/Content/Controls/ControlRig_Triangle_3mm.uasset" 1402
"../../../Engine/Plugins/Animation/ControlRig/Content/Controls/ControlRig_Triangle_3mm.uexp" 1403
"../../../Engine/Plugins/Animation/ControlRig/Content/Controls/ControlRig_Triangle_solid.ubulk" 1404
"../../../Engine/Plugins/Animation/ControlRig/Content/Controls/ControlRig_Triangle_solid.uasset" 1405
"../../../Engine/Plugins/Animation/ControlRig/Content/Controls/ControlRig_Triangle_solid.uexp" 1406
"../../../Engine/Plugins/Animation/ControlRig/Content/Controls/ControlRig_Wedge_1mm.ubulk" 1407
"../../../Engine/Plugins/Animation/ControlRig/Content/Controls/ControlRig_Wedge_1mm.uasset" 1408
"../../../Engine/Plugins/Animation/ControlRig/Content/Controls/ControlRig_Wedge_1mm.uexp" 1409
"../../../Engine/Plugins/Animation/ControlRig/Content/Controls/ControlRig_Wedge_3mm.ubulk" 1410
"../../../Engine/Plugins/Animation/ControlRig/Content/Controls/ControlRig_Wedge_3mm.uasset" 1411
"../../../Engine/Plugins/Animation/ControlRig/Content/Controls/ControlRig_Wedge_3mm.uexp" 1412
"../../../Engine/Plugins/Animation/ControlRig/Content/Controls/ControlRig_Wedge_solid.ubulk" 1413
"../../../Engine/Plugins/Animation/ControlRig/Content/Controls/ControlRig_Wedge_solid.uasset" 1414
"../../../Engine/Plugins/Animation/ControlRig/Content/Controls/ControlRig_Wedge_solid.uexp" 1415
"../../../Engine/Plugins/Interchange/Assets/Content/Functions/MF_PhongToMetalRoughness.uasset" 1416
"../../../Engine/Plugins/Interchange/Assets/Content/Functions/MF_PhongToMetalRoughness.uexp" 1417
"D:/AFY_UE/FYP_UE/FYP/Content/Environment/Floor_Stand_M_Stand_Roughness.ubulk" 1418
"D:/AFY_UE/FYP_UE/FYP/Content/Environment/Floor_Stand_M_Stand_Roughness.uasset" 1419
"D:/AFY_UE/FYP_UE/FYP/Content/Environment/Floor_Stand_M_Stand_Roughness.uexp" 1420
"D:/AFY_UE/FYP_UE/FYP/Content/Environment/Floor_Stand_M_Stand_Normal.ubulk" 1421
"D:/AFY_UE/FYP_UE/FYP/Content/Environment/Floor_Stand_M_Stand_Normal.uasset" 1422
"D:/AFY_UE/FYP_UE/FYP/Content/Environment/Floor_Stand_M_Stand_Normal.uexp" 1423
"D:/AFY_UE/FYP_UE/FYP/Content/Environment/Floor_Stand_M_Stand_BaseColor.ubulk" 1424
"D:/AFY_UE/FYP_UE/FYP/Content/Environment/Floor_Stand_M_Stand_BaseColor.uasset" 1425
"D:/AFY_UE/FYP_UE/FYP/Content/Environment/Floor_Stand_M_Stand_BaseColor.uexp" 1426
"D:/AFY_UE/FYP_UE/FYP/Content/Environment/M_Stand.uasset" 1427
"D:/AFY_UE/FYP_UE/FYP/Content/Environment/M_Stand.uexp" 1428
"D:/AFY_UE/FYP_UE/FYP/Content/Environment/Floor_Stand1.ubulk" 1429
"D:/AFY_UE/FYP_UE/FYP/Content/Environment/Floor_Stand1.uasset" 1430
"D:/AFY_UE/FYP_UE/FYP/Content/Environment/Floor_Stand1.uexp" 1431
"D:/AFY_UE/FYP_UE/FYP/Content/Environment/SM_SM_2WallsMerge.ubulk" 1432
"D:/AFY_UE/FYP_UE/FYP/Content/Environment/SM_SM_2WallsMerge.uasset" 1433
"D:/AFY_UE/FYP_UE/FYP/Content/Environment/SM_SM_2WallsMerge.uexp" 1434
"D:/AFY_UE/FYP_UE/FYP/Content/Environment/SM_SM_4Walls_NoSteel.ubulk" 1435
"D:/AFY_UE/FYP_UE/FYP/Content/Environment/SM_SM_4Walls_NoSteel.uasset" 1436
"D:/AFY_UE/FYP_UE/FYP/Content/Environment/SM_SM_4Walls_NoSteel.uexp" 1437
"D:/AFY_UE/FYP_UE/FYP/Content/Environment/SM_SM_5WallsMerge.ubulk" 1438
"D:/AFY_UE/FYP_UE/FYP/Content/Environment/SM_SM_5WallsMerge.uasset" 1439
"D:/AFY_UE/FYP_UE/FYP/Content/Environment/SM_SM_5WallsMerge.uexp" 1440
"D:/AFY_UE/FYP_UE/FYP/Content/Environment/SM_SM_6Walls_merge.ubulk" 1441
"D:/AFY_UE/FYP_UE/FYP/Content/Environment/SM_SM_6Walls_merge.uasset" 1442
"D:/AFY_UE/FYP_UE/FYP/Content/Environment/SM_SM_6Walls_merge.uexp" 1443
"D:/AFY_UE/FYP_UE/FYP/Content/Environment/SM_SM_Boxes.ubulk" 1444
"D:/AFY_UE/FYP_UE/FYP/Content/Environment/SM_SM_Boxes.uasset" 1445
"D:/AFY_UE/FYP_UE/FYP/Content/Environment/SM_SM_Boxes.uexp" 1446
"D:/AFY_UE/FYP_UE/FYP/Content/Environment/SM_SM_LongWalls.ubulk" 1447
"D:/AFY_UE/FYP_UE/FYP/Content/Environment/SM_SM_LongWalls.uasset" 1448
"D:/AFY_UE/FYP_UE/FYP/Content/Environment/SM_SM_LongWalls.uexp" 1449
"D:/AFY_UE/FYP_UE/FYP/Content/Environment/SM_SM_SingleWall.ubulk" 1450
"D:/AFY_UE/FYP_UE/FYP/Content/Environment/SM_SM_SingleWall.uasset" 1451
"D:/AFY_UE/FYP_UE/FYP/Content/Environment/SM_SM_SingleWall.uexp" 1452
"../../../Engine/Content/BasicShapes/Cone.ubulk" 1453
"../../../Engine/Content/BasicShapes/Cone.uasset" 1454
"../../../Engine/Content/BasicShapes/Cone.uexp" 1455
"../../../Engine/Content/BasicShapes/Cube.ubulk" 1456
"../../../Engine/Content/BasicShapes/Cube.uasset" 1457
"../../../Engine/Content/BasicShapes/Cube.uexp" 1458
"../../../Engine/Content/BasicShapes/Cylinder.ubulk" 1459
"../../../Engine/Content/BasicShapes/Cylinder.uasset" 1460
"../../../Engine/Content/BasicShapes/Cylinder.uexp" 1461
"../../../Engine/Content/BasicShapes/Plane.ubulk" 1462
"../../../Engine/Content/BasicShapes/Plane.uasset" 1463
"../../../Engine/Content/BasicShapes/Plane.uexp" 1464
"../../../Engine/Content/BasicShapes/Sphere.ubulk" 1465
"../../../Engine/Content/BasicShapes/Sphere.uasset" 1466
"../../../Engine/Content/BasicShapes/Sphere.uexp" 1467
"../../../Engine/Content/EditorLandscapeResources/ColorMaskBrushMaterial.uasset" 1468
"../../../Engine/Content/EditorLandscapeResources/ColorMaskBrushMaterial.uexp" 1469
"../../../Engine/Content/EditorLandscapeResources/ColorMaskBrushMaterial_MaskedRegion.uasset" 1470
"../../../Engine/Content/EditorLandscapeResources/ColorMaskBrushMaterial_MaskedRegion.uexp" 1471
"../../../Engine/Content/Functions/Engine_MaterialFunctions03/Math/WithinRangeFloat2.uasset" 1472
"../../../Engine/Content/Functions/Engine_MaterialFunctions03/Math/WithinRangeFloat2.uexp" 1473
"../../../Engine/Content/EditorLandscapeResources/MaskBrushMaterial.uasset" 1474
"../../../Engine/Content/EditorLandscapeResources/MaskBrushMaterial.uexp" 1475
"../../../Engine/Content/EditorLandscapeResources/MaskBrushMaterial_MaskedRegion.uasset" 1476
"../../../Engine/Content/EditorLandscapeResources/MaskBrushMaterial_MaskedRegion.uexp" 1477
"../../../Engine/Content/EditorLandscapeResources/SelectBrushMaterial.uasset" 1478
"../../../Engine/Content/EditorLandscapeResources/SelectBrushMaterial.uexp" 1479
"../../../Engine/Content/EditorLandscapeResources/SelectBrushMaterial_Selected.uasset" 1480
"../../../Engine/Content/EditorLandscapeResources/SelectBrushMaterial_Selected.uexp" 1481
"../../../Engine/Content/EditorLandscapeResources/SelectBrushMaterial_SelectedRegion.uasset" 1482
"../../../Engine/Content/EditorLandscapeResources/SelectBrushMaterial_SelectedRegion.uexp" 1483
"../../../Engine/Content/EditorLandscapeResources/SplineEditorMeshMat.uasset" 1484
"../../../Engine/Content/EditorLandscapeResources/SplineEditorMeshMat.uexp" 1485
"../../../Engine/Content/EditorLandscapeResources/SplineEditorMesh.ubulk" 1486
"../../../Engine/Content/EditorLandscapeResources/SplineEditorMesh.uasset" 1487
"../../../Engine/Content/EditorLandscapeResources/SplineEditorMesh.uexp" 1488
"../../../Engine/Content/EngineMaterials/WeightMapPlaceholderTexture.uasset" 1489
"../../../Engine/Content/EngineMaterials/WeightMapPlaceholderTexture.uexp" 1490
"../../../Engine/Content/EngineMaterials/WeightMapArrayPlaceholderTexture.uasset" 1491
"../../../Engine/Content/EngineMaterials/WeightMapArrayPlaceholderTexture.uexp" 1492
"../../../Engine/Content/EngineResources/WhiteSquareTexture.uasset" 1493
"../../../Engine/Content/EngineResources/WhiteSquareTexture.uexp" 1494
"../../../Engine/Content/EngineMaterials/Widget3DPassThrough.uasset" 1495
"../../../Engine/Content/EngineMaterials/Widget3DPassThrough.uexp" 1496
"../../../Engine/Content/EngineMaterials/Widget3DPassThrough_Masked.uasset" 1497
"../../../Engine/Content/EngineMaterials/Widget3DPassThrough_Masked.uexp" 1498
"../../../Engine/Content/EngineMaterials/Widget3DPassThrough_Opaque.uasset" 1499
"../../../Engine/Content/EngineMaterials/Widget3DPassThrough_Opaque.uexp" 1500
"../../../Engine/Content/EngineMaterials/Widget3DPassThrough_Masked_OneSided.uasset" 1501
"../../../Engine/Content/EngineMaterials/Widget3DPassThrough_Masked_OneSided.uexp" 1502
"../../../Engine/Content/EngineMaterials/Widget3DPassThrough_Opaque_OneSided.uasset" 1503
"../../../Engine/Content/EngineMaterials/Widget3DPassThrough_Opaque_OneSided.uexp" 1504
"../../../Engine/Content/EngineMaterials/Widget3DPassThrough_Translucent.uasset" 1505
"../../../Engine/Content/EngineMaterials/Widget3DPassThrough_Translucent.uexp" 1506
"../../../Engine/Content/EngineMaterials/Widget3DPassThrough_Translucent_OneSided.uasset" 1507
"../../../Engine/Content/EngineMaterials/Widget3DPassThrough_Translucent_OneSided.uexp" 1508
"../../../Engine/Plugins/Media/MediaPlate/Content/SM_MediaPlateScreen.ubulk" 1509
"../../../Engine/Plugins/Media/MediaPlate/Content/SM_MediaPlateScreen.uasset" 1510
"../../../Engine/Plugins/Media/MediaPlate/Content/SM_MediaPlateScreen.uexp" 1511
"../../../Engine/Plugins/NNE/NNEDenoiser/Content/NNE_oidn2-3-0_rt_hdr_alb_nrm_small__dyn__fp16_opset11_DenoiseAlpha.uasset" 1512
"../../../Engine/Plugins/NNE/NNEDenoiser/Content/NNE_oidn2-3-0_rt_hdr_alb_nrm_small__dyn__fp16_opset11_DenoiseAlpha.uexp" 1513
"../../../Engine/Plugins/NNE/NNEDenoiser/Content/NNE_oidn2-3-0_rt_hdr_alb_nrm_small__dyn__fp16_opset11_ForwardAlpha.uasset" 1514
"../../../Engine/Plugins/NNE/NNEDenoiser/Content/NNE_oidn2-3-0_rt_hdr_alb_nrm_small__dyn__fp16_opset11_ForwardAlpha.uexp" 1515
"../../../Engine/Plugins/NNE/NNEDenoiser/Content/NNE_oidn2-3-0_rt_hdr_alb_nrm__dyn__fp16_opset11_DenoiseAlpha.uasset" 1516
"../../../Engine/Plugins/NNE/NNEDenoiser/Content/NNE_oidn2-3-0_rt_hdr_alb_nrm__dyn__fp16_opset11_DenoiseAlpha.uexp" 1517
"../../../Engine/Plugins/NNE/NNEDenoiser/Content/NNE_oidn2-3-0_rt_hdr_alb_nrm__dyn__fp16_opset11_ForwardAlpha.uasset" 1518
"../../../Engine/Plugins/NNE/NNEDenoiser/Content/NNE_oidn2-3-0_rt_hdr_alb_nrm__dyn__fp16_opset11_ForwardAlpha.uexp" 1519
"../../../Engine/Plugins/NNE/NNEDenoiser/Content/NNE_oidn2-3-0_rt_hdr_calb_cnrm_large__dyn__fp16_opset11_DenoiseAlpha.uasset" 1520
"../../../Engine/Plugins/NNE/NNEDenoiser/Content/NNE_oidn2-3-0_rt_hdr_calb_cnrm_large__dyn__fp16_opset11_DenoiseAlpha.uexp" 1521
"../../../Engine/Plugins/NNE/NNEDenoiser/Content/NNE_oidn2-3-0_rt_hdr_calb_cnrm_large__dyn__fp16_opset11_ForwardAlpha.uasset" 1522
"../../../Engine/Plugins/NNE/NNEDenoiser/Content/NNE_oidn2-3-0_rt_hdr_calb_cnrm_large__dyn__fp16_opset11_ForwardAlpha.uexp" 1523
"../../../Engine/Plugins/2D/Paper2D/Content/DefaultSpriteMaterial.uasset" 1524
"../../../Engine/Plugins/2D/Paper2D/Content/DefaultSpriteMaterial.uexp" 1525
"../../../Engine/Plugins/2D/Paper2D/Content/OpaqueUnlitSpriteMaterial.uasset" 1526
"../../../Engine/Plugins/2D/Paper2D/Content/OpaqueUnlitSpriteMaterial.uexp" 1527
"../../../Engine/Content/VREditor/TransformGizmo/TranslucentTransformGizmoMaterial_Inst.uasset" 1528
"../../../Engine/Content/VREditor/TransformGizmo/TranslucentTransformGizmoMaterial_Inst.uexp" 1529
"../../../Engine/Content/VREditor/TransformGizmo/TransformGizmoMaterial_Inst.uasset" 1530
"../../../Engine/Content/VREditor/TransformGizmo/TransformGizmoMaterial_Inst.uexp" 1531
"../../../Engine/Content/VREditor/Sounds/UI/Drop_Item_From_ContentBrowser.ubulk" 1532
"../../../Engine/Content/VREditor/Sounds/UI/Drop_Item_From_ContentBrowser.uasset" 1533
"../../../Engine/Content/VREditor/Sounds/UI/Drop_Item_From_ContentBrowser.uexp" 1534
"../../../Engine/Content/VREditor/TransformGizmo/UniformScaleHandle.ubulk" 1535
"../../../Engine/Content/VREditor/TransformGizmo/UniformScaleHandle.uasset" 1536
"../../../Engine/Content/VREditor/TransformGizmo/UniformScaleHandle.uexp" 1537
"../../../Engine/Content/VREditor/TransformGizmo/TranslateArrowHandle.ubulk" 1538
"../../../Engine/Content/VREditor/TransformGizmo/TranslateArrowHandle.uasset" 1539
"../../../Engine/Content/VREditor/TransformGizmo/TranslateArrowHandle.uexp" 1540
"../../../Engine/Content/VREditor/TransformGizmo/TransformGizmoFreeRotation.ubulk" 1541
"../../../Engine/Content/VREditor/TransformGizmo/TransformGizmoFreeRotation.uasset" 1542
"../../../Engine/Content/VREditor/TransformGizmo/TransformGizmoFreeRotation.uexp" 1543
"../../../Engine/Content/VREditor/TransformGizmo/StartRotationHandleIndicator.ubulk" 1544
"../../../Engine/Content/VREditor/TransformGizmo/StartRotationHandleIndicator.uasset" 1545
"../../../Engine/Content/VREditor/TransformGizmo/StartRotationHandleIndicator.uexp" 1546
"../../../Engine/Content/VREditor/TransformGizmo/RotationHandleQuarter.ubulk" 1547
"../../../Engine/Content/VREditor/TransformGizmo/RotationHandleQuarter.uasset" 1548
"../../../Engine/Content/VREditor/TransformGizmo/RotationHandleQuarter.uexp" 1549
"../../../Engine/Content/VREditor/TransformGizmo/RotationHandleIndicator.ubulk" 1550
"../../../Engine/Content/VREditor/TransformGizmo/RotationHandleIndicator.uasset" 1551
"../../../Engine/Content/VREditor/TransformGizmo/RotationHandleIndicator.uexp" 1552
"../../../Engine/Content/VREditor/TransformGizmo/RotationHandleFull.ubulk" 1553
"../../../Engine/Content/VREditor/TransformGizmo/RotationHandleFull.uasset" 1554
"../../../Engine/Content/VREditor/TransformGizmo/RotationHandleFull.uexp" 1555
"../../../Engine/Content/Functions/Engine_MaterialFunctions02/SplitComponents.uasset" 1556
"../../../Engine/Content/Functions/Engine_MaterialFunctions02/SplitComponents.uexp" 1557
"../../../Engine/Content/VREditor/SnapGrid/SnapGridMaterial.uasset" 1558
"../../../Engine/Content/VREditor/SnapGrid/SnapGridMaterial.uexp" 1559
"../../../Engine/Content/VREditor/SnapGrid/SnapGridPlaneMesh.ubulk" 1560
"../../../Engine/Content/VREditor/SnapGrid/SnapGridPlaneMesh.uasset" 1561
"../../../Engine/Content/VREditor/SnapGrid/SnapGridPlaneMesh.uexp" 1562
"../../../Engine/Content/VREditor/Sounds/UI/Gizmo_Handle_Clicked.ubulk" 1563
"../../../Engine/Content/VREditor/Sounds/UI/Gizmo_Handle_Clicked.uasset" 1564
"../../../Engine/Content/VREditor/Sounds/UI/Gizmo_Handle_Clicked.uexp" 1565
"../../../Engine/Content/VREditor/Sounds/UI/Object_PickUp.ubulk" 1566
"../../../Engine/Content/VREditor/Sounds/UI/Object_PickUp.uasset" 1567
"../../../Engine/Content/VREditor/Sounds/UI/Object_PickUp.uexp" 1568
"../../../Engine/Content/VREditor/Sounds/UI/Object_Snaps_To_Another_Actor.ubulk" 1569
"../../../Engine/Content/VREditor/Sounds/UI/Object_Snaps_To_Another_Actor.uasset" 1570
"../../../Engine/Content/VREditor/Sounds/UI/Object_Snaps_To_Another_Actor.uexp" 1571
"../../../Engine/Content/VREditor/Sounds/UI/Object_Snaps_To_Grid.ubulk" 1572
"../../../Engine/Content/VREditor/Sounds/UI/Object_Snaps_To_Grid.uasset" 1573
"../../../Engine/Content/VREditor/Sounds/UI/Object_Snaps_To_Grid.uexp" 1574
"../../../Engine/Content/VREditor/Sounds/UI/Scaling_Down.ubulk" 1575
"../../../Engine/Content/VREditor/Sounds/UI/Scaling_Down.uasset" 1576
"../../../Engine/Content/VREditor/Sounds/UI/Scaling_Down.uexp" 1577
"../../../Engine/Content/VREditor/Sounds/UI/Scaling_Up.ubulk" 1578
"../../../Engine/Content/VREditor/Sounds/UI/Scaling_Up.uasset" 1579
"../../../Engine/Content/VREditor/Sounds/UI/Scaling_Up.uexp" 1580
"../../../Engine/Content/VREditor/Sounds/UI/Selection_Changes.ubulk" 1581
"../../../Engine/Content/VREditor/Sounds/UI/Selection_Changes.uasset" 1582
"../../../Engine/Content/VREditor/Sounds/UI/Selection_Changes.uexp" 1583
"../../../Engine/Content/VREditor/TransformGizmo/PlaneTranslationHandle.ubulk" 1584
"../../../Engine/Content/VREditor/TransformGizmo/PlaneTranslationHandle.uasset" 1585
"../../../Engine/Content/VREditor/TransformGizmo/PlaneTranslationHandle.uexp" 1586
"../../../Engine/Plugins/Animation/DeformerGraph/Content/DeformerFunctions/DG_Function_LinearBlendSkin_Morph_Cloth.uasset" 1587
"../../../Engine/Plugins/Animation/DeformerGraph/Content/DeformerFunctions/DG_Function_LinearBlendSkin_Morph_Cloth.uexp" 1588
"../../../Engine/Plugins/Animation/DeformerGraph/Content/Deformers/DG_LinearBlendSkin_Morph_Cloth.uasset" 1589
"../../../Engine/Plugins/Animation/DeformerGraph/Content/Deformers/DG_LinearBlendSkin_Morph_Cloth.uexp" 1590
"../../../Engine/Plugins/Animation/DeformerGraph/Content/DeformerFunctions/DG_Function_LinearBlendSkin_Morph_Cloth_PositionOnly.uasset" 1591
"../../../Engine/Plugins/Animation/DeformerGraph/Content/DeformerFunctions/DG_Function_LinearBlendSkin_Morph_Cloth_PositionOnly.uexp" 1592
"../../../Engine/Plugins/Animation/DeformerGraph/Content/DeformerFunctions/DG_Function_ComputeNormalsTangents.uasset" 1593
"../../../Engine/Plugins/Animation/DeformerGraph/Content/DeformerFunctions/DG_Function_ComputeNormalsTangents.uexp" 1594
"../../../Engine/Plugins/Animation/DeformerGraph/Content/Deformers/DG_LinearBlendSkin_Morph_Cloth_RecomputeNormals.uasset" 1595
"../../../Engine/Plugins/Animation/DeformerGraph/Content/Deformers/DG_LinearBlendSkin_Morph_Cloth_RecomputeNormals.uexp" 1596
"D:/AFY_UE/FYP_UE/FYP/Content/ThirdPerson/LevelSequenceCinema.uasset" 1597
"D:/AFY_UE/FYP_UE/FYP/Content/ThirdPerson/LevelSequenceCinema.uexp" 1598
"D:/AFY_UE/FYP_UE/FYP/Content/ThirdPerson/lll_LevelSequence.uasset" 1599
"D:/AFY_UE/FYP_UE/FYP/Content/ThirdPerson/lll_LevelSequence.uexp" 1600
"../../../Engine/Plugins/NNE/NNEDenoiser/Content/NNEDT_Oidn2-3_Balanced.uasset" 1601
"../../../Engine/Plugins/NNE/NNEDenoiser/Content/NNEDT_Oidn2-3_Balanced.uexp" 1602
"../../../Engine/Plugins/NNE/NNEDenoiser/Content/NNEDT_Oidn2-3_Balanced_Alpha.uasset" 1603
"../../../Engine/Plugins/NNE/NNEDenoiser/Content/NNEDT_Oidn2-3_Balanced_Alpha.uexp" 1604
"../../../Engine/Plugins/NNE/NNEDenoiser/Content/NNED_Oidn2-3_Balanced.uasset" 1605
"../../../Engine/Plugins/NNE/NNEDenoiser/Content/NNED_Oidn2-3_Balanced.uexp" 1606
"../../../Engine/Plugins/NNE/NNEDenoiser/Content/NNED_Oidn2-3_Balanced_Alpha.uasset" 1607
"../../../Engine/Plugins/NNE/NNEDenoiser/Content/NNED_Oidn2-3_Balanced_Alpha.uexp" 1608
"../../../Engine/Plugins/NNE/NNEDenoiser/Content/NNED_Oidn2-3_Fast.uasset" 1609
"../../../Engine/Plugins/NNE/NNEDenoiser/Content/NNED_Oidn2-3_Fast.uexp" 1610
"../../../Engine/Plugins/NNE/NNEDenoiser/Content/NNED_Oidn2-3_Fast_Alpha.uasset" 1611
"../../../Engine/Plugins/NNE/NNEDenoiser/Content/NNED_Oidn2-3_Fast_Alpha.uexp" 1612
"../../../Engine/Plugins/NNE/NNEDenoiser/Content/NNED_Oidn2-3_HighQuality.uasset" 1613
"../../../Engine/Plugins/NNE/NNEDenoiser/Content/NNED_Oidn2-3_HighQuality.uexp" 1614
"../../../Engine/Plugins/NNE/NNEDenoiser/Content/NNED_Oidn2-3_HighQuality_Alpha.uasset" 1615
"../../../Engine/Plugins/NNE/NNEDenoiser/Content/NNED_Oidn2-3_HighQuality_Alpha.uexp" 1616
"D:/AFY_UE/FYP_UE/FYP/Content/BP_MainMenuGameMode.uasset" 1617
"D:/AFY_UE/FYP_UE/FYP/Content/BP_MainMenuGameMode.uexp" 1618
"D:/AFY_UE/FYP_UE/FYP/Content/ThirdPerson/sparks.uasset" 1619
"D:/AFY_UE/FYP_UE/FYP/Content/ThirdPerson/sparks.uexp" 1620
"D:/AFY_UE/FYP_UE/FYP/Content/ThirdPerson/Menu.uasset" 1621
"D:/AFY_UE/FYP_UE/FYP/Content/ThirdPerson/Menu.uexp" 1622
"D:/AFY_UE/FYP_UE/FYP/Content/ThirdPerson/UI/Font/Impacted2_0.uexp" 1623
"D:/AFY_UE/FYP_UE/FYP/Content/ThirdPerson/UI/Font/Impacted2_0.uasset" 1624
"D:/AFY_UE/FYP_UE/FYP/Content/ThirdPerson/UI/Font/Impacted2_0.ufont" 1625
"D:/AFY_UE/FYP_UE/FYP/Content/ThirdPerson/UI/Font/Impacted2_0_Font.uasset" 1626
"D:/AFY_UE/FYP_UE/FYP/Content/ThirdPerson/UI/Font/Impacted2_0_Font.uexp" 1627
"D:/AFY_UE/FYP_UE/FYP/Content/ThirdPerson/UI/Font/DCC_-_Ash.uexp" 1628
"D:/AFY_UE/FYP_UE/FYP/Content/ThirdPerson/UI/Font/DCC_-_Ash.uasset" 1629
"D:/AFY_UE/FYP_UE/FYP/Content/ThirdPerson/UI/Font/DCC_-_Ash.ufont" 1630
"D:/AFY_UE/FYP_UE/FYP/Content/ThirdPerson/UI/Font/DCC_-_Ash_Font.uasset" 1631
"D:/AFY_UE/FYP_UE/FYP/Content/ThirdPerson/UI/Font/DCC_-_Ash_Font.uexp" 1632
"D:/AFY_UE/FYP_UE/FYP/Content/PCKeyboardMouseIconPack/Textures/T_Keyboard1.uasset" 1633
"D:/AFY_UE/FYP_UE/FYP/Content/PCKeyboardMouseIconPack/Textures/T_Keyboard1.uexp" 1634
"D:/AFY_UE/FYP_UE/FYP/Content/PCKeyboardMouseIconPack/Textures/T_Keyboard2.uasset" 1635
"D:/AFY_UE/FYP_UE/FYP/Content/PCKeyboardMouseIconPack/Textures/T_Keyboard2.uexp" 1636
"D:/AFY_UE/FYP_UE/FYP/Content/PCKeyboardMouseIconPack/Textures/T_Keyboard3.uasset" 1637
"D:/AFY_UE/FYP_UE/FYP/Content/PCKeyboardMouseIconPack/Textures/T_Keyboard3.uexp" 1638
"D:/AFY_UE/FYP_UE/FYP/Content/PCKeyboardMouseIconPack/Textures/T_KeyboardA.uasset" 1639
"D:/AFY_UE/FYP_UE/FYP/Content/PCKeyboardMouseIconPack/Textures/T_KeyboardA.uexp" 1640
"D:/AFY_UE/FYP_UE/FYP/Content/PCKeyboardMouseIconPack/Textures/T_KeyboardC.uasset" 1641
"D:/AFY_UE/FYP_UE/FYP/Content/PCKeyboardMouseIconPack/Textures/T_KeyboardC.uexp" 1642
"D:/AFY_UE/FYP_UE/FYP/Content/PCKeyboardMouseIconPack/Textures/T_KeyboardD.uasset" 1643
"D:/AFY_UE/FYP_UE/FYP/Content/PCKeyboardMouseIconPack/Textures/T_KeyboardD.uexp" 1644
"D:/AFY_UE/FYP_UE/FYP/Content/PCKeyboardMouseIconPack/Textures/T_KeyboardE.uasset" 1645
"D:/AFY_UE/FYP_UE/FYP/Content/PCKeyboardMouseIconPack/Textures/T_KeyboardE.uexp" 1646
"D:/AFY_UE/FYP_UE/FYP/Content/PCKeyboardMouseIconPack/Textures/T_KeyboardP.uasset" 1647
"D:/AFY_UE/FYP_UE/FYP/Content/PCKeyboardMouseIconPack/Textures/T_KeyboardP.uexp" 1648
"D:/AFY_UE/FYP_UE/FYP/Content/PCKeyboardMouseIconPack/Textures/T_KeyboardS.uasset" 1649
"D:/AFY_UE/FYP_UE/FYP/Content/PCKeyboardMouseIconPack/Textures/T_KeyboardS.uexp" 1650
"D:/AFY_UE/FYP_UE/FYP/Content/PCKeyboardMouseIconPack/Textures/T_KeyboardShift.uasset" 1651
"D:/AFY_UE/FYP_UE/FYP/Content/PCKeyboardMouseIconPack/Textures/T_KeyboardShift.uexp" 1652
"D:/AFY_UE/FYP_UE/FYP/Content/PCKeyboardMouseIconPack/Textures/T_KeyboardW.uasset" 1653
"D:/AFY_UE/FYP_UE/FYP/Content/PCKeyboardMouseIconPack/Textures/T_KeyboardW.uexp" 1654
"D:/AFY_UE/FYP_UE/FYP/Content/PCKeyboardMouseIconPack/Textures/T_MouseDefault.uasset" 1655
"D:/AFY_UE/FYP_UE/FYP/Content/PCKeyboardMouseIconPack/Textures/T_MouseDefault.uexp" 1656
"D:/AFY_UE/FYP_UE/FYP/Content/PCKeyboardMouseIconPack/Textures/T_MouseLeftClick.uasset" 1657
"D:/AFY_UE/FYP_UE/FYP/Content/PCKeyboardMouseIconPack/Textures/T_MouseLeftClick.uexp" 1658
"D:/AFY_UE/FYP_UE/FYP/Content/PCKeyboardMouseIconPack/Textures/T_MouseRightClick.uasset" 1659
"D:/AFY_UE/FYP_UE/FYP/Content/PCKeyboardMouseIconPack/Textures/T_MouseRightClick.uexp" 1660
"D:/AFY_UE/FYP_UE/FYP/Content/PCKeyboardMouseIconPack/Textures/T_MouseScroll.uasset" 1661
"D:/AFY_UE/FYP_UE/FYP/Content/PCKeyboardMouseIconPack/Textures/T_MouseScroll.uexp" 1662
"D:/AFY_UE/FYP_UE/FYP/Content/ThirdPerson/SFX/Press_Button.ubulk" 1663
"D:/AFY_UE/FYP_UE/FYP/Content/ThirdPerson/SFX/Press_Button.uasset" 1664
"D:/AFY_UE/FYP_UE/FYP/Content/ThirdPerson/SFX/Press_Button.uexp" 1665
"D:/AFY_UE/FYP_UE/FYP/Content/ThirdPerson/SFX/Hovering.ubulk" 1666
"D:/AFY_UE/FYP_UE/FYP/Content/ThirdPerson/SFX/Hovering.uasset" 1667
"D:/AFY_UE/FYP_UE/FYP/Content/ThirdPerson/SFX/Hovering.uexp" 1668
"D:/AFY_UE/FYP_UE/FYP/Content/ThirdPerson/UI/WB_Tutorial.uasset" 1669
"D:/AFY_UE/FYP_UE/FYP/Content/ThirdPerson/UI/WB_Tutorial.uexp" 1670
"../../../Engine/Plugins/2D/Paper2D/Content/MaskedUnlitSpriteMaterial.uasset" 1671
"../../../Engine/Plugins/2D/Paper2D/Content/MaskedUnlitSpriteMaterial.uexp" 1672
"D:/AFY_UE/FYP_UE/FYP/Content/ThirdPerson/TextureRenderTarget2D.uasset" 1673
"D:/AFY_UE/FYP_UE/FYP/Content/ThirdPerson/TextureRenderTarget2D.uexp" 1674
"D:/AFY_UE/FYP_UE/FYP/Content/Input/Actions/IA_MouseLook.uasset" 1675
"D:/AFY_UE/FYP_UE/FYP/Content/Input/Actions/IA_MouseLook.uexp" 1676
"D:/AFY_UE/FYP_UE/FYP/Content/Input/Actions/IA_Aiming.uasset" 1677
"D:/AFY_UE/FYP_UE/FYP/Content/Input/Actions/IA_Aiming.uexp" 1678
"D:/AFY_UE/FYP_UE/FYP/Content/Input/Actions/IA_Fire.uasset" 1679
"D:/AFY_UE/FYP_UE/FYP/Content/Input/Actions/IA_Fire.uexp" 1680
"D:/AFY_UE/FYP_UE/FYP/Content/Input/Actions/IA_Interact.uasset" 1681
"D:/AFY_UE/FYP_UE/FYP/Content/Input/Actions/IA_Interact.uexp" 1682
"D:/AFY_UE/FYP_UE/FYP/Content/Input/Actions/IA_Jump.uasset" 1683
"D:/AFY_UE/FYP_UE/FYP/Content/Input/Actions/IA_Jump.uexp" 1684
"D:/AFY_UE/FYP_UE/FYP/Content/Input/Actions/IA_Look.uasset" 1685
"D:/AFY_UE/FYP_UE/FYP/Content/Input/Actions/IA_Look.uexp" 1686
"D:/AFY_UE/FYP_UE/FYP/Content/Input/Actions/IA_Move.uasset" 1687
"D:/AFY_UE/FYP_UE/FYP/Content/Input/Actions/IA_Move.uexp" 1688
"D:/AFY_UE/FYP_UE/FYP/Content/Input/Actions/IA_Parkour.uasset" 1689
"D:/AFY_UE/FYP_UE/FYP/Content/Input/Actions/IA_Parkour.uexp" 1690
"D:/AFY_UE/FYP_UE/FYP/Content/Input/Actions/IA_Pause.uasset" 1691
"D:/AFY_UE/FYP_UE/FYP/Content/Input/Actions/IA_Pause.uexp" 1692
"D:/AFY_UE/FYP_UE/FYP/Content/Input/Actions/IA_Sprint.uasset" 1693
"D:/AFY_UE/FYP_UE/FYP/Content/Input/Actions/IA_Sprint.uexp" 1694
"D:/AFY_UE/FYP_UE/FYP/Content/ThirdPerson/_GENERATED/s5624234/Projectile_Mat.uasset" 1695
"D:/AFY_UE/FYP_UE/FYP/Content/ThirdPerson/_GENERATED/s5624234/Projectile_Mat.uexp" 1696
"D:/AFY_UE/FYP_UE/FYP/Content/ThirdPerson/_GENERATED/s5624234/Projectile_Indicator.ubulk" 1697
"D:/AFY_UE/FYP_UE/FYP/Content/ThirdPerson/_GENERATED/s5624234/Projectile_Indicator.uasset" 1698
"D:/AFY_UE/FYP_UE/FYP/Content/ThirdPerson/_GENERATED/s5624234/Projectile_Indicator.uexp" 1699
"D:/AFY_UE/FYP_UE/FYP/Content/UI_FlatIconsFreeSamplePack/512/T_Knife_512.uasset" 1700
"D:/AFY_UE/FYP_UE/FYP/Content/UI_FlatIconsFreeSamplePack/512/T_Knife_512.uexp" 1701
"D:/AFY_UE/FYP_UE/FYP/Content/UI_FlatIconsFreeSamplePack/512/T_Gun_512.uasset" 1702
"D:/AFY_UE/FYP_UE/FYP/Content/UI_FlatIconsFreeSamplePack/512/T_Gun_512.uexp" 1703
"D:/AFY_UE/FYP_UE/FYP/Content/UI_FlatIconsFreeSamplePack/512/T_Bell_512.uasset" 1704
"D:/AFY_UE/FYP_UE/FYP/Content/UI_FlatIconsFreeSamplePack/512/T_Bell_512.uexp" 1705
"D:/AFY_UE/FYP_UE/FYP/Content/ThirdPerson/UI/WB_WeaponSwitch.uasset" 1706
"D:/AFY_UE/FYP_UE/FYP/Content/ThirdPerson/UI/WB_WeaponSwitch.uexp" 1707
"../../../Engine/Content/EngineSounds/Master.uasset" 1708
"../../../Engine/Content/EngineSounds/Master.uexp" 1709
"D:/AFY_UE/FYP_UE/FYP/Content/ThirdPerson/SFX/MasterVolume.uasset" 1710
"D:/AFY_UE/FYP_UE/FYP/Content/ThirdPerson/SFX/MasterVolume.uexp" 1711
"D:/AFY_UE/FYP_UE/FYP/Content/ThirdPerson/UI/WB_Settings.uasset" 1712
"D:/AFY_UE/FYP_UE/FYP/Content/ThirdPerson/UI/WB_Settings.uexp" 1713
"D:/AFY_UE/FYP_UE/FYP/Content/ThirdPerson/UI/WB_SavingPage1.uasset" 1714
"D:/AFY_UE/FYP_UE/FYP/Content/ThirdPerson/UI/WB_SavingPage1.uexp" 1715
"D:/AFY_UE/FYP_UE/FYP/Content/ThirdPerson/UI/WB_LoadingPage.uasset" 1716
"D:/AFY_UE/FYP_UE/FYP/Content/ThirdPerson/UI/WB_LoadingPage.uexp" 1717
"D:/AFY_UE/FYP_UE/FYP/Content/ThirdPerson/UI/WB_PauseMenu.uasset" 1718
"D:/AFY_UE/FYP_UE/FYP/Content/ThirdPerson/UI/WB_PauseMenu.uexp" 1719
"D:/AFY_UE/FYP_UE/FYP/Content/ThirdPerson/UI/WB_Timer.uasset" 1720
"D:/AFY_UE/FYP_UE/FYP/Content/ThirdPerson/UI/WB_Timer.uexp" 1721
"D:/AFY_UE/FYP_UE/FYP/Content/ThirdPerson/M_Minimap.uasset" 1722
"D:/AFY_UE/FYP_UE/FYP/Content/ThirdPerson/M_Minimap.uexp" 1723
"D:/AFY_UE/FYP_UE/FYP/Content/ThirdPerson/UI/WB_MiniMap.uasset" 1724
"D:/AFY_UE/FYP_UE/FYP/Content/ThirdPerson/UI/WB_MiniMap.uexp" 1725
"D:/AFY_UE/FYP_UE/FYP/Content/ThirdPerson/UI/WB_Goals.uasset" 1726
"D:/AFY_UE/FYP_UE/FYP/Content/ThirdPerson/UI/WB_Goals.uexp" 1727
"D:/AFY_UE/FYP_UE/FYP/Content/ThirdPerson/UI/WB_PlayerHUD.uasset" 1728
"D:/AFY_UE/FYP_UE/FYP/Content/ThirdPerson/UI/WB_PlayerHUD.uexp" 1729
"D:/AFY_UE/FYP_UE/FYP/Content/ThirdPerson/UI/WB_PickUp.uasset" 1730
"D:/AFY_UE/FYP_UE/FYP/Content/ThirdPerson/UI/WB_PickUp.uexp" 1731
"D:/AFY_UE/FYP_UE/FYP/Content/UI_CrosshairFreePack/Textures/T_CH007.ubulk" 1732
"D:/AFY_UE/FYP_UE/FYP/Content/UI_CrosshairFreePack/Textures/T_CH007.uasset" 1733
"D:/AFY_UE/FYP_UE/FYP/Content/UI_CrosshairFreePack/Textures/T_CH007.uexp" 1734
"D:/AFY_UE/FYP_UE/FYP/Content/ThirdPerson/UI/Crosshair.uasset" 1735
"D:/AFY_UE/FYP_UE/FYP/Content/ThirdPerson/UI/Crosshair.uexp" 1736
"D:/AFY_UE/FYP_UE/FYP/Content/ThirdPerson/UI/BP_LoseGame.uasset" 1737
"D:/AFY_UE/FYP_UE/FYP/Content/ThirdPerson/UI/BP_LoseGame.uexp" 1738
"D:/AFY_UE/FYP_UE/FYP/Content/ThirdPerson/SFX/SoundCollect.ubulk" 1739
"D:/AFY_UE/FYP_UE/FYP/Content/ThirdPerson/SFX/SoundCollect.uasset" 1740
"D:/AFY_UE/FYP_UE/FYP/Content/ThirdPerson/SFX/SoundCollect.uexp" 1741
"D:/AFY_UE/FYP_UE/FYP/Content/ThirdPerson/SFX/freesound_community-single-gunshot-43-79835.ubulk" 1742
"D:/AFY_UE/FYP_UE/FYP/Content/ThirdPerson/SFX/freesound_community-single-gunshot-43-79835.uasset" 1743
"D:/AFY_UE/FYP_UE/FYP/Content/ThirdPerson/SFX/freesound_community-single-gunshot-43-79835.uexp" 1744
"D:/AFY_UE/FYP_UE/FYP/Content/ThirdPerson/Pistol/textures/internal_ground_ao_texture.ubulk" 1745
"D:/AFY_UE/FYP_UE/FYP/Content/ThirdPerson/Pistol/textures/internal_ground_ao_texture.uasset" 1746
"D:/AFY_UE/FYP_UE/FYP/Content/ThirdPerson/Pistol/textures/internal_ground_ao_texture.uexp" 1747
"D:/AFY_UE/FYP_UE/FYP/Content/ThirdPerson/Pistol/textures/G17_lambert10_Roughness.ubulk" 1748
"D:/AFY_UE/FYP_UE/FYP/Content/ThirdPerson/Pistol/textures/G17_lambert10_Roughness.uasset" 1749
"D:/AFY_UE/FYP_UE/FYP/Content/ThirdPerson/Pistol/textures/G17_lambert10_Roughness.uexp" 1750
"D:/AFY_UE/FYP_UE/FYP/Content/ThirdPerson/Pistol/textures/G17_lambert10_Normal.ubulk" 1751
"D:/AFY_UE/FYP_UE/FYP/Content/ThirdPerson/Pistol/textures/G17_lambert10_Normal.uasset" 1752
"D:/AFY_UE/FYP_UE/FYP/Content/ThirdPerson/Pistol/textures/G17_lambert10_Normal.uexp" 1753
"D:/AFY_UE/FYP_UE/FYP/Content/ThirdPerson/Pistol/textures/G17_lambert10_Metalness.ubulk" 1754
"D:/AFY_UE/FYP_UE/FYP/Content/ThirdPerson/Pistol/textures/G17_lambert10_Metalness.uasset" 1755
"D:/AFY_UE/FYP_UE/FYP/Content/ThirdPerson/Pistol/textures/G17_lambert10_Metalness.uexp" 1756
"D:/AFY_UE/FYP_UE/FYP/Content/ThirdPerson/Pistol/textures/G17_lambert10_Emissive.ubulk" 1757
"D:/AFY_UE/FYP_UE/FYP/Content/ThirdPerson/Pistol/textures/G17_lambert10_Emissive.uasset" 1758
"D:/AFY_UE/FYP_UE/FYP/Content/ThirdPerson/Pistol/textures/G17_lambert10_Emissive.uexp" 1759
"D:/AFY_UE/FYP_UE/FYP/Content/ThirdPerson/Pistol/textures/G17_lambert10_BaseColor.ubulk" 1760
"D:/AFY_UE/FYP_UE/FYP/Content/ThirdPerson/Pistol/textures/G17_lambert10_BaseColor.uasset" 1761
"D:/AFY_UE/FYP_UE/FYP/Content/ThirdPerson/Pistol/textures/G17_lambert10_BaseColor.uexp" 1762
"D:/AFY_UE/FYP_UE/FYP/Content/ThirdPerson/Pistol/source/aiStandardSurface1.uasset" 1763
"D:/AFY_UE/FYP_UE/FYP/Content/ThirdPerson/Pistol/source/aiStandardSurface1.uexp" 1764
"D:/AFY_UE/FYP_UE/FYP/Content/ThirdPerson/Pistol/source/SemiAuto_Pistol_G-17.ubulk" 1765
"D:/AFY_UE/FYP_UE/FYP/Content/ThirdPerson/Pistol/source/SemiAuto_Pistol_G-17.uasset" 1766
"D:/AFY_UE/FYP_UE/FYP/Content/ThirdPerson/Pistol/source/SemiAuto_Pistol_G-17.uexp" 1767
"D:/AFY_UE/FYP_UE/FYP/Content/ThirdPerson/Knife/textures/Knife_Roughness.ubulk" 1768
"D:/AFY_UE/FYP_UE/FYP/Content/ThirdPerson/Knife/textures/Knife_Roughness.uasset" 1769
"D:/AFY_UE/FYP_UE/FYP/Content/ThirdPerson/Knife/textures/Knife_Roughness.uexp" 1770
"D:/AFY_UE/FYP_UE/FYP/Content/ThirdPerson/Knife/textures/Knife_Normal.ubulk" 1771
"D:/AFY_UE/FYP_UE/FYP/Content/ThirdPerson/Knife/textures/Knife_Normal.uasset" 1772
"D:/AFY_UE/FYP_UE/FYP/Content/ThirdPerson/Knife/textures/Knife_Normal.uexp" 1773
"D:/AFY_UE/FYP_UE/FYP/Content/ThirdPerson/Knife/textures/Knife_Metallic.ubulk" 1774
"D:/AFY_UE/FYP_UE/FYP/Content/ThirdPerson/Knife/textures/Knife_Metallic.uasset" 1775
"D:/AFY_UE/FYP_UE/FYP/Content/ThirdPerson/Knife/textures/Knife_Metallic.uexp" 1776
"D:/AFY_UE/FYP_UE/FYP/Content/ThirdPerson/Knife/textures/Knife_BaseColor.ubulk" 1777
"D:/AFY_UE/FYP_UE/FYP/Content/ThirdPerson/Knife/textures/Knife_BaseColor.uasset" 1778
"D:/AFY_UE/FYP_UE/FYP/Content/ThirdPerson/Knife/textures/Knife_BaseColor.uexp" 1779
"D:/AFY_UE/FYP_UE/FYP/Content/ThirdPerson/Knife/textures/Knife_AO.ubulk" 1780
"D:/AFY_UE/FYP_UE/FYP/Content/ThirdPerson/Knife/textures/Knife_AO.uasset" 1781
"D:/AFY_UE/FYP_UE/FYP/Content/ThirdPerson/Knife/textures/Knife_AO.uexp" 1782
"D:/AFY_UE/FYP_UE/FYP/Content/ThirdPerson/Knife/source/Knife.uasset" 1783
"D:/AFY_UE/FYP_UE/FYP/Content/ThirdPerson/Knife/source/Knife.uexp" 1784
"D:/AFY_UE/FYP_UE/FYP/Content/ThirdPerson/Knife/source/Knife1.ubulk" 1785
"D:/AFY_UE/FYP_UE/FYP/Content/ThirdPerson/Knife/source/Knife1.uasset" 1786
"D:/AFY_UE/FYP_UE/FYP/Content/ThirdPerson/Knife/source/Knife1.uexp" 1787
"D:/AFY_UE/FYP_UE/FYP/Content/ThirdPerson/Can/Can_L_Material_Roughness.ubulk" 1788
"D:/AFY_UE/FYP_UE/FYP/Content/ThirdPerson/Can/Can_L_Material_Roughness.uasset" 1789
"D:/AFY_UE/FYP_UE/FYP/Content/ThirdPerson/Can/Can_L_Material_Roughness.uexp" 1790
"D:/AFY_UE/FYP_UE/FYP/Content/ThirdPerson/Can/Can_L_Material_Normal.ubulk" 1791
"D:/AFY_UE/FYP_UE/FYP/Content/ThirdPerson/Can/Can_L_Material_Normal.uasset" 1792
"D:/AFY_UE/FYP_UE/FYP/Content/ThirdPerson/Can/Can_L_Material_Normal.uexp" 1793
"D:/AFY_UE/FYP_UE/FYP/Content/ThirdPerson/Can/Can_L_Material_BaseColor.ubulk" 1794
"D:/AFY_UE/FYP_UE/FYP/Content/ThirdPerson/Can/Can_L_Material_BaseColor.uasset" 1795
"D:/AFY_UE/FYP_UE/FYP/Content/ThirdPerson/Can/Can_L_Material_BaseColor.uexp" 1796
"D:/AFY_UE/FYP_UE/FYP/Content/ThirdPerson/Can/Can_Material.uasset" 1797
"D:/AFY_UE/FYP_UE/FYP/Content/ThirdPerson/Can/Can_Material.uexp" 1798
"D:/AFY_UE/FYP_UE/FYP/Content/ThirdPerson/Can/Can.ubulk" 1799
"D:/AFY_UE/FYP_UE/FYP/Content/ThirdPerson/Can/Can.uasset" 1800
"D:/AFY_UE/FYP_UE/FYP/Content/ThirdPerson/Can/Can.uexp" 1801
"D:/AFY_UE/FYP_UE/FYP/Content/ThirdPerson/Blueprints/PistolCameraShake.uasset" 1802
"D:/AFY_UE/FYP_UE/FYP/Content/ThirdPerson/Blueprints/PistolCameraShake.uexp" 1803
"D:/AFY_UE/FYP_UE/FYP/Content/ThirdPerson/Blueprints/Hand_Gun.uasset" 1804
"D:/AFY_UE/FYP_UE/FYP/Content/ThirdPerson/Blueprints/Hand_Gun.uexp" 1805
"D:/AFY_UE/FYP_UE/FYP/Content/ThirdPerson/Blueprints/E_WeaponType.uasset" 1806
"D:/AFY_UE/FYP_UE/FYP/Content/ThirdPerson/Blueprints/E_WeaponType.uexp" 1807
"D:/AFY_UE/FYP_UE/FYP/Content/ThirdPerson/Blueprints/CharacterBPInterface.uasset" 1808
"D:/AFY_UE/FYP_UE/FYP/Content/ThirdPerson/Blueprints/CharacterBPInterface.uexp" 1809
"D:/AFY_UE/FYP_UE/FYP/Content/ThirdPerson/SFX/ribhavagrawal-hit-by-a-wood-230542.ubulk" 1810
"D:/AFY_UE/FYP_UE/FYP/Content/ThirdPerson/SFX/ribhavagrawal-hit-by-a-wood-230542.uasset" 1811
"D:/AFY_UE/FYP_UE/FYP/Content/ThirdPerson/SFX/ribhavagrawal-hit-by-a-wood-230542.uexp" 1812
"D:/AFY_UE/FYP_UE/FYP/Content/ThirdPerson/Blueprints/BP_Throwable.uasset" 1813
"D:/AFY_UE/FYP_UE/FYP/Content/ThirdPerson/Blueprints/BP_Throwable.uexp" 1814
"D:/AFY_UE/FYP_UE/FYP/Content/Characters/Mannequins/Meshes/SK_Mannequin.uasset" 1815
"D:/AFY_UE/FYP_UE/FYP/Content/Characters/Mannequins/Meshes/SK_Mannequin.uexp" 1816
"../../../Engine/Plugins/Animation/ACLPlugin/Content/ACLAnimCurveCompressionSettings.uasset" 1817
"../../../Engine/Plugins/Animation/ACLPlugin/Content/ACLAnimCurveCompressionSettings.uexp" 1818
"../../../Engine/Plugins/Animation/ACLPlugin/Content/ACLAnimBoneCompressionSettings.uasset" 1819
"../../../Engine/Plugins/Animation/ACLPlugin/Content/ACLAnimBoneCompressionSettings.uexp" 1820
"../../../Engine/Content/Animation/DefaultVariableFrameStrippingSettings.uasset" 1821
"../../../Engine/Content/Animation/DefaultVariableFrameStrippingSettings.uexp" 1822
"D:/AFY_UE/FYP_UE/FYP/Content/ThirdPerson/Animations/Static_Aiming.uasset" 1823
"D:/AFY_UE/FYP_UE/FYP/Content/ThirdPerson/Animations/Static_Aiming.uexp" 1824
"D:/AFY_UE/FYP_UE/FYP/Content/ThirdPerson/Animations/Throwable_Aiming_montage.uasset" 1825
"D:/AFY_UE/FYP_UE/FYP/Content/ThirdPerson/Animations/Throwable_Aiming_montage.uexp" 1826
"D:/AFY_UE/FYP_UE/FYP/Content/Input/Touch/BPI_TouchInterface.uasset" 1827
"D:/AFY_UE/FYP_UE/FYP/Content/Input/Touch/BPI_TouchInterface.uexp" 1828
"D:/AFY_UE/FYP_UE/FYP/Content/Realistic_Starter_VFX_Pack_Vol2/Vectorfields/VectorField_A.uasset" 1829
"D:/AFY_UE/FYP_UE/FYP/Content/Realistic_Starter_VFX_Pack_Vol2/Vectorfields/VectorField_A.uexp" 1830
"D:/AFY_UE/FYP_UE/FYP/Content/Realistic_Starter_VFX_Pack_Vol2/Textures/T_Flare_A.ubulk" 1831
"D:/AFY_UE/FYP_UE/FYP/Content/Realistic_Starter_VFX_Pack_Vol2/Textures/T_Flare_A.uasset" 1832
"D:/AFY_UE/FYP_UE/FYP/Content/Realistic_Starter_VFX_Pack_Vol2/Textures/T_Flare_A.uexp" 1833
"D:/AFY_UE/FYP_UE/FYP/Content/Realistic_Starter_VFX_Pack_Vol2/Textures/T_Spark_B.uasset" 1834
"D:/AFY_UE/FYP_UE/FYP/Content/Realistic_Starter_VFX_Pack_Vol2/Textures/T_Spark_B.uexp" 1835
"D:/AFY_UE/FYP_UE/FYP/Content/Realistic_Starter_VFX_Pack_Vol2/Materials/M_Glow_C.uasset" 1836
"D:/AFY_UE/FYP_UE/FYP/Content/Realistic_Starter_VFX_Pack_Vol2/Materials/M_Glow_C.uexp" 1837
"D:/AFY_UE/FYP_UE/FYP/Content/Realistic_Starter_VFX_Pack_Vol2/Materials/M_Glow_C_Inst.uasset" 1838
"D:/AFY_UE/FYP_UE/FYP/Content/Realistic_Starter_VFX_Pack_Vol2/Materials/M_Glow_C_Inst.uexp" 1839
"D:/AFY_UE/FYP_UE/FYP/Content/Realistic_Starter_VFX_Pack_Vol2/Textures/T_Smoke_B.ubulk" 1840
"D:/AFY_UE/FYP_UE/FYP/Content/Realistic_Starter_VFX_Pack_Vol2/Textures/T_Smoke_B.uasset" 1841
"D:/AFY_UE/FYP_UE/FYP/Content/Realistic_Starter_VFX_Pack_Vol2/Textures/T_Smoke_B.uexp" 1842
"D:/AFY_UE/FYP_UE/FYP/Content/Realistic_Starter_VFX_Pack_Vol2/Materials/M_Smoke_A.uasset" 1843
"D:/AFY_UE/FYP_UE/FYP/Content/Realistic_Starter_VFX_Pack_Vol2/Materials/M_Smoke_A.uexp" 1844
"D:/AFY_UE/FYP_UE/FYP/Content/Realistic_Starter_VFX_Pack_Vol2/Textures/T_Epxlosion_B_packed.ubulk" 1845
"D:/AFY_UE/FYP_UE/FYP/Content/Realistic_Starter_VFX_Pack_Vol2/Textures/T_Epxlosion_B_packed.uasset" 1846
"D:/AFY_UE/FYP_UE/FYP/Content/Realistic_Starter_VFX_Pack_Vol2/Textures/T_Epxlosion_B_packed.uexp" 1847
"D:/AFY_UE/FYP_UE/FYP/Content/Realistic_Starter_VFX_Pack_Vol2/Textures/T_Epxlosion_B_color.ubulk" 1848
"D:/AFY_UE/FYP_UE/FYP/Content/Realistic_Starter_VFX_Pack_Vol2/Textures/T_Epxlosion_B_color.uasset" 1849
"D:/AFY_UE/FYP_UE/FYP/Content/Realistic_Starter_VFX_Pack_Vol2/Textures/T_Epxlosion_B_color.uexp" 1850
"D:/AFY_UE/FYP_UE/FYP/Content/Realistic_Starter_VFX_Pack_Vol2/Materials/M_Explosion_B.uasset" 1851
"D:/AFY_UE/FYP_UE/FYP/Content/Realistic_Starter_VFX_Pack_Vol2/Materials/M_Explosion_B.uexp" 1852
"D:/AFY_UE/FYP_UE/FYP/Content/Realistic_Starter_VFX_Pack_Vol2/Textures/T_Smoke_Wisp.ubulk" 1853
"D:/AFY_UE/FYP_UE/FYP/Content/Realistic_Starter_VFX_Pack_Vol2/Textures/T_Smoke_Wisp.uasset" 1854
"D:/AFY_UE/FYP_UE/FYP/Content/Realistic_Starter_VFX_Pack_Vol2/Textures/T_Smoke_Wisp.uexp" 1855
"D:/AFY_UE/FYP_UE/FYP/Content/Realistic_Starter_VFX_Pack_Vol2/Materials/M_Smoke_Wisp.uasset" 1856
"D:/AFY_UE/FYP_UE/FYP/Content/Realistic_Starter_VFX_Pack_Vol2/Materials/M_Smoke_Wisp.uexp" 1857
"D:/AFY_UE/FYP_UE/FYP/Content/Realistic_Starter_VFX_Pack_Vol2/Textures/T_Rocks_NM.uasset" 1858
"D:/AFY_UE/FYP_UE/FYP/Content/Realistic_Starter_VFX_Pack_Vol2/Textures/T_Rocks_NM.uexp" 1859
"D:/AFY_UE/FYP_UE/FYP/Content/Realistic_Starter_VFX_Pack_Vol2/Textures/T_Rocks.ubulk" 1860
"D:/AFY_UE/FYP_UE/FYP/Content/Realistic_Starter_VFX_Pack_Vol2/Textures/T_Rocks.uasset" 1861
"D:/AFY_UE/FYP_UE/FYP/Content/Realistic_Starter_VFX_Pack_Vol2/Textures/T_Rocks.uexp" 1862
"D:/AFY_UE/FYP_UE/FYP/Content/Realistic_Starter_VFX_Pack_Vol2/Materials/M_Rock_B.uasset" 1863
"D:/AFY_UE/FYP_UE/FYP/Content/Realistic_Starter_VFX_Pack_Vol2/Materials/M_Rock_B.uexp" 1864
"D:/AFY_UE/FYP_UE/FYP/Content/Realistic_Starter_VFX_Pack_Vol2/Textures/T_NoiseNormal_B.ubulk" 1865
"D:/AFY_UE/FYP_UE/FYP/Content/Realistic_Starter_VFX_Pack_Vol2/Textures/T_NoiseNormal_B.uasset" 1866
"D:/AFY_UE/FYP_UE/FYP/Content/Realistic_Starter_VFX_Pack_Vol2/Textures/T_NoiseNormal_B.uexp" 1867
"../../../Engine/Content/Functions/Engine_MaterialFunctions01/Gradient/SphereGradient-2D.uasset" 1868
"../../../Engine/Content/Functions/Engine_MaterialFunctions01/Gradient/SphereGradient-2D.uexp" 1869
"D:/AFY_UE/FYP_UE/FYP/Content/Realistic_Starter_VFX_Pack_Vol2/Materials/M_Distortion.uasset" 1870
"D:/AFY_UE/FYP_UE/FYP/Content/Realistic_Starter_VFX_Pack_Vol2/Materials/M_Distortion.uexp" 1871
"D:/AFY_UE/FYP_UE/FYP/Content/Realistic_Starter_VFX_Pack_Vol2/Textures/T_Impact.ubulk" 1872
"D:/AFY_UE/FYP_UE/FYP/Content/Realistic_Starter_VFX_Pack_Vol2/Textures/T_Impact.uasset" 1873
"D:/AFY_UE/FYP_UE/FYP/Content/Realistic_Starter_VFX_Pack_Vol2/Textures/T_Impact.uexp" 1874
"D:/AFY_UE/FYP_UE/FYP/Content/Realistic_Starter_VFX_Pack_Vol2/Materials/M_Impact_C.uasset" 1875
"D:/AFY_UE/FYP_UE/FYP/Content/Realistic_Starter_VFX_Pack_Vol2/Materials/M_Impact_C.uexp" 1876
"D:/AFY_UE/FYP_UE/FYP/Content/Realistic_Starter_VFX_Pack_Vol2/Particles/Explosion/P_Explosion_Big_A.uasset" 1877
"D:/AFY_UE/FYP_UE/FYP/Content/Realistic_Starter_VFX_Pack_Vol2/Particles/Explosion/P_Explosion_Big_A.uexp" 1878
"D:/AFY_UE/FYP_UE/FYP/Content/Realistic_Starter_VFX_Pack_Vol2/Textures/T_Dirt_C.ubulk" 1879
"D:/AFY_UE/FYP_UE/FYP/Content/Realistic_Starter_VFX_Pack_Vol2/Textures/T_Dirt_C.uasset" 1880
"D:/AFY_UE/FYP_UE/FYP/Content/Realistic_Starter_VFX_Pack_Vol2/Textures/T_Dirt_C.uexp" 1881
"../../../Engine/Content/Functions/Engine_MaterialFunctions02/Texturing/CustomRotator.uasset" 1882
"../../../Engine/Content/Functions/Engine_MaterialFunctions02/Texturing/CustomRotator.uexp" 1883
"D:/AFY_UE/FYP_UE/FYP/Content/Realistic_Starter_VFX_Pack_Vol2/Materials/M_Dirt_A.uasset" 1884
"D:/AFY_UE/FYP_UE/FYP/Content/Realistic_Starter_VFX_Pack_Vol2/Materials/M_Dirt_A.uexp" 1885
"../../../Engine/Content/Functions/Engine_MaterialFunctions01/Density/ExponentialDensity.uasset" 1886
"../../../Engine/Content/Functions/Engine_MaterialFunctions01/Density/ExponentialDensity.uexp" 1887
"../../../Engine/Content/Functions/Engine_MaterialFunctions01/Gradient/RadialGradientExponential.uasset" 1888
"../../../Engine/Content/Functions/Engine_MaterialFunctions01/Gradient/RadialGradientExponential.uexp" 1889
"D:/AFY_UE/FYP_UE/FYP/Content/Realistic_Starter_VFX_Pack_Vol2/Materials/M_Snow.uasset" 1890
"D:/AFY_UE/FYP_UE/FYP/Content/Realistic_Starter_VFX_Pack_Vol2/Materials/M_Snow.uexp" 1891
"D:/AFY_UE/FYP_UE/FYP/Content/Realistic_Starter_VFX_Pack_Vol2/Textures/T_Splash_A.ubulk" 1892
"D:/AFY_UE/FYP_UE/FYP/Content/Realistic_Starter_VFX_Pack_Vol2/Textures/T_Splash_A.uasset" 1893
"D:/AFY_UE/FYP_UE/FYP/Content/Realistic_Starter_VFX_Pack_Vol2/Textures/T_Splash_A.uexp" 1894
"D:/AFY_UE/FYP_UE/FYP/Content/Realistic_Starter_VFX_Pack_Vol2/Materials/M_Blood_C.uasset" 1895
"D:/AFY_UE/FYP_UE/FYP/Content/Realistic_Starter_VFX_Pack_Vol2/Materials/M_Blood_C.uexp" 1896
"D:/AFY_UE/FYP_UE/FYP/Content/Realistic_Starter_VFX_Pack_Vol2/Particles/Blood/P_Blood_Splat_Cone.uasset" 1897
"D:/AFY_UE/FYP_UE/FYP/Content/Realistic_Starter_VFX_Pack_Vol2/Particles/Blood/P_Blood_Splat_Cone.uexp" 1898
"D:/AFY_UE/FYP_UE/FYP/Content/Characters/PlayerCharacter/PlayerThrow__2__Anim.uasset" 1899
"D:/AFY_UE/FYP_UE/FYP/Content/Characters/PlayerCharacter/PlayerThrow__2__Anim.uexp" 1900
"D:/AFY_UE/FYP_UE/FYP/Content/Characters/PlayerCharacter/PlayerThrow__2__Anim_Montage.uasset" 1901
"D:/AFY_UE/FYP_UE/FYP/Content/Characters/PlayerCharacter/PlayerThrow__2__Anim_Montage.uexp" 1902
"D:/AFY_UE/FYP_UE/FYP/Content/Characters/PlayerCharacter/PlayerStabbing_Anim1.uasset" 1903
"D:/AFY_UE/FYP_UE/FYP/Content/Characters/PlayerCharacter/PlayerStabbing_Anim1.uexp" 1904
"D:/AFY_UE/FYP_UE/FYP/Content/Characters/PlayerCharacter/PlayerStabbing_Anim1_Montage.uasset" 1905
"D:/AFY_UE/FYP_UE/FYP/Content/Characters/PlayerCharacter/PlayerStabbing_Anim1_Montage.uexp" 1906
"../../../Engine/Content/Animation/DefaultAnimBoneCompressionSettings.uasset" 1907
"../../../Engine/Content/Animation/DefaultAnimBoneCompressionSettings.uexp" 1908
"../../../Engine/Content/Animation/DefaultAnimCurveCompressionSettings.uasset" 1909
"../../../Engine/Content/Animation/DefaultAnimCurveCompressionSettings.uexp" 1910
"D:/AFY_UE/FYP_UE/FYP/Content/Characters/PlayerCharacter/PlayerMM_Pistol_DryFire.uasset" 1911
"D:/AFY_UE/FYP_UE/FYP/Content/Characters/PlayerCharacter/PlayerMM_Pistol_DryFire.uexp" 1912
"D:/AFY_UE/FYP_UE/FYP/Content/Characters/PlayerCharacter/PlayerMM_Pistol_DryFire_Montage.uasset" 1913
"D:/AFY_UE/FYP_UE/FYP/Content/Characters/PlayerCharacter/PlayerMM_Pistol_DryFire_Montage.uexp" 1914
"D:/AFY_UE/FYP_UE/FYP/Content/Bandit/Textures/BanMaskup_OcclusionRoughnessMetallic.ubulk" 1915
"D:/AFY_UE/FYP_UE/FYP/Content/Bandit/Textures/BanMaskup_OcclusionRoughnessMetallic.uasset" 1916
"D:/AFY_UE/FYP_UE/FYP/Content/Bandit/Textures/BanMaskup_OcclusionRoughnessMetallic.uexp" 1917
"D:/AFY_UE/FYP_UE/FYP/Content/Bandit/Textures/BanMaskup_Normal.ubulk" 1918
"D:/AFY_UE/FYP_UE/FYP/Content/Bandit/Textures/BanMaskup_Normal.uasset" 1919
"D:/AFY_UE/FYP_UE/FYP/Content/Bandit/Textures/BanMaskup_Normal.uexp" 1920
"D:/AFY_UE/FYP_UE/FYP/Content/Bandit/Textures/BanMaskup_BaseColor.ubulk" 1921
"D:/AFY_UE/FYP_UE/FYP/Content/Bandit/Textures/BanMaskup_BaseColor.uasset" 1922
"D:/AFY_UE/FYP_UE/FYP/Content/Bandit/Textures/BanMaskup_BaseColor.uexp" 1923
"D:/AFY_UE/FYP_UE/FYP/Content/Bandit/Materials/BanMaskupMtl.uasset" 1924
"D:/AFY_UE/FYP_UE/FYP/Content/Bandit/Materials/BanMaskupMtl.uexp" 1925
"D:/AFY_UE/FYP_UE/FYP/Content/Bandit/Skins/BanditMaskUpNoGun.uasset" 1926
"D:/AFY_UE/FYP_UE/FYP/Content/Bandit/Skins/BanditMaskUpNoGun.uexp" 1927
"D:/AFY_UE/FYP_UE/FYP/Content/Characters/PlayerCharacter/PlayerAnim_Vault.uasset" 1928
"D:/AFY_UE/FYP_UE/FYP/Content/Characters/PlayerCharacter/PlayerAnim_Vault.uexp" 1929
"D:/AFY_UE/FYP_UE/FYP/Content/Characters/PlayerCharacter/PlayerAnim_Vault_Montage.uasset" 1930
"D:/AFY_UE/FYP_UE/FYP/Content/Characters/PlayerCharacter/PlayerAnim_Vault_Montage.uexp" 1931
"D:/AFY_UE/FYP_UE/FYP/Content/Characters/PlayerCharacter/PlayerAnim_GettingUp.uasset" 1932
"D:/AFY_UE/FYP_UE/FYP/Content/Characters/PlayerCharacter/PlayerAnim_GettingUp.uexp" 1933
"D:/AFY_UE/FYP_UE/FYP/Content/Characters/PlayerCharacter/PlayerAnim_GettingUp_Montage.uasset" 1934
"D:/AFY_UE/FYP_UE/FYP/Content/Characters/PlayerCharacter/PlayerAnim_GettingUp_Montage.uexp" 1935
"D:/AFY_UE/FYP_UE/FYP/Content/Characters/PlayerCharacter/PlayerAnim_Climb.uasset" 1936
"D:/AFY_UE/FYP_UE/FYP/Content/Characters/PlayerCharacter/PlayerAnim_Climb.uexp" 1937
"D:/AFY_UE/FYP_UE/FYP/Content/Characters/PlayerCharacter/PlayerAnim_Climb_Montage.uasset" 1938
"D:/AFY_UE/FYP_UE/FYP/Content/Characters/PlayerCharacter/PlayerAnim_Climb_Montage.uexp" 1939
"../../../Engine/Plugins/Animation/ControlRig/Content/Controls/DefaultGizmoLibraryNormalized.uasset" 1940
"../../../Engine/Plugins/Animation/ControlRig/Content/Controls/DefaultGizmoLibraryNormalized.uexp" 1941
"D:/AFY_UE/FYP_UE/FYP/Content/Characters/Mannequins/Rigs/CR_Mannequin_FootIK.uasset" 1942
"D:/AFY_UE/FYP_UE/FYP/Content/Characters/Mannequins/Rigs/CR_Mannequin_FootIK.uexp" 1943
"D:/AFY_UE/FYP_UE/FYP/Content/Characters/PlayerCharacter/PlayerMM_Idle.uasset" 1944
"D:/AFY_UE/FYP_UE/FYP/Content/Characters/PlayerCharacter/PlayerMM_Idle.uexp" 1945
"D:/AFY_UE/FYP_UE/FYP/Content/Characters/PlayerCharacter/PlayerMF_Unarmed_Walk_Right.uasset" 1946
"D:/AFY_UE/FYP_UE/FYP/Content/Characters/PlayerCharacter/PlayerMF_Unarmed_Walk_Right.uexp" 1947
"D:/AFY_UE/FYP_UE/FYP/Content/Characters/PlayerCharacter/PlayerMF_Unarmed_Walk_Left.uasset" 1948
"D:/AFY_UE/FYP_UE/FYP/Content/Characters/PlayerCharacter/PlayerMF_Unarmed_Walk_Left.uexp" 1949
"../../../Engine/Content/Animation/DefaultRecorderBoneCompression.uasset" 1950
"../../../Engine/Content/Animation/DefaultRecorderBoneCompression.uexp" 1951
"D:/AFY_UE/FYP_UE/FYP/Content/Characters/PlayerCharacter/PlayerMF_Unarmed_Walk_Fwd_Right.uasset" 1952
"D:/AFY_UE/FYP_UE/FYP/Content/Characters/PlayerCharacter/PlayerMF_Unarmed_Walk_Fwd_Right.uexp" 1953
"D:/AFY_UE/FYP_UE/FYP/Content/Characters/PlayerCharacter/PlayerMF_Unarmed_Walk_Fwd_Left.uasset" 1954
"D:/AFY_UE/FYP_UE/FYP/Content/Characters/PlayerCharacter/PlayerMF_Unarmed_Walk_Fwd_Left.uexp" 1955
"D:/AFY_UE/FYP_UE/FYP/Content/Characters/PlayerCharacter/PlayerMF_Unarmed_Walk_Fwd.uasset" 1956
"D:/AFY_UE/FYP_UE/FYP/Content/Characters/PlayerCharacter/PlayerMF_Unarmed_Walk_Fwd.uexp" 1957
"D:/AFY_UE/FYP_UE/FYP/Content/Characters/PlayerCharacter/PlayerMF_Unarmed_Walk_Bwd_Right.uasset" 1958
"D:/AFY_UE/FYP_UE/FYP/Content/Characters/PlayerCharacter/PlayerMF_Unarmed_Walk_Bwd_Right.uexp" 1959
"D:/AFY_UE/FYP_UE/FYP/Content/Characters/PlayerCharacter/PlayerMF_Unarmed_Walk_Bwd_Left.uasset" 1960
"D:/AFY_UE/FYP_UE/FYP/Content/Characters/PlayerCharacter/PlayerMF_Unarmed_Walk_Bwd_Left.uexp" 1961
"D:/AFY_UE/FYP_UE/FYP/Content/Characters/PlayerCharacter/PlayerMF_Unarmed_Walk_Bwd.uasset" 1962
"D:/AFY_UE/FYP_UE/FYP/Content/Characters/PlayerCharacter/PlayerMF_Unarmed_Walk_Bwd.uexp" 1963
"D:/AFY_UE/FYP_UE/FYP/Content/Characters/PlayerCharacter/PlayerMF_Unarmed_Jog_Right.uasset" 1964
"D:/AFY_UE/FYP_UE/FYP/Content/Characters/PlayerCharacter/PlayerMF_Unarmed_Jog_Right.uexp" 1965
"D:/AFY_UE/FYP_UE/FYP/Content/Characters/PlayerCharacter/PlayerMF_Unarmed_Jog_Left.uasset" 1966
"D:/AFY_UE/FYP_UE/FYP/Content/Characters/PlayerCharacter/PlayerMF_Unarmed_Jog_Left.uexp" 1967
"D:/AFY_UE/FYP_UE/FYP/Content/Characters/PlayerCharacter/PlayerMF_Unarmed_Jog_Fwd_Right.uasset" 1968
"D:/AFY_UE/FYP_UE/FYP/Content/Characters/PlayerCharacter/PlayerMF_Unarmed_Jog_Fwd_Right.uexp" 1969
"D:/AFY_UE/FYP_UE/FYP/Content/Characters/PlayerCharacter/PlayerMF_Unarmed_Jog_Fwd_Left.uasset" 1970
"D:/AFY_UE/FYP_UE/FYP/Content/Characters/PlayerCharacter/PlayerMF_Unarmed_Jog_Fwd_Left.uexp" 1971
"D:/AFY_UE/FYP_UE/FYP/Content/Characters/PlayerCharacter/PlayerMF_Unarmed_Jog_Fwd.uasset" 1972
"D:/AFY_UE/FYP_UE/FYP/Content/Characters/PlayerCharacter/PlayerMF_Unarmed_Jog_Fwd.uexp" 1973
"D:/AFY_UE/FYP_UE/FYP/Content/Characters/PlayerCharacter/PlayerMF_Unarmed_Jog_Bwd_Right.uasset" 1974
"D:/AFY_UE/FYP_UE/FYP/Content/Characters/PlayerCharacter/PlayerMF_Unarmed_Jog_Bwd_Right.uexp" 1975
"D:/AFY_UE/FYP_UE/FYP/Content/Characters/PlayerCharacter/PlayerMF_Unarmed_Jog_Bwd_Left.uasset" 1976
"D:/AFY_UE/FYP_UE/FYP/Content/Characters/PlayerCharacter/PlayerMF_Unarmed_Jog_Bwd_Left.uexp" 1977
"D:/AFY_UE/FYP_UE/FYP/Content/Characters/PlayerCharacter/PlayerMF_Unarmed_Jog_Bwd.uasset" 1978
"D:/AFY_UE/FYP_UE/FYP/Content/Characters/PlayerCharacter/PlayerMF_Unarmed_Jog_Bwd.uexp" 1979
"D:/AFY_UE/FYP_UE/FYP/Content/Characters/PlayerCharacter/PlayerBS_Idle_Walk_Run.uasset" 1980
"D:/AFY_UE/FYP_UE/FYP/Content/Characters/PlayerCharacter/PlayerBS_Idle_Walk_Run.uexp" 1981
"D:/AFY_UE/FYP_UE/FYP/Content/Characters/PlayerCharacter/PlayerMM_Land.uasset" 1982
"D:/AFY_UE/FYP_UE/FYP/Content/Characters/PlayerCharacter/PlayerMM_Land.uexp" 1983
"D:/AFY_UE/FYP_UE/FYP/Content/Characters/PlayerCharacter/PlayerMM_Jump.uasset" 1984
"D:/AFY_UE/FYP_UE/FYP/Content/Characters/PlayerCharacter/PlayerMM_Jump.uexp" 1985
"D:/AFY_UE/FYP_UE/FYP/Content/Characters/PlayerCharacter/PlayerMM_Fall_Loop.uasset" 1986
"D:/AFY_UE/FYP_UE/FYP/Content/Characters/PlayerCharacter/PlayerMM_Fall_Loop.uexp" 1987
"D:/AFY_UE/FYP_UE/FYP/Content/Characters/PlayerCharacter/PlayerHolding_Idle_Anim1.uasset" 1988
"D:/AFY_UE/FYP_UE/FYP/Content/Characters/PlayerCharacter/PlayerHolding_Idle_Anim1.uexp" 1989
"D:/AFY_UE/FYP_UE/FYP/Content/Characters/PlayerCharacter/PlayerFalling_Back_Death_Anim1.uasset" 1990
"D:/AFY_UE/FYP_UE/FYP/Content/Characters/PlayerCharacter/PlayerFalling_Back_Death_Anim1.uexp" 1991
"D:/AFY_UE/FYP_UE/FYP/Content/Characters/PlayerCharacter/PlayerCrouchWalk.uasset" 1992
"D:/AFY_UE/FYP_UE/FYP/Content/Characters/PlayerCharacter/PlayerCrouchWalk.uexp" 1993
"D:/AFY_UE/FYP_UE/FYP/Content/Characters/PlayerCharacter/PlayerCrouch.uasset" 1994
"D:/AFY_UE/FYP_UE/FYP/Content/Characters/PlayerCharacter/PlayerCrouch.uexp" 1995
"D:/AFY_UE/FYP_UE/FYP/Content/Characters/PlayerCharacter/PlayerAimPose.uasset" 1996
"D:/AFY_UE/FYP_UE/FYP/Content/Characters/PlayerCharacter/PlayerAimPose.uexp" 1997
"D:/AFY_UE/FYP_UE/FYP/Content/Characters/PlayerCharacter/PlayerABP_Unarmed.uasset" 1998
"D:/AFY_UE/FYP_UE/FYP/Content/Characters/PlayerCharacter/PlayerABP_Unarmed.uexp" 1999
"D:/AFY_UE/FYP_UE/FYP/Content/ThirdPerson/Animations/Enemy_Anim/Falling_Back_Death_Anim1.uasset" 2000
"D:/AFY_UE/FYP_UE/FYP/Content/ThirdPerson/Animations/Enemy_Anim/Falling_Back_Death_Anim1.uexp" 2001
"D:/AFY_UE/FYP_UE/FYP/Content/Characters/Mannequins/Anims/Rifle/MF_Rifle_Idle_ADS.uasset" 2002
"D:/AFY_UE/FYP_UE/FYP/Content/Characters/Mannequins/Anims/Rifle/MF_Rifle_Idle_ADS.uexp" 2003
"D:/AFY_UE/FYP_UE/FYP/Content/Characters/Mannequins/Anims/Rifle/AIM/MM_Rifle_Idle_ADS_AO_CC.uasset" 2004
"D:/AFY_UE/FYP_UE/FYP/Content/Characters/Mannequins/Anims/Rifle/AIM/MM_Rifle_Idle_ADS_AO_CC.uexp" 2005
"D:/AFY_UE/FYP_UE/FYP/Content/ThirdPerson/Blueprints/outline.uasset" 2006
"D:/AFY_UE/FYP_UE/FYP/Content/ThirdPerson/Blueprints/outline.uexp" 2007
"D:/AFY_UE/FYP_UE/FYP/Content/ThirdPerson/Blueprints/document_file_folder/Textures/document_file_folder_texture_0.ubulk" 2008
"D:/AFY_UE/FYP_UE/FYP/Content/ThirdPerson/Blueprints/document_file_folder/Textures/document_file_folder_texture_0.uasset" 2009
"D:/AFY_UE/FYP_UE/FYP/Content/ThirdPerson/Blueprints/document_file_folder/Textures/document_file_folder_texture_0.uexp" 2010
"D:/AFY_UE/FYP_UE/FYP/Content/ThirdPerson/Blueprints/document_file_folder/Textures/document_file_folder_texture_1.ubulk" 2011
"D:/AFY_UE/FYP_UE/FYP/Content/ThirdPerson/Blueprints/document_file_folder/Textures/document_file_folder_texture_1.uasset" 2012
"D:/AFY_UE/FYP_UE/FYP/Content/ThirdPerson/Blueprints/document_file_folder/Textures/document_file_folder_texture_1.uexp" 2013
"D:/AFY_UE/FYP_UE/FYP/Content/ThirdPerson/Blueprints/document_file_folder/Textures/document_file_folder_texture_2.ubulk" 2014
"D:/AFY_UE/FYP_UE/FYP/Content/ThirdPerson/Blueprints/document_file_folder/Textures/document_file_folder_texture_2.uasset" 2015
"D:/AFY_UE/FYP_UE/FYP/Content/ThirdPerson/Blueprints/document_file_folder/Textures/document_file_folder_texture_2.uexp" 2016
"../../../Engine/Plugins/Interchange/Assets/Content/gltf/MaterialInstances/MI_Default_Opaque_DS.uasset" 2017
"../../../Engine/Plugins/Interchange/Assets/Content/gltf/MaterialInstances/MI_Default_Opaque_DS.uexp" 2018
"D:/AFY_UE/FYP_UE/FYP/Content/ThirdPerson/Blueprints/document_file_folder/Materials/A4_Paper_StackShape.uasset" 2019
"D:/AFY_UE/FYP_UE/FYP/Content/ThirdPerson/Blueprints/document_file_folder/Materials/A4_Paper_StackShape.uexp" 2020
"D:/AFY_UE/FYP_UE/FYP/Content/ThirdPerson/Blueprints/document_file_folder/StaticMeshes/A4_Paper_StackShape_8_0.ubulk" 2021
"D:/AFY_UE/FYP_UE/FYP/Content/ThirdPerson/Blueprints/document_file_folder/StaticMeshes/A4_Paper_StackShape_8_0.uasset" 2022
"D:/AFY_UE/FYP_UE/FYP/Content/ThirdPerson/Blueprints/document_file_folder/StaticMeshes/A4_Paper_StackShape_8_0.uexp" 2023
"D:/AFY_UE/FYP_UE/FYP/Content/ThirdPerson/Blueprints/document_file_folder/Materials/A4_Page3Shape.uasset" 2024
"D:/AFY_UE/FYP_UE/FYP/Content/ThirdPerson/Blueprints/document_file_folder/Materials/A4_Page3Shape.uexp" 2025
"D:/AFY_UE/FYP_UE/FYP/Content/ThirdPerson/Blueprints/document_file_folder/StaticMeshes/A4_Page3Shape_2_0.ubulk" 2026
"D:/AFY_UE/FYP_UE/FYP/Content/ThirdPerson/Blueprints/document_file_folder/StaticMeshes/A4_Page3Shape_2_0.uasset" 2027
"D:/AFY_UE/FYP_UE/FYP/Content/ThirdPerson/Blueprints/document_file_folder/StaticMeshes/A4_Page3Shape_2_0.uexp" 2028
"D:/AFY_UE/FYP_UE/FYP/Content/ThirdPerson/Blueprints/document_file_folder/Materials/A4_Page2Shape.uasset" 2029
"D:/AFY_UE/FYP_UE/FYP/Content/ThirdPerson/Blueprints/document_file_folder/Materials/A4_Page2Shape.uexp" 2030
"D:/AFY_UE/FYP_UE/FYP/Content/ThirdPerson/Blueprints/document_file_folder/StaticMeshes/A4_Page2Shape_4_0.ubulk" 2031
"D:/AFY_UE/FYP_UE/FYP/Content/ThirdPerson/Blueprints/document_file_folder/StaticMeshes/A4_Page2Shape_4_0.uasset" 2032
"D:/AFY_UE/FYP_UE/FYP/Content/ThirdPerson/Blueprints/document_file_folder/StaticMeshes/A4_Page2Shape_4_0.uexp" 2033
"D:/AFY_UE/FYP_UE/FYP/Content/ThirdPerson/Blueprints/document_file_folder/Materials/A4_Page1Shape.uasset" 2034
"D:/AFY_UE/FYP_UE/FYP/Content/ThirdPerson/Blueprints/document_file_folder/Materials/A4_Page1Shape.uexp" 2035
"D:/AFY_UE/FYP_UE/FYP/Content/ThirdPerson/Blueprints/document_file_folder/StaticMeshes/A4_Page1Shape_6_0.ubulk" 2036
"D:/AFY_UE/FYP_UE/FYP/Content/ThirdPerson/Blueprints/document_file_folder/StaticMeshes/A4_Page1Shape_6_0.uasset" 2037
"D:/AFY_UE/FYP_UE/FYP/Content/ThirdPerson/Blueprints/document_file_folder/StaticMeshes/A4_Page1Shape_6_0.uexp" 2038
"D:/AFY_UE/FYP_UE/FYP/Content/ThirdPerson/Blueprints/document_file_folder/SkeletalMeshes/Folder_1Shape_Skeleton.uasset" 2039
"D:/AFY_UE/FYP_UE/FYP/Content/ThirdPerson/Blueprints/document_file_folder/SkeletalMeshes/Folder_1Shape_Skeleton.uexp" 2040
"D:/AFY_UE/FYP_UE/FYP/Content/ThirdPerson/Blueprints/document_file_folder/SkeletalMeshes/Folder_1Shape_PhysicsAsset.uasset" 2041
"D:/AFY_UE/FYP_UE/FYP/Content/ThirdPerson/Blueprints/document_file_folder/SkeletalMeshes/Folder_1Shape_PhysicsAsset.uexp" 2042
"D:/AFY_UE/FYP_UE/FYP/Content/ThirdPerson/Blueprints/document_file_folder/Textures/document_file_folder_texture_3.ubulk" 2043
"D:/AFY_UE/FYP_UE/FYP/Content/ThirdPerson/Blueprints/document_file_folder/Textures/document_file_folder_texture_3.uasset" 2044
"D:/AFY_UE/FYP_UE/FYP/Content/ThirdPerson/Blueprints/document_file_folder/Textures/document_file_folder_texture_3.uexp" 2045
"D:/AFY_UE/FYP_UE/FYP/Content/ThirdPerson/Blueprints/document_file_folder/Textures/document_file_folder_texture_4.ubulk" 2046
"D:/AFY_UE/FYP_UE/FYP/Content/ThirdPerson/Blueprints/document_file_folder/Textures/document_file_folder_texture_4.uasset" 2047
"D:/AFY_UE/FYP_UE/FYP/Content/ThirdPerson/Blueprints/document_file_folder/Textures/document_file_folder_texture_4.uexp" 2048
"D:/AFY_UE/FYP_UE/FYP/Content/ThirdPerson/Blueprints/document_file_folder/Textures/document_file_folder_texture_5.ubulk" 2049
"D:/AFY_UE/FYP_UE/FYP/Content/ThirdPerson/Blueprints/document_file_folder/Textures/document_file_folder_texture_5.uasset" 2050
"D:/AFY_UE/FYP_UE/FYP/Content/ThirdPerson/Blueprints/document_file_folder/Textures/document_file_folder_texture_5.uexp" 2051
"D:/AFY_UE/FYP_UE/FYP/Content/ThirdPerson/Blueprints/document_file_folder/Materials/Folder_1Shape.uasset" 2052
"D:/AFY_UE/FYP_UE/FYP/Content/ThirdPerson/Blueprints/document_file_folder/Materials/Folder_1Shape.uexp" 2053
"D:/AFY_UE/FYP_UE/FYP/Content/ThirdPerson/Blueprints/document_file_folder/SkeletalMeshes/Folder_1Shape.uasset" 2054
"D:/AFY_UE/FYP_UE/FYP/Content/ThirdPerson/Blueprints/document_file_folder/SkeletalMeshes/Folder_1Shape.uexp" 2055
"../../../Engine/Plugins/2D/Paper2D/Content/TranslucentUnlitSpriteMaterial.uasset" 2056
"../../../Engine/Plugins/2D/Paper2D/Content/TranslucentUnlitSpriteMaterial.uexp" 2057
"D:/AFY_UE/FYP_UE/FYP/Content/UI_FlatIconsFreeSamplePack/512/T_Flag_512.uasset" 2058
"D:/AFY_UE/FYP_UE/FYP/Content/UI_FlatIconsFreeSamplePack/512/T_Flag_512.uexp" 2059
"D:/AFY_UE/FYP_UE/FYP/Content/UI_FlatIconsFreeSamplePack/512/T_Flag_512_Sprite.uasset" 2060
"D:/AFY_UE/FYP_UE/FYP/Content/UI_FlatIconsFreeSamplePack/512/T_Flag_512_Sprite.uexp" 2061
"D:/AFY_UE/FYP_UE/FYP/Content/ThirdPerson/Blueprints/BP_PickUp.uasset" 2062
"D:/AFY_UE/FYP_UE/FYP/Content/ThirdPerson/Blueprints/BP_PickUp.uexp" 2063
"D:/AFY_UE/FYP_UE/FYP/Content/UI_CrosshairFreePack/Textures/T_CH006.ubulk" 2064
"D:/AFY_UE/FYP_UE/FYP/Content/UI_CrosshairFreePack/Textures/T_CH006.uasset" 2065
"D:/AFY_UE/FYP_UE/FYP/Content/UI_CrosshairFreePack/Textures/T_CH006.uexp" 2066
"D:/AFY_UE/FYP_UE/FYP/Content/UI_CrosshairFreePack/Textures/T_CH006_Sprite.uasset" 2067
"D:/AFY_UE/FYP_UE/FYP/Content/UI_CrosshairFreePack/Textures/T_CH006_Sprite.uexp" 2068
"D:/AFY_UE/FYP_UE/FYP/Content/ThirdPerson/SFX/AppleStab.ubulk" 2069
"D:/AFY_UE/FYP_UE/FYP/Content/ThirdPerson/SFX/AppleStab.uasset" 2070
"D:/AFY_UE/FYP_UE/FYP/Content/ThirdPerson/SFX/AppleStab.uexp" 2071
"D:/AFY_UE/FYP_UE/FYP/Content/ThirdPerson/Blueprints/BP_ThirdPersonCharacter.uasset" 2072
"D:/AFY_UE/FYP_UE/FYP/Content/ThirdPerson/Blueprints/BP_ThirdPersonCharacter.uexp" 2073
"D:/AFY_UE/FYP_UE/FYP/Content/ThirdPerson/Saving/WB_SaveGame.uasset" 2074
"D:/AFY_UE/FYP_UE/FYP/Content/ThirdPerson/Saving/WB_SaveGame.uexp" 2075
"D:/AFY_UE/FYP_UE/FYP/Content/ThirdPerson/Saving/WB_GameInstance.uasset" 2076
"D:/AFY_UE/FYP_UE/FYP/Content/ThirdPerson/Saving/WB_GameInstance.uexp" 2077
"D:/AFY_UE/FYP_UE/FYP/Content/ThirdPerson/UI/WB_Credits.uasset" 2078
"D:/AFY_UE/FYP_UE/FYP/Content/ThirdPerson/UI/WB_Credits.uexp" 2079
"D:/AFY_UE/FYP_UE/FYP/Content/ThirdPerson/UI/WB_MainMenu.uasset" 2080
"D:/AFY_UE/FYP_UE/FYP/Content/ThirdPerson/UI/WB_MainMenu.uexp" 2081
"D:/AFY_UE/FYP_UE/FYP/Content/ThirdPerson/SFX/universfield-melancholic-ambient-background-02-351771.ubulk" 2082
"D:/AFY_UE/FYP_UE/FYP/Content/ThirdPerson/SFX/universfield-melancholic-ambient-background-02-351771.uasset" 2083
"D:/AFY_UE/FYP_UE/FYP/Content/ThirdPerson/SFX/universfield-melancholic-ambient-background-02-351771.uexp" 2084
"D:/AFY_UE/FYP_UE/FYP/Content/ThirdPerson/MenuLevel.uexp" 2085
"D:/AFY_UE/FYP_UE/FYP/Content/ThirdPerson/MenuLevel.umap" 2086
"D:/AFY_UE/FYP_UE/FYP/Content/Input/IMC_MouseLook.uasset" 2087
"D:/AFY_UE/FYP_UE/FYP/Content/Input/IMC_MouseLook.uexp" 2088
"D:/AFY_UE/FYP_UE/FYP/Content/Input/IMC_Default.uasset" 2089
"D:/AFY_UE/FYP_UE/FYP/Content/Input/IMC_Default.uexp" 2090
"../../../Engine/Content/MobileResources/HUD/VirtualJoystick_Thumb.uasset" 2091
"../../../Engine/Content/MobileResources/HUD/VirtualJoystick_Thumb.uexp" 2092
"../../../Engine/Content/MobileResources/HUD/VirtualJoystick_Background.uasset" 2093
"../../../Engine/Content/MobileResources/HUD/VirtualJoystick_Background.uexp" 2094
"D:/AFY_UE/FYP_UE/FYP/Content/Input/Touch/UI_Thumbstick.uasset" 2095
"D:/AFY_UE/FYP_UE/FYP/Content/Input/Touch/UI_Thumbstick.uexp" 2096
"D:/AFY_UE/FYP_UE/FYP/Content/Input/Touch/UI_TouchSimple.uasset" 2097
"D:/AFY_UE/FYP_UE/FYP/Content/Input/Touch/UI_TouchSimple.uexp" 2098
"D:/AFY_UE/FYP_UE/FYP/Content/ThirdPerson/Blueprints/BP_ThirdPersonPlayerController.uasset" 2099
"D:/AFY_UE/FYP_UE/FYP/Content/ThirdPerson/Blueprints/BP_ThirdPersonPlayerController.uexp" 2100
"D:/AFY_UE/FYP_UE/FYP/Content/ThirdPerson/Blueprints/BP_ThirdPersonGameMode.uasset" 2101
"D:/AFY_UE/FYP_UE/FYP/Content/ThirdPerson/Blueprints/BP_ThirdPersonGameMode.uexp" 2102
"D:/AFY_UE/FYP_UE/FYP/Content/ThirdPerson/Utility_Curve/CF_TotalScore.uasset" 2103
"D:/AFY_UE/FYP_UE/FYP/Content/ThirdPerson/Utility_Curve/CF_TotalScore.uexp" 2104
"D:/AFY_UE/FYP_UE/FYP/Content/ThirdPerson/UI/BP_EndGame.uasset" 2105
"D:/AFY_UE/FYP_UE/FYP/Content/ThirdPerson/UI/BP_EndGame.uexp" 2106
"D:/AFY_UE/FYP_UE/FYP/Content/ThirdPerson/UI/WB_ExitTimer.uasset" 2107
"D:/AFY_UE/FYP_UE/FYP/Content/ThirdPerson/UI/WB_ExitTimer.uexp" 2108
"D:/AFY_UE/FYP_UE/FYP/Content/ThirdPerson/Lvl_ThirdPerson.uexp" 2109
"D:/AFY_UE/FYP_UE/FYP/Content/ThirdPerson/Lvl_ThirdPerson.umap" 2110
"../../../Engine/Content/Maps/Entry_BuiltData.uasset" 2111
"../../../Engine/Content/Maps/Entry_BuiltData.uexp" 2112
"../../../Engine/Content/Maps/Entry.uexp" 2113
"../../../Engine/Content/Maps/Entry.umap" 2114
