"../../../Engine/Plugins/2D/Paper2D/Content/PlaceholderTextures/DummySpriteTexture.ubulk" 0
"../../../Engine/Plugins/2D/Paper2D/Content/PlaceholderTextures/DummySpriteTexture.uasset" 1
"../../../Engine/Plugins/2D/Paper2D/Content/PlaceholderTextures/DummySpriteTexture.uexp" 2
"../../../Engine/Plugins/2D/Paper2D/Content/DummySprite.uasset" 3
"../../../Engine/Plugins/2D/Paper2D/Content/DummySprite.uexp" 4
"../../../Engine/Plugins/2D/Paper2D/Content/DefaultPaperTerrainMaterial.uasset" 5
"../../../Engine/Plugins/2D/Paper2D/Content/DefaultPaperTerrainMaterial.uexp" 6
"../../../Engine/Content/EngineMaterials/DefaultPhysicalMaterial.uasset" 7
"../../../Engine/Content/EngineMaterials/DefaultPhysicalMaterial.uexp" 8
"../../../Engine/Content/EngineMaterials/DefaultDestructiblePhysicalMaterial.uasset" 9
"../../../Engine/Content/EngineMaterials/DefaultDestructiblePhysicalMaterial.uexp" 10
"../../../Engine/Content/EngineFonts/Faces/DroidSansFallback.uexp" 11
"../../../Engine/Content/EngineFonts/Faces/DroidSansFallback.uasset" 12
"../../../Engine/Content/EngineFonts/Faces/DroidSansFallback.ufont" 13
"../../../Engine/Content/EngineFonts/Faces/RobotoRegular.uexp" 14
"../../../Engine/Content/EngineFonts/Faces/RobotoRegular.uasset" 15
"../../../Engine/Content/EngineFonts/Faces/RobotoRegular.ufont" 16
"../../../Engine/Content/EngineFonts/Faces/RobotoLight.uexp" 17
"../../../Engine/Content/EngineFonts/Faces/RobotoLight.uasset" 18
"../../../Engine/Content/EngineFonts/Faces/RobotoLight.ufont" 19
"../../../Engine/Content/EngineFonts/Faces/RobotoItalic.uexp" 20
"../../../Engine/Content/EngineFonts/Faces/RobotoItalic.uasset" 21
"../../../Engine/Content/EngineFonts/Faces/RobotoItalic.ufont" 22
"../../../Engine/Content/EngineFonts/Faces/RobotoBoldItalic.uexp" 23
"../../../Engine/Content/EngineFonts/Faces/RobotoBoldItalic.uasset" 24
"../../../Engine/Content/EngineFonts/Faces/RobotoBoldItalic.ufont" 25
"../../../Engine/Content/EngineFonts/Faces/RobotoBold.uexp" 26
"../../../Engine/Content/EngineFonts/Faces/RobotoBold.uasset" 27
"../../../Engine/Content/EngineFonts/Faces/RobotoBold.ufont" 28
"../../../Engine/Content/EngineFonts/Roboto.uasset" 29
"../../../Engine/Content/EngineFonts/Roboto.uexp" 30
"../../../Engine/Content/EngineFonts/Faces/DroidSansMono.uexp" 31
"../../../Engine/Content/EngineFonts/Faces/DroidSansMono.uasset" 32
"../../../Engine/Content/EngineFonts/Faces/DroidSansMono.ufont" 33
"../../../Engine/Content/EngineFonts/DroidSansMono.uasset" 34
"../../../Engine/Content/EngineFonts/DroidSansMono.uexp" 35
"../../../Engine/Plugins/Interchange/Runtime/Content/Pipelines/DefaultTexturePipeline.uasset" 36
"../../../Engine/Plugins/Interchange/Runtime/Content/Pipelines/DefaultTexturePipeline.uexp" 37
"../../../Engine/Plugins/Interchange/Runtime/Content/Pipelines/DefaultSceneLevelPipeline.uasset" 38
"../../../Engine/Plugins/Interchange/Runtime/Content/Pipelines/DefaultSceneLevelPipeline.uexp" 39
"../../../Engine/Plugins/Interchange/Runtime/Content/Pipelines/DefaultSceneAssetsPipeline.uasset" 40
"../../../Engine/Plugins/Interchange/Runtime/Content/Pipelines/DefaultSceneAssetsPipeline.uexp" 41
"../../../Engine/Plugins/Interchange/Runtime/Content/Pipelines/DefaultMaterialXPipeline.uasset" 42
"../../../Engine/Plugins/Interchange/Runtime/Content/Pipelines/DefaultMaterialXPipeline.uexp" 43
"../../../Engine/Plugins/Interchange/Runtime/Content/Pipelines/DefaultMaterialPipeline.uasset" 44
"../../../Engine/Plugins/Interchange/Runtime/Content/Pipelines/DefaultMaterialPipeline.uexp" 45
"../../../Engine/Plugins/Interchange/Runtime/Content/Pipelines/DefaultGLTFSceneAssetsPipeline.uasset" 46
"../../../Engine/Plugins/Interchange/Runtime/Content/Pipelines/DefaultGLTFSceneAssetsPipeline.uexp" 47
"../../../Engine/Plugins/Interchange/Runtime/Content/Pipelines/DefaultGLTFPipeline.uasset" 48
"../../../Engine/Plugins/Interchange/Runtime/Content/Pipelines/DefaultGLTFPipeline.uexp" 49
"../../../Engine/Plugins/Interchange/Runtime/Content/Pipelines/DefaultGLTFAssetsPipeline.uasset" 50
"../../../Engine/Plugins/Interchange/Runtime/Content/Pipelines/DefaultGLTFAssetsPipeline.uexp" 51
"../../../Engine/Plugins/Interchange/Runtime/Content/Pipelines/DefaultAssetsPipeline.uasset" 52
"../../../Engine/Plugins/Interchange/Runtime/Content/Pipelines/DefaultAssetsPipeline.uexp" 53
"../../../Engine/Content/EngineResources/GradientTexture0.uasset" 54
"../../../Engine/Content/EngineResources/GradientTexture0.uexp" 55
"../../../Engine/Content/EngineResources/Black.uasset" 56
"../../../Engine/Content/EngineResources/Black.uexp" 57
"../../../Engine/Content/EditorResources/S_Actor.ubulk" 58
"../../../Engine/Content/EditorResources/S_Actor.uasset" 59
"../../../Engine/Content/EditorResources/S_Actor.uexp" 60
"../../../Engine/Plugins/NNE/NNEDenoiser/Content/NNEDTOM_Output_Default.uasset" 61
"../../../Engine/Plugins/NNE/NNEDenoiser/Content/NNEDTOM_Output_Default.uexp" 62
"../../../Engine/Plugins/NNE/NNEDenoiser/Content/NNEDTOM_Output_Alpha.uasset" 63
"../../../Engine/Plugins/NNE/NNEDenoiser/Content/NNEDTOM_Output_Alpha.uexp" 64
"../../../Engine/Plugins/NNE/NNEDenoiser/Content/NNEDTIM_ColorAlbedoNormal_Default.uasset" 65
"../../../Engine/Plugins/NNE/NNEDenoiser/Content/NNEDTIM_ColorAlbedoNormal_Default.uexp" 66
"../../../Engine/Plugins/NNE/NNEDenoiser/Content/NNEDTIM_ColorAlbedoNormal_Alpha.uasset" 67
"../../../Engine/Plugins/NNE/NNEDenoiser/Content/NNEDTIM_ColorAlbedoNormal_Alpha.uexp" 68
"../../../Engine/Plugins/NNE/NNEDenoiser/Content/NNEDOM_Output_Default.uasset" 69
"../../../Engine/Plugins/NNE/NNEDenoiser/Content/NNEDOM_Output_Default.uexp" 70
"../../../Engine/Plugins/NNE/NNEDenoiser/Content/NNEDOM_Output_Alpha.uasset" 71
"../../../Engine/Plugins/NNE/NNEDenoiser/Content/NNEDOM_Output_Alpha.uexp" 72
"../../../Engine/Plugins/NNE/NNEDenoiser/Content/NNEDIM_HighQuality_Default.uasset" 73
"../../../Engine/Plugins/NNE/NNEDenoiser/Content/NNEDIM_HighQuality_Default.uexp" 74
"../../../Engine/Plugins/NNE/NNEDenoiser/Content/NNEDIM_HighQuality_Alpha.uasset" 75
"../../../Engine/Plugins/NNE/NNEDenoiser/Content/NNEDIM_HighQuality_Alpha.uexp" 76
"../../../Engine/Plugins/NNE/NNEDenoiser/Content/NNEDIM_ColorAlbedoNormal_Default.uasset" 77
"../../../Engine/Plugins/NNE/NNEDenoiser/Content/NNEDIM_ColorAlbedoNormal_Default.uexp" 78
"../../../Engine/Plugins/NNE/NNEDenoiser/Content/NNEDIM_ColorAlbedoNormal_Alpha.uasset" 79
"../../../Engine/Plugins/NNE/NNEDenoiser/Content/NNEDIM_ColorAlbedoNormal_Alpha.uexp" 80
"../../../Engine/Content/Functions/Engine_MaterialFunctions02/WorldPositionOffset/CameraOffset.uasset" 81
"../../../Engine/Content/Functions/Engine_MaterialFunctions02/WorldPositionOffset/CameraOffset.uexp" 82
"../../../Engine/Plugins/Animation/ControlRig/Content/M_Manip.uasset" 83
"../../../Engine/Plugins/Animation/ControlRig/Content/M_Manip.uexp" 84
"../../../Engine/Content/BasicShapes/BasicShapeMaterial.uasset" 85
"../../../Engine/Content/BasicShapes/BasicShapeMaterial.uexp" 86
"../../../Engine/Content/EditorMaterials/PreviewShadowIndicator.ubulk" 87
"../../../Engine/Content/EditorMaterials/PreviewShadowIndicator.uasset" 88
"../../../Engine/Content/EditorMaterials/PreviewShadowIndicator.uexp" 89
"../../../Engine/Content/EditorMaterials/PreviewShadowIndicatorMaterial.uasset" 90
"../../../Engine/Content/EditorMaterials/PreviewShadowIndicatorMaterial.uexp" 91
"../../../Engine/Content/EditorMaterials/PhAT_UnselectedMaterial.uasset" 92
"../../../Engine/Content/EditorMaterials/PhAT_UnselectedMaterial.uexp" 93
"../../../Engine/Content/EditorMaterials/PhAT_NoCollisionMaterial.uasset" 94
"../../../Engine/Content/EditorMaterials/PhAT_NoCollisionMaterial.uexp" 95
"../../../Engine/Content/EditorLandscapeResources/WhiteSquareTexture.uasset" 96
"../../../Engine/Content/EditorLandscapeResources/WhiteSquareTexture.uexp" 97
"../../../Engine/Content/EditorLandscapeResources/LayerVisMaterial.uasset" 98
"../../../Engine/Content/EditorLandscapeResources/LayerVisMaterial.uexp" 99
"../../../Engine/Content/Functions/Engine_MaterialFunctions02/Utility/BreakOutFloat2Components.uasset" 100
"../../../Engine/Content/Functions/Engine_MaterialFunctions02/Utility/BreakOutFloat2Components.uexp" 101
"../../../Engine/Content/Functions/Engine_MaterialFunctions01/Texturing/ScaleUVsByCenter.uasset" 102
"../../../Engine/Content/Functions/Engine_MaterialFunctions01/Texturing/ScaleUVsByCenter.uexp" 103
"../../../Engine/Content/Functions/Engine_MaterialFunctions02/WorldPositionOffset/LocalPosition.uasset" 104
"../../../Engine/Content/Functions/Engine_MaterialFunctions02/WorldPositionOffset/LocalPosition.uexp" 105
"../../../Engine/Content/EngineMaterials/DefaultDiffuse.ubulk" 106
"../../../Engine/Content/EngineMaterials/DefaultDiffuse.uasset" 107
"../../../Engine/Content/EngineMaterials/DefaultDiffuse.uexp" 108
"../../../Engine/Content/Functions/Engine_MaterialFunctions01/Texturing/TextureCropping.uasset" 109
"../../../Engine/Content/Functions/Engine_MaterialFunctions01/Texturing/TextureCropping.uexp" 110
"../../../Engine/Content/Functions/Engine_MaterialFunctions02/ExampleContent/DebugNumberStrip.uasset" 111
"../../../Engine/Content/Functions/Engine_MaterialFunctions02/ExampleContent/DebugNumberStrip.uexp" 112
"../../../Engine/Content/Functions/Engine_MaterialFunctions01/Debug/DebugIntValues.uasset" 113
"../../../Engine/Content/Functions/Engine_MaterialFunctions01/Debug/DebugIntValues.uexp" 114
"../../../Engine/Content/EditorLandscapeResources/LandscapeLayerUsageMaterial.uasset" 115
"../../../Engine/Content/EditorLandscapeResources/LandscapeLayerUsageMaterial.uexp" 116
"../../../Engine/Content/EditorLandscapeResources/DefaultAlphaTexture.uasset" 117
"../../../Engine/Content/EditorLandscapeResources/DefaultAlphaTexture.uexp" 118
"../../../Engine/Content/EditorLandscapeResources/LandscapeDirtyMaterial.uasset" 119
"../../../Engine/Content/EditorLandscapeResources/LandscapeDirtyMaterial.uexp" 120
"../../../Engine/Content/EngineResources/DefaultTexture.ubulk" 121
"../../../Engine/Content/EngineResources/DefaultTexture.uasset" 122
"../../../Engine/Content/EngineResources/DefaultTexture.uexp" 123
"../../../Engine/Content/EngineMaterials/RemoveSurfaceMaterial.uasset" 124
"../../../Engine/Content/EngineMaterials/RemoveSurfaceMaterial.uexp" 125
"../../../Engine/Content/EngineMaterials/PreintegratedSkinBRDF.uasset" 126
"../../../Engine/Content/EngineMaterials/PreintegratedSkinBRDF.uexp" 127
"../../../Engine/Content/EngineMaterials/DefaultCalibrationGrayscale.uasset" 128
"../../../Engine/Content/EngineMaterials/DefaultCalibrationGrayscale.uexp" 129
"../../../Engine/Content/EngineMaterials/PPM_DefaultCalibrationGrayscale.uasset" 130
"../../../Engine/Content/EngineMaterials/PPM_DefaultCalibrationGrayscale.uexp" 131
"../../../Engine/Content/EngineMaterials/DefaultCalibrationColor.uasset" 132
"../../../Engine/Content/EngineMaterials/DefaultCalibrationColor.uexp" 133
"../../../Engine/Content/EngineMaterials/PPM_DefaultCalibrationColor.uasset" 134
"../../../Engine/Content/EngineMaterials/PPM_DefaultCalibrationColor.uexp" 135
"../../../Engine/Content/EngineMaterials/PhAT_JointLimitMaterial.uasset" 136
"../../../Engine/Content/EngineMaterials/PhAT_JointLimitMaterial.uexp" 137
"../../../Engine/Content/EngineMaterials/NaniteHiddenSectionMaterial.uasset" 138
"../../../Engine/Content/EngineMaterials/NaniteHiddenSectionMaterial.uexp" 139
"../../../Engine/Content/EngineMaterials/InvalidLightmapSettings.ubulk" 140
"../../../Engine/Content/EngineMaterials/InvalidLightmapSettings.uasset" 141
"../../../Engine/Content/EngineMaterials/InvalidLightmapSettings.uexp" 142
"../../../Engine/Content/EngineMaterials/M_InvalidLightmapSettings.uasset" 143
"../../../Engine/Content/EngineMaterials/M_InvalidLightmapSettings.uexp" 144
"../../../Engine/Content/EngineMaterials/MiniFont.uasset" 145
"../../../Engine/Content/EngineMaterials/MiniFont.uexp" 146
"../../../Engine/Content/EngineMaterials/GizmoMaterial.uasset" 147
"../../../Engine/Content/EngineMaterials/GizmoMaterial.uexp" 148
"../../../Engine/Content/EngineMaterials/BaseFlattenDiffuseMap_VT.ubulk" 149
"../../../Engine/Content/EngineMaterials/BaseFlattenDiffuseMap_VT.uasset" 150
"../../../Engine/Content/EngineMaterials/BaseFlattenDiffuseMap_VT.uexp" 151
"../../../Engine/Content/EngineMaterials/BaseFlattenEmissiveMap_VT.ubulk" 152
"../../../Engine/Content/EngineMaterials/BaseFlattenEmissiveMap_VT.uasset" 153
"../../../Engine/Content/EngineMaterials/BaseFlattenEmissiveMap_VT.uexp" 154
"../../../Engine/Content/EngineMaterials/BaseFlattenGrayscaleMap_VT.ubulk" 155
"../../../Engine/Content/EngineMaterials/BaseFlattenGrayscaleMap_VT.uasset" 156
"../../../Engine/Content/EngineMaterials/BaseFlattenGrayscaleMap_VT.uexp" 157
"../../../Engine/Content/EngineMaterials/BaseFlattenLinearColor_VT.ubulk" 158
"../../../Engine/Content/EngineMaterials/BaseFlattenLinearColor_VT.uasset" 159
"../../../Engine/Content/EngineMaterials/BaseFlattenLinearColor_VT.uexp" 160
"../../../Engine/Content/EngineMaterials/BaseFlattenNormalMap_VT.ubulk" 161
"../../../Engine/Content/EngineMaterials/BaseFlattenNormalMap_VT.uasset" 162
"../../../Engine/Content/EngineMaterials/BaseFlattenNormalMap_VT.uexp" 163
"../../../Engine/Content/EngineMaterials/Black_1x1_EXR_Texture_VT.ubulk" 164
"../../../Engine/Content/EngineMaterials/Black_1x1_EXR_Texture_VT.uasset" 165
"../../../Engine/Content/EngineMaterials/Black_1x1_EXR_Texture_VT.uexp" 166
"../../../Engine/Content/EngineMaterials/FlattenMaterial_WS_Normal_VT.uasset" 167
"../../../Engine/Content/EngineMaterials/FlattenMaterial_WS_Normal_VT.uexp" 168
"../../../Engine/Content/EngineMaterials/FlattenMaterial_VT.uasset" 169
"../../../Engine/Content/EngineMaterials/FlattenMaterial_VT.uexp" 170
"../../../Engine/Content/EngineMaterials/BaseFlattenLinearColor.uasset" 171
"../../../Engine/Content/EngineMaterials/BaseFlattenLinearColor.uexp" 172
"../../../Engine/Content/EngineMaterials/BaseFlattenNormalMap.uasset" 173
"../../../Engine/Content/EngineMaterials/BaseFlattenNormalMap.uexp" 174
"../../../Engine/Content/EngineMaterials/BaseFlattenDiffuseMap.uasset" 175
"../../../Engine/Content/EngineMaterials/BaseFlattenDiffuseMap.uexp" 176
"../../../Engine/Content/EngineMaterials/BaseFlattenEmissiveMap.uasset" 177
"../../../Engine/Content/EngineMaterials/BaseFlattenEmissiveMap.uexp" 178
"../../../Engine/Content/EngineMaterials/BaseFlattenGrayscaleMap.uasset" 179
"../../../Engine/Content/EngineMaterials/BaseFlattenGrayscaleMap.uexp" 180
"../../../Engine/Content/Functions/Engine_MaterialFunctions02/PivotPainter2/Black_1x1_EXR_Texture.uasset" 181
"../../../Engine/Content/Functions/Engine_MaterialFunctions02/PivotPainter2/Black_1x1_EXR_Texture.uexp" 182
"../../../Engine/Content/EngineMaterials/FlattenMaterial.uasset" 183
"../../../Engine/Content/EngineMaterials/FlattenMaterial.uexp" 184
"../../../Engine/Content/EngineMaterials/FastBlueNoise_vec2_128x128x64.uasset" 185
"../../../Engine/Content/EngineMaterials/FastBlueNoise_vec2_128x128x64.uexp" 186
"../../../Engine/Content/EngineMaterials/FastBlueNoise_scalar_128x128x8.uasset" 187
"../../../Engine/Content/EngineMaterials/FastBlueNoise_scalar_128x128x8.uexp" 188
"../../../Engine/Content/EngineMaterials/FastBlueNoise_scalar_128x128x64.uasset" 189
"../../../Engine/Content/EngineMaterials/FastBlueNoise_scalar_128x128x64.uexp" 190
"../../../Engine/Content/EngineMaterials/DefaultWhiteGrid_Low.uasset" 191
"../../../Engine/Content/EngineMaterials/DefaultWhiteGrid_Low.uexp" 192
"../../../Engine/Content/EngineMaterials/EmissiveMeshMaterial.uasset" 193
"../../../Engine/Content/EngineMaterials/EmissiveMeshMaterial.uexp" 194
"../../../Engine/Content/EngineMaterials/DefaultWhiteGrid.ubulk" 195
"../../../Engine/Content/EngineMaterials/DefaultWhiteGrid.uasset" 196
"../../../Engine/Content/EngineMaterials/DefaultWhiteGrid.uexp" 197
"../../../Engine/Content/EngineFonts/RobotoDistanceField.uasset" 198
"../../../Engine/Content/EngineFonts/RobotoDistanceField.uexp" 199
"../../../Engine/Content/EngineMaterials/DefaultTextMaterialOpaque.uasset" 200
"../../../Engine/Content/EngineMaterials/DefaultTextMaterialOpaque.uexp" 201
"../../../Engine/Content/EngineMaterials/DefaultPostProcessMaterial.uasset" 202
"../../../Engine/Content/EngineMaterials/DefaultPostProcessMaterial.uexp" 203
"../../../Engine/Content/EngineMaterials/DefaultLightFunctionMaterial.uasset" 204
"../../../Engine/Content/EngineMaterials/DefaultLightFunctionMaterial.uexp" 205
"../../../Engine/Content/EngineMaterials/DefaultDeferredDecalMaterial.uasset" 206
"../../../Engine/Content/EngineMaterials/DefaultDeferredDecalMaterial.uexp" 207
"../../../Engine/Content/EngineMaterials/DefaultBokeh.uasset" 208
"../../../Engine/Content/EngineMaterials/DefaultBokeh.uexp" 209
"../../../Engine/Content/EngineMaterials/DefaultBloomKernel.uasset" 210
"../../../Engine/Content/EngineMaterials/DefaultBloomKernel.uexp" 211
"../../../Engine/Content/Functions/Engine_MaterialFunctions02/Utility/CameraDirectionVector.uasset" 212
"../../../Engine/Content/Functions/Engine_MaterialFunctions02/Utility/CameraDirectionVector.uexp" 213
"../../../Engine/Content/EngineDebugMaterials/VolumeToRender.uasset" 214
"../../../Engine/Content/EngineDebugMaterials/VolumeToRender.uexp" 215
"../../../Engine/Content/EngineDebugMaterials/M_VolumeRenderSphereTracePP.uasset" 216
"../../../Engine/Content/EngineDebugMaterials/M_VolumeRenderSphereTracePP.uexp" 217
"../../../Engine/Content/EngineDebugMaterials/M_SimpleUnlitTranslucent.uasset" 218
"../../../Engine/Content/EngineDebugMaterials/M_SimpleUnlitTranslucent.uexp" 219
"../../../Engine/Content/EngineDebugMaterials/DebugMeshMaterial.uasset" 220
"../../../Engine/Content/EngineDebugMaterials/DebugMeshMaterial.uexp" 221
"../../../Engine/Content/EngineDebugMaterials/DebugEditorMaterial.uasset" 222
"../../../Engine/Content/EngineDebugMaterials/DebugEditorMaterial.uexp" 223
"../../../Engine/Content/EngineDamageTypes/DmgTypeBP_Environmental.uasset" 224
"../../../Engine/Content/EngineDamageTypes/DmgTypeBP_Environmental.uexp" 225
"../../../Engine/Content/EditorResources/S_TriggerSphere.uasset" 226
"../../../Engine/Content/EditorResources/S_TriggerSphere.uexp" 227
"../../../Engine/Content/EditorResources/S_TriggerCapsule.uasset" 228
"../../../Engine/Content/EditorResources/S_TriggerCapsule.uexp" 229
"../../../Engine/Content/EditorResources/S_TriggerBox.uasset" 230
"../../../Engine/Content/EditorResources/S_TriggerBox.uexp" 231
"../../../Engine/Content/EditorResources/S_Trigger.ubulk" 232
"../../../Engine/Content/EditorResources/S_Trigger.uasset" 233
"../../../Engine/Content/EditorResources/S_Trigger.uexp" 234
"../../../Engine/Content/EditorResources/S_Terrain.ubulk" 235
"../../../Engine/Content/EditorResources/S_Terrain.uasset" 236
"../../../Engine/Content/EditorResources/S_Terrain.uexp" 237
"../../../Engine/Content/EditorResources/S_Solver.ubulk" 238
"../../../Engine/Content/EditorResources/S_Solver.uasset" 239
"../../../Engine/Content/EditorResources/S_Solver.uexp" 240
"../../../Engine/Content/EditorResources/S_BoxReflectionCapture.uasset" 241
"../../../Engine/Content/EditorResources/S_BoxReflectionCapture.uexp" 242
"../../../Engine/Content/EditorResources/BSPVertex.uasset" 243
"../../../Engine/Content/EditorResources/BSPVertex.uexp" 244
"../../../Engine/Plugins/Runtime/AudioWidgets/Content/Resources/ScrubHandleDown_Clamped.uasset" 245
"../../../Engine/Plugins/Runtime/AudioWidgets/Content/Resources/ScrubHandleDown_Clamped.uexp" 246
"../../../Engine/Plugins/Interchange/Assets/Content/Functions/MX_UsdPreviewSurface.uasset" 247
"../../../Engine/Plugins/Interchange/Assets/Content/Functions/MX_UsdPreviewSurface.uexp" 248
"../../../Engine/Plugins/Interchange/Assets/Content/Functions/MX_UniformEDF.uasset" 249
"../../../Engine/Plugins/Interchange/Assets/Content/Functions/MX_UniformEDF.uexp" 250
"../../../Engine/Plugins/Interchange/Assets/Content/Functions/MX_TranslucentBSDF.uasset" 251
"../../../Engine/Plugins/Interchange/Assets/Content/Functions/MX_TranslucentBSDF.uexp" 252
"../../../Engine/Plugins/Interchange/Assets/Content/Functions/MX_ThinFilmBSDF.uasset" 253
"../../../Engine/Plugins/Interchange/Assets/Content/Functions/MX_ThinFilmBSDF.uexp" 254
"../../../Engine/Plugins/Interchange/Assets/Content/Functions/MX_SurfaceUnlit.uasset" 255
"../../../Engine/Plugins/Interchange/Assets/Content/Functions/MX_SurfaceUnlit.uexp" 256
"../../../Engine/Plugins/Interchange/Assets/Content/Functions/MX_Surface.uasset" 257
"../../../Engine/Plugins/Interchange/Assets/Content/Functions/MX_Surface.uexp" 258
"../../../Engine/Plugins/Interchange/Assets/Content/Functions/MX_SubsurfaceBSDF.uasset" 259
"../../../Engine/Plugins/Interchange/Assets/Content/Functions/MX_SubsurfaceBSDF.uexp" 260
"../../../Engine/Plugins/Interchange/Assets/Content/Functions/MX_SheenBSDF.uasset" 261
"../../../Engine/Plugins/Interchange/Assets/Content/Functions/MX_SheenBSDF.uexp" 262
"../../../Engine/Plugins/Interchange/Assets/Content/Functions/MX_OrenNayarBSDF.uasset" 263
"../../../Engine/Plugins/Interchange/Assets/Content/Functions/MX_OrenNayarBSDF.uexp" 264
"../../../Engine/Plugins/Interchange/Assets/Content/Functions/MF_IridescenceNoLUT.uasset" 265
"../../../Engine/Plugins/Interchange/Assets/Content/Functions/MF_IridescenceNoLUT.uexp" 266
"../../../Engine/Plugins/Interchange/Assets/Content/Functions/MX_StandardSurface.uasset" 267
"../../../Engine/Plugins/Interchange/Assets/Content/Functions/MX_StandardSurface.uexp" 268
"../../../Engine/Plugins/Interchange/Assets/Content/Functions/MX_TransmissionSurface.uasset" 269
"../../../Engine/Plugins/Interchange/Assets/Content/Functions/MX_TransmissionSurface.uexp" 270
"../../../Engine/Plugins/Interchange/Assets/Content/Functions/MX_OpenPBR_Translucent.uasset" 271
"../../../Engine/Plugins/Interchange/Assets/Content/Functions/MX_OpenPBR_Translucent.uexp" 272
"../../../Engine/Plugins/Interchange/Assets/Content/Functions/MX_OpenPBR_Opaque.uasset" 273
"../../../Engine/Plugins/Interchange/Assets/Content/Functions/MX_OpenPBR_Opaque.uexp" 274
"../../../Engine/Plugins/Interchange/Assets/Content/Functions/MX_MeasuredEDF.uasset" 275
"../../../Engine/Plugins/Interchange/Assets/Content/Functions/MX_MeasuredEDF.uexp" 276
"../../../Engine/Plugins/Interchange/Assets/Content/Functions/MX_GeneralizedSchlickBSDF.uasset" 277
"../../../Engine/Plugins/Interchange/Assets/Content/Functions/MX_GeneralizedSchlickBSDF.uexp" 278
"../../../Engine/Content/Functions/Engine_MaterialFunctions02/Utility/BlendAngleCorrectedNormals.uasset" 279
"../../../Engine/Content/Functions/Engine_MaterialFunctions02/Utility/BlendAngleCorrectedNormals.uexp" 280
"../../../Engine/Plugins/Interchange/Assets/Content/Functions/MX_Displacement.uasset" 281
"../../../Engine/Plugins/Interchange/Assets/Content/Functions/MX_Displacement.uexp" 282
"../../../Engine/Plugins/Interchange/Assets/Content/Functions/MX_DielectricBSDF.uasset" 283
"../../../Engine/Plugins/Interchange/Assets/Content/Functions/MX_DielectricBSDF.uexp" 284
"../../../Engine/Plugins/Interchange/Assets/Content/Functions/MX_ConicalEDF.uasset" 285
"../../../Engine/Plugins/Interchange/Assets/Content/Functions/MX_ConicalEDF.uexp" 286
"../../../Engine/Plugins/Interchange/Assets/Content/Functions/MX_ConductorBSDF.uasset" 287
"../../../Engine/Plugins/Interchange/Assets/Content/Functions/MX_ConductorBSDF.uexp" 288
"../../../Engine/Plugins/Interchange/Assets/Content/Functions/MX_BurleyDiffuseBSDF.uasset" 289
"../../../Engine/Plugins/Interchange/Assets/Content/Functions/MX_BurleyDiffuseBSDF.uexp" 290
"../../../Engine/Plugins/Interchange/Assets/Content/Functions/MX_AnisotropicVDF.uasset" 291
"../../../Engine/Plugins/Interchange/Assets/Content/Functions/MX_AnisotropicVDF.uexp" 292
"../../../Engine/Plugins/Interchange/Assets/Content/Functions/MX_AbsorptionVDF.uasset" 293
"../../../Engine/Plugins/Interchange/Assets/Content/Functions/MX_AbsorptionVDF.uexp" 294
"../../../Engine/Content/Functions/Engine_MaterialFunctions02/Utility/VectorLength.uasset" 295
"../../../Engine/Content/Functions/Engine_MaterialFunctions02/Utility/VectorLength.uexp" 296
"../../../Engine/Content/Functions/Engine_MaterialFunctions02/Utility/BreakOutFloat3Components.uasset" 297
"../../../Engine/Content/Functions/Engine_MaterialFunctions02/Utility/BreakOutFloat3Components.uexp" 298
"../../../Engine/Content/Functions/Engine_MaterialFunctions02/WorldPositionOffset/ObjectScale.uasset" 299
"../../../Engine/Content/Functions/Engine_MaterialFunctions02/WorldPositionOffset/ObjectScale.uexp" 300
"../../../Engine/Content/Functions/Engine_MaterialFunctions02/SafeNormalize.uasset" 301
"../../../Engine/Content/Functions/Engine_MaterialFunctions02/SafeNormalize.uexp" 302
"../../../Engine/Plugins/Editor/SpeedTreeImporter/Content/SpeedTree9/UnpackInteger3.uasset" 303
"../../../Engine/Plugins/Editor/SpeedTreeImporter/Content/SpeedTree9/UnpackInteger3.uexp" 304
"../../../Engine/Plugins/Editor/SpeedTreeImporter/Content/SpeedTree9/UnpackDirection.uasset" 305
"../../../Engine/Plugins/Editor/SpeedTreeImporter/Content/SpeedTree9/UnpackDirection.uexp" 306
"../../../Engine/Plugins/Editor/SpeedTreeImporter/Content/SpeedTree9/game_wind_noise.ubulk" 307
"../../../Engine/Plugins/Editor/SpeedTreeImporter/Content/SpeedTree9/game_wind_noise.uasset" 308
"../../../Engine/Plugins/Editor/SpeedTreeImporter/Content/SpeedTree9/game_wind_noise.uexp" 309
"../../../Engine/Plugins/Editor/SpeedTreeImporter/Content/SpeedTree9/SpeedTreeWindMotion.uasset" 310
"../../../Engine/Plugins/Editor/SpeedTreeImporter/Content/SpeedTree9/SpeedTreeWindMotion.uexp" 311
"../../../Engine/Plugins/Editor/SpeedTreeImporter/Content/SpeedTree9/SpeedTreeBranchMotion.uasset" 312
"../../../Engine/Plugins/Editor/SpeedTreeImporter/Content/SpeedTree9/SpeedTreeBranchMotion.uexp" 313
"../../../Engine/Content/Functions/Engine_MaterialFunctions02/ObjectLocalBounds.uasset" 314
"../../../Engine/Content/Functions/Engine_MaterialFunctions02/ObjectLocalBounds.uexp" 315
"../../../Engine/Content/Functions/Engine_MaterialFunctions02/UVs/BoundingBoxBased_0-1_UVW.uasset" 316
"../../../Engine/Content/Functions/Engine_MaterialFunctions02/UVs/BoundingBoxBased_0-1_UVW.uexp" 317
"../../../Engine/Plugins/Editor/SpeedTreeImporter/Content/SpeedTree9/SpeedTreeWind.uasset" 318
"../../../Engine/Plugins/Editor/SpeedTreeImporter/Content/SpeedTree9/SpeedTreeWind.uexp" 319
"../../../Engine/Plugins/Editor/SpeedTreeImporter/Content/SpeedTree9/SpeedTreeCameraFacing.uasset" 320
"../../../Engine/Plugins/Editor/SpeedTreeImporter/Content/SpeedTree9/SpeedTreeCameraFacing.uexp" 321
"../../../Engine/Plugins/Editor/SpeedTreeImporter/Content/SpeedTree9/EmptyNormal.uasset" 322
"../../../Engine/Plugins/Editor/SpeedTreeImporter/Content/SpeedTree9/EmptyNormal.uexp" 323
"../../../Engine/Plugins/Editor/SpeedTreeImporter/Content/SpeedTree9/Empty.uasset" 324
"../../../Engine/Plugins/Editor/SpeedTreeImporter/Content/SpeedTree9/Empty.uexp" 325
"../../../Engine/Plugins/Editor/SpeedTreeImporter/Content/SpeedTree9/SpeedTreeMaster.uasset" 326
"../../../Engine/Plugins/Editor/SpeedTreeImporter/Content/SpeedTree9/SpeedTreeMaster.uexp" 327
"../../../Engine/Plugins/Editor/SpeedTreeImporter/Content/SpeedTree9/SpeedTreeBillboard.uasset" 328
"../../../Engine/Plugins/Editor/SpeedTreeImporter/Content/SpeedTree9/SpeedTreeBillboard.uexp" 329
"../../../Engine/Plugins/Editor/SpeedTreeImporter/Content/SpeedTree9/SpeedTreeBillboardMaster.uasset" 330
"../../../Engine/Plugins/Editor/SpeedTreeImporter/Content/SpeedTree9/SpeedTreeBillboardMaster.uexp" 331
"../../../Engine/Plugins/Animation/ControlRig/Content/Controls/ControlRigXRayMaterial.uasset" 332
"../../../Engine/Plugins/Animation/ControlRig/Content/Controls/ControlRigXRayMaterial.uexp" 333
"../../../Engine/Plugins/Animation/ControlRig/Content/Controls/ControlRigGizmoMaterial.uasset" 334
"../../../Engine/Plugins/Animation/ControlRig/Content/Controls/ControlRigGizmoMaterial.uexp" 335
"../../../Engine/Plugins/VirtualProduction/CameraCalibrationCore/Content/Materials/M_DefaultOddSquare.uasset" 336
"../../../Engine/Plugins/VirtualProduction/CameraCalibrationCore/Content/Materials/M_DefaultOddSquare.uexp" 337
"../../../Engine/Plugins/VirtualProduction/CameraCalibrationCore/Content/Materials/M_DefaultEvenSquare.uasset" 338
"../../../Engine/Plugins/VirtualProduction/CameraCalibrationCore/Content/Materials/M_DefaultEvenSquare.uexp" 339
"../../../Engine/Plugins/Runtime/HairStrands/Content/Materials/HairMeshesDefaultMaterial.uasset" 340
"../../../Engine/Plugins/Runtime/HairStrands/Content/Materials/HairMeshesDefaultMaterial.uexp" 341
"../../../Engine/Plugins/Runtime/HairStrands/Content/Materials/HairDefaultMaterial.uasset" 342
"../../../Engine/Plugins/Runtime/HairStrands/Content/Materials/HairDefaultMaterial.uexp" 343
"../../../Engine/Content/Functions/Engine_MaterialFunctions02/Utility/MakeFloat2.uasset" 344
"../../../Engine/Content/Functions/Engine_MaterialFunctions02/Utility/MakeFloat2.uexp" 345
"../../../Engine/Content/Functions/Engine_MaterialFunctions02/Utility/MakeFloat3.uasset" 346
"../../../Engine/Content/Functions/Engine_MaterialFunctions02/Utility/MakeFloat3.uexp" 347
"../../../Engine/Content/EngineMaterials/HairDebugColor.uasset" 348
"../../../Engine/Content/EngineMaterials/HairDebugColor.uexp" 349
"../../../Engine/Content/EngineMaterials/HairColorMap.uasset" 350
"../../../Engine/Content/EngineMaterials/HairColorMap.uexp" 351
"../../../Engine/Plugins/Runtime/HairStrands/Content/Materials/HairGroupColors.uasset" 352
"../../../Engine/Plugins/Runtime/HairStrands/Content/Materials/HairGroupColors.uexp" 353
"../../../Engine/Plugins/Runtime/HairStrands/Content/Materials/HairDebugMaterial.uasset" 354
"../../../Engine/Plugins/Runtime/HairStrands/Content/Materials/HairDebugMaterial.uexp" 355
"../../../Engine/Plugins/Runtime/HairStrands/Content/Materials/HairCardsDefaultMaterial.uasset" 356
"../../../Engine/Plugins/Runtime/HairStrands/Content/Materials/HairCardsDefaultMaterial.uexp" 357
"../../../Engine/Content/EditorMaterials/ParticleSystems/PSysThumbnail_OOD.ubulk" 358
"../../../Engine/Content/EditorMaterials/ParticleSystems/PSysThumbnail_OOD.uasset" 359
"../../../Engine/Content/EditorMaterials/ParticleSystems/PSysThumbnail_OOD.uexp" 360
"../../../Engine/Content/EditorMaterials/ParticleSystems/PSysThumbnail_NoImage.ubulk" 361
"../../../Engine/Content/EditorMaterials/ParticleSystems/PSysThumbnail_NoImage.uasset" 362
"../../../Engine/Content/EditorMaterials/ParticleSystems/PSysThumbnail_NoImage.uexp" 363
"../../../Engine/Content/EditorMaterials/Dataflow/DataflowVertexMaterial.uasset" 364
"../../../Engine/Content/EditorMaterials/Dataflow/DataflowVertexMaterial.uexp" 365
"../../../Engine/Content/EditorMaterials/Dataflow/DataflowTwoSidedVertexMaterial.uasset" 366
"../../../Engine/Content/EditorMaterials/Dataflow/DataflowTwoSidedVertexMaterial.uexp" 367
"../../../Engine/Content/EngineResources/FilmGrains/Marcie_Grain_v3_128_M2_000.uasset" 368
"../../../Engine/Content/EngineResources/FilmGrains/Marcie_Grain_v3_128_M2_000.uexp" 369
"../../../Engine/Content/EngineResources/Development/ZenLogo_64.uasset" 370
"../../../Engine/Content/EngineResources/Development/ZenLogo_64.uexp" 371
"../../../Engine/Content/EngineMaterials/LTC/Sheen_LTC.uasset" 372
"../../../Engine/Content/EngineMaterials/LTC/Sheen_LTC.uexp" 373
"../../../Engine/Content/EngineMaterials/LTC/GGX_LTCMat.uasset" 374
"../../../Engine/Content/EngineMaterials/LTC/GGX_LTCMat.uexp" 375
"../../../Engine/Content/EngineMaterials/LTC/GGX_LTCAmp.uasset" 376
"../../../Engine/Content/EngineMaterials/LTC/GGX_LTCAmp.uexp" 377
"../../../Engine/Content/EngineMaterials/EnergyConservation/Sheen_Energy.uasset" 378
"../../../Engine/Content/EngineMaterials/EnergyConservation/Sheen_Energy.uexp" 379
"../../../Engine/Content/EngineMaterials/EnergyConservation/SheenLegacy_Energy.uasset" 380
"../../../Engine/Content/EngineMaterials/EnergyConservation/SheenLegacy_Energy.uexp" 381
"../../../Engine/Content/EngineMaterials/EnergyConservation/GGX_TransmissionEnergyArray.uasset" 382
"../../../Engine/Content/EngineMaterials/EnergyConservation/GGX_TransmissionEnergyArray.uexp" 383
"../../../Engine/Content/EngineMaterials/EnergyConservation/GGX_ReflectionEnergy.uasset" 384
"../../../Engine/Content/EngineMaterials/EnergyConservation/GGX_ReflectionEnergy.uexp" 385
"../../../Engine/Content/EngineMaterials/EnergyConservation/Diffuse_Energy.uasset" 386
"../../../Engine/Content/EngineMaterials/EnergyConservation/Diffuse_Energy.uexp" 387
"../../../Engine/Content/EditorResources/SequenceRecorder/RecordingIndicator.uasset" 388
"../../../Engine/Content/EditorResources/SequenceRecorder/RecordingIndicator.uexp" 389
"../../../Engine/Content/EditorResources/SequenceRecorder/Countdown.uasset" 390
"../../../Engine/Content/EditorResources/SequenceRecorder/Countdown.uexp" 391
"D:/FYP_UE/FYP/Content/MOUT_Fabrication/Textures/Airfield/HangarSet/T_Hangar_Floor_RMA.ubulk" 392
"D:/FYP_UE/FYP/Content/MOUT_Fabrication/Textures/Airfield/HangarSet/T_Hangar_Floor_RMA.uasset" 393
"D:/FYP_UE/FYP/Content/MOUT_Fabrication/Textures/Airfield/HangarSet/T_Hangar_Floor_RMA.uexp" 394
"D:/FYP_UE/FYP/Content/MOUT_Fabrication/Textures/Airfield/HangarSet/T_Hangar_Floor_NRM.ubulk" 395
"D:/FYP_UE/FYP/Content/MOUT_Fabrication/Textures/Airfield/HangarSet/T_Hangar_Floor_NRM.uasset" 396
"D:/FYP_UE/FYP/Content/MOUT_Fabrication/Textures/Airfield/HangarSet/T_Hangar_Floor_NRM.uexp" 397
"D:/FYP_UE/FYP/Content/MOUT_Fabrication/Textures/Airfield/HangarSet/T_Hangar_Floor_BC.ubulk" 398
"D:/FYP_UE/FYP/Content/MOUT_Fabrication/Textures/Airfield/HangarSet/T_Hangar_Floor_BC.uasset" 399
"D:/FYP_UE/FYP/Content/MOUT_Fabrication/Textures/Airfield/HangarSet/T_Hangar_Floor_BC.uexp" 400
"D:/FYP_UE/FYP/Content/MOUT_Fabrication/Materials/Airfield/Hangar_Floor_Mat.uasset" 401
"D:/FYP_UE/FYP/Content/MOUT_Fabrication/Materials/Airfield/Hangar_Floor_Mat.uexp" 402
"../../../Engine/Content/EngineSky/T_Sky_Stars.ubulk" 403
"../../../Engine/Content/EngineSky/T_Sky_Stars.uasset" 404
"../../../Engine/Content/EngineSky/T_Sky_Stars.uexp" 405
"../../../Engine/Content/EngineSky/T_Sky_Clouds_M.ubulk" 406
"../../../Engine/Content/EngineSky/T_Sky_Clouds_M.uasset" 407
"../../../Engine/Content/EngineSky/T_Sky_Clouds_M.uexp" 408
"../../../Engine/Content/EngineSky/T_Sky_Blue.ubulk" 409
"../../../Engine/Content/EngineSky/T_Sky_Blue.uasset" 410
"../../../Engine/Content/EngineSky/T_Sky_Blue.uexp" 411
"../../../Engine/Content/EngineSky/M_Sky_Panning_Clouds2.uasset" 412
"../../../Engine/Content/EngineSky/M_Sky_Panning_Clouds2.uexp" 413
"../../../Engine/Content/EngineSky/SM_SkySphere.ubulk" 414
"../../../Engine/Content/EngineSky/SM_SkySphere.uasset" 415
"../../../Engine/Content/EngineSky/SM_SkySphere.uexp" 416
"D:/FYP_UE/FYP/Content/MOUT_Fabrication/Textures/Sky/T_SaySky_HDRI.uasset" 417
"D:/FYP_UE/FYP/Content/MOUT_Fabrication/Textures/Sky/T_SaySky_HDRI.uexp" 418
"D:/FYP_UE/FYP/Content/MOUT_Fabrication/Textures/Sky/T_NightSky_HDRI.uasset" 419
"D:/FYP_UE/FYP/Content/MOUT_Fabrication/Textures/Sky/T_NightSky_HDRI.uexp" 420
"D:/FYP_UE/FYP/Content/MOUT_Fabrication/Materials/Sky/M_Sky_Day_01.uasset" 421
"D:/FYP_UE/FYP/Content/MOUT_Fabrication/Materials/Sky/M_Sky_Day_01.uexp" 422
"D:/FYP_UE/FYP/Content/MOUT_Fabrication/Materials/Sky/M_Sky_Night_01.uasset" 423
"D:/FYP_UE/FYP/Content/MOUT_Fabrication/Materials/Sky/M_Sky_Night_01.uexp" 424
"D:/FYP_UE/FYP/Content/MOUT_Fabrication/Blueprints/Sky/BP_Sky_02.uasset" 425
"D:/FYP_UE/FYP/Content/MOUT_Fabrication/Blueprints/Sky/BP_Sky_02.uexp" 426
"../../../Engine/Content/Functions/Engine_MaterialFunctions01/Shading/PowerToRoughness.uasset" 427
"../../../Engine/Content/Functions/Engine_MaterialFunctions01/Shading/PowerToRoughness.uexp" 428
"../../../Engine/Content/Functions/Engine_MaterialFunctions01/Shading/ConvertFromDiffSpec.uasset" 429
"../../../Engine/Content/Functions/Engine_MaterialFunctions01/Shading/ConvertFromDiffSpec.uexp" 430
"D:/FYP_UE/FYP/Content/MOUT_Fabrication/Textures/MOUTFabrications/ContainerTextures/T_YellowPaint_OcclusionRoughnessMetallic.ubulk" 431
"D:/FYP_UE/FYP/Content/MOUT_Fabrication/Textures/MOUTFabrications/ContainerTextures/T_YellowPaint_OcclusionRoughnessMetallic.uasset" 432
"D:/FYP_UE/FYP/Content/MOUT_Fabrication/Textures/MOUTFabrications/ContainerTextures/T_YellowPaint_OcclusionRoughnessMetallic.uexp" 433
"D:/FYP_UE/FYP/Content/MOUT_Fabrication/Textures/MOUTFabrications/ContainerTextures/T_YellowPaint_BaseColor.ubulk" 434
"D:/FYP_UE/FYP/Content/MOUT_Fabrication/Textures/MOUTFabrications/ContainerTextures/T_YellowPaint_BaseColor.uasset" 435
"D:/FYP_UE/FYP/Content/MOUT_Fabrication/Textures/MOUTFabrications/ContainerTextures/T_YellowPaint_BaseColor.uexp" 436
"D:/FYP_UE/FYP/Content/MOUT_Fabrication/Textures/MOUTFabrications/ContainerTextures/T_YellowCorrugated_Mask.ubulk" 437
"D:/FYP_UE/FYP/Content/MOUT_Fabrication/Textures/MOUTFabrications/ContainerTextures/T_YellowCorrugated_Mask.uasset" 438
"D:/FYP_UE/FYP/Content/MOUT_Fabrication/Textures/MOUTFabrications/ContainerTextures/T_YellowCorrugated_Mask.uexp" 439
"D:/FYP_UE/FYP/Content/MOUT_Fabrication/Textures/MOUTFabrications/ContainerTextures/T_Rust_OcclusionRoughnessMetallic.ubulk" 440
"D:/FYP_UE/FYP/Content/MOUT_Fabrication/Textures/MOUTFabrications/ContainerTextures/T_Rust_OcclusionRoughnessMetallic.uasset" 441
"D:/FYP_UE/FYP/Content/MOUT_Fabrication/Textures/MOUTFabrications/ContainerTextures/T_Rust_OcclusionRoughnessMetallic.uexp" 442
"D:/FYP_UE/FYP/Content/MOUT_Fabrication/Textures/MOUTFabrications/ContainerTextures/T_Rust_BaseColor.ubulk" 443
"D:/FYP_UE/FYP/Content/MOUT_Fabrication/Textures/MOUTFabrications/ContainerTextures/T_Rust_BaseColor.uasset" 444
"D:/FYP_UE/FYP/Content/MOUT_Fabrication/Textures/MOUTFabrications/ContainerTextures/T_Rust_BaseColor.uexp" 445
"D:/FYP_UE/FYP/Content/MOUT_Fabrication/Textures/MOUTFabrications/ContainerTextures/T_Dust_OcclusionRoughnessMetallic.ubulk" 446
"D:/FYP_UE/FYP/Content/MOUT_Fabrication/Textures/MOUTFabrications/ContainerTextures/T_Dust_OcclusionRoughnessMetallic.uasset" 447
"D:/FYP_UE/FYP/Content/MOUT_Fabrication/Textures/MOUTFabrications/ContainerTextures/T_Dust_OcclusionRoughnessMetallic.uexp" 448
"D:/FYP_UE/FYP/Content/MOUT_Fabrication/Textures/MOUTFabrications/ContainerTextures/T_Dust_BaseColor.ubulk" 449
"D:/FYP_UE/FYP/Content/MOUT_Fabrication/Textures/MOUTFabrications/ContainerTextures/T_Dust_BaseColor.uasset" 450
"D:/FYP_UE/FYP/Content/MOUT_Fabrication/Textures/MOUTFabrications/ContainerTextures/T_Dust_BaseColor.uexp" 451
"D:/FYP_UE/FYP/Content/MOUT_Fabrication/Textures/MOUTFabrications/ContainerTextures/T_BareMetalRusty_OcclusionRoughnessMetallic.ubulk" 452
"D:/FYP_UE/FYP/Content/MOUT_Fabrication/Textures/MOUTFabrications/ContainerTextures/T_BareMetalRusty_OcclusionRoughnessMetallic.uasset" 453
"D:/FYP_UE/FYP/Content/MOUT_Fabrication/Textures/MOUTFabrications/ContainerTextures/T_BareMetalRusty_OcclusionRoughnessMetallic.uexp" 454
"D:/FYP_UE/FYP/Content/MOUT_Fabrication/Textures/MOUTFabrications/ContainerTextures/T_BareMetalRusty_BaseColor.ubulk" 455
"D:/FYP_UE/FYP/Content/MOUT_Fabrication/Textures/MOUTFabrications/ContainerTextures/T_BareMetalRusty_BaseColor.uasset" 456
"D:/FYP_UE/FYP/Content/MOUT_Fabrication/Textures/MOUTFabrications/ContainerTextures/T_BareMetalRusty_BaseColor.uexp" 457
"D:/FYP_UE/FYP/Content/MOUT_Fabrication/Textures/MOUTFabrications/ContainerTextures/00_white.uasset" 458
"D:/FYP_UE/FYP/Content/MOUT_Fabrication/Textures/MOUTFabrications/ContainerTextures/00_white.uexp" 459
"D:/FYP_UE/FYP/Content/MOUT_Fabrication/Textures/MOUTFabrications/ContainerTextures/Masks/T_YellowCorrugated_Mask.ubulk" 460
"D:/FYP_UE/FYP/Content/MOUT_Fabrication/Textures/MOUTFabrications/ContainerTextures/Masks/T_YellowCorrugated_Mask.uasset" 461
"D:/FYP_UE/FYP/Content/MOUT_Fabrication/Textures/MOUTFabrications/ContainerTextures/Masks/T_YellowCorrugated_Mask.uexp" 462
"D:/FYP_UE/FYP/Content/MOUT_Fabrication/Materials/MOUTFabrications/ContainerMaterials/LayeredMaterials/MM_SimpleMaterial.uasset" 463
"D:/FYP_UE/FYP/Content/MOUT_Fabrication/Materials/MOUTFabrications/ContainerMaterials/LayeredMaterials/MM_SimpleMaterial.uexp" 464
"D:/FYP_UE/FYP/Content/MOUT_Fabrication/Materials/MOUTFabrications/ContainerMaterials/LayeredMaterials/MM_MaterialLayerBlend_VertexPaint.uasset" 465
"D:/FYP_UE/FYP/Content/MOUT_Fabrication/Materials/MOUTFabrications/ContainerMaterials/LayeredMaterials/MM_MaterialLayerBlend_VertexPaint.uexp" 466
"D:/FYP_UE/FYP/Content/MOUT_Fabrication/Materials/MOUTFabrications/ContainerMaterials/LayeredMaterials/MM_MasterLayer.uasset" 467
"D:/FYP_UE/FYP/Content/MOUT_Fabrication/Materials/MOUTFabrications/ContainerMaterials/LayeredMaterials/MM_MasterLayer.uexp" 468
"D:/FYP_UE/FYP/Content/MOUT_Fabrication/Materials/MOUTFabrications/ContainerMaterials/LayeredMaterials/MI_MasterLayer.uasset" 469
"D:/FYP_UE/FYP/Content/MOUT_Fabrication/Materials/MOUTFabrications/ContainerMaterials/LayeredMaterials/MI_MasterLayer.uexp" 470
"D:/FYP_UE/FYP/Content/MOUT_Fabrication/Materials/MOUTFabrications/ContainerMaterials/LayeredMaterials/MI_YellowCorrugated.uasset" 471
"D:/FYP_UE/FYP/Content/MOUT_Fabrication/Materials/MOUTFabrications/ContainerMaterials/LayeredMaterials/MI_YellowCorrugated.uexp" 472
"D:/FYP_UE/FYP/Content/MOUT_Fabrication/Textures/MOUTFabrications/ContainerTextures/Masks/T_YellowCorrugatedSupport_Mask.ubulk" 473
"D:/FYP_UE/FYP/Content/MOUT_Fabrication/Textures/MOUTFabrications/ContainerTextures/Masks/T_YellowCorrugatedSupport_Mask.uasset" 474
"D:/FYP_UE/FYP/Content/MOUT_Fabrication/Textures/MOUTFabrications/ContainerTextures/Masks/T_YellowCorrugatedSupport_Mask.uexp" 475
"D:/FYP_UE/FYP/Content/MOUT_Fabrication/Textures/MOUTFabrications/ContainerTextures/Masks/T_YellowCorrugatedFrames_Mask.ubulk" 476
"D:/FYP_UE/FYP/Content/MOUT_Fabrication/Textures/MOUTFabrications/ContainerTextures/Masks/T_YellowCorrugatedFrames_Mask.uasset" 477
"D:/FYP_UE/FYP/Content/MOUT_Fabrication/Textures/MOUTFabrications/ContainerTextures/Masks/T_YellowCorrugatedFrames_Mask.uexp" 478
"D:/FYP_UE/FYP/Content/MOUT_Fabrication/Textures/MOUTFabrications/ContainerTextures/Masks/T_ContainerLock_Mask.ubulk" 479
"D:/FYP_UE/FYP/Content/MOUT_Fabrication/Textures/MOUTFabrications/ContainerTextures/Masks/T_ContainerLock_Mask.uasset" 480
"D:/FYP_UE/FYP/Content/MOUT_Fabrication/Textures/MOUTFabrications/ContainerTextures/Masks/T_ContainerLock_Mask.uexp" 481
"D:/FYP_UE/FYP/Content/MOUT_Fabrication/Materials/MOUTFabrications/ContainerMaterials/LayeredMaterials/MI_YellowCorrugated_ContainerLock.uasset" 482
"D:/FYP_UE/FYP/Content/MOUT_Fabrication/Materials/MOUTFabrications/ContainerMaterials/LayeredMaterials/MI_YellowCorrugated_ContainerLock.uexp" 483
"D:/FYP_UE/FYP/Content/MOUT_Fabrication/Materials/MOUTFabrications/ContainerMaterials/LayeredMaterials/MI_YellowCorrugated_ContainerSupport.uasset" 484
"D:/FYP_UE/FYP/Content/MOUT_Fabrication/Materials/MOUTFabrications/ContainerMaterials/LayeredMaterials/MI_YellowCorrugated_ContainerSupport.uexp" 485
"D:/FYP_UE/FYP/Content/MOUT_Fabrication/Materials/MOUTFabrications/ContainerMaterials/LayeredMaterials/MI_YellowCorrugated_ContainerFrames.uasset" 486
"D:/FYP_UE/FYP/Content/MOUT_Fabrication/Materials/MOUTFabrications/ContainerMaterials/LayeredMaterials/MI_YellowCorrugated_ContainerFrames.uexp" 487
"D:/FYP_UE/FYP/Content/MOUT_Fabrication/Meshes/MOUTFabrications/ModularAssets/ContainerKit/Walls/SM_ContainerWIndow_01b.ubulk" 488
"D:/FYP_UE/FYP/Content/MOUT_Fabrication/Meshes/MOUTFabrications/ModularAssets/ContainerKit/Walls/SM_ContainerWIndow_01b.uasset" 489
"D:/FYP_UE/FYP/Content/MOUT_Fabrication/Meshes/MOUTFabrications/ModularAssets/ContainerKit/Walls/SM_ContainerWIndow_01b.uexp" 490
"D:/FYP_UE/FYP/Content/MOUT_Fabrication/Meshes/MOUTFabrications/ModularAssets/ContainerKit/Walls/SM_ContainerWall_01a.ubulk" 491
"D:/FYP_UE/FYP/Content/MOUT_Fabrication/Meshes/MOUTFabrications/ModularAssets/ContainerKit/Walls/SM_ContainerWall_01a.uasset" 492
"D:/FYP_UE/FYP/Content/MOUT_Fabrication/Meshes/MOUTFabrications/ModularAssets/ContainerKit/Walls/SM_ContainerWall_01a.uexp" 493
"D:/FYP_UE/FYP/Content/MOUT_Fabrication/Meshes/MOUTFabrications/ModularAssets/ContainerKit/Walls/SM_ContainerDoor_01b.ubulk" 494
"D:/FYP_UE/FYP/Content/MOUT_Fabrication/Meshes/MOUTFabrications/ModularAssets/ContainerKit/Walls/SM_ContainerDoor_01b.uasset" 495
"D:/FYP_UE/FYP/Content/MOUT_Fabrication/Meshes/MOUTFabrications/ModularAssets/ContainerKit/Walls/SM_ContainerDoor_01b.uexp" 496
"D:/FYP_UE/FYP/Content/MOUT_Fabrication/Meshes/MOUTFabrications/ModularAssets/ContainerKit/Pillars/SM_ContainerCornerPillar_01a.ubulk" 497
"D:/FYP_UE/FYP/Content/MOUT_Fabrication/Meshes/MOUTFabrications/ModularAssets/ContainerKit/Pillars/SM_ContainerCornerPillar_01a.uasset" 498
"D:/FYP_UE/FYP/Content/MOUT_Fabrication/Meshes/MOUTFabrications/ModularAssets/ContainerKit/Pillars/SM_ContainerCornerPillar_01a.uexp" 499
"D:/FYP_UE/FYP/Content/MOUT_Fabrication/Textures/MOUTFabrications/ContainerTextures/T_IntWood/T_IntWood_ORM.ubulk" 500
"D:/FYP_UE/FYP/Content/MOUT_Fabrication/Textures/MOUTFabrications/ContainerTextures/T_IntWood/T_IntWood_ORM.uasset" 501
"D:/FYP_UE/FYP/Content/MOUT_Fabrication/Textures/MOUTFabrications/ContainerTextures/T_IntWood/T_IntWood_ORM.uexp" 502
"D:/FYP_UE/FYP/Content/MOUT_Fabrication/Textures/MOUTFabrications/ContainerTextures/T_IntWood/T_IntWood_NRM.ubulk" 503
"D:/FYP_UE/FYP/Content/MOUT_Fabrication/Textures/MOUTFabrications/ContainerTextures/T_IntWood/T_IntWood_NRM.uasset" 504
"D:/FYP_UE/FYP/Content/MOUT_Fabrication/Textures/MOUTFabrications/ContainerTextures/T_IntWood/T_IntWood_NRM.uexp" 505
"D:/FYP_UE/FYP/Content/MOUT_Fabrication/Textures/MOUTFabrications/ContainerTextures/T_IntWood/T_IntWood_BC.ubulk" 506
"D:/FYP_UE/FYP/Content/MOUT_Fabrication/Textures/MOUTFabrications/ContainerTextures/T_IntWood/T_IntWood_BC.uasset" 507
"D:/FYP_UE/FYP/Content/MOUT_Fabrication/Textures/MOUTFabrications/ContainerTextures/T_IntWood/T_IntWood_BC.uexp" 508
"D:/FYP_UE/FYP/Content/MOUT_Fabrication/Materials/MOUTFabrications/ContainerMaterials/M_IntWood.uasset" 509
"D:/FYP_UE/FYP/Content/MOUT_Fabrication/Materials/MOUTFabrications/ContainerMaterials/M_IntWood.uexp" 510
"D:/FYP_UE/FYP/Content/MOUT_Fabrication/Meshes/MOUTFabrications/ModularAssets/ContainerKit/FloorAndCeiling/SM_ContainerFloor_01.ubulk" 511
"D:/FYP_UE/FYP/Content/MOUT_Fabrication/Meshes/MOUTFabrications/ModularAssets/ContainerKit/FloorAndCeiling/SM_ContainerFloor_01.uasset" 512
"D:/FYP_UE/FYP/Content/MOUT_Fabrication/Meshes/MOUTFabrications/ModularAssets/ContainerKit/FloorAndCeiling/SM_ContainerFloor_01.uexp" 513
"D:/FYP_UE/FYP/Content/MOUT_Fabrication/Meshes/MOUTFabrications/ModularAssets/ContainerKit/FloorAndCeiling/SM_ContainerCeiling_IntWood_01.ubulk" 514
"D:/FYP_UE/FYP/Content/MOUT_Fabrication/Meshes/MOUTFabrications/ModularAssets/ContainerKit/FloorAndCeiling/SM_ContainerCeiling_IntWood_01.uasset" 515
"D:/FYP_UE/FYP/Content/MOUT_Fabrication/Meshes/MOUTFabrications/ModularAssets/ContainerKit/FloorAndCeiling/SM_ContainerCeiling_IntWood_01.uexp" 516
"D:/FYP_UE/FYP/Content/MOUT_Fabrication/Blueprints/Buildings/MOUT7_Var/BP_MoutFab_07d.uasset" 517
"D:/FYP_UE/FYP/Content/MOUT_Fabrication/Blueprints/Buildings/MOUT7_Var/BP_MoutFab_07d.uexp" 518
"D:/FYP_UE/FYP/Content/MOUT_Fabrication/Blueprints/Buildings/MOUT4_Var/BP_MoutFab_04g.uasset" 519
"D:/FYP_UE/FYP/Content/MOUT_Fabrication/Blueprints/Buildings/MOUT4_Var/BP_MoutFab_04g.uexp" 520
"../../../Engine/Content/EngineMeshes/Sphere.ubulk" 521
"../../../Engine/Content/EngineMeshes/Sphere.uasset" 522
"../../../Engine/Content/EngineMeshes/Sphere.uexp" 523
"../../../Engine/Content/EngineResources/DefaultTextureCube.uasset" 524
"../../../Engine/Content/EngineResources/DefaultTextureCube.uexp" 525
"../../../Engine/Plugins/2D/Paper2D/Content/DefaultSpriteMaterial.uasset" 526
"../../../Engine/Plugins/2D/Paper2D/Content/DefaultSpriteMaterial.uexp" 527
"../../../Engine/Plugins/2D/Paper2D/Content/OpaqueUnlitSpriteMaterial.uasset" 528
"../../../Engine/Plugins/2D/Paper2D/Content/OpaqueUnlitSpriteMaterial.uexp" 529
"../../../Engine/Content/EngineMaterials/T_Default_Material_Grid_M.ubulk" 530
"../../../Engine/Content/EngineMaterials/T_Default_Material_Grid_M.uasset" 531
"../../../Engine/Content/EngineMaterials/T_Default_Material_Grid_M.uexp" 532
"../../../Engine/Content/Functions/Engine_MaterialFunctions01/Opacity/CameraDepthFade.uasset" 533
"../../../Engine/Content/Functions/Engine_MaterialFunctions01/Opacity/CameraDepthFade.uexp" 534
"../../../Engine/Content/EngineMaterials/T_Default_Material_Grid_N.ubulk" 535
"../../../Engine/Content/EngineMaterials/T_Default_Material_Grid_N.uasset" 536
"../../../Engine/Content/EngineMaterials/T_Default_Material_Grid_N.uexp" 537
"../../../Engine/Content/EngineMaterials/WorldGridMaterial.uasset" 538
"../../../Engine/Content/EngineMaterials/WorldGridMaterial.uexp" 539
"../../../Engine/Plugins/Media/MediaPlate/Content/SM_MediaPlateScreen.ubulk" 540
"../../../Engine/Plugins/Media/MediaPlate/Content/SM_MediaPlateScreen.uasset" 541
"../../../Engine/Plugins/Media/MediaPlate/Content/SM_MediaPlateScreen.uexp" 542
"../../../Engine/Content/EngineMaterials/DefaultMaterial.uasset" 543
"../../../Engine/Content/EngineMaterials/DefaultMaterial.uexp" 544
"../../../Engine/Content/BasicShapes/Sphere.ubulk" 545
"../../../Engine/Content/BasicShapes/Sphere.uasset" 546
"../../../Engine/Content/BasicShapes/Sphere.uexp" 547
"../../../Engine/Content/BasicShapes/Plane.ubulk" 548
"../../../Engine/Content/BasicShapes/Plane.uasset" 549
"../../../Engine/Content/BasicShapes/Plane.uexp" 550
"../../../Engine/Content/BasicShapes/Cylinder.ubulk" 551
"../../../Engine/Content/BasicShapes/Cylinder.uasset" 552
"../../../Engine/Content/BasicShapes/Cylinder.uexp" 553
"../../../Engine/Content/BasicShapes/Cube.ubulk" 554
"../../../Engine/Content/BasicShapes/Cube.uasset" 555
"../../../Engine/Content/BasicShapes/Cube.uexp" 556
"../../../Engine/Content/BasicShapes/Cone.ubulk" 557
"../../../Engine/Content/BasicShapes/Cone.uasset" 558
"../../../Engine/Content/BasicShapes/Cone.uexp" 559
"../../../Engine/Content/EditorLandscapeResources/SplineEditorMeshMat.uasset" 560
"../../../Engine/Content/EditorLandscapeResources/SplineEditorMeshMat.uexp" 561
"../../../Engine/Content/EditorLandscapeResources/SplineEditorMesh.ubulk" 562
"../../../Engine/Content/EditorLandscapeResources/SplineEditorMesh.uasset" 563
"../../../Engine/Content/EditorLandscapeResources/SplineEditorMesh.uexp" 564
"../../../Engine/Content/Functions/Engine_MaterialFunctions03/Math/WithinRangeFloat2.uasset" 565
"../../../Engine/Content/Functions/Engine_MaterialFunctions03/Math/WithinRangeFloat2.uexp" 566
"../../../Engine/Content/EditorLandscapeResources/SelectBrushMaterial.uasset" 567
"../../../Engine/Content/EditorLandscapeResources/SelectBrushMaterial.uexp" 568
"../../../Engine/Content/EditorLandscapeResources/SelectBrushMaterial_SelectedRegion.uasset" 569
"../../../Engine/Content/EditorLandscapeResources/SelectBrushMaterial_SelectedRegion.uexp" 570
"../../../Engine/Content/EditorLandscapeResources/SelectBrushMaterial_Selected.uasset" 571
"../../../Engine/Content/EditorLandscapeResources/SelectBrushMaterial_Selected.uexp" 572
"../../../Engine/Content/EditorLandscapeResources/MaskBrushMaterial.uasset" 573
"../../../Engine/Content/EditorLandscapeResources/MaskBrushMaterial.uexp" 574
"../../../Engine/Content/EditorLandscapeResources/MaskBrushMaterial_MaskedRegion.uasset" 575
"../../../Engine/Content/EditorLandscapeResources/MaskBrushMaterial_MaskedRegion.uexp" 576
"../../../Engine/Content/EditorLandscapeResources/ColorMaskBrushMaterial.uasset" 577
"../../../Engine/Content/EditorLandscapeResources/ColorMaskBrushMaterial.uexp" 578
"../../../Engine/Content/EditorLandscapeResources/ColorMaskBrushMaterial_MaskedRegion.uasset" 579
"../../../Engine/Content/EditorLandscapeResources/ColorMaskBrushMaterial_MaskedRegion.uexp" 580
"../../../Engine/Content/MapTemplates/SM_Template_Map_Floor.ubulk" 581
"../../../Engine/Content/MapTemplates/SM_Template_Map_Floor.uasset" 582
"../../../Engine/Content/MapTemplates/SM_Template_Map_Floor.uexp" 583
"../../../Engine/Content/EngineResources/WhiteSquareTexture.uasset" 584
"../../../Engine/Content/EngineResources/WhiteSquareTexture.uexp" 585
"../../../Engine/Content/EngineMaterials/Widget3DPassThrough.uasset" 586
"../../../Engine/Content/EngineMaterials/Widget3DPassThrough.uexp" 587
"../../../Engine/Content/EngineMaterials/Widget3DPassThrough_Translucent.uasset" 588
"../../../Engine/Content/EngineMaterials/Widget3DPassThrough_Translucent.uexp" 589
"../../../Engine/Content/EngineMaterials/Widget3DPassThrough_Translucent_OneSided.uasset" 590
"../../../Engine/Content/EngineMaterials/Widget3DPassThrough_Translucent_OneSided.uexp" 591
"../../../Engine/Content/EngineMaterials/Widget3DPassThrough_Opaque.uasset" 592
"../../../Engine/Content/EngineMaterials/Widget3DPassThrough_Opaque.uexp" 593
"../../../Engine/Content/EngineMaterials/Widget3DPassThrough_Opaque_OneSided.uasset" 594
"../../../Engine/Content/EngineMaterials/Widget3DPassThrough_Opaque_OneSided.uexp" 595
"../../../Engine/Content/EngineMaterials/Widget3DPassThrough_Masked_OneSided.uasset" 596
"../../../Engine/Content/EngineMaterials/Widget3DPassThrough_Masked_OneSided.uexp" 597
"../../../Engine/Content/EngineMaterials/Widget3DPassThrough_Masked.uasset" 598
"../../../Engine/Content/EngineMaterials/Widget3DPassThrough_Masked.uexp" 599
"../../../Engine/Content/EngineMaterials/WeightMapPlaceholderTexture.uasset" 600
"../../../Engine/Content/EngineMaterials/WeightMapPlaceholderTexture.uexp" 601
"../../../Engine/Content/EngineMaterials/WeightMapArrayPlaceholderTexture.uasset" 602
"../../../Engine/Content/EngineMaterials/WeightMapArrayPlaceholderTexture.uexp" 603
"../../../Engine/Plugins/Animation/ControlRig/Content/Controls/ControlRig_Wedge_solid.ubulk" 604
"../../../Engine/Plugins/Animation/ControlRig/Content/Controls/ControlRig_Wedge_solid.uasset" 605
"../../../Engine/Plugins/Animation/ControlRig/Content/Controls/ControlRig_Wedge_solid.uexp" 606
"../../../Engine/Plugins/Animation/ControlRig/Content/Controls/ControlRig_Wedge_3mm.ubulk" 607
"../../../Engine/Plugins/Animation/ControlRig/Content/Controls/ControlRig_Wedge_3mm.uasset" 608
"../../../Engine/Plugins/Animation/ControlRig/Content/Controls/ControlRig_Wedge_3mm.uexp" 609
"../../../Engine/Plugins/Animation/ControlRig/Content/Controls/ControlRig_Wedge_1mm.ubulk" 610
"../../../Engine/Plugins/Animation/ControlRig/Content/Controls/ControlRig_Wedge_1mm.uasset" 611
"../../../Engine/Plugins/Animation/ControlRig/Content/Controls/ControlRig_Wedge_1mm.uexp" 612
"../../../Engine/Plugins/Animation/ControlRig/Content/Controls/ControlRig_Triangle_solid.ubulk" 613
"../../../Engine/Plugins/Animation/ControlRig/Content/Controls/ControlRig_Triangle_solid.uasset" 614
"../../../Engine/Plugins/Animation/ControlRig/Content/Controls/ControlRig_Triangle_solid.uexp" 615
"../../../Engine/Plugins/Animation/ControlRig/Content/Controls/ControlRig_Triangle_3mm.ubulk" 616
"../../../Engine/Plugins/Animation/ControlRig/Content/Controls/ControlRig_Triangle_3mm.uasset" 617
"../../../Engine/Plugins/Animation/ControlRig/Content/Controls/ControlRig_Triangle_3mm.uexp" 618
"../../../Engine/Plugins/Animation/ControlRig/Content/Controls/ControlRig_Triangle_1mm.ubulk" 619
"../../../Engine/Plugins/Animation/ControlRig/Content/Controls/ControlRig_Triangle_1mm.uasset" 620
"../../../Engine/Plugins/Animation/ControlRig/Content/Controls/ControlRig_Triangle_1mm.uexp" 621
"../../../Engine/Plugins/Animation/ControlRig/Content/Controls/ControlRig_Star4_solid.ubulk" 622
"../../../Engine/Plugins/Animation/ControlRig/Content/Controls/ControlRig_Star4_solid.uasset" 623
"../../../Engine/Plugins/Animation/ControlRig/Content/Controls/ControlRig_Star4_solid.uexp" 624
"../../../Engine/Plugins/Animation/ControlRig/Content/Controls/ControlRig_Star4_3mm.ubulk" 625
"../../../Engine/Plugins/Animation/ControlRig/Content/Controls/ControlRig_Star4_3mm.uasset" 626
"../../../Engine/Plugins/Animation/ControlRig/Content/Controls/ControlRig_Star4_3mm.uexp" 627
"../../../Engine/Plugins/Animation/ControlRig/Content/Controls/ControlRig_Star4_1mm.ubulk" 628
"../../../Engine/Plugins/Animation/ControlRig/Content/Controls/ControlRig_Star4_1mm.uasset" 629
"../../../Engine/Plugins/Animation/ControlRig/Content/Controls/ControlRig_Star4_1mm.uexp" 630
"../../../Engine/Plugins/Animation/ControlRig/Content/Controls/ControlRig_Square_solid.ubulk" 631
"../../../Engine/Plugins/Animation/ControlRig/Content/Controls/ControlRig_Square_solid.uasset" 632
"../../../Engine/Plugins/Animation/ControlRig/Content/Controls/ControlRig_Square_solid.uexp" 633
"../../../Engine/Plugins/Animation/ControlRig/Content/Controls/ControlRig_Square_3mm.ubulk" 634
"../../../Engine/Plugins/Animation/ControlRig/Content/Controls/ControlRig_Square_3mm.uasset" 635
"../../../Engine/Plugins/Animation/ControlRig/Content/Controls/ControlRig_Square_3mm.uexp" 636
"../../../Engine/Plugins/Animation/ControlRig/Content/Controls/ControlRig_Square_1mm.ubulk" 637
"../../../Engine/Plugins/Animation/ControlRig/Content/Controls/ControlRig_Square_1mm.uasset" 638
"../../../Engine/Plugins/Animation/ControlRig/Content/Controls/ControlRig_Square_1mm.uexp" 639
"../../../Engine/Plugins/Animation/ControlRig/Content/Controls/ControlRig_Sphere_solid.ubulk" 640
"../../../Engine/Plugins/Animation/ControlRig/Content/Controls/ControlRig_Sphere_solid.uasset" 641
"../../../Engine/Plugins/Animation/ControlRig/Content/Controls/ControlRig_Sphere_solid.uexp" 642
"../../../Engine/Plugins/Animation/ControlRig/Content/Controls/ControlRig_Sphere_3mm.ubulk" 643
"../../../Engine/Plugins/Animation/ControlRig/Content/Controls/ControlRig_Sphere_3mm.uasset" 644
"../../../Engine/Plugins/Animation/ControlRig/Content/Controls/ControlRig_Sphere_3mm.uexp" 645
"../../../Engine/Plugins/Animation/ControlRig/Content/Controls/ControlRig_Sphere_1mm.ubulk" 646
"../../../Engine/Plugins/Animation/ControlRig/Content/Controls/ControlRig_Sphere_1mm.uasset" 647
"../../../Engine/Plugins/Animation/ControlRig/Content/Controls/ControlRig_Sphere_1mm.uexp" 648
"../../../Engine/Plugins/Animation/ControlRig/Content/Controls/ControlRig_RoundedTriangle_solid.ubulk" 649
"../../../Engine/Plugins/Animation/ControlRig/Content/Controls/ControlRig_RoundedTriangle_solid.uasset" 650
"../../../Engine/Plugins/Animation/ControlRig/Content/Controls/ControlRig_RoundedTriangle_solid.uexp" 651
"../../../Engine/Plugins/Animation/ControlRig/Content/Controls/ControlRig_RoundedTriangle_3mm.ubulk" 652
"../../../Engine/Plugins/Animation/ControlRig/Content/Controls/ControlRig_RoundedTriangle_3mm.uasset" 653
"../../../Engine/Plugins/Animation/ControlRig/Content/Controls/ControlRig_RoundedTriangle_3mm.uexp" 654
"../../../Engine/Plugins/Animation/ControlRig/Content/Controls/ControlRig_RoundedTriangle_1mm.ubulk" 655
"../../../Engine/Plugins/Animation/ControlRig/Content/Controls/ControlRig_RoundedTriangle_1mm.uasset" 656
"../../../Engine/Plugins/Animation/ControlRig/Content/Controls/ControlRig_RoundedTriangle_1mm.uexp" 657
"../../../Engine/Plugins/Animation/ControlRig/Content/Controls/ControlRig_RoundedSquare_solid.ubulk" 658
"../../../Engine/Plugins/Animation/ControlRig/Content/Controls/ControlRig_RoundedSquare_solid.uasset" 659
"../../../Engine/Plugins/Animation/ControlRig/Content/Controls/ControlRig_RoundedSquare_solid.uexp" 660
"../../../Engine/Plugins/Animation/ControlRig/Content/Controls/ControlRig_RoundedSquare_3mm.ubulk" 661
"../../../Engine/Plugins/Animation/ControlRig/Content/Controls/ControlRig_RoundedSquare_3mm.uasset" 662
"../../../Engine/Plugins/Animation/ControlRig/Content/Controls/ControlRig_RoundedSquare_3mm.uexp" 663
"../../../Engine/Plugins/Animation/ControlRig/Content/Controls/ControlRig_RoundedSquare_1mm.ubulk" 664
"../../../Engine/Plugins/Animation/ControlRig/Content/Controls/ControlRig_RoundedSquare_1mm.uasset" 665
"../../../Engine/Plugins/Animation/ControlRig/Content/Controls/ControlRig_RoundedSquare_1mm.uexp" 666
"../../../Engine/Plugins/Animation/ControlRig/Content/Controls/ControlRig_QuarterCircle_solid.ubulk" 667
"../../../Engine/Plugins/Animation/ControlRig/Content/Controls/ControlRig_QuarterCircle_solid.uasset" 668
"../../../Engine/Plugins/Animation/ControlRig/Content/Controls/ControlRig_QuarterCircle_solid.uexp" 669
"../../../Engine/Plugins/Animation/ControlRig/Content/Controls/ControlRig_QuarterCircle_3mm.ubulk" 670
"../../../Engine/Plugins/Animation/ControlRig/Content/Controls/ControlRig_QuarterCircle_3mm.uasset" 671
"../../../Engine/Plugins/Animation/ControlRig/Content/Controls/ControlRig_QuarterCircle_3mm.uexp" 672
"../../../Engine/Plugins/Animation/ControlRig/Content/Controls/ControlRig_QuarterCircle_1mm.ubulk" 673
"../../../Engine/Plugins/Animation/ControlRig/Content/Controls/ControlRig_QuarterCircle_1mm.uasset" 674
"../../../Engine/Plugins/Animation/ControlRig/Content/Controls/ControlRig_QuarterCircle_1mm.uexp" 675
"../../../Engine/Plugins/Animation/ControlRig/Content/Controls/ControlRig_Pyramid_solid.ubulk" 676
"../../../Engine/Plugins/Animation/ControlRig/Content/Controls/ControlRig_Pyramid_solid.uasset" 677
"../../../Engine/Plugins/Animation/ControlRig/Content/Controls/ControlRig_Pyramid_solid.uexp" 678
"../../../Engine/Plugins/Animation/ControlRig/Content/Controls/ControlRig_Pyramid_3mm.ubulk" 679
"../../../Engine/Plugins/Animation/ControlRig/Content/Controls/ControlRig_Pyramid_3mm.uasset" 680
"../../../Engine/Plugins/Animation/ControlRig/Content/Controls/ControlRig_Pyramid_3mm.uexp" 681
"../../../Engine/Plugins/Animation/ControlRig/Content/Controls/ControlRig_Pyramid_1mm.ubulk" 682
"../../../Engine/Plugins/Animation/ControlRig/Content/Controls/ControlRig_Pyramid_1mm.uasset" 683
"../../../Engine/Plugins/Animation/ControlRig/Content/Controls/ControlRig_Pyramid_1mm.uexp" 684
"../../../Engine/Plugins/Animation/ControlRig/Content/Controls/ControlRig_Octagon_solid.ubulk" 685
"../../../Engine/Plugins/Animation/ControlRig/Content/Controls/ControlRig_Octagon_solid.uasset" 686
"../../../Engine/Plugins/Animation/ControlRig/Content/Controls/ControlRig_Octagon_solid.uexp" 687
"../../../Engine/Plugins/Animation/ControlRig/Content/Controls/ControlRig_Octagon_3mm.ubulk" 688
"../../../Engine/Plugins/Animation/ControlRig/Content/Controls/ControlRig_Octagon_3mm.uasset" 689
"../../../Engine/Plugins/Animation/ControlRig/Content/Controls/ControlRig_Octagon_3mm.uexp" 690
"../../../Engine/Plugins/Animation/ControlRig/Content/Controls/ControlRig_Octagon_1mm.ubulk" 691
"../../../Engine/Plugins/Animation/ControlRig/Content/Controls/ControlRig_Octagon_1mm.uasset" 692
"../../../Engine/Plugins/Animation/ControlRig/Content/Controls/ControlRig_Octagon_1mm.uexp" 693
"../../../Engine/Plugins/Animation/ControlRig/Content/Controls/ControlRig_Hexagon_solid.ubulk" 694
"../../../Engine/Plugins/Animation/ControlRig/Content/Controls/ControlRig_Hexagon_solid.uasset" 695
"../../../Engine/Plugins/Animation/ControlRig/Content/Controls/ControlRig_Hexagon_solid.uexp" 696
"../../../Engine/Plugins/Animation/ControlRig/Content/Controls/ControlRig_Hexagon_3mm.ubulk" 697
"../../../Engine/Plugins/Animation/ControlRig/Content/Controls/ControlRig_Hexagon_3mm.uasset" 698
"../../../Engine/Plugins/Animation/ControlRig/Content/Controls/ControlRig_Hexagon_3mm.uexp" 699
"../../../Engine/Plugins/Animation/ControlRig/Content/Controls/ControlRig_Hexagon_1mm.ubulk" 700
"../../../Engine/Plugins/Animation/ControlRig/Content/Controls/ControlRig_Hexagon_1mm.uasset" 701
"../../../Engine/Plugins/Animation/ControlRig/Content/Controls/ControlRig_Hexagon_1mm.uexp" 702
"../../../Engine/Plugins/Animation/ControlRig/Content/Controls/ControlRig_HalfCircle_solid.ubulk" 703
"../../../Engine/Plugins/Animation/ControlRig/Content/Controls/ControlRig_HalfCircle_solid.uasset" 704
"../../../Engine/Plugins/Animation/ControlRig/Content/Controls/ControlRig_HalfCircle_solid.uexp" 705
"../../../Engine/Plugins/Animation/ControlRig/Content/Controls/ControlRig_HalfCircle_3mm.ubulk" 706
"../../../Engine/Plugins/Animation/ControlRig/Content/Controls/ControlRig_HalfCircle_3mm.uasset" 707
"../../../Engine/Plugins/Animation/ControlRig/Content/Controls/ControlRig_HalfCircle_3mm.uexp" 708
"../../../Engine/Plugins/Animation/ControlRig/Content/Controls/ControlRig_HalfCircle_1mm.ubulk" 709
"../../../Engine/Plugins/Animation/ControlRig/Content/Controls/ControlRig_HalfCircle_1mm.uasset" 710
"../../../Engine/Plugins/Animation/ControlRig/Content/Controls/ControlRig_HalfCircle_1mm.uexp" 711
"../../../Engine/Plugins/Animation/ControlRig/Content/Controls/ControlRig_Diamond_solid.ubulk" 712
"../../../Engine/Plugins/Animation/ControlRig/Content/Controls/ControlRig_Diamond_solid.uasset" 713
"../../../Engine/Plugins/Animation/ControlRig/Content/Controls/ControlRig_Diamond_solid.uexp" 714
"../../../Engine/Plugins/Animation/ControlRig/Content/Controls/ControlRig_Diamond_3mm.ubulk" 715
"../../../Engine/Plugins/Animation/ControlRig/Content/Controls/ControlRig_Diamond_3mm.uasset" 716
"../../../Engine/Plugins/Animation/ControlRig/Content/Controls/ControlRig_Diamond_3mm.uexp" 717
"../../../Engine/Plugins/Animation/ControlRig/Content/Controls/ControlRig_Diamond_1mm.ubulk" 718
"../../../Engine/Plugins/Animation/ControlRig/Content/Controls/ControlRig_Diamond_1mm.uasset" 719
"../../../Engine/Plugins/Animation/ControlRig/Content/Controls/ControlRig_Diamond_1mm.uexp" 720
"../../../Engine/Plugins/Animation/ControlRig/Content/Controls/ControlRig_Circle_solid.ubulk" 721
"../../../Engine/Plugins/Animation/ControlRig/Content/Controls/ControlRig_Circle_solid.uasset" 722
"../../../Engine/Plugins/Animation/ControlRig/Content/Controls/ControlRig_Circle_solid.uexp" 723
"../../../Engine/Plugins/Animation/ControlRig/Content/Controls/ControlRig_Circle_3mm.ubulk" 724
"../../../Engine/Plugins/Animation/ControlRig/Content/Controls/ControlRig_Circle_3mm.uasset" 725
"../../../Engine/Plugins/Animation/ControlRig/Content/Controls/ControlRig_Circle_3mm.uexp" 726
"../../../Engine/Plugins/Animation/ControlRig/Content/Controls/ControlRig_Circle_1mm.ubulk" 727
"../../../Engine/Plugins/Animation/ControlRig/Content/Controls/ControlRig_Circle_1mm.uasset" 728
"../../../Engine/Plugins/Animation/ControlRig/Content/Controls/ControlRig_Circle_1mm.uexp" 729
"../../../Engine/Plugins/Animation/ControlRig/Content/Controls/ControlRig_Box_solid.ubulk" 730
"../../../Engine/Plugins/Animation/ControlRig/Content/Controls/ControlRig_Box_solid.uasset" 731
"../../../Engine/Plugins/Animation/ControlRig/Content/Controls/ControlRig_Box_solid.uexp" 732
"../../../Engine/Plugins/Animation/ControlRig/Content/Controls/ControlRig_Box_3mm.ubulk" 733
"../../../Engine/Plugins/Animation/ControlRig/Content/Controls/ControlRig_Box_3mm.uasset" 734
"../../../Engine/Plugins/Animation/ControlRig/Content/Controls/ControlRig_Box_3mm.uexp" 735
"../../../Engine/Plugins/Animation/ControlRig/Content/Controls/ControlRig_Box_1mm.ubulk" 736
"../../../Engine/Plugins/Animation/ControlRig/Content/Controls/ControlRig_Box_1mm.uasset" 737
"../../../Engine/Plugins/Animation/ControlRig/Content/Controls/ControlRig_Box_1mm.uexp" 738
"../../../Engine/Plugins/Animation/ControlRig/Content/Controls/ControlRig_Arrow_solid.ubulk" 739
"../../../Engine/Plugins/Animation/ControlRig/Content/Controls/ControlRig_Arrow_solid.uasset" 740
"../../../Engine/Plugins/Animation/ControlRig/Content/Controls/ControlRig_Arrow_solid.uexp" 741
"../../../Engine/Plugins/Animation/ControlRig/Content/Controls/ControlRig_Arrow_3mm.ubulk" 742
"../../../Engine/Plugins/Animation/ControlRig/Content/Controls/ControlRig_Arrow_3mm.uasset" 743
"../../../Engine/Plugins/Animation/ControlRig/Content/Controls/ControlRig_Arrow_3mm.uexp" 744
"../../../Engine/Plugins/Animation/ControlRig/Content/Controls/ControlRig_Arrow_1mm.ubulk" 745
"../../../Engine/Plugins/Animation/ControlRig/Content/Controls/ControlRig_Arrow_1mm.uasset" 746
"../../../Engine/Plugins/Animation/ControlRig/Content/Controls/ControlRig_Arrow_1mm.uexp" 747
"../../../Engine/Plugins/Animation/ControlRig/Content/Controls/ControlRig_Arrow4_solid.ubulk" 748
"../../../Engine/Plugins/Animation/ControlRig/Content/Controls/ControlRig_Arrow4_solid.uasset" 749
"../../../Engine/Plugins/Animation/ControlRig/Content/Controls/ControlRig_Arrow4_solid.uexp" 750
"../../../Engine/Plugins/Animation/ControlRig/Content/Controls/ControlRig_Arrow4_3mm.ubulk" 751
"../../../Engine/Plugins/Animation/ControlRig/Content/Controls/ControlRig_Arrow4_3mm.uasset" 752
"../../../Engine/Plugins/Animation/ControlRig/Content/Controls/ControlRig_Arrow4_3mm.uexp" 753
"../../../Engine/Plugins/Animation/ControlRig/Content/Controls/ControlRig_Arrow4_1mm.ubulk" 754
"../../../Engine/Plugins/Animation/ControlRig/Content/Controls/ControlRig_Arrow4_1mm.uasset" 755
"../../../Engine/Plugins/Animation/ControlRig/Content/Controls/ControlRig_Arrow4_1mm.uexp" 756
"../../../Engine/Plugins/Animation/ControlRig/Content/Controls/ControlRig_Arrow2_solid.ubulk" 757
"../../../Engine/Plugins/Animation/ControlRig/Content/Controls/ControlRig_Arrow2_solid.uasset" 758
"../../../Engine/Plugins/Animation/ControlRig/Content/Controls/ControlRig_Arrow2_solid.uexp" 759
"../../../Engine/Plugins/Animation/ControlRig/Content/Controls/ControlRig_Arrow2_3mm.ubulk" 760
"../../../Engine/Plugins/Animation/ControlRig/Content/Controls/ControlRig_Arrow2_3mm.uasset" 761
"../../../Engine/Plugins/Animation/ControlRig/Content/Controls/ControlRig_Arrow2_3mm.uexp" 762
"../../../Engine/Plugins/Animation/ControlRig/Content/Controls/ControlRig_Arrow2_1mm.ubulk" 763
"../../../Engine/Plugins/Animation/ControlRig/Content/Controls/ControlRig_Arrow2_1mm.uasset" 764
"../../../Engine/Plugins/Animation/ControlRig/Content/Controls/ControlRig_Arrow2_1mm.uexp" 765
"D:/FYP_UE/FYP/Content/MOUT_Fabrication/Textures/Airfield/HangarSet/T_Hangar_Wall_RMA.ubulk" 766
"D:/FYP_UE/FYP/Content/MOUT_Fabrication/Textures/Airfield/HangarSet/T_Hangar_Wall_RMA.uasset" 767
"D:/FYP_UE/FYP/Content/MOUT_Fabrication/Textures/Airfield/HangarSet/T_Hangar_Wall_RMA.uexp" 768
"D:/FYP_UE/FYP/Content/MOUT_Fabrication/Textures/Airfield/HangarSet/T_Hangar_Wall_NRM.ubulk" 769
"D:/FYP_UE/FYP/Content/MOUT_Fabrication/Textures/Airfield/HangarSet/T_Hangar_Wall_NRM.uasset" 770
"D:/FYP_UE/FYP/Content/MOUT_Fabrication/Textures/Airfield/HangarSet/T_Hangar_Wall_NRM.uexp" 771
"D:/FYP_UE/FYP/Content/MOUT_Fabrication/Textures/Airfield/HangarSet/T_Hangar_Wall_BC.ubulk" 772
"D:/FYP_UE/FYP/Content/MOUT_Fabrication/Textures/Airfield/HangarSet/T_Hangar_Wall_BC.uasset" 773
"D:/FYP_UE/FYP/Content/MOUT_Fabrication/Textures/Airfield/HangarSet/T_Hangar_Wall_BC.uexp" 774
"D:/FYP_UE/FYP/Content/MOUT_Fabrication/Materials/Airfield/M_Wall_Tile.uasset" 775
"D:/FYP_UE/FYP/Content/MOUT_Fabrication/Materials/Airfield/M_Wall_Tile.uexp" 776
"D:/FYP_UE/FYP/Content/MOUT_Fabrication/Textures/Airfield/HangarSet/T_Hangar_Trim_RMA.ubulk" 777
"D:/FYP_UE/FYP/Content/MOUT_Fabrication/Textures/Airfield/HangarSet/T_Hangar_Trim_RMA.uasset" 778
"D:/FYP_UE/FYP/Content/MOUT_Fabrication/Textures/Airfield/HangarSet/T_Hangar_Trim_RMA.uexp" 779
"D:/FYP_UE/FYP/Content/MOUT_Fabrication/Textures/Airfield/HangarSet/T_Hangar_Trim_NRM.ubulk" 780
"D:/FYP_UE/FYP/Content/MOUT_Fabrication/Textures/Airfield/HangarSet/T_Hangar_Trim_NRM.uasset" 781
"D:/FYP_UE/FYP/Content/MOUT_Fabrication/Textures/Airfield/HangarSet/T_Hangar_Trim_NRM.uexp" 782
"D:/FYP_UE/FYP/Content/MOUT_Fabrication/Textures/Airfield/HangarSet/T_Hangar_Trim_BC.ubulk" 783
"D:/FYP_UE/FYP/Content/MOUT_Fabrication/Textures/Airfield/HangarSet/T_Hangar_Trim_BC.uasset" 784
"D:/FYP_UE/FYP/Content/MOUT_Fabrication/Textures/Airfield/HangarSet/T_Hangar_Trim_BC.uexp" 785
"D:/FYP_UE/FYP/Content/MOUT_Fabrication/Materials/Airfield/Hangar_Trim_Mat.uasset" 786
"D:/FYP_UE/FYP/Content/MOUT_Fabrication/Materials/Airfield/Hangar_Trim_Mat.uexp" 787
"D:/FYP_UE/FYP/Content/Environment/SM_SM_SingleWall.ubulk" 788
"D:/FYP_UE/FYP/Content/Environment/SM_SM_SingleWall.uasset" 789
"D:/FYP_UE/FYP/Content/Environment/SM_SM_SingleWall.uexp" 790
"D:/FYP_UE/FYP/Content/Environment/SM_SM_LongWalls.ubulk" 791
"D:/FYP_UE/FYP/Content/Environment/SM_SM_LongWalls.uasset" 792
"D:/FYP_UE/FYP/Content/Environment/SM_SM_LongWalls.uexp" 793
"D:/FYP_UE/FYP/Content/IndustryPropsPack6/Textures/T_Box01_SRM.ubulk" 794
"D:/FYP_UE/FYP/Content/IndustryPropsPack6/Textures/T_Box01_SRM.uasset" 795
"D:/FYP_UE/FYP/Content/IndustryPropsPack6/Textures/T_Box01_SRM.uexp" 796
"D:/FYP_UE/FYP/Content/IndustryPropsPack6/Textures/T_Box01_N.ubulk" 797
"D:/FYP_UE/FYP/Content/IndustryPropsPack6/Textures/T_Box01_N.uasset" 798
"D:/FYP_UE/FYP/Content/IndustryPropsPack6/Textures/T_Box01_N.uexp" 799
"D:/FYP_UE/FYP/Content/IndustryPropsPack6/Textures/T_Box01_D.ubulk" 800
"D:/FYP_UE/FYP/Content/IndustryPropsPack6/Textures/T_Box01_D.uasset" 801
"D:/FYP_UE/FYP/Content/IndustryPropsPack6/Textures/T_Box01_D.uexp" 802
"../../../Engine/Content/EngineDebugMaterials/HeatmapGradient.ubulk" 803
"../../../Engine/Content/EngineDebugMaterials/HeatmapGradient.uasset" 804
"../../../Engine/Content/EngineDebugMaterials/HeatmapGradient.uexp" 805
"../../../Engine/Content/Functions/Engine_MaterialFunctions01/ImageAdjustment/CheapContrast_RGB.uasset" 806
"../../../Engine/Content/Functions/Engine_MaterialFunctions01/ImageAdjustment/CheapContrast_RGB.uexp" 807
"../../../Engine/Content/Functions/Engine_MaterialFunctions02/HueShift.uasset" 808
"../../../Engine/Content/Functions/Engine_MaterialFunctions02/HueShift.uexp" 809
"../../../Engine/Content/Functions/Engine_MaterialFunctions02/Texturing/ScreenAlignedPixelToPixelUVs.uasset" 810
"../../../Engine/Content/Functions/Engine_MaterialFunctions02/Texturing/ScreenAlignedPixelToPixelUVs.uexp" 811
"../../../Engine/Content/EngineMaterials/Good64x64TilingNoiseHighFreq.uasset" 812
"../../../Engine/Content/EngineMaterials/Good64x64TilingNoiseHighFreq.uexp" 813
"../../../Engine/Content/Functions/Engine_MaterialFunctions02/Utility/DitherTemporalAA.uasset" 814
"../../../Engine/Content/Functions/Engine_MaterialFunctions02/Utility/DitherTemporalAA.uexp" 815
"../../../Engine/Content/Functions/Engine_MaterialFunctions01/ImageAdjustment/BlurSampleOffsets.uasset" 816
"../../../Engine/Content/Functions/Engine_MaterialFunctions01/ImageAdjustment/BlurSampleOffsets.uexp" 817
"D:/FYP_UE/FYP/Content/IndustryPropsPack6/Textures/BaseTextures/T_MASK2.ubulk" 818
"D:/FYP_UE/FYP/Content/IndustryPropsPack6/Textures/BaseTextures/T_MASK2.uasset" 819
"D:/FYP_UE/FYP/Content/IndustryPropsPack6/Textures/BaseTextures/T_MASK2.uexp" 820
"D:/FYP_UE/FYP/Content/IndustryPropsPack6/Textures/BaseTextures/T_MASK1.ubulk" 821
"D:/FYP_UE/FYP/Content/IndustryPropsPack6/Textures/BaseTextures/T_MASK1.uasset" 822
"D:/FYP_UE/FYP/Content/IndustryPropsPack6/Textures/BaseTextures/T_MASK1.uexp" 823
"D:/FYP_UE/FYP/Content/IndustryPropsPack6/Textures/BaseTextures/B_N.uasset" 824
"D:/FYP_UE/FYP/Content/IndustryPropsPack6/Textures/BaseTextures/B_N.uexp" 825
"D:/FYP_UE/FYP/Content/IndustryPropsPack6/Textures/BaseTextures/BG_D.uasset" 826
"D:/FYP_UE/FYP/Content/IndustryPropsPack6/Textures/BaseTextures/BG_D.uexp" 827
"D:/FYP_UE/FYP/Content/IndustryPropsPack6/Textures/BaseTextures/BB_D.uasset" 828
"D:/FYP_UE/FYP/Content/IndustryPropsPack6/Textures/BaseTextures/BB_D.uexp" 829
"D:/FYP_UE/FYP/Content/IndustryPropsPack6/Materials/BaseMaterial/M_base.uasset" 830
"D:/FYP_UE/FYP/Content/IndustryPropsPack6/Materials/BaseMaterial/M_base.uexp" 831
"D:/FYP_UE/FYP/Content/IndustryPropsPack6/Materials/MI_Box01_2.uasset" 832
"D:/FYP_UE/FYP/Content/IndustryPropsPack6/Materials/MI_Box01_2.uexp" 833
"D:/FYP_UE/FYP/Content/Environment/SM_SM_Boxes.ubulk" 834
"D:/FYP_UE/FYP/Content/Environment/SM_SM_Boxes.uasset" 835
"D:/FYP_UE/FYP/Content/Environment/SM_SM_Boxes.uexp" 836
"D:/FYP_UE/FYP/Content/Environment/SM_SM_6Walls_merge.ubulk" 837
"D:/FYP_UE/FYP/Content/Environment/SM_SM_6Walls_merge.uasset" 838
"D:/FYP_UE/FYP/Content/Environment/SM_SM_6Walls_merge.uexp" 839
"D:/FYP_UE/FYP/Content/Environment/SM_SM_5WallsMerge.ubulk" 840
"D:/FYP_UE/FYP/Content/Environment/SM_SM_5WallsMerge.uasset" 841
"D:/FYP_UE/FYP/Content/Environment/SM_SM_5WallsMerge.uexp" 842
"D:/FYP_UE/FYP/Content/Environment/SM_SM_4Walls_NoSteel.ubulk" 843
"D:/FYP_UE/FYP/Content/Environment/SM_SM_4Walls_NoSteel.uasset" 844
"D:/FYP_UE/FYP/Content/Environment/SM_SM_4Walls_NoSteel.uexp" 845
"D:/FYP_UE/FYP/Content/Environment/SM_SM_2WallsMerge.ubulk" 846
"D:/FYP_UE/FYP/Content/Environment/SM_SM_2WallsMerge.uasset" 847
"D:/FYP_UE/FYP/Content/Environment/SM_SM_2WallsMerge.uexp" 848
"../../../Engine/Plugins/Interchange/Assets/Content/Functions/MF_PhongToMetalRoughness.uasset" 849
"../../../Engine/Plugins/Interchange/Assets/Content/Functions/MF_PhongToMetalRoughness.uexp" 850
"D:/FYP_UE/FYP/Content/Environment/Floor_Stand_M_Stand_Roughness.ubulk" 851
"D:/FYP_UE/FYP/Content/Environment/Floor_Stand_M_Stand_Roughness.uasset" 852
"D:/FYP_UE/FYP/Content/Environment/Floor_Stand_M_Stand_Roughness.uexp" 853
"D:/FYP_UE/FYP/Content/Environment/Floor_Stand_M_Stand_Normal.ubulk" 854
"D:/FYP_UE/FYP/Content/Environment/Floor_Stand_M_Stand_Normal.uasset" 855
"D:/FYP_UE/FYP/Content/Environment/Floor_Stand_M_Stand_Normal.uexp" 856
"D:/FYP_UE/FYP/Content/Environment/Floor_Stand_M_Stand_BaseColor.ubulk" 857
"D:/FYP_UE/FYP/Content/Environment/Floor_Stand_M_Stand_BaseColor.uasset" 858
"D:/FYP_UE/FYP/Content/Environment/Floor_Stand_M_Stand_BaseColor.uexp" 859
"D:/FYP_UE/FYP/Content/Environment/M_Stand.uasset" 860
"D:/FYP_UE/FYP/Content/Environment/M_Stand.uexp" 861
"D:/FYP_UE/FYP/Content/Environment/Floor_Stand1.ubulk" 862
"D:/FYP_UE/FYP/Content/Environment/Floor_Stand1.uasset" 863
"D:/FYP_UE/FYP/Content/Environment/Floor_Stand1.uexp" 864
"../../../Engine/Content/EngineSky/VolumetricClouds/VT_PerlinWorley_Balanced.uasset" 865
"../../../Engine/Content/EngineSky/VolumetricClouds/VT_PerlinWorley_Balanced.uexp" 866
"../../../Engine/Content/EngineSky/VolumetricClouds/T_Profile_08.ubulk" 867
"../../../Engine/Content/EngineSky/VolumetricClouds/T_Profile_08.uasset" 868
"../../../Engine/Content/EngineSky/VolumetricClouds/T_Profile_08.uexp" 869
"../../../Engine/Content/EngineSky/VolumetricClouds/T_CloudPattern.ubulk" 870
"../../../Engine/Content/EngineSky/VolumetricClouds/T_CloudPattern.uasset" 871
"../../../Engine/Content/EngineSky/VolumetricClouds/T_CloudPattern.uexp" 872
"../../../Engine/Content/EngineSky/VolumetricClouds/T_CloudMask.ubulk" 873
"../../../Engine/Content/EngineSky/VolumetricClouds/T_CloudMask.uasset" 874
"../../../Engine/Content/EngineSky/VolumetricClouds/T_CloudMask.uexp" 875
"../../../Engine/Content/Functions/Engine_MaterialFunctions02/Utility/BreakOutFloat4Components.uasset" 876
"../../../Engine/Content/Functions/Engine_MaterialFunctions02/Utility/BreakOutFloat4Components.uexp" 877
"../../../Engine/Content/Functions/Engine_MaterialFunctions02/Utility/MakeFloat4.uasset" 878
"../../../Engine/Content/Functions/Engine_MaterialFunctions02/Utility/MakeFloat4.uexp" 879
"../../../Engine/Content/EngineResources/DefaultVolumeTexture2D.uasset" 880
"../../../Engine/Content/EngineResources/DefaultVolumeTexture2D.uexp" 881
"../../../Engine/Content/EngineResources/DefaultVolumeTexture.uasset" 882
"../../../Engine/Content/EngineResources/DefaultVolumeTexture.uexp" 883
"../../../Engine/Content/EngineSky/VolumetricClouds/VT_Lightning.uasset" 884
"../../../Engine/Content/EngineSky/VolumetricClouds/VT_Lightning.uexp" 885
"../../../Engine/Content/Functions/Engine_MaterialFunctions01/Units/Km-to-Cm.uasset" 886
"../../../Engine/Content/Functions/Engine_MaterialFunctions01/Units/Km-to-Cm.uexp" 887
"../../../Engine/Content/EngineSky/VolumetricClouds/m_SimpleVolumetricCloud.uasset" 888
"../../../Engine/Content/EngineSky/VolumetricClouds/m_SimpleVolumetricCloud.uexp" 889
"../../../Engine/Content/EngineSky/VolumetricClouds/m_SimpleVolumetricCloud_Inst.uasset" 890
"../../../Engine/Content/EngineSky/VolumetricClouds/m_SimpleVolumetricCloud_Inst.uexp" 891
"../../../Engine/Content/EditorMaterials/Camera/CineMat.uasset" 892
"../../../Engine/Content/EditorMaterials/Camera/CineMat.uexp" 893
"../../../Engine/Content/EditorMaterials/Camera/MI_CineMat_Rig.uasset" 894
"../../../Engine/Content/EditorMaterials/Camera/MI_CineMat_Rig.uexp" 895
"../../../Engine/Content/EditorMeshes/Camera/SM_RailRig_Track.ubulk" 896
"../../../Engine/Content/EditorMeshes/Camera/SM_RailRig_Track.uasset" 897
"../../../Engine/Content/EditorMeshes/Camera/SM_RailRig_Track.uexp" 898
"../../../Engine/Content/EditorMeshes/Camera/SM_RailRig_Mount.ubulk" 899
"../../../Engine/Content/EditorMeshes/Camera/SM_RailRig_Mount.uasset" 900
"../../../Engine/Content/EditorMeshes/Camera/SM_RailRig_Mount.uexp" 901
"../../../Engine/Content/EditorMeshes/Camera/SM_CraneRig_Mount.ubulk" 902
"../../../Engine/Content/EditorMeshes/Camera/SM_CraneRig_Mount.uasset" 903
"../../../Engine/Content/EditorMeshes/Camera/SM_CraneRig_Mount.uexp" 904
"../../../Engine/Content/EditorMeshes/Camera/SM_CraneRig_Body.ubulk" 905
"../../../Engine/Content/EditorMeshes/Camera/SM_CraneRig_Body.uasset" 906
"../../../Engine/Content/EditorMeshes/Camera/SM_CraneRig_Body.uexp" 907
"../../../Engine/Content/EditorMeshes/Camera/SM_CraneRig_Base.ubulk" 908
"../../../Engine/Content/EditorMeshes/Camera/SM_CraneRig_Base.uasset" 909
"../../../Engine/Content/EditorMeshes/Camera/SM_CraneRig_Base.uexp" 910
"../../../Engine/Content/EditorMeshes/Camera/SM_CraneRig_Arm.ubulk" 911
"../../../Engine/Content/EditorMeshes/Camera/SM_CraneRig_Arm.uasset" 912
"../../../Engine/Content/EditorMeshes/Camera/SM_CraneRig_Arm.uexp" 913
"../../../Engine/Content/VREditor/TransformGizmo/Xray.uasset" 914
"../../../Engine/Content/VREditor/TransformGizmo/Xray.uexp" 915
"../../../Engine/Content/VREditor/TransformGizmo/Main.uasset" 916
"../../../Engine/Content/VREditor/TransformGizmo/Main.uexp" 917
"../../../Engine/Content/VREditor/TransformGizmo/SM_Sequencer_Node.ubulk" 918
"../../../Engine/Content/VREditor/TransformGizmo/SM_Sequencer_Node.uasset" 919
"../../../Engine/Content/VREditor/TransformGizmo/SM_Sequencer_Node.uexp" 920
"../../../Engine/Content/VREditor/TransformGizmo/TranslucentTransformGizmoMaterial.uasset" 921
"../../../Engine/Content/VREditor/TransformGizmo/TranslucentTransformGizmoMaterial.uexp" 922
"../../../Engine/Content/VREditor/LaserPointer/VR_LaserPower_01.ubulk" 923
"../../../Engine/Content/VREditor/LaserPointer/VR_LaserPower_01.uasset" 924
"../../../Engine/Content/VREditor/LaserPointer/VR_LaserPower_01.uexp" 925
"../../../Engine/Content/VREditor/TransformGizmo/TransformGizmoMaterial.uasset" 926
"../../../Engine/Content/VREditor/TransformGizmo/TransformGizmoMaterial.uexp" 927
"../../../Engine/Content/VREditor/TransformGizmo/BoundingBoxEdge.ubulk" 928
"../../../Engine/Content/VREditor/TransformGizmo/BoundingBoxEdge.uasset" 929
"../../../Engine/Content/VREditor/TransformGizmo/BoundingBoxEdge.uexp" 930
"../../../Engine/Content/VREditor/TransformGizmo/BoundingBoxCorner.ubulk" 931
"../../../Engine/Content/VREditor/TransformGizmo/BoundingBoxCorner.uasset" 932
"../../../Engine/Content/VREditor/TransformGizmo/BoundingBoxCorner.uexp" 933
"D:/FYP_UE/FYP/Content/IndustryPropsPack6/Textures/T_WaterTank01_SRM.ubulk" 934
"D:/FYP_UE/FYP/Content/IndustryPropsPack6/Textures/T_WaterTank01_SRM.uasset" 935
"D:/FYP_UE/FYP/Content/IndustryPropsPack6/Textures/T_WaterTank01_SRM.uexp" 936
"D:/FYP_UE/FYP/Content/IndustryPropsPack6/Textures/T_WaterTank01_N.ubulk" 937
"D:/FYP_UE/FYP/Content/IndustryPropsPack6/Textures/T_WaterTank01_N.uasset" 938
"D:/FYP_UE/FYP/Content/IndustryPropsPack6/Textures/T_WaterTank01_N.uexp" 939
"D:/FYP_UE/FYP/Content/IndustryPropsPack6/Textures/T_WaterTank01_D.ubulk" 940
"D:/FYP_UE/FYP/Content/IndustryPropsPack6/Textures/T_WaterTank01_D.uasset" 941
"D:/FYP_UE/FYP/Content/IndustryPropsPack6/Textures/T_WaterTank01_D.uexp" 942
"D:/FYP_UE/FYP/Content/IndustryPropsPack6/Materials/MI_WaterTank01.uasset" 943
"D:/FYP_UE/FYP/Content/IndustryPropsPack6/Materials/MI_WaterTank01.uexp" 944
"D:/FYP_UE/FYP/Content/IndustryPropsPack6/Meshes/SM_WaterTank01.ubulk" 945
"D:/FYP_UE/FYP/Content/IndustryPropsPack6/Meshes/SM_WaterTank01.uasset" 946
"D:/FYP_UE/FYP/Content/IndustryPropsPack6/Meshes/SM_WaterTank01.uexp" 947
"D:/FYP_UE/FYP/Content/IndustryPropsPack6/Textures/T_Hose_SRM.ubulk" 948
"D:/FYP_UE/FYP/Content/IndustryPropsPack6/Textures/T_Hose_SRM.uasset" 949
"D:/FYP_UE/FYP/Content/IndustryPropsPack6/Textures/T_Hose_SRM.uexp" 950
"D:/FYP_UE/FYP/Content/IndustryPropsPack6/Textures/T_Hose_N.ubulk" 951
"D:/FYP_UE/FYP/Content/IndustryPropsPack6/Textures/T_Hose_N.uasset" 952
"D:/FYP_UE/FYP/Content/IndustryPropsPack6/Textures/T_Hose_N.uexp" 953
"D:/FYP_UE/FYP/Content/IndustryPropsPack6/Textures/T_Hose_D.ubulk" 954
"D:/FYP_UE/FYP/Content/IndustryPropsPack6/Textures/T_Hose_D.uasset" 955
"D:/FYP_UE/FYP/Content/IndustryPropsPack6/Textures/T_Hose_D.uexp" 956
"D:/FYP_UE/FYP/Content/IndustryPropsPack6/Materials/MI_Hose01_1.uasset" 957
"D:/FYP_UE/FYP/Content/IndustryPropsPack6/Materials/MI_Hose01_1.uexp" 958
"D:/FYP_UE/FYP/Content/IndustryPropsPack6/Meshes/SM_Hose01.ubulk" 959
"D:/FYP_UE/FYP/Content/IndustryPropsPack6/Meshes/SM_Hose01.uasset" 960
"D:/FYP_UE/FYP/Content/IndustryPropsPack6/Meshes/SM_Hose01.uexp" 961
"D:/FYP_UE/FYP/Content/IndustryPropsPack6/Textures/T_Cartonbox01_SRM.ubulk" 962
"D:/FYP_UE/FYP/Content/IndustryPropsPack6/Textures/T_Cartonbox01_SRM.uasset" 963
"D:/FYP_UE/FYP/Content/IndustryPropsPack6/Textures/T_Cartonbox01_SRM.uexp" 964
"D:/FYP_UE/FYP/Content/IndustryPropsPack6/Textures/T_Cartonbox01_N.ubulk" 965
"D:/FYP_UE/FYP/Content/IndustryPropsPack6/Textures/T_Cartonbox01_N.uasset" 966
"D:/FYP_UE/FYP/Content/IndustryPropsPack6/Textures/T_Cartonbox01_N.uexp" 967
"D:/FYP_UE/FYP/Content/IndustryPropsPack6/Textures/T_Cartonbox01_D.ubulk" 968
"D:/FYP_UE/FYP/Content/IndustryPropsPack6/Textures/T_Cartonbox01_D.uasset" 969
"D:/FYP_UE/FYP/Content/IndustryPropsPack6/Textures/T_Cartonbox01_D.uexp" 970
"D:/FYP_UE/FYP/Content/IndustryPropsPack6/Materials/MI_Cartonbox01_1.uasset" 971
"D:/FYP_UE/FYP/Content/IndustryPropsPack6/Materials/MI_Cartonbox01_1.uexp" 972
"D:/FYP_UE/FYP/Content/IndustryPropsPack6/Meshes/SM_CartonGarbage09.ubulk" 973
"D:/FYP_UE/FYP/Content/IndustryPropsPack6/Meshes/SM_CartonGarbage09.uasset" 974
"D:/FYP_UE/FYP/Content/IndustryPropsPack6/Meshes/SM_CartonGarbage09.uexp" 975
"D:/FYP_UE/FYP/Content/IndustryPropsPack6/Textures/T_Tarp01_SRM.ubulk" 976
"D:/FYP_UE/FYP/Content/IndustryPropsPack6/Textures/T_Tarp01_SRM.uasset" 977
"D:/FYP_UE/FYP/Content/IndustryPropsPack6/Textures/T_Tarp01_SRM.uexp" 978
"D:/FYP_UE/FYP/Content/IndustryPropsPack6/Textures/T_Tarp01_N.ubulk" 979
"D:/FYP_UE/FYP/Content/IndustryPropsPack6/Textures/T_Tarp01_N.uasset" 980
"D:/FYP_UE/FYP/Content/IndustryPropsPack6/Textures/T_Tarp01_N.uexp" 981
"D:/FYP_UE/FYP/Content/IndustryPropsPack6/Textures/T_Tarp01_D.ubulk" 982
"D:/FYP_UE/FYP/Content/IndustryPropsPack6/Textures/T_Tarp01_D.uasset" 983
"D:/FYP_UE/FYP/Content/IndustryPropsPack6/Textures/T_Tarp01_D.uexp" 984
"D:/FYP_UE/FYP/Content/IndustryPropsPack6/Materials/MI_Tarp01_1.uasset" 985
"D:/FYP_UE/FYP/Content/IndustryPropsPack6/Materials/MI_Tarp01_1.uexp" 986
"D:/FYP_UE/FYP/Content/IndustryPropsPack6/Meshes/SM_Box03.ubulk" 987
"D:/FYP_UE/FYP/Content/IndustryPropsPack6/Meshes/SM_Box03.uasset" 988
"D:/FYP_UE/FYP/Content/IndustryPropsPack6/Meshes/SM_Box03.uexp" 989
"D:/FYP_UE/FYP/Content/Bandit/Mesh/BanditUnreal_Skeleton.uasset" 990
"D:/FYP_UE/FYP/Content/Bandit/Mesh/BanditUnreal_Skeleton.uexp" 991
"D:/FYP_UE/FYP/Content/Bandit/Weapon/Textures/Revolver_OcclusionRoughnessMetallic.ubulk" 992
"D:/FYP_UE/FYP/Content/Bandit/Weapon/Textures/Revolver_OcclusionRoughnessMetallic.uasset" 993
"D:/FYP_UE/FYP/Content/Bandit/Weapon/Textures/Revolver_OcclusionRoughnessMetallic.uexp" 994
"D:/FYP_UE/FYP/Content/Bandit/Weapon/Textures/Revolver_Normal.ubulk" 995
"D:/FYP_UE/FYP/Content/Bandit/Weapon/Textures/Revolver_Normal.uasset" 996
"D:/FYP_UE/FYP/Content/Bandit/Weapon/Textures/Revolver_Normal.uexp" 997
"D:/FYP_UE/FYP/Content/Bandit/Weapon/Textures/Revolver_BaseColor.ubulk" 998
"D:/FYP_UE/FYP/Content/Bandit/Weapon/Textures/Revolver_BaseColor.uasset" 999
"D:/FYP_UE/FYP/Content/Bandit/Weapon/Textures/Revolver_BaseColor.uexp" 1000
"D:/FYP_UE/FYP/Content/Bandit/Weapon/Materials/RevolverMtl.uasset" 1001
"D:/FYP_UE/FYP/Content/Bandit/Weapon/Materials/RevolverMtl.uexp" 1002
"D:/FYP_UE/FYP/Content/Bandit/Eyes/Textures/EpicQuadPanorama_CC.uasset" 1003
"D:/FYP_UE/FYP/Content/Bandit/Eyes/Textures/EpicQuadPanorama_CC.uexp" 1004
"D:/FYP_UE/FYP/Content/Bandit/Eyes/Textures/Example/Eye_Wet_Normal.ubulk" 1005
"D:/FYP_UE/FYP/Content/Bandit/Eyes/Textures/Example/Eye_Wet_Normal.uasset" 1006
"D:/FYP_UE/FYP/Content/Bandit/Eyes/Textures/Example/Eye_Wet_Normal.uexp" 1007
"D:/FYP_UE/FYP/Content/Bandit/Eyes/Textures/Example/EyeScleraBaseColor_Example_2.ubulk" 1008
"D:/FYP_UE/FYP/Content/Bandit/Eyes/Textures/Example/EyeScleraBaseColor_Example_2.uasset" 1009
"D:/FYP_UE/FYP/Content/Bandit/Eyes/Textures/Example/EyeScleraBaseColor_Example_2.uexp" 1010
"D:/FYP_UE/FYP/Content/Bandit/Eyes/Textures/Example/EyeIrisBaseColor_Example_2.ubulk" 1011
"D:/FYP_UE/FYP/Content/Bandit/Eyes/Textures/Example/EyeIrisBaseColor_Example_2.uasset" 1012
"D:/FYP_UE/FYP/Content/Bandit/Eyes/Textures/Example/EyeIrisBaseColor_Example_2.uexp" 1013
"../../../Engine/Content/Functions/Engine_MaterialFunctions01/Texturing/FlattenNormal.uasset" 1014
"../../../Engine/Content/Functions/Engine_MaterialFunctions01/Texturing/FlattenNormal.uexp" 1015
"../../../Engine/Content/Functions/Engine_MaterialFunctions02/TangentBasis.uasset" 1016
"../../../Engine/Content/Functions/Engine_MaterialFunctions02/TangentBasis.uexp" 1017
"../../../Engine/Content/Functions/MaterialLayerFunctions/MatLayerBlend_Standard.uasset" 1018
"../../../Engine/Content/Functions/MaterialLayerFunctions/MatLayerBlend_Standard.uexp" 1019
"../../../Engine/Content/Functions/Engine_MaterialFunctions01/ImageAdjustment/DeriveHDRfromLDR.uasset" 1020
"../../../Engine/Content/Functions/Engine_MaterialFunctions01/ImageAdjustment/DeriveHDRfromLDR.uexp" 1021
"D:/FYP_UE/FYP/Content/Bandit/Eyes/Textures/Swirly_Noise.ubulk" 1022
"D:/FYP_UE/FYP/Content/Bandit/Eyes/Textures/Swirly_Noise.uasset" 1023
"D:/FYP_UE/FYP/Content/Bandit/Eyes/Textures/Swirly_Noise.uexp" 1024
"D:/FYP_UE/FYP/Content/Bandit/Eyes/Textures/DecalMask_Radial03.ubulk" 1025
"D:/FYP_UE/FYP/Content/Bandit/Eyes/Textures/DecalMask_Radial03.uasset" 1026
"D:/FYP_UE/FYP/Content/Bandit/Eyes/Textures/DecalMask_Radial03.uexp" 1027
"D:/FYP_UE/FYP/Content/Bandit/Eyes/Textures/Example/SSP_EyeInner_Profile.uasset" 1028
"D:/FYP_UE/FYP/Content/Bandit/Eyes/Textures/Example/SSP_EyeInner_Profile.uexp" 1029
"D:/FYP_UE/FYP/Content/Bandit/Eyes/Textures/Example/Sphere_EYE_NORMALS.ubulk" 1030
"D:/FYP_UE/FYP/Content/Bandit/Eyes/Textures/Example/Sphere_EYE_NORMALS.uasset" 1031
"D:/FYP_UE/FYP/Content/Bandit/Eyes/Textures/Example/Sphere_EYE_NORMALS.uexp" 1032
"D:/FYP_UE/FYP/Content/Bandit/Eyes/Textures/Example/EYE_NORMALS.ubulk" 1033
"D:/FYP_UE/FYP/Content/Bandit/Eyes/Textures/Example/EYE_NORMALS.uasset" 1034
"D:/FYP_UE/FYP/Content/Bandit/Eyes/Textures/Example/EYE_NORMALS.uexp" 1035
"D:/FYP_UE/FYP/Content/Bandit/Eyes/Textures/Example/EyeMidPlaneDisplacement_Example.ubulk" 1036
"D:/FYP_UE/FYP/Content/Bandit/Eyes/Textures/Example/EyeMidPlaneDisplacement_Example.uasset" 1037
"D:/FYP_UE/FYP/Content/Bandit/Eyes/Textures/Example/EyeMidPlaneDisplacement_Example.uexp" 1038
"D:/FYP_UE/FYP/Content/Bandit/Eyes/Textures/Yin_Corona_D.ubulk" 1039
"D:/FYP_UE/FYP/Content/Bandit/Eyes/Textures/Yin_Corona_D.uasset" 1040
"D:/FYP_UE/FYP/Content/Bandit/Eyes/Textures/Yin_Corona_D.uexp" 1041
"D:/FYP_UE/FYP/Content/Bandit/Eyes/MaterialFunctions/YinULTEyeMtl.uasset" 1042
"D:/FYP_UE/FYP/Content/Bandit/Eyes/MaterialFunctions/YinULTEyeMtl.uexp" 1043
"D:/FYP_UE/FYP/Content/Bandit/Eyes/MaterialFunctions/EyeRefractionMtl.uasset" 1044
"D:/FYP_UE/FYP/Content/Bandit/Eyes/MaterialFunctions/EyeRefractionMtl.uexp" 1045
"D:/FYP_UE/FYP/Content/Bandit/Eyes/Materials/EyeRefractiveMtl.uasset" 1046
"D:/FYP_UE/FYP/Content/Bandit/Eyes/Materials/EyeRefractiveMtl.uexp" 1047
"D:/FYP_UE/FYP/Content/Bandit/Eyes/Materials/EyeRefractiveMtl_Inst.uasset" 1048
"D:/FYP_UE/FYP/Content/Bandit/Eyes/Materials/EyeRefractiveMtl_Inst.uexp" 1049
"D:/FYP_UE/FYP/Content/Bandit/Textures/BanBody_OcclusionRoughnessMetallic.ubulk" 1050
"D:/FYP_UE/FYP/Content/Bandit/Textures/BanBody_OcclusionRoughnessMetallic.uasset" 1051
"D:/FYP_UE/FYP/Content/Bandit/Textures/BanBody_OcclusionRoughnessMetallic.uexp" 1052
"D:/FYP_UE/FYP/Content/Bandit/Textures/BanBody_Normal.ubulk" 1053
"D:/FYP_UE/FYP/Content/Bandit/Textures/BanBody_Normal.uasset" 1054
"D:/FYP_UE/FYP/Content/Bandit/Textures/BanBody_Normal.uexp" 1055
"D:/FYP_UE/FYP/Content/Bandit/Textures/BanBody_BaseColor.ubulk" 1056
"D:/FYP_UE/FYP/Content/Bandit/Textures/BanBody_BaseColor.uasset" 1057
"D:/FYP_UE/FYP/Content/Bandit/Textures/BanBody_BaseColor.uexp" 1058
"D:/FYP_UE/FYP/Content/Bandit/Materials/BanMtl_SSS.uasset" 1059
"D:/FYP_UE/FYP/Content/Bandit/Materials/BanMtl_SSS.uexp" 1060
"D:/FYP_UE/FYP/Content/Bandit/Materials/BanBodyMtl.uasset" 1061
"D:/FYP_UE/FYP/Content/Bandit/Materials/BanBodyMtl.uexp" 1062
"D:/FYP_UE/FYP/Content/Bandit/Materials/BanBodyMtl_Inst.uasset" 1063
"D:/FYP_UE/FYP/Content/Bandit/Materials/BanBodyMtl_Inst.uexp" 1064
"D:/FYP_UE/FYP/Content/Bandit/Textures/BanBoots_OcclusionRoughnessMetallic.ubulk" 1065
"D:/FYP_UE/FYP/Content/Bandit/Textures/BanBoots_OcclusionRoughnessMetallic.uasset" 1066
"D:/FYP_UE/FYP/Content/Bandit/Textures/BanBoots_OcclusionRoughnessMetallic.uexp" 1067
"D:/FYP_UE/FYP/Content/Bandit/Textures/BanBoots_Normal.ubulk" 1068
"D:/FYP_UE/FYP/Content/Bandit/Textures/BanBoots_Normal.uasset" 1069
"D:/FYP_UE/FYP/Content/Bandit/Textures/BanBoots_Normal.uexp" 1070
"D:/FYP_UE/FYP/Content/Bandit/Textures/BanBoots_BaseColor.ubulk" 1071
"D:/FYP_UE/FYP/Content/Bandit/Textures/BanBoots_BaseColor.uasset" 1072
"D:/FYP_UE/FYP/Content/Bandit/Textures/BanBoots_BaseColor.uexp" 1073
"D:/FYP_UE/FYP/Content/Bandit/Materials/BanBootsMtl.uasset" 1074
"D:/FYP_UE/FYP/Content/Bandit/Materials/BanBootsMtl.uexp" 1075
"D:/FYP_UE/FYP/Content/Bandit/Textures/BanBracers_OcclusionRoughnessMetallic.ubulk" 1076
"D:/FYP_UE/FYP/Content/Bandit/Textures/BanBracers_OcclusionRoughnessMetallic.uasset" 1077
"D:/FYP_UE/FYP/Content/Bandit/Textures/BanBracers_OcclusionRoughnessMetallic.uexp" 1078
"D:/FYP_UE/FYP/Content/Bandit/Textures/BanBracers_Normal.ubulk" 1079
"D:/FYP_UE/FYP/Content/Bandit/Textures/BanBracers_Normal.uasset" 1080
"D:/FYP_UE/FYP/Content/Bandit/Textures/BanBracers_Normal.uexp" 1081
"D:/FYP_UE/FYP/Content/Bandit/Textures/BanBracers_BaseColor.ubulk" 1082
"D:/FYP_UE/FYP/Content/Bandit/Textures/BanBracers_BaseColor.uasset" 1083
"D:/FYP_UE/FYP/Content/Bandit/Textures/BanBracers_BaseColor.uexp" 1084
"D:/FYP_UE/FYP/Content/Bandit/Materials/BanBracersMtl.uasset" 1085
"D:/FYP_UE/FYP/Content/Bandit/Materials/BanBracersMtl.uexp" 1086
"D:/FYP_UE/FYP/Content/Bandit/Textures/BanChaps_OcclusionRoughnessMetallic.ubulk" 1087
"D:/FYP_UE/FYP/Content/Bandit/Textures/BanChaps_OcclusionRoughnessMetallic.uasset" 1088
"D:/FYP_UE/FYP/Content/Bandit/Textures/BanChaps_OcclusionRoughnessMetallic.uexp" 1089
"D:/FYP_UE/FYP/Content/Bandit/Textures/BanChaps_Normal.ubulk" 1090
"D:/FYP_UE/FYP/Content/Bandit/Textures/BanChaps_Normal.uasset" 1091
"D:/FYP_UE/FYP/Content/Bandit/Textures/BanChaps_Normal.uexp" 1092
"D:/FYP_UE/FYP/Content/Bandit/Textures/BanChaps_BaseColor.ubulk" 1093
"D:/FYP_UE/FYP/Content/Bandit/Textures/BanChaps_BaseColor.uasset" 1094
"D:/FYP_UE/FYP/Content/Bandit/Textures/BanChaps_BaseColor.uexp" 1095
"D:/FYP_UE/FYP/Content/Bandit/Materials/BanChapsMtl.uasset" 1096
"D:/FYP_UE/FYP/Content/Bandit/Materials/BanChapsMtl.uexp" 1097
"D:/FYP_UE/FYP/Content/Bandit/Textures/BanLashes_Shadows_Albedo.ubulk" 1098
"D:/FYP_UE/FYP/Content/Bandit/Textures/BanLashes_Shadows_Albedo.uasset" 1099
"D:/FYP_UE/FYP/Content/Bandit/Textures/BanLashes_Shadows_Albedo.uexp" 1100
"D:/FYP_UE/FYP/Content/Bandit/Materials/BanEyesShadowMtl.uasset" 1101
"D:/FYP_UE/FYP/Content/Bandit/Materials/BanEyesShadowMtl.uexp" 1102
"D:/FYP_UE/FYP/Content/Bandit/Materials/BanEyesShadowMtl_InstLashes.uasset" 1103
"D:/FYP_UE/FYP/Content/Bandit/Materials/BanEyesShadowMtl_InstLashes.uexp" 1104
"D:/FYP_UE/FYP/Content/Bandit/Materials/BanEyesShadowMtl_InstShadows.uasset" 1105
"D:/FYP_UE/FYP/Content/Bandit/Materials/BanEyesShadowMtl_InstShadows.uexp" 1106
"D:/FYP_UE/FYP/Content/Bandit/Textures/BanGunbelt_OcclusionRoughnessMetallic.ubulk" 1107
"D:/FYP_UE/FYP/Content/Bandit/Textures/BanGunbelt_OcclusionRoughnessMetallic.uasset" 1108
"D:/FYP_UE/FYP/Content/Bandit/Textures/BanGunbelt_OcclusionRoughnessMetallic.uexp" 1109
"D:/FYP_UE/FYP/Content/Bandit/Textures/BanGunbelt_Normal.ubulk" 1110
"D:/FYP_UE/FYP/Content/Bandit/Textures/BanGunbelt_Normal.uasset" 1111
"D:/FYP_UE/FYP/Content/Bandit/Textures/BanGunbelt_Normal.uexp" 1112
"D:/FYP_UE/FYP/Content/Bandit/Textures/BanGunbelt_BaseColor.ubulk" 1113
"D:/FYP_UE/FYP/Content/Bandit/Textures/BanGunbelt_BaseColor.uasset" 1114
"D:/FYP_UE/FYP/Content/Bandit/Textures/BanGunbelt_BaseColor.uexp" 1115
"D:/FYP_UE/FYP/Content/Bandit/Materials/BanGunbeltMtl.uasset" 1116
"D:/FYP_UE/FYP/Content/Bandit/Materials/BanGunbeltMtl.uexp" 1117
"D:/FYP_UE/FYP/Content/Bandit/Textures/BanHat_OcclusionRoughnessMetallic.ubulk" 1118
"D:/FYP_UE/FYP/Content/Bandit/Textures/BanHat_OcclusionRoughnessMetallic.uasset" 1119
"D:/FYP_UE/FYP/Content/Bandit/Textures/BanHat_OcclusionRoughnessMetallic.uexp" 1120
"D:/FYP_UE/FYP/Content/Bandit/Textures/BanHat_Normal.ubulk" 1121
"D:/FYP_UE/FYP/Content/Bandit/Textures/BanHat_Normal.uasset" 1122
"D:/FYP_UE/FYP/Content/Bandit/Textures/BanHat_Normal.uexp" 1123
"D:/FYP_UE/FYP/Content/Bandit/Textures/BanHat_BaseColor.ubulk" 1124
"D:/FYP_UE/FYP/Content/Bandit/Textures/BanHat_BaseColor.uasset" 1125
"D:/FYP_UE/FYP/Content/Bandit/Textures/BanHat_BaseColor.uexp" 1126
"D:/FYP_UE/FYP/Content/Bandit/Materials/BanHatMtl.uasset" 1127
"D:/FYP_UE/FYP/Content/Bandit/Materials/BanHatMtl.uexp" 1128
"D:/FYP_UE/FYP/Content/Bandit/Textures/BanJacket_OcclusionRoughnessMetallic.ubulk" 1129
"D:/FYP_UE/FYP/Content/Bandit/Textures/BanJacket_OcclusionRoughnessMetallic.uasset" 1130
"D:/FYP_UE/FYP/Content/Bandit/Textures/BanJacket_OcclusionRoughnessMetallic.uexp" 1131
"D:/FYP_UE/FYP/Content/Bandit/Textures/BanJacket_Normal.ubulk" 1132
"D:/FYP_UE/FYP/Content/Bandit/Textures/BanJacket_Normal.uasset" 1133
"D:/FYP_UE/FYP/Content/Bandit/Textures/BanJacket_Normal.uexp" 1134
"D:/FYP_UE/FYP/Content/Bandit/Textures/BanJacket_BaseColor.ubulk" 1135
"D:/FYP_UE/FYP/Content/Bandit/Textures/BanJacket_BaseColor.uasset" 1136
"D:/FYP_UE/FYP/Content/Bandit/Textures/BanJacket_BaseColor.uexp" 1137
"D:/FYP_UE/FYP/Content/Bandit/Materials/BanJacketMtl.uasset" 1138
"D:/FYP_UE/FYP/Content/Bandit/Materials/BanJacketMtl.uexp" 1139
"D:/FYP_UE/FYP/Content/Bandit/Textures/BanMaskdown_OcclusionRoughnessMetallic.ubulk" 1140
"D:/FYP_UE/FYP/Content/Bandit/Textures/BanMaskdown_OcclusionRoughnessMetallic.uasset" 1141
"D:/FYP_UE/FYP/Content/Bandit/Textures/BanMaskdown_OcclusionRoughnessMetallic.uexp" 1142
"D:/FYP_UE/FYP/Content/Bandit/Textures/BanMaskdown_Normal.ubulk" 1143
"D:/FYP_UE/FYP/Content/Bandit/Textures/BanMaskdown_Normal.uasset" 1144
"D:/FYP_UE/FYP/Content/Bandit/Textures/BanMaskdown_Normal.uexp" 1145
"D:/FYP_UE/FYP/Content/Bandit/Textures/BanMaskdown_BaseColor.ubulk" 1146
"D:/FYP_UE/FYP/Content/Bandit/Textures/BanMaskdown_BaseColor.uasset" 1147
"D:/FYP_UE/FYP/Content/Bandit/Textures/BanMaskdown_BaseColor.uexp" 1148
"D:/FYP_UE/FYP/Content/Bandit/Materials/BanMaskdownMtl.uasset" 1149
"D:/FYP_UE/FYP/Content/Bandit/Materials/BanMaskdownMtl.uexp" 1150
"D:/FYP_UE/FYP/Content/Bandit/Textures/BanPants_OcclusionRoughnessMetallic.ubulk" 1151
"D:/FYP_UE/FYP/Content/Bandit/Textures/BanPants_OcclusionRoughnessMetallic.uasset" 1152
"D:/FYP_UE/FYP/Content/Bandit/Textures/BanPants_OcclusionRoughnessMetallic.uexp" 1153
"D:/FYP_UE/FYP/Content/Bandit/Textures/BanPants_Normal.ubulk" 1154
"D:/FYP_UE/FYP/Content/Bandit/Textures/BanPants_Normal.uasset" 1155
"D:/FYP_UE/FYP/Content/Bandit/Textures/BanPants_Normal.uexp" 1156
"D:/FYP_UE/FYP/Content/Bandit/Textures/BanPants_BaseColor.ubulk" 1157
"D:/FYP_UE/FYP/Content/Bandit/Textures/BanPants_BaseColor.uasset" 1158
"D:/FYP_UE/FYP/Content/Bandit/Textures/BanPants_BaseColor.uexp" 1159
"D:/FYP_UE/FYP/Content/Bandit/Materials/BanPantsMtl.uasset" 1160
"D:/FYP_UE/FYP/Content/Bandit/Materials/BanPantsMtl.uexp" 1161
"D:/FYP_UE/FYP/Content/Bandit/Textures/BanShirt_OcclusionRoughnessMetallic.ubulk" 1162
"D:/FYP_UE/FYP/Content/Bandit/Textures/BanShirt_OcclusionRoughnessMetallic.uasset" 1163
"D:/FYP_UE/FYP/Content/Bandit/Textures/BanShirt_OcclusionRoughnessMetallic.uexp" 1164
"D:/FYP_UE/FYP/Content/Bandit/Textures/BanShirt_Normal.ubulk" 1165
"D:/FYP_UE/FYP/Content/Bandit/Textures/BanShirt_Normal.uasset" 1166
"D:/FYP_UE/FYP/Content/Bandit/Textures/BanShirt_Normal.uexp" 1167
"D:/FYP_UE/FYP/Content/Bandit/Textures/BanShirt_BaseColor.ubulk" 1168
"D:/FYP_UE/FYP/Content/Bandit/Textures/BanShirt_BaseColor.uasset" 1169
"D:/FYP_UE/FYP/Content/Bandit/Textures/BanShirt_BaseColor.uexp" 1170
"D:/FYP_UE/FYP/Content/Bandit/Materials/BanShirtMtl.uasset" 1171
"D:/FYP_UE/FYP/Content/Bandit/Materials/BanShirtMtl.uexp" 1172
"D:/FYP_UE/FYP/Content/Bandit/Textures/prettyJaw_OcclusionRoughnessMetallic.ubulk" 1173
"D:/FYP_UE/FYP/Content/Bandit/Textures/prettyJaw_OcclusionRoughnessMetallic.uasset" 1174
"D:/FYP_UE/FYP/Content/Bandit/Textures/prettyJaw_OcclusionRoughnessMetallic.uexp" 1175
"D:/FYP_UE/FYP/Content/Bandit/Textures/prettyJaw_Normal.ubulk" 1176
"D:/FYP_UE/FYP/Content/Bandit/Textures/prettyJaw_Normal.uasset" 1177
"D:/FYP_UE/FYP/Content/Bandit/Textures/prettyJaw_Normal.uexp" 1178
"D:/FYP_UE/FYP/Content/Bandit/Textures/prettyJaw_BaseColor.ubulk" 1179
"D:/FYP_UE/FYP/Content/Bandit/Textures/prettyJaw_BaseColor.uasset" 1180
"D:/FYP_UE/FYP/Content/Bandit/Textures/prettyJaw_BaseColor.uexp" 1181
"D:/FYP_UE/FYP/Content/Bandit/Materials/prettyJawMtl.uasset" 1182
"D:/FYP_UE/FYP/Content/Bandit/Materials/prettyJawMtl.uexp" 1183
"D:/FYP_UE/FYP/Content/Bandit/Mesh/BanditUnreal_PhysicsAsset.uasset" 1184
"D:/FYP_UE/FYP/Content/Bandit/Mesh/BanditUnreal_PhysicsAsset.uexp" 1185
"D:/FYP_UE/FYP/Content/Bandit/Textures/BanHair_Normal.ubulk" 1186
"D:/FYP_UE/FYP/Content/Bandit/Textures/BanHair_Normal.uasset" 1187
"D:/FYP_UE/FYP/Content/Bandit/Textures/BanHair_Normal.uexp" 1188
"D:/FYP_UE/FYP/Content/Bandit/Textures/BanHair_dif.ubulk" 1189
"D:/FYP_UE/FYP/Content/Bandit/Textures/BanHair_dif.uasset" 1190
"D:/FYP_UE/FYP/Content/Bandit/Textures/BanHair_dif.uexp" 1191
"D:/FYP_UE/FYP/Content/Bandit/Textures/BanHair_depth.ubulk" 1192
"D:/FYP_UE/FYP/Content/Bandit/Textures/BanHair_depth.uasset" 1193
"D:/FYP_UE/FYP/Content/Bandit/Textures/BanHair_depth.uexp" 1194
"D:/FYP_UE/FYP/Content/Bandit/Textures/BanHair_Alpha.ubulk" 1195
"D:/FYP_UE/FYP/Content/Bandit/Textures/BanHair_Alpha.uasset" 1196
"D:/FYP_UE/FYP/Content/Bandit/Textures/BanHair_Alpha.uexp" 1197
"D:/FYP_UE/FYP/Content/Bandit/Materials/BanHairMtl.uasset" 1198
"D:/FYP_UE/FYP/Content/Bandit/Materials/BanHairMtl.uexp" 1199
"D:/FYP_UE/FYP/Content/Bandit/Materials/BanHairMtl_Inst.uasset" 1200
"D:/FYP_UE/FYP/Content/Bandit/Materials/BanHairMtl_Inst.uexp" 1201
"D:/FYP_UE/FYP/Content/Bandit/Mesh/BanditUnreal.uasset" 1202
"D:/FYP_UE/FYP/Content/Bandit/Mesh/BanditUnreal.uexp" 1203
"../../../Engine/Plugins/Interchange/Assets/Content/gltf/Textures/T_White_srgb.uasset" 1204
"../../../Engine/Plugins/Interchange/Assets/Content/gltf/Textures/T_White_srgb.uexp" 1205
"../../../Engine/Plugins/Interchange/Assets/Content/gltf/MaterialFunctions/MF_BaseColor.uasset" 1206
"../../../Engine/Plugins/Interchange/Assets/Content/gltf/MaterialFunctions/MF_BaseColor.uexp" 1207
"../../../Engine/Plugins/Interchange/Assets/Content/gltf/MaterialFunctions/MF_RotateV2.uasset" 1208
"../../../Engine/Plugins/Interchange/Assets/Content/gltf/MaterialFunctions/MF_RotateV2.uexp" 1209
"../../../Engine/Plugins/Interchange/Assets/Content/gltf/MaterialFunctions/MF_TransformUVs.uasset" 1210
"../../../Engine/Plugins/Interchange/Assets/Content/gltf/MaterialFunctions/MF_TransformUVs.uexp" 1211
"../../../Engine/Plugins/Interchange/Assets/Content/gltf/MaterialBodies/MF_Unlit_Body.uasset" 1212
"../../../Engine/Plugins/Interchange/Assets/Content/gltf/MaterialBodies/MF_Unlit_Body.uexp" 1213
"../../../Engine/Plugins/Interchange/Assets/Content/gltf/M_Unlit.uasset" 1214
"../../../Engine/Plugins/Interchange/Assets/Content/gltf/M_Unlit.uexp" 1215
"../../../Engine/Plugins/Interchange/Assets/Content/gltf/MaterialInstances/MI_Unlit_Opaque_DS.uasset" 1216
"../../../Engine/Plugins/Interchange/Assets/Content/gltf/MaterialInstances/MI_Unlit_Opaque_DS.uexp" 1217
"../../../Engine/Plugins/Interchange/Assets/Content/gltf/MaterialInstances/MI_Unlit_Opaque.uasset" 1218
"../../../Engine/Plugins/Interchange/Assets/Content/gltf/MaterialInstances/MI_Unlit_Opaque.uexp" 1219
"../../../Engine/Plugins/Interchange/Assets/Content/gltf/MaterialInstances/MI_Unlit_Mask_DS.uasset" 1220
"../../../Engine/Plugins/Interchange/Assets/Content/gltf/MaterialInstances/MI_Unlit_Mask_DS.uexp" 1221
"../../../Engine/Plugins/Interchange/Assets/Content/gltf/MaterialInstances/MI_Unlit_Mask.uasset" 1222
"../../../Engine/Plugins/Interchange/Assets/Content/gltf/MaterialInstances/MI_Unlit_Mask.uexp" 1223
"../../../Engine/Plugins/Interchange/Assets/Content/gltf/MaterialInstances/MI_Unlit_Blend_DS.uasset" 1224
"../../../Engine/Plugins/Interchange/Assets/Content/gltf/MaterialInstances/MI_Unlit_Blend_DS.uexp" 1225
"../../../Engine/Plugins/Interchange/Assets/Content/gltf/MaterialInstances/MI_Unlit_Blend.uasset" 1226
"../../../Engine/Plugins/Interchange/Assets/Content/gltf/MaterialInstances/MI_Unlit_Blend.uexp" 1227
"../../../Engine/Plugins/Interchange/Assets/Content/Utilities/New_LUT.uasset" 1228
"../../../Engine/Plugins/Interchange/Assets/Content/Utilities/New_LUT.uexp" 1229
"../../../Engine/Content/Functions/Engine_MaterialFunctions03/Math/RemapValueRange.uasset" 1230
"../../../Engine/Content/Functions/Engine_MaterialFunctions03/Math/RemapValueRange.uexp" 1231
"../../../Engine/Plugins/Interchange/Assets/Content/Functions/MF_Iridescence.uasset" 1232
"../../../Engine/Plugins/Interchange/Assets/Content/Functions/MF_Iridescence.uexp" 1233
"../../../Engine/Plugins/Interchange/Assets/Content/gltf/MaterialFunctions/MF_Fresnel_DS.uasset" 1234
"../../../Engine/Plugins/Interchange/Assets/Content/gltf/MaterialFunctions/MF_Fresnel_DS.uexp" 1235
"../../../Engine/Plugins/Interchange/Assets/Content/gltf/MaterialFunctions/MF_IOR.uasset" 1236
"../../../Engine/Plugins/Interchange/Assets/Content/gltf/MaterialFunctions/MF_IOR.uexp" 1237
"../../../Engine/Plugins/Interchange/Assets/Content/gltf/MaterialFunctions/MF_Iridescence.uasset" 1238
"../../../Engine/Plugins/Interchange/Assets/Content/gltf/MaterialFunctions/MF_Iridescence.uexp" 1239
"../../../Engine/Plugins/Interchange/Assets/Content/gltf/Textures/T_White_Linear.uasset" 1240
"../../../Engine/Plugins/Interchange/Assets/Content/gltf/Textures/T_White_Linear.uexp" 1241
"../../../Engine/Plugins/Interchange/Assets/Content/gltf/MaterialFunctions/MF_MetallicRoughness.uasset" 1242
"../../../Engine/Plugins/Interchange/Assets/Content/gltf/MaterialFunctions/MF_MetallicRoughness.uexp" 1243
"../../../Engine/Content/Functions/Engine_MaterialFunctions02/Math/Transform3x3Matrix.uasset" 1244
"../../../Engine/Content/Functions/Engine_MaterialFunctions02/Math/Transform3x3Matrix.uexp" 1245
"../../../Engine/Plugins/Interchange/Assets/Content/gltf/MaterialFunctions/MF_RotateNormals_TS.uasset" 1246
"../../../Engine/Plugins/Interchange/Assets/Content/gltf/MaterialFunctions/MF_RotateNormals_TS.uexp" 1247
"../../../Engine/Plugins/Interchange/Assets/Content/gltf/MaterialFunctions/MF_ScaleNormal.uasset" 1248
"../../../Engine/Plugins/Interchange/Assets/Content/gltf/MaterialFunctions/MF_ScaleNormal.uexp" 1249
"../../../Engine/Plugins/Interchange/Assets/Content/gltf/Textures/T_Generic_N.uasset" 1250
"../../../Engine/Plugins/Interchange/Assets/Content/gltf/Textures/T_Generic_N.uexp" 1251
"../../../Engine/Plugins/Interchange/Assets/Content/gltf/MaterialFunctions/MF_Normals.uasset" 1252
"../../../Engine/Plugins/Interchange/Assets/Content/gltf/MaterialFunctions/MF_Normals.uexp" 1253
"../../../Engine/Plugins/Interchange/Assets/Content/gltf/MaterialFunctions/MF_Occlusion.uasset" 1254
"../../../Engine/Plugins/Interchange/Assets/Content/gltf/MaterialFunctions/MF_Occlusion.uexp" 1255
"../../../Engine/Plugins/Interchange/Assets/Content/gltf/MaterialFunctions/MF_Specular.uasset" 1256
"../../../Engine/Plugins/Interchange/Assets/Content/gltf/MaterialFunctions/MF_Specular.uexp" 1257
"../../../Engine/Plugins/Interchange/Assets/Content/gltf/Textures/T_Anisotropy_Direction_Linear.uasset" 1258
"../../../Engine/Plugins/Interchange/Assets/Content/gltf/Textures/T_Anisotropy_Direction_Linear.uexp" 1259
"../../../Engine/Plugins/Interchange/Assets/Content/gltf/MaterialFunctions/MF_SpecularAnisotropy.uasset" 1260
"../../../Engine/Plugins/Interchange/Assets/Content/gltf/MaterialFunctions/MF_SpecularAnisotropy.uexp" 1261
"../../../Engine/Plugins/Interchange/Assets/Content/gltf/MaterialFunctions/MF_Temporal_Blur.uasset" 1262
"../../../Engine/Plugins/Interchange/Assets/Content/gltf/MaterialFunctions/MF_Temporal_Blur.uexp" 1263
"../../../Engine/Plugins/Interchange/Assets/Content/gltf/MaterialFunctions/MF_Transmission.uasset" 1264
"../../../Engine/Plugins/Interchange/Assets/Content/gltf/MaterialFunctions/MF_Transmission.uexp" 1265
"../../../Engine/Plugins/Interchange/Assets/Content/gltf/MaterialBodies/MF_Transmission_Body.uasset" 1266
"../../../Engine/Plugins/Interchange/Assets/Content/gltf/MaterialBodies/MF_Transmission_Body.uexp" 1267
"../../../Engine/Plugins/Interchange/Assets/Content/gltf/M_Transmission.uasset" 1268
"../../../Engine/Plugins/Interchange/Assets/Content/gltf/M_Transmission.uexp" 1269
"../../../Engine/Plugins/Interchange/Assets/Content/gltf/MaterialInstances/MI_Transmission_DS.uasset" 1270
"../../../Engine/Plugins/Interchange/Assets/Content/gltf/MaterialInstances/MI_Transmission_DS.uexp" 1271
"../../../Engine/Plugins/Interchange/Assets/Content/gltf/MaterialInstances/MI_Transmission.uasset" 1272
"../../../Engine/Plugins/Interchange/Assets/Content/gltf/MaterialInstances/MI_Transmission.uexp" 1273
"../../../Engine/Content/Functions/Engine_MaterialFunctions02/Math/AddComponents.uasset" 1274
"../../../Engine/Content/Functions/Engine_MaterialFunctions02/Math/AddComponents.uexp" 1275
"../../../Engine/Plugins/Interchange/Assets/Content/gltf/MaterialFunctions/MF_DiffuseSpecGloss.uasset" 1276
"../../../Engine/Plugins/Interchange/Assets/Content/gltf/MaterialFunctions/MF_DiffuseSpecGloss.uexp" 1277
"../../../Engine/Plugins/Interchange/Assets/Content/gltf/MaterialFunctions/MF_Emissive.uasset" 1278
"../../../Engine/Plugins/Interchange/Assets/Content/gltf/MaterialFunctions/MF_Emissive.uexp" 1279
"../../../Engine/Plugins/Interchange/Assets/Content/gltf/MaterialFunctions/MF_MaxComponentValue.uasset" 1280
"../../../Engine/Plugins/Interchange/Assets/Content/gltf/MaterialFunctions/MF_MaxComponentValue.uexp" 1281
"../../../Engine/Plugins/Interchange/Assets/Content/gltf/MaterialFunctions/MF_PerceivedBrightness.uasset" 1282
"../../../Engine/Plugins/Interchange/Assets/Content/gltf/MaterialFunctions/MF_PerceivedBrightness.uexp" 1283
"../../../Engine/Plugins/Interchange/Assets/Content/gltf/MaterialFunctions/MF_SpecGlossToMetalRoughness.uasset" 1284
"../../../Engine/Plugins/Interchange/Assets/Content/gltf/MaterialFunctions/MF_SpecGlossToMetalRoughness.uexp" 1285
"../../../Engine/Plugins/Interchange/Assets/Content/gltf/MaterialBodies/MF_SpecularGlossiness_Body.uasset" 1286
"../../../Engine/Plugins/Interchange/Assets/Content/gltf/MaterialBodies/MF_SpecularGlossiness_Body.uexp" 1287
"../../../Engine/Plugins/Interchange/Assets/Content/gltf/M_SpecularGlossiness.uasset" 1288
"../../../Engine/Plugins/Interchange/Assets/Content/gltf/M_SpecularGlossiness.uexp" 1289
"../../../Engine/Plugins/Interchange/Assets/Content/gltf/MaterialInstances/MI_SpecularGlossiness_Opaque_DS.uasset" 1290
"../../../Engine/Plugins/Interchange/Assets/Content/gltf/MaterialInstances/MI_SpecularGlossiness_Opaque_DS.uexp" 1291
"../../../Engine/Plugins/Interchange/Assets/Content/gltf/MaterialInstances/MI_SpecularGlossiness_Opaque.uasset" 1292
"../../../Engine/Plugins/Interchange/Assets/Content/gltf/MaterialInstances/MI_SpecularGlossiness_Opaque.uexp" 1293
"../../../Engine/Plugins/Interchange/Assets/Content/gltf/MaterialInstances/MI_SpecularGlossiness_Mask_DS.uasset" 1294
"../../../Engine/Plugins/Interchange/Assets/Content/gltf/MaterialInstances/MI_SpecularGlossiness_Mask_DS.uexp" 1295
"../../../Engine/Plugins/Interchange/Assets/Content/gltf/MaterialInstances/MI_SpecularGlossiness_Mask.uasset" 1296
"../../../Engine/Plugins/Interchange/Assets/Content/gltf/MaterialInstances/MI_SpecularGlossiness_Mask.uexp" 1297
"../../../Engine/Plugins/Interchange/Assets/Content/gltf/MaterialInstances/MI_SpecularGlossiness_Blend_DS.uasset" 1298
"../../../Engine/Plugins/Interchange/Assets/Content/gltf/MaterialInstances/MI_SpecularGlossiness_Blend_DS.uexp" 1299
"../../../Engine/Plugins/Interchange/Assets/Content/gltf/MaterialInstances/MI_SpecularGlossiness_Blend.uasset" 1300
"../../../Engine/Plugins/Interchange/Assets/Content/gltf/MaterialInstances/MI_SpecularGlossiness_Blend.uexp" 1301
"../../../Engine/Plugins/Interchange/Assets/Content/gltf/MaterialFunctions/MF_Sheen.uasset" 1302
"../../../Engine/Plugins/Interchange/Assets/Content/gltf/MaterialFunctions/MF_Sheen.uexp" 1303
"../../../Engine/Plugins/Interchange/Assets/Content/gltf/MaterialBodies/MF_Sheen_Body.uasset" 1304
"../../../Engine/Plugins/Interchange/Assets/Content/gltf/MaterialBodies/MF_Sheen_Body.uexp" 1305
"../../../Engine/Plugins/Interchange/Assets/Content/gltf/M_Sheen.uasset" 1306
"../../../Engine/Plugins/Interchange/Assets/Content/gltf/M_Sheen.uexp" 1307
"../../../Engine/Plugins/Interchange/Assets/Content/gltf/MaterialInstances/MI_Sheen_Opaque_DS.uasset" 1308
"../../../Engine/Plugins/Interchange/Assets/Content/gltf/MaterialInstances/MI_Sheen_Opaque_DS.uexp" 1309
"../../../Engine/Plugins/Interchange/Assets/Content/gltf/MaterialInstances/MI_Sheen_Opaque.uasset" 1310
"../../../Engine/Plugins/Interchange/Assets/Content/gltf/MaterialInstances/MI_Sheen_Opaque.uexp" 1311
"../../../Engine/Plugins/Interchange/Assets/Content/gltf/MaterialInstances/MI_Sheen_Mask_DS.uasset" 1312
"../../../Engine/Plugins/Interchange/Assets/Content/gltf/MaterialInstances/MI_Sheen_Mask_DS.uexp" 1313
"../../../Engine/Plugins/Interchange/Assets/Content/gltf/MaterialInstances/MI_Sheen_Mask.uasset" 1314
"../../../Engine/Plugins/Interchange/Assets/Content/gltf/MaterialInstances/MI_Sheen_Mask.uexp" 1315
"../../../Engine/Plugins/Interchange/Assets/Content/gltf/MaterialInstances/MI_Sheen_Blend_DS.uasset" 1316
"../../../Engine/Plugins/Interchange/Assets/Content/gltf/MaterialInstances/MI_Sheen_Blend_DS.uexp" 1317
"../../../Engine/Plugins/Interchange/Assets/Content/gltf/MaterialInstances/MI_Sheen_Blend.uasset" 1318
"../../../Engine/Plugins/Interchange/Assets/Content/gltf/MaterialInstances/MI_Sheen_Blend.uexp" 1319
"../../../Engine/Plugins/Interchange/Assets/Content/gltf/MaterialBodies/MF_Default_Body.uasset" 1320
"../../../Engine/Plugins/Interchange/Assets/Content/gltf/MaterialBodies/MF_Default_Body.uexp" 1321
"../../../Engine/Plugins/Interchange/Assets/Content/gltf/M_Default.uasset" 1322
"../../../Engine/Plugins/Interchange/Assets/Content/gltf/M_Default.uexp" 1323
"../../../Engine/Plugins/Interchange/Assets/Content/gltf/MaterialInstances/MI_Default_Opaque.uasset" 1324
"../../../Engine/Plugins/Interchange/Assets/Content/gltf/MaterialInstances/MI_Default_Opaque.uexp" 1325
"../../../Engine/Plugins/Interchange/Assets/Content/gltf/MaterialInstances/MI_Default_Mask_DS.uasset" 1326
"../../../Engine/Plugins/Interchange/Assets/Content/gltf/MaterialInstances/MI_Default_Mask_DS.uexp" 1327
"../../../Engine/Plugins/Interchange/Assets/Content/gltf/MaterialInstances/MI_Default_Mask.uasset" 1328
"../../../Engine/Plugins/Interchange/Assets/Content/gltf/MaterialInstances/MI_Default_Mask.uexp" 1329
"../../../Engine/Plugins/Interchange/Assets/Content/gltf/MaterialInstances/MI_Default_Blend_DS.uasset" 1330
"../../../Engine/Plugins/Interchange/Assets/Content/gltf/MaterialInstances/MI_Default_Blend_DS.uexp" 1331
"../../../Engine/Plugins/Interchange/Assets/Content/gltf/MaterialInstances/MI_Default_Blend.uasset" 1332
"../../../Engine/Plugins/Interchange/Assets/Content/gltf/MaterialInstances/MI_Default_Blend.uexp" 1333
"../../../Engine/Plugins/Interchange/Assets/Content/gltf/MaterialFunctions/MF_Clearcoat.uasset" 1334
"../../../Engine/Plugins/Interchange/Assets/Content/gltf/MaterialFunctions/MF_Clearcoat.uexp" 1335
"../../../Engine/Plugins/Interchange/Assets/Content/gltf/MaterialBodies/MF_ClearCoat_Body.uasset" 1336
"../../../Engine/Plugins/Interchange/Assets/Content/gltf/MaterialBodies/MF_ClearCoat_Body.uexp" 1337
"../../../Engine/Plugins/Interchange/Assets/Content/gltf/M_ClearCoat.uasset" 1338
"../../../Engine/Plugins/Interchange/Assets/Content/gltf/M_ClearCoat.uexp" 1339
"../../../Engine/Plugins/Interchange/Assets/Content/gltf/MaterialInstances/MI_ClearCoat_Opaque_DS.uasset" 1340
"../../../Engine/Plugins/Interchange/Assets/Content/gltf/MaterialInstances/MI_ClearCoat_Opaque_DS.uexp" 1341
"../../../Engine/Plugins/Interchange/Assets/Content/gltf/MaterialInstances/MI_ClearCoat_Opaque.uasset" 1342
"../../../Engine/Plugins/Interchange/Assets/Content/gltf/MaterialInstances/MI_ClearCoat_Opaque.uexp" 1343
"../../../Engine/Plugins/Interchange/Assets/Content/gltf/MaterialInstances/MI_ClearCoat_Mask_DS.uasset" 1344
"../../../Engine/Plugins/Interchange/Assets/Content/gltf/MaterialInstances/MI_ClearCoat_Mask_DS.uexp" 1345
"../../../Engine/Plugins/Interchange/Assets/Content/gltf/MaterialInstances/MI_ClearCoat_Mask.uasset" 1346
"../../../Engine/Plugins/Interchange/Assets/Content/gltf/MaterialInstances/MI_ClearCoat_Mask.uexp" 1347
"../../../Engine/Plugins/Interchange/Assets/Content/gltf/MaterialInstances/MI_ClearCoat_Blend_DS.uasset" 1348
"../../../Engine/Plugins/Interchange/Assets/Content/gltf/MaterialInstances/MI_ClearCoat_Blend_DS.uexp" 1349
"../../../Engine/Plugins/Interchange/Assets/Content/gltf/MaterialInstances/MI_ClearCoat_Blend.uasset" 1350
"../../../Engine/Plugins/Interchange/Assets/Content/gltf/MaterialInstances/MI_ClearCoat_Blend.uexp" 1351
"D:/FYP_UE/FYP/Content/Modern_Insurgent_7/Mesh/SKM_Insurgent_Skeleton.uasset" 1352
"D:/FYP_UE/FYP/Content/Modern_Insurgent_7/Mesh/SKM_Insurgent_Skeleton.uexp" 1353
"D:/FYP_UE/FYP/Content/Modern_Insurgent_7/Mesh/PA_Insurgent_PhysicsAsset.uasset" 1354
"D:/FYP_UE/FYP/Content/Modern_Insurgent_7/Mesh/PA_Insurgent_PhysicsAsset.uexp" 1355
"D:/FYP_UE/FYP/Content/Modern_Insurgent_7/Textures/BodySkin_Textures/T_Body_N.ubulk" 1356
"D:/FYP_UE/FYP/Content/Modern_Insurgent_7/Textures/BodySkin_Textures/T_Body_N.uasset" 1357
"D:/FYP_UE/FYP/Content/Modern_Insurgent_7/Textures/BodySkin_Textures/T_Body_N.uexp" 1358
"D:/FYP_UE/FYP/Content/Modern_Insurgent_7/Textures/BodySkin_Textures/T_Body_BC.ubulk" 1359
"D:/FYP_UE/FYP/Content/Modern_Insurgent_7/Textures/BodySkin_Textures/T_Body_BC.uasset" 1360
"D:/FYP_UE/FYP/Content/Modern_Insurgent_7/Textures/BodySkin_Textures/T_Body_BC.uexp" 1361
"D:/FYP_UE/FYP/Content/Modern_Insurgent_7/Textures/BodySkin_Textures/T_Body_AO_MT_R.ubulk" 1362
"D:/FYP_UE/FYP/Content/Modern_Insurgent_7/Textures/BodySkin_Textures/T_Body_AO_MT_R.uasset" 1363
"D:/FYP_UE/FYP/Content/Modern_Insurgent_7/Textures/BodySkin_Textures/T_Body_AO_MT_R.uexp" 1364
"D:/FYP_UE/FYP/Content/Modern_Insurgent_7/Materials/Body_Materials/M_Body_Source.uasset" 1365
"D:/FYP_UE/FYP/Content/Modern_Insurgent_7/Materials/Body_Materials/M_Body_Source.uexp" 1366
"D:/FYP_UE/FYP/Content/Modern_Insurgent_7/Textures/BodySkin_Textures/T_eye_N.ubulk" 1367
"D:/FYP_UE/FYP/Content/Modern_Insurgent_7/Textures/BodySkin_Textures/T_eye_N.uasset" 1368
"D:/FYP_UE/FYP/Content/Modern_Insurgent_7/Textures/BodySkin_Textures/T_eye_N.uexp" 1369
"D:/FYP_UE/FYP/Content/Modern_Insurgent_7/Textures/BodySkin_Textures/T_eye_BC.ubulk" 1370
"D:/FYP_UE/FYP/Content/Modern_Insurgent_7/Textures/BodySkin_Textures/T_eye_BC.uasset" 1371
"D:/FYP_UE/FYP/Content/Modern_Insurgent_7/Textures/BodySkin_Textures/T_eye_BC.uexp" 1372
"D:/FYP_UE/FYP/Content/Modern_Insurgent_7/Textures/BodySkin_Textures/T_eye_AO_MT_R.ubulk" 1373
"D:/FYP_UE/FYP/Content/Modern_Insurgent_7/Textures/BodySkin_Textures/T_eye_AO_MT_R.uasset" 1374
"D:/FYP_UE/FYP/Content/Modern_Insurgent_7/Textures/BodySkin_Textures/T_eye_AO_MT_R.uexp" 1375
"D:/FYP_UE/FYP/Content/Modern_Insurgent_7/Materials/Body_Materials/M_Eye_Source.uasset" 1376
"D:/FYP_UE/FYP/Content/Modern_Insurgent_7/Materials/Body_Materials/M_Eye_Source.uexp" 1377
"D:/FYP_UE/FYP/Content/Modern_Insurgent_7/Textures/BodySkin_Textures/T_face_N.ubulk" 1378
"D:/FYP_UE/FYP/Content/Modern_Insurgent_7/Textures/BodySkin_Textures/T_face_N.uasset" 1379
"D:/FYP_UE/FYP/Content/Modern_Insurgent_7/Textures/BodySkin_Textures/T_face_N.uexp" 1380
"D:/FYP_UE/FYP/Content/Modern_Insurgent_7/Textures/BodySkin_Textures/T_face_BC.ubulk" 1381
"D:/FYP_UE/FYP/Content/Modern_Insurgent_7/Textures/BodySkin_Textures/T_face_BC.uasset" 1382
"D:/FYP_UE/FYP/Content/Modern_Insurgent_7/Textures/BodySkin_Textures/T_face_BC.uexp" 1383
"D:/FYP_UE/FYP/Content/Modern_Insurgent_7/Textures/BodySkin_Textures/T_face_AO_MT_R.ubulk" 1384
"D:/FYP_UE/FYP/Content/Modern_Insurgent_7/Textures/BodySkin_Textures/T_face_AO_MT_R.uasset" 1385
"D:/FYP_UE/FYP/Content/Modern_Insurgent_7/Textures/BodySkin_Textures/T_face_AO_MT_R.uexp" 1386
"D:/FYP_UE/FYP/Content/Modern_Insurgent_7/Materials/Body_Materials/M_Face_Source.uasset" 1387
"D:/FYP_UE/FYP/Content/Modern_Insurgent_7/Materials/Body_Materials/M_Face_Source.uexp" 1388
"D:/FYP_UE/FYP/Content/Modern_Insurgent_7/Textures/Holster_Textures/T_Holster_N.ubulk" 1389
"D:/FYP_UE/FYP/Content/Modern_Insurgent_7/Textures/Holster_Textures/T_Holster_N.uasset" 1390
"D:/FYP_UE/FYP/Content/Modern_Insurgent_7/Textures/Holster_Textures/T_Holster_N.uexp" 1391
"D:/FYP_UE/FYP/Content/Modern_Insurgent_7/Textures/Holster_Textures/T_Holster_BC.ubulk" 1392
"D:/FYP_UE/FYP/Content/Modern_Insurgent_7/Textures/Holster_Textures/T_Holster_BC.uasset" 1393
"D:/FYP_UE/FYP/Content/Modern_Insurgent_7/Textures/Holster_Textures/T_Holster_BC.uexp" 1394
"D:/FYP_UE/FYP/Content/Modern_Insurgent_7/Textures/Holster_Textures/T_Holster_AO_MT_R.ubulk" 1395
"D:/FYP_UE/FYP/Content/Modern_Insurgent_7/Textures/Holster_Textures/T_Holster_AO_MT_R.uasset" 1396
"D:/FYP_UE/FYP/Content/Modern_Insurgent_7/Textures/Holster_Textures/T_Holster_AO_MT_R.uexp" 1397
"D:/FYP_UE/FYP/Content/Modern_Insurgent_7/Materials/PouchesEquipment_Materials/Holster_Materials/M_Holster_Source.uasset" 1398
"D:/FYP_UE/FYP/Content/Modern_Insurgent_7/Materials/PouchesEquipment_Materials/Holster_Materials/M_Holster_Source.uexp" 1399
"D:/FYP_UE/FYP/Content/Modern_Insurgent_7/Textures/PistolMod_Textures/T_PistolMod_N.ubulk" 1400
"D:/FYP_UE/FYP/Content/Modern_Insurgent_7/Textures/PistolMod_Textures/T_PistolMod_N.uasset" 1401
"D:/FYP_UE/FYP/Content/Modern_Insurgent_7/Textures/PistolMod_Textures/T_PistolMod_N.uexp" 1402
"D:/FYP_UE/FYP/Content/Modern_Insurgent_7/Textures/PistolMod_Textures/T_PistolMod_BC.ubulk" 1403
"D:/FYP_UE/FYP/Content/Modern_Insurgent_7/Textures/PistolMod_Textures/T_PistolMod_BC.uasset" 1404
"D:/FYP_UE/FYP/Content/Modern_Insurgent_7/Textures/PistolMod_Textures/T_PistolMod_BC.uexp" 1405
"D:/FYP_UE/FYP/Content/Modern_Insurgent_7/Textures/PistolMod_Textures/T_PistolMod_AO_MT_R.ubulk" 1406
"D:/FYP_UE/FYP/Content/Modern_Insurgent_7/Textures/PistolMod_Textures/T_PistolMod_AO_MT_R.uasset" 1407
"D:/FYP_UE/FYP/Content/Modern_Insurgent_7/Textures/PistolMod_Textures/T_PistolMod_AO_MT_R.uexp" 1408
"D:/FYP_UE/FYP/Content/Modern_Insurgent_7/Materials/PouchesEquipment_Materials/Holster_Materials/M_PistolMod_Source.uasset" 1409
"D:/FYP_UE/FYP/Content/Modern_Insurgent_7/Materials/PouchesEquipment_Materials/Holster_Materials/M_PistolMod_Source.uexp" 1410
"D:/FYP_UE/FYP/Content/Modern_Insurgent_7/Textures/Beret_Textures/T_Beret_N.ubulk" 1411
"D:/FYP_UE/FYP/Content/Modern_Insurgent_7/Textures/Beret_Textures/T_Beret_N.uasset" 1412
"D:/FYP_UE/FYP/Content/Modern_Insurgent_7/Textures/Beret_Textures/T_Beret_N.uexp" 1413
"D:/FYP_UE/FYP/Content/Modern_Insurgent_7/Textures/Beret_Textures/T_Beret_BC.ubulk" 1414
"D:/FYP_UE/FYP/Content/Modern_Insurgent_7/Textures/Beret_Textures/T_Beret_BC.uasset" 1415
"D:/FYP_UE/FYP/Content/Modern_Insurgent_7/Textures/Beret_Textures/T_Beret_BC.uexp" 1416
"D:/FYP_UE/FYP/Content/Modern_Insurgent_7/Textures/Beret_Textures/T_Beret_AO_MT_R.ubulk" 1417
"D:/FYP_UE/FYP/Content/Modern_Insurgent_7/Textures/Beret_Textures/T_Beret_AO_MT_R.uasset" 1418
"D:/FYP_UE/FYP/Content/Modern_Insurgent_7/Textures/Beret_Textures/T_Beret_AO_MT_R.uexp" 1419
"D:/FYP_UE/FYP/Content/Modern_Insurgent_7/Materials/Beret_Materials/M_Beret_Source.uasset" 1420
"D:/FYP_UE/FYP/Content/Modern_Insurgent_7/Materials/Beret_Materials/M_Beret_Source.uexp" 1421
"D:/FYP_UE/FYP/Content/Modern_Insurgent_7/Textures/Sweater_Textures/T_Sweater_N.ubulk" 1422
"D:/FYP_UE/FYP/Content/Modern_Insurgent_7/Textures/Sweater_Textures/T_Sweater_N.uasset" 1423
"D:/FYP_UE/FYP/Content/Modern_Insurgent_7/Textures/Sweater_Textures/T_Sweater_N.uexp" 1424
"D:/FYP_UE/FYP/Content/Modern_Insurgent_7/Textures/Sweater_Textures/T_Sweater_Green_BC.ubulk" 1425
"D:/FYP_UE/FYP/Content/Modern_Insurgent_7/Textures/Sweater_Textures/T_Sweater_Green_BC.uasset" 1426
"D:/FYP_UE/FYP/Content/Modern_Insurgent_7/Textures/Sweater_Textures/T_Sweater_Green_BC.uexp" 1427
"D:/FYP_UE/FYP/Content/Modern_Insurgent_7/Textures/Sweater_Textures/T_Sweater_AO_MT_R.ubulk" 1428
"D:/FYP_UE/FYP/Content/Modern_Insurgent_7/Textures/Sweater_Textures/T_Sweater_AO_MT_R.uasset" 1429
"D:/FYP_UE/FYP/Content/Modern_Insurgent_7/Textures/Sweater_Textures/T_Sweater_AO_MT_R.uexp" 1430
"D:/FYP_UE/FYP/Content/Modern_Insurgent_7/Materials/Sweater_Materials/M_Sweater_Source.uasset" 1431
"D:/FYP_UE/FYP/Content/Modern_Insurgent_7/Materials/Sweater_Materials/M_Sweater_Source.uexp" 1432
"D:/FYP_UE/FYP/Content/Modern_Insurgent_7/Textures/SmallArmor_Textures/T_ArmorSmall_Tan_BC.ubulk" 1433
"D:/FYP_UE/FYP/Content/Modern_Insurgent_7/Textures/SmallArmor_Textures/T_ArmorSmall_Tan_BC.uasset" 1434
"D:/FYP_UE/FYP/Content/Modern_Insurgent_7/Textures/SmallArmor_Textures/T_ArmorSmall_Tan_BC.uexp" 1435
"D:/FYP_UE/FYP/Content/Modern_Insurgent_7/Textures/SmallArmor_Textures/T_ArmorSmall_N.ubulk" 1436
"D:/FYP_UE/FYP/Content/Modern_Insurgent_7/Textures/SmallArmor_Textures/T_ArmorSmall_N.uasset" 1437
"D:/FYP_UE/FYP/Content/Modern_Insurgent_7/Textures/SmallArmor_Textures/T_ArmorSmall_N.uexp" 1438
"D:/FYP_UE/FYP/Content/Modern_Insurgent_7/Textures/SmallArmor_Textures/T_ArmorSmall_BC.ubulk" 1439
"D:/FYP_UE/FYP/Content/Modern_Insurgent_7/Textures/SmallArmor_Textures/T_ArmorSmall_BC.uasset" 1440
"D:/FYP_UE/FYP/Content/Modern_Insurgent_7/Textures/SmallArmor_Textures/T_ArmorSmall_BC.uexp" 1441
"D:/FYP_UE/FYP/Content/Modern_Insurgent_7/Textures/SmallArmor_Textures/T_ArmorSmall_AO_MT_R.ubulk" 1442
"D:/FYP_UE/FYP/Content/Modern_Insurgent_7/Textures/SmallArmor_Textures/T_ArmorSmall_AO_MT_R.uasset" 1443
"D:/FYP_UE/FYP/Content/Modern_Insurgent_7/Textures/SmallArmor_Textures/T_ArmorSmall_AO_MT_R.uexp" 1444
"D:/FYP_UE/FYP/Content/Modern_Insurgent_7/Materials/ArmorSmall_Materials/M_ArmorSmall_Source.uasset" 1445
"D:/FYP_UE/FYP/Content/Modern_Insurgent_7/Materials/ArmorSmall_Materials/M_ArmorSmall_Source.uexp" 1446
"D:/FYP_UE/FYP/Content/Modern_Insurgent_7/Materials/ArmorSmall_Materials/MI_ArmorSmall_Tan.uasset" 1447
"D:/FYP_UE/FYP/Content/Modern_Insurgent_7/Materials/ArmorSmall_Materials/MI_ArmorSmall_Tan.uexp" 1448
"D:/FYP_UE/FYP/Content/Modern_Insurgent_7/Textures/BalaclavaClose_Textures/T_BalaclavaClose_N.ubulk" 1449
"D:/FYP_UE/FYP/Content/Modern_Insurgent_7/Textures/BalaclavaClose_Textures/T_BalaclavaClose_N.uasset" 1450
"D:/FYP_UE/FYP/Content/Modern_Insurgent_7/Textures/BalaclavaClose_Textures/T_BalaclavaClose_N.uexp" 1451
"D:/FYP_UE/FYP/Content/Modern_Insurgent_7/Textures/BalaclavaClose_Textures/T_BalaclavaClose_BC.ubulk" 1452
"D:/FYP_UE/FYP/Content/Modern_Insurgent_7/Textures/BalaclavaClose_Textures/T_BalaclavaClose_BC.uasset" 1453
"D:/FYP_UE/FYP/Content/Modern_Insurgent_7/Textures/BalaclavaClose_Textures/T_BalaclavaClose_BC.uexp" 1454
"D:/FYP_UE/FYP/Content/Modern_Insurgent_7/Textures/BalaclavaClose_Textures/T_BalaclavaClose_AO_MT_R.ubulk" 1455
"D:/FYP_UE/FYP/Content/Modern_Insurgent_7/Textures/BalaclavaClose_Textures/T_BalaclavaClose_AO_MT_R.uasset" 1456
"D:/FYP_UE/FYP/Content/Modern_Insurgent_7/Textures/BalaclavaClose_Textures/T_BalaclavaClose_AO_MT_R.uexp" 1457
"D:/FYP_UE/FYP/Content/Modern_Insurgent_7/Materials/BalaclavaClose_Materials/M_BalaclavaClose_Source.uasset" 1458
"D:/FYP_UE/FYP/Content/Modern_Insurgent_7/Materials/BalaclavaClose_Materials/M_BalaclavaClose_Source.uexp" 1459
"D:/FYP_UE/FYP/Content/Modern_Insurgent_7/Textures/PantsMilitary_Textures/T_PantsMilitary_Camo6_BC.ubulk" 1460
"D:/FYP_UE/FYP/Content/Modern_Insurgent_7/Textures/PantsMilitary_Textures/T_PantsMilitary_Camo6_BC.uasset" 1461
"D:/FYP_UE/FYP/Content/Modern_Insurgent_7/Textures/PantsMilitary_Textures/T_PantsMilitary_Camo6_BC.uexp" 1462
"D:/FYP_UE/FYP/Content/Modern_Insurgent_7/Textures/PantsMilitary_Textures/T_PantsMilitary_N.ubulk" 1463
"D:/FYP_UE/FYP/Content/Modern_Insurgent_7/Textures/PantsMilitary_Textures/T_PantsMilitary_N.uasset" 1464
"D:/FYP_UE/FYP/Content/Modern_Insurgent_7/Textures/PantsMilitary_Textures/T_PantsMilitary_N.uexp" 1465
"D:/FYP_UE/FYP/Content/Modern_Insurgent_7/Textures/PantsMilitary_Textures/T_PantsMilitary_BC.ubulk" 1466
"D:/FYP_UE/FYP/Content/Modern_Insurgent_7/Textures/PantsMilitary_Textures/T_PantsMilitary_BC.uasset" 1467
"D:/FYP_UE/FYP/Content/Modern_Insurgent_7/Textures/PantsMilitary_Textures/T_PantsMilitary_BC.uexp" 1468
"D:/FYP_UE/FYP/Content/Modern_Insurgent_7/Textures/PantsMilitary_Textures/T_PantsMilitary_AO_MT_R.ubulk" 1469
"D:/FYP_UE/FYP/Content/Modern_Insurgent_7/Textures/PantsMilitary_Textures/T_PantsMilitary_AO_MT_R.uasset" 1470
"D:/FYP_UE/FYP/Content/Modern_Insurgent_7/Textures/PantsMilitary_Textures/T_PantsMilitary_AO_MT_R.uexp" 1471
"D:/FYP_UE/FYP/Content/Modern_Insurgent_7/Materials/PantsMilitary_Materials/M_PantsMilitary_Source.uasset" 1472
"D:/FYP_UE/FYP/Content/Modern_Insurgent_7/Materials/PantsMilitary_Materials/M_PantsMilitary_Source.uexp" 1473
"D:/FYP_UE/FYP/Content/Modern_Insurgent_7/Materials/PantsMilitary_Materials/MI_PantsMilitary_Camo6.uasset" 1474
"D:/FYP_UE/FYP/Content/Modern_Insurgent_7/Materials/PantsMilitary_Materials/MI_PantsMilitary_Camo6.uexp" 1475
"D:/FYP_UE/FYP/Content/Modern_Insurgent_7/Textures/Shoes_Textures/T_Shoes_Green_BC.ubulk" 1476
"D:/FYP_UE/FYP/Content/Modern_Insurgent_7/Textures/Shoes_Textures/T_Shoes_Green_BC.uasset" 1477
"D:/FYP_UE/FYP/Content/Modern_Insurgent_7/Textures/Shoes_Textures/T_Shoes_Green_BC.uexp" 1478
"D:/FYP_UE/FYP/Content/Modern_Insurgent_7/Textures/Shoes_Textures/T_Shoes_Tan_BC.ubulk" 1479
"D:/FYP_UE/FYP/Content/Modern_Insurgent_7/Textures/Shoes_Textures/T_Shoes_Tan_BC.uasset" 1480
"D:/FYP_UE/FYP/Content/Modern_Insurgent_7/Textures/Shoes_Textures/T_Shoes_Tan_BC.uexp" 1481
"D:/FYP_UE/FYP/Content/Modern_Insurgent_7/Textures/Shoes_Textures/T_Shoes_N.ubulk" 1482
"D:/FYP_UE/FYP/Content/Modern_Insurgent_7/Textures/Shoes_Textures/T_Shoes_N.uasset" 1483
"D:/FYP_UE/FYP/Content/Modern_Insurgent_7/Textures/Shoes_Textures/T_Shoes_N.uexp" 1484
"D:/FYP_UE/FYP/Content/Modern_Insurgent_7/Textures/Shoes_Textures/T_Shoes_AO_MT_R.ubulk" 1485
"D:/FYP_UE/FYP/Content/Modern_Insurgent_7/Textures/Shoes_Textures/T_Shoes_AO_MT_R.uasset" 1486
"D:/FYP_UE/FYP/Content/Modern_Insurgent_7/Textures/Shoes_Textures/T_Shoes_AO_MT_R.uexp" 1487
"D:/FYP_UE/FYP/Content/Modern_Insurgent_7/Materials/Shoe_Materials/M_Shoes_Source.uasset" 1488
"D:/FYP_UE/FYP/Content/Modern_Insurgent_7/Materials/Shoe_Materials/M_Shoes_Source.uexp" 1489
"D:/FYP_UE/FYP/Content/Modern_Insurgent_7/Materials/Shoe_Materials/MI_Shoes_Green.uasset" 1490
"D:/FYP_UE/FYP/Content/Modern_Insurgent_7/Materials/Shoe_Materials/MI_Shoes_Green.uexp" 1491
"D:/FYP_UE/FYP/Content/Modern_Insurgent_7/Mesh/SK_Insurgent_P7.uasset" 1492
"D:/FYP_UE/FYP/Content/Modern_Insurgent_7/Mesh/SK_Insurgent_P7.uexp" 1493
"../../../Engine/Content/EngineMaterials/Substrate/Volume/SubstrateSimpleVolumeLUT3D.uasset" 1494
"../../../Engine/Content/EngineMaterials/Substrate/Volume/SubstrateSimpleVolumeLUT3D.uexp" 1495
"../../../Engine/Content/EngineMaterials/Substrate/Volume/SubstrateSimpleVolumeEnvLUT3D.uasset" 1496
"../../../Engine/Content/EngineMaterials/Substrate/Volume/SubstrateSimpleVolumeEnvLUT3D.uexp" 1497
"../../../Engine/Content/EngineMaterials/Substrate/Glints2/AGlintTex2dArray2.uasset" 1498
"../../../Engine/Content/EngineMaterials/Substrate/Glints2/AGlintTex2dArray2.uexp" 1499
"../../../Engine/Content/EngineMaterials/Substrate/GLints/AGlintTex2dArray.uasset" 1500
"../../../Engine/Content/EngineMaterials/Substrate/GLints/AGlintTex2dArray.uexp" 1501
"../../../Engine/Content/ArtTools/RenderToTexture/Meshes/S_1_Unit_Plane.ubulk" 1502
"../../../Engine/Content/ArtTools/RenderToTexture/Meshes/S_1_Unit_Plane.uasset" 1503
"../../../Engine/Content/ArtTools/RenderToTexture/Meshes/S_1_Unit_Plane.uexp" 1504
"D:/FYP_UE/FYP/Content/MOUT_Fabrication/Meshes/Airfield/HangarAssets/SM_Hangar_Wall.ubulk" 1505
"D:/FYP_UE/FYP/Content/MOUT_Fabrication/Meshes/Airfield/HangarAssets/SM_Hangar_Wall.uasset" 1506
"D:/FYP_UE/FYP/Content/MOUT_Fabrication/Meshes/Airfield/HangarAssets/SM_Hangar_Wall.uexp" 1507
"D:/FYP_UE/FYP/Content/MOUT_Fabrication/Meshes/Airfield/HangarAssets/SM_Hangar_Sliding_Door_01.ubulk" 1508
"D:/FYP_UE/FYP/Content/MOUT_Fabrication/Meshes/Airfield/HangarAssets/SM_Hangar_Sliding_Door_01.uasset" 1509
"D:/FYP_UE/FYP/Content/MOUT_Fabrication/Meshes/Airfield/HangarAssets/SM_Hangar_Sliding_Door_01.uexp" 1510
"D:/FYP_UE/FYP/Content/MOUT_Fabrication/Meshes/Airfield/HangarAssets/SM_Hangar_Frame_02.ubulk" 1511
"D:/FYP_UE/FYP/Content/MOUT_Fabrication/Meshes/Airfield/HangarAssets/SM_Hangar_Frame_02.uasset" 1512
"D:/FYP_UE/FYP/Content/MOUT_Fabrication/Meshes/Airfield/HangarAssets/SM_Hangar_Frame_02.uexp" 1513
"../../../Engine/Plugins/NNE/NNEDenoiser/Content/NNE_oidn2-3-0_rt_hdr_alb_nrm_small__dyn__fp16_opset11_DenoiseAlpha.uasset" 1514
"../../../Engine/Plugins/NNE/NNEDenoiser/Content/NNE_oidn2-3-0_rt_hdr_alb_nrm_small__dyn__fp16_opset11_DenoiseAlpha.uexp" 1515
"../../../Engine/Plugins/NNE/NNEDenoiser/Content/NNE_oidn2-3-0_rt_hdr_alb_nrm_small__dyn__fp16_opset11_ForwardAlpha.uasset" 1516
"../../../Engine/Plugins/NNE/NNEDenoiser/Content/NNE_oidn2-3-0_rt_hdr_alb_nrm_small__dyn__fp16_opset11_ForwardAlpha.uexp" 1517
"../../../Engine/Plugins/NNE/NNEDenoiser/Content/NNE_oidn2-3-0_rt_hdr_alb_nrm__dyn__fp16_opset11_DenoiseAlpha.uasset" 1518
"../../../Engine/Plugins/NNE/NNEDenoiser/Content/NNE_oidn2-3-0_rt_hdr_alb_nrm__dyn__fp16_opset11_DenoiseAlpha.uexp" 1519
"../../../Engine/Plugins/NNE/NNEDenoiser/Content/NNE_oidn2-3-0_rt_hdr_alb_nrm__dyn__fp16_opset11_ForwardAlpha.uasset" 1520
"../../../Engine/Plugins/NNE/NNEDenoiser/Content/NNE_oidn2-3-0_rt_hdr_alb_nrm__dyn__fp16_opset11_ForwardAlpha.uexp" 1521
"../../../Engine/Plugins/NNE/NNEDenoiser/Content/NNE_oidn2-3-0_rt_hdr_calb_cnrm_large__dyn__fp16_opset11_DenoiseAlpha.uasset" 1522
"../../../Engine/Plugins/NNE/NNEDenoiser/Content/NNE_oidn2-3-0_rt_hdr_calb_cnrm_large__dyn__fp16_opset11_DenoiseAlpha.uexp" 1523
"../../../Engine/Plugins/NNE/NNEDenoiser/Content/NNE_oidn2-3-0_rt_hdr_calb_cnrm_large__dyn__fp16_opset11_ForwardAlpha.uasset" 1524
"../../../Engine/Plugins/NNE/NNEDenoiser/Content/NNE_oidn2-3-0_rt_hdr_calb_cnrm_large__dyn__fp16_opset11_ForwardAlpha.uexp" 1525
"D:/FYP_UE/FYP/Content/ThirdPerson/LevelSequenceCinema.uasset" 1526
"D:/FYP_UE/FYP/Content/ThirdPerson/LevelSequenceCinema.uexp" 1527
"D:/FYP_UE/FYP/Content/ThirdPerson/lll_LevelSequence.uasset" 1528
"D:/FYP_UE/FYP/Content/ThirdPerson/lll_LevelSequence.uexp" 1529
"../../../Engine/Content/VREditor/Sounds/UI/Drop_Item_From_ContentBrowser.ubulk" 1530
"../../../Engine/Content/VREditor/Sounds/UI/Drop_Item_From_ContentBrowser.uasset" 1531
"../../../Engine/Content/VREditor/Sounds/UI/Drop_Item_From_ContentBrowser.uexp" 1532
"../../../Engine/Content/VREditor/TransformGizmo/TransformGizmoMaterial_Inst.uasset" 1533
"../../../Engine/Content/VREditor/TransformGizmo/TransformGizmoMaterial_Inst.uexp" 1534
"../../../Engine/Content/VREditor/TransformGizmo/TranslucentTransformGizmoMaterial_Inst.uasset" 1535
"../../../Engine/Content/VREditor/TransformGizmo/TranslucentTransformGizmoMaterial_Inst.uexp" 1536
"../../../Engine/Content/Functions/Engine_MaterialFunctions02/SplitComponents.uasset" 1537
"../../../Engine/Content/Functions/Engine_MaterialFunctions02/SplitComponents.uexp" 1538
"../../../Engine/Content/VREditor/SnapGrid/SnapGridMaterial.uasset" 1539
"../../../Engine/Content/VREditor/SnapGrid/SnapGridMaterial.uexp" 1540
"../../../Engine/Content/VREditor/SnapGrid/SnapGridPlaneMesh.ubulk" 1541
"../../../Engine/Content/VREditor/SnapGrid/SnapGridPlaneMesh.uasset" 1542
"../../../Engine/Content/VREditor/SnapGrid/SnapGridPlaneMesh.uexp" 1543
"../../../Engine/Content/VREditor/Sounds/UI/Gizmo_Handle_Clicked.ubulk" 1544
"../../../Engine/Content/VREditor/Sounds/UI/Gizmo_Handle_Clicked.uasset" 1545
"../../../Engine/Content/VREditor/Sounds/UI/Gizmo_Handle_Clicked.uexp" 1546
"../../../Engine/Content/VREditor/Sounds/UI/Object_PickUp.ubulk" 1547
"../../../Engine/Content/VREditor/Sounds/UI/Object_PickUp.uasset" 1548
"../../../Engine/Content/VREditor/Sounds/UI/Object_PickUp.uexp" 1549
"../../../Engine/Content/VREditor/Sounds/UI/Object_Snaps_To_Another_Actor.ubulk" 1550
"../../../Engine/Content/VREditor/Sounds/UI/Object_Snaps_To_Another_Actor.uasset" 1551
"../../../Engine/Content/VREditor/Sounds/UI/Object_Snaps_To_Another_Actor.uexp" 1552
"../../../Engine/Content/VREditor/Sounds/UI/Object_Snaps_To_Grid.ubulk" 1553
"../../../Engine/Content/VREditor/Sounds/UI/Object_Snaps_To_Grid.uasset" 1554
"../../../Engine/Content/VREditor/Sounds/UI/Object_Snaps_To_Grid.uexp" 1555
"../../../Engine/Content/VREditor/Sounds/UI/Scaling_Down.ubulk" 1556
"../../../Engine/Content/VREditor/Sounds/UI/Scaling_Down.uasset" 1557
"../../../Engine/Content/VREditor/Sounds/UI/Scaling_Down.uexp" 1558
"../../../Engine/Content/VREditor/Sounds/UI/Scaling_Up.ubulk" 1559
"../../../Engine/Content/VREditor/Sounds/UI/Scaling_Up.uasset" 1560
"../../../Engine/Content/VREditor/Sounds/UI/Scaling_Up.uexp" 1561
"../../../Engine/Content/VREditor/Sounds/UI/Selection_Changes.ubulk" 1562
"../../../Engine/Content/VREditor/Sounds/UI/Selection_Changes.uasset" 1563
"../../../Engine/Content/VREditor/Sounds/UI/Selection_Changes.uexp" 1564
"../../../Engine/Content/VREditor/TransformGizmo/PlaneTranslationHandle.ubulk" 1565
"../../../Engine/Content/VREditor/TransformGizmo/PlaneTranslationHandle.uasset" 1566
"../../../Engine/Content/VREditor/TransformGizmo/PlaneTranslationHandle.uexp" 1567
"../../../Engine/Content/VREditor/TransformGizmo/RotationHandleFull.ubulk" 1568
"../../../Engine/Content/VREditor/TransformGizmo/RotationHandleFull.uasset" 1569
"../../../Engine/Content/VREditor/TransformGizmo/RotationHandleFull.uexp" 1570
"../../../Engine/Content/VREditor/TransformGizmo/RotationHandleIndicator.ubulk" 1571
"../../../Engine/Content/VREditor/TransformGizmo/RotationHandleIndicator.uasset" 1572
"../../../Engine/Content/VREditor/TransformGizmo/RotationHandleIndicator.uexp" 1573
"../../../Engine/Content/VREditor/TransformGizmo/RotationHandleQuarter.ubulk" 1574
"../../../Engine/Content/VREditor/TransformGizmo/RotationHandleQuarter.uasset" 1575
"../../../Engine/Content/VREditor/TransformGizmo/RotationHandleQuarter.uexp" 1576
"../../../Engine/Content/VREditor/TransformGizmo/StartRotationHandleIndicator.ubulk" 1577
"../../../Engine/Content/VREditor/TransformGizmo/StartRotationHandleIndicator.uasset" 1578
"../../../Engine/Content/VREditor/TransformGizmo/StartRotationHandleIndicator.uexp" 1579
"../../../Engine/Content/VREditor/TransformGizmo/TransformGizmoFreeRotation.ubulk" 1580
"../../../Engine/Content/VREditor/TransformGizmo/TransformGizmoFreeRotation.uasset" 1581
"../../../Engine/Content/VREditor/TransformGizmo/TransformGizmoFreeRotation.uexp" 1582
"../../../Engine/Content/VREditor/TransformGizmo/TranslateArrowHandle.ubulk" 1583
"../../../Engine/Content/VREditor/TransformGizmo/TranslateArrowHandle.uasset" 1584
"../../../Engine/Content/VREditor/TransformGizmo/TranslateArrowHandle.uexp" 1585
"../../../Engine/Content/VREditor/TransformGizmo/UniformScaleHandle.ubulk" 1586
"../../../Engine/Content/VREditor/TransformGizmo/UniformScaleHandle.uasset" 1587
"../../../Engine/Content/VREditor/TransformGizmo/UniformScaleHandle.uexp" 1588
"../../../Engine/Plugins/Animation/DeformerGraph/Content/DeformerFunctions/DG_Function_LinearBlendSkin_Morph_Cloth.uasset" 1589
"../../../Engine/Plugins/Animation/DeformerGraph/Content/DeformerFunctions/DG_Function_LinearBlendSkin_Morph_Cloth.uexp" 1590
"../../../Engine/Plugins/Animation/DeformerGraph/Content/Deformers/DG_LinearBlendSkin_Morph_Cloth.uasset" 1591
"../../../Engine/Plugins/Animation/DeformerGraph/Content/Deformers/DG_LinearBlendSkin_Morph_Cloth.uexp" 1592
"../../../Engine/Plugins/Animation/DeformerGraph/Content/DeformerFunctions/DG_Function_LinearBlendSkin_Morph_Cloth_PositionOnly.uasset" 1593
"../../../Engine/Plugins/Animation/DeformerGraph/Content/DeformerFunctions/DG_Function_LinearBlendSkin_Morph_Cloth_PositionOnly.uexp" 1594
"../../../Engine/Plugins/Animation/DeformerGraph/Content/DeformerFunctions/DG_Function_ComputeNormalsTangents.uasset" 1595
"../../../Engine/Plugins/Animation/DeformerGraph/Content/DeformerFunctions/DG_Function_ComputeNormalsTangents.uexp" 1596
"../../../Engine/Plugins/Animation/DeformerGraph/Content/Deformers/DG_LinearBlendSkin_Morph_Cloth_RecomputeNormals.uasset" 1597
"../../../Engine/Plugins/Animation/DeformerGraph/Content/Deformers/DG_LinearBlendSkin_Morph_Cloth_RecomputeNormals.uexp" 1598
"../../../Engine/Content/EngineResources/LandscapeVisibilityLayerInfo.uasset" 1599
"../../../Engine/Content/EngineResources/LandscapeVisibilityLayerInfo.uexp" 1600
"../../../Engine/Plugins/NNE/NNEDenoiser/Content/NNEDT_Oidn2-3_Balanced.uasset" 1601
"../../../Engine/Plugins/NNE/NNEDenoiser/Content/NNEDT_Oidn2-3_Balanced.uexp" 1602
"../../../Engine/Plugins/NNE/NNEDenoiser/Content/NNEDT_Oidn2-3_Balanced_Alpha.uasset" 1603
"../../../Engine/Plugins/NNE/NNEDenoiser/Content/NNEDT_Oidn2-3_Balanced_Alpha.uexp" 1604
"../../../Engine/Plugins/NNE/NNEDenoiser/Content/NNED_Oidn2-3_Balanced.uasset" 1605
"../../../Engine/Plugins/NNE/NNEDenoiser/Content/NNED_Oidn2-3_Balanced.uexp" 1606
"../../../Engine/Plugins/NNE/NNEDenoiser/Content/NNED_Oidn2-3_Balanced_Alpha.uasset" 1607
"../../../Engine/Plugins/NNE/NNEDenoiser/Content/NNED_Oidn2-3_Balanced_Alpha.uexp" 1608
"../../../Engine/Plugins/NNE/NNEDenoiser/Content/NNED_Oidn2-3_Fast.uasset" 1609
"../../../Engine/Plugins/NNE/NNEDenoiser/Content/NNED_Oidn2-3_Fast.uexp" 1610
"../../../Engine/Plugins/NNE/NNEDenoiser/Content/NNED_Oidn2-3_Fast_Alpha.uasset" 1611
"../../../Engine/Plugins/NNE/NNEDenoiser/Content/NNED_Oidn2-3_Fast_Alpha.uexp" 1612
"../../../Engine/Plugins/NNE/NNEDenoiser/Content/NNED_Oidn2-3_HighQuality.uasset" 1613
"../../../Engine/Plugins/NNE/NNEDenoiser/Content/NNED_Oidn2-3_HighQuality.uexp" 1614
"../../../Engine/Plugins/NNE/NNEDenoiser/Content/NNED_Oidn2-3_HighQuality_Alpha.uasset" 1615
"../../../Engine/Plugins/NNE/NNEDenoiser/Content/NNED_Oidn2-3_HighQuality_Alpha.uexp" 1616
"../../../Engine/Content/Maps/Entry_BuiltData.uasset" 1617
"../../../Engine/Content/Maps/Entry_BuiltData.uexp" 1618
"../../../Engine/Content/Maps/Entry.uexp" 1619
"../../../Engine/Content/Maps/Entry.umap" 1620
"D:/FYP_UE/FYP/Content/BP_MainMenuGameMode.uasset" 1621
"D:/FYP_UE/FYP/Content/BP_MainMenuGameMode.uexp" 1622
"D:/FYP_UE/FYP/Content/ThirdPerson/sparks.uasset" 1623
"D:/FYP_UE/FYP/Content/ThirdPerson/sparks.uexp" 1624
"D:/FYP_UE/FYP/Content/ThirdPerson/Menu.uasset" 1625
"D:/FYP_UE/FYP/Content/ThirdPerson/Menu.uexp" 1626
"D:/FYP_UE/FYP/Content/PCKeyboardMouseIconPack/Textures/T_Keyboard1.uasset" 1627
"D:/FYP_UE/FYP/Content/PCKeyboardMouseIconPack/Textures/T_Keyboard1.uexp" 1628
"D:/FYP_UE/FYP/Content/PCKeyboardMouseIconPack/Textures/T_Keyboard2.uasset" 1629
"D:/FYP_UE/FYP/Content/PCKeyboardMouseIconPack/Textures/T_Keyboard2.uexp" 1630
"D:/FYP_UE/FYP/Content/PCKeyboardMouseIconPack/Textures/T_Keyboard3.uasset" 1631
"D:/FYP_UE/FYP/Content/PCKeyboardMouseIconPack/Textures/T_Keyboard3.uexp" 1632
"D:/FYP_UE/FYP/Content/PCKeyboardMouseIconPack/Textures/T_KeyboardA.uasset" 1633
"D:/FYP_UE/FYP/Content/PCKeyboardMouseIconPack/Textures/T_KeyboardA.uexp" 1634
"D:/FYP_UE/FYP/Content/PCKeyboardMouseIconPack/Textures/T_KeyboardC.uasset" 1635
"D:/FYP_UE/FYP/Content/PCKeyboardMouseIconPack/Textures/T_KeyboardC.uexp" 1636
"D:/FYP_UE/FYP/Content/PCKeyboardMouseIconPack/Textures/T_KeyboardD.uasset" 1637
"D:/FYP_UE/FYP/Content/PCKeyboardMouseIconPack/Textures/T_KeyboardD.uexp" 1638
"D:/FYP_UE/FYP/Content/PCKeyboardMouseIconPack/Textures/T_KeyboardE.uasset" 1639
"D:/FYP_UE/FYP/Content/PCKeyboardMouseIconPack/Textures/T_KeyboardE.uexp" 1640
"D:/FYP_UE/FYP/Content/PCKeyboardMouseIconPack/Textures/T_KeyboardP.uasset" 1641
"D:/FYP_UE/FYP/Content/PCKeyboardMouseIconPack/Textures/T_KeyboardP.uexp" 1642
"D:/FYP_UE/FYP/Content/PCKeyboardMouseIconPack/Textures/T_KeyboardS.uasset" 1643
"D:/FYP_UE/FYP/Content/PCKeyboardMouseIconPack/Textures/T_KeyboardS.uexp" 1644
"D:/FYP_UE/FYP/Content/PCKeyboardMouseIconPack/Textures/T_KeyboardShift.uasset" 1645
"D:/FYP_UE/FYP/Content/PCKeyboardMouseIconPack/Textures/T_KeyboardShift.uexp" 1646
"D:/FYP_UE/FYP/Content/PCKeyboardMouseIconPack/Textures/T_KeyboardW.uasset" 1647
"D:/FYP_UE/FYP/Content/PCKeyboardMouseIconPack/Textures/T_KeyboardW.uexp" 1648
"D:/FYP_UE/FYP/Content/PCKeyboardMouseIconPack/Textures/T_MouseDefault.uasset" 1649
"D:/FYP_UE/FYP/Content/PCKeyboardMouseIconPack/Textures/T_MouseDefault.uexp" 1650
"D:/FYP_UE/FYP/Content/PCKeyboardMouseIconPack/Textures/T_MouseLeftClick.uasset" 1651
"D:/FYP_UE/FYP/Content/PCKeyboardMouseIconPack/Textures/T_MouseLeftClick.uexp" 1652
"D:/FYP_UE/FYP/Content/PCKeyboardMouseIconPack/Textures/T_MouseRightClick.uasset" 1653
"D:/FYP_UE/FYP/Content/PCKeyboardMouseIconPack/Textures/T_MouseRightClick.uexp" 1654
"D:/FYP_UE/FYP/Content/PCKeyboardMouseIconPack/Textures/T_MouseScroll.uasset" 1655
"D:/FYP_UE/FYP/Content/PCKeyboardMouseIconPack/Textures/T_MouseScroll.uexp" 1656
"D:/FYP_UE/FYP/Content/ThirdPerson/UI/Font/Impacted2_0.uexp" 1657
"D:/FYP_UE/FYP/Content/ThirdPerson/UI/Font/Impacted2_0.uasset" 1658
"D:/FYP_UE/FYP/Content/ThirdPerson/UI/Font/Impacted2_0.ufont" 1659
"D:/FYP_UE/FYP/Content/ThirdPerson/UI/Font/Impacted2_0_Font.uasset" 1660
"D:/FYP_UE/FYP/Content/ThirdPerson/UI/Font/Impacted2_0_Font.uexp" 1661
"D:/FYP_UE/FYP/Content/ThirdPerson/UI/Font/DCC_-_Ash.uexp" 1662
"D:/FYP_UE/FYP/Content/ThirdPerson/UI/Font/DCC_-_Ash.uasset" 1663
"D:/FYP_UE/FYP/Content/ThirdPerson/UI/Font/DCC_-_Ash.ufont" 1664
"D:/FYP_UE/FYP/Content/ThirdPerson/UI/Font/DCC_-_Ash_Font.uasset" 1665
"D:/FYP_UE/FYP/Content/ThirdPerson/UI/Font/DCC_-_Ash_Font.uexp" 1666
"D:/FYP_UE/FYP/Content/ThirdPerson/UI/WB_Tutorial.uasset" 1667
"D:/FYP_UE/FYP/Content/ThirdPerson/UI/WB_Tutorial.uexp" 1668
"D:/FYP_UE/FYP/Content/ThirdPerson/SFX/Press_Button.ubulk" 1669
"D:/FYP_UE/FYP/Content/ThirdPerson/SFX/Press_Button.uasset" 1670
"D:/FYP_UE/FYP/Content/ThirdPerson/SFX/Press_Button.uexp" 1671
"../../../Engine/Plugins/2D/Paper2D/Content/MaskedUnlitSpriteMaterial.uasset" 1672
"../../../Engine/Plugins/2D/Paper2D/Content/MaskedUnlitSpriteMaterial.uexp" 1673
"../../../Engine/Plugins/2D/Paper2D/Content/TranslucentUnlitSpriteMaterial.uasset" 1674
"../../../Engine/Plugins/2D/Paper2D/Content/TranslucentUnlitSpriteMaterial.uexp" 1675
"D:/FYP_UE/FYP/Content/UI_CrosshairFreePack/Textures/T_CH006.ubulk" 1676
"D:/FYP_UE/FYP/Content/UI_CrosshairFreePack/Textures/T_CH006.uasset" 1677
"D:/FYP_UE/FYP/Content/UI_CrosshairFreePack/Textures/T_CH006.uexp" 1678
"D:/FYP_UE/FYP/Content/UI_CrosshairFreePack/Textures/T_CH006_Sprite.uasset" 1679
"D:/FYP_UE/FYP/Content/UI_CrosshairFreePack/Textures/T_CH006_Sprite.uexp" 1680
"D:/FYP_UE/FYP/Content/Realistic_Starter_VFX_Pack_Vol2/Vectorfields/VectorField_A.uasset" 1681
"D:/FYP_UE/FYP/Content/Realistic_Starter_VFX_Pack_Vol2/Vectorfields/VectorField_A.uexp" 1682
"D:/FYP_UE/FYP/Content/Realistic_Starter_VFX_Pack_Vol2/Textures/T_Flare_A.ubulk" 1683
"D:/FYP_UE/FYP/Content/Realistic_Starter_VFX_Pack_Vol2/Textures/T_Flare_A.uasset" 1684
"D:/FYP_UE/FYP/Content/Realistic_Starter_VFX_Pack_Vol2/Textures/T_Flare_A.uexp" 1685
"D:/FYP_UE/FYP/Content/Realistic_Starter_VFX_Pack_Vol2/Textures/T_Spark_B.uasset" 1686
"D:/FYP_UE/FYP/Content/Realistic_Starter_VFX_Pack_Vol2/Textures/T_Spark_B.uexp" 1687
"D:/FYP_UE/FYP/Content/Realistic_Starter_VFX_Pack_Vol2/Materials/M_Glow_C.uasset" 1688
"D:/FYP_UE/FYP/Content/Realistic_Starter_VFX_Pack_Vol2/Materials/M_Glow_C.uexp" 1689
"D:/FYP_UE/FYP/Content/Realistic_Starter_VFX_Pack_Vol2/Materials/M_Glow_C_Inst.uasset" 1690
"D:/FYP_UE/FYP/Content/Realistic_Starter_VFX_Pack_Vol2/Materials/M_Glow_C_Inst.uexp" 1691
"D:/FYP_UE/FYP/Content/Realistic_Starter_VFX_Pack_Vol2/Textures/T_Smoke_B.ubulk" 1692
"D:/FYP_UE/FYP/Content/Realistic_Starter_VFX_Pack_Vol2/Textures/T_Smoke_B.uasset" 1693
"D:/FYP_UE/FYP/Content/Realistic_Starter_VFX_Pack_Vol2/Textures/T_Smoke_B.uexp" 1694
"D:/FYP_UE/FYP/Content/Realistic_Starter_VFX_Pack_Vol2/Materials/M_Smoke_A.uasset" 1695
"D:/FYP_UE/FYP/Content/Realistic_Starter_VFX_Pack_Vol2/Materials/M_Smoke_A.uexp" 1696
"D:/FYP_UE/FYP/Content/Realistic_Starter_VFX_Pack_Vol2/Textures/T_Epxlosion_B_packed.ubulk" 1697
"D:/FYP_UE/FYP/Content/Realistic_Starter_VFX_Pack_Vol2/Textures/T_Epxlosion_B_packed.uasset" 1698
"D:/FYP_UE/FYP/Content/Realistic_Starter_VFX_Pack_Vol2/Textures/T_Epxlosion_B_packed.uexp" 1699
"D:/FYP_UE/FYP/Content/Realistic_Starter_VFX_Pack_Vol2/Textures/T_Epxlosion_B_color.ubulk" 1700
"D:/FYP_UE/FYP/Content/Realistic_Starter_VFX_Pack_Vol2/Textures/T_Epxlosion_B_color.uasset" 1701
"D:/FYP_UE/FYP/Content/Realistic_Starter_VFX_Pack_Vol2/Textures/T_Epxlosion_B_color.uexp" 1702
"D:/FYP_UE/FYP/Content/Realistic_Starter_VFX_Pack_Vol2/Materials/M_Explosion_B.uasset" 1703
"D:/FYP_UE/FYP/Content/Realistic_Starter_VFX_Pack_Vol2/Materials/M_Explosion_B.uexp" 1704
"D:/FYP_UE/FYP/Content/Realistic_Starter_VFX_Pack_Vol2/Textures/T_Smoke_Wisp.ubulk" 1705
"D:/FYP_UE/FYP/Content/Realistic_Starter_VFX_Pack_Vol2/Textures/T_Smoke_Wisp.uasset" 1706
"D:/FYP_UE/FYP/Content/Realistic_Starter_VFX_Pack_Vol2/Textures/T_Smoke_Wisp.uexp" 1707
"D:/FYP_UE/FYP/Content/Realistic_Starter_VFX_Pack_Vol2/Materials/M_Smoke_Wisp.uasset" 1708
"D:/FYP_UE/FYP/Content/Realistic_Starter_VFX_Pack_Vol2/Materials/M_Smoke_Wisp.uexp" 1709
"D:/FYP_UE/FYP/Content/Realistic_Starter_VFX_Pack_Vol2/Textures/T_Rocks_NM.uasset" 1710
"D:/FYP_UE/FYP/Content/Realistic_Starter_VFX_Pack_Vol2/Textures/T_Rocks_NM.uexp" 1711
"D:/FYP_UE/FYP/Content/Realistic_Starter_VFX_Pack_Vol2/Textures/T_Rocks.ubulk" 1712
"D:/FYP_UE/FYP/Content/Realistic_Starter_VFX_Pack_Vol2/Textures/T_Rocks.uasset" 1713
"D:/FYP_UE/FYP/Content/Realistic_Starter_VFX_Pack_Vol2/Textures/T_Rocks.uexp" 1714
"D:/FYP_UE/FYP/Content/Realistic_Starter_VFX_Pack_Vol2/Materials/M_Rock_B.uasset" 1715
"D:/FYP_UE/FYP/Content/Realistic_Starter_VFX_Pack_Vol2/Materials/M_Rock_B.uexp" 1716
"../../../Engine/Content/Functions/Engine_MaterialFunctions01/Gradient/SphereGradient-2D.uasset" 1717
"../../../Engine/Content/Functions/Engine_MaterialFunctions01/Gradient/SphereGradient-2D.uexp" 1718
"D:/FYP_UE/FYP/Content/Realistic_Starter_VFX_Pack_Vol2/Textures/T_NoiseNormal_B.ubulk" 1719
"D:/FYP_UE/FYP/Content/Realistic_Starter_VFX_Pack_Vol2/Textures/T_NoiseNormal_B.uasset" 1720
"D:/FYP_UE/FYP/Content/Realistic_Starter_VFX_Pack_Vol2/Textures/T_NoiseNormal_B.uexp" 1721
"D:/FYP_UE/FYP/Content/Realistic_Starter_VFX_Pack_Vol2/Materials/M_Distortion.uasset" 1722
"D:/FYP_UE/FYP/Content/Realistic_Starter_VFX_Pack_Vol2/Materials/M_Distortion.uexp" 1723
"D:/FYP_UE/FYP/Content/Realistic_Starter_VFX_Pack_Vol2/Textures/T_Impact.ubulk" 1724
"D:/FYP_UE/FYP/Content/Realistic_Starter_VFX_Pack_Vol2/Textures/T_Impact.uasset" 1725
"D:/FYP_UE/FYP/Content/Realistic_Starter_VFX_Pack_Vol2/Textures/T_Impact.uexp" 1726
"D:/FYP_UE/FYP/Content/Realistic_Starter_VFX_Pack_Vol2/Materials/M_Impact_C.uasset" 1727
"D:/FYP_UE/FYP/Content/Realistic_Starter_VFX_Pack_Vol2/Materials/M_Impact_C.uexp" 1728
"D:/FYP_UE/FYP/Content/Realistic_Starter_VFX_Pack_Vol2/Particles/Explosion/P_Explosion_Big_A.uasset" 1729
"D:/FYP_UE/FYP/Content/Realistic_Starter_VFX_Pack_Vol2/Particles/Explosion/P_Explosion_Big_A.uexp" 1730
"../../../Engine/Content/Functions/Engine_MaterialFunctions02/Texturing/CustomRotator.uasset" 1731
"../../../Engine/Content/Functions/Engine_MaterialFunctions02/Texturing/CustomRotator.uexp" 1732
"D:/FYP_UE/FYP/Content/Realistic_Starter_VFX_Pack_Vol2/Textures/T_Dirt_C.ubulk" 1733
"D:/FYP_UE/FYP/Content/Realistic_Starter_VFX_Pack_Vol2/Textures/T_Dirt_C.uasset" 1734
"D:/FYP_UE/FYP/Content/Realistic_Starter_VFX_Pack_Vol2/Textures/T_Dirt_C.uexp" 1735
"D:/FYP_UE/FYP/Content/Realistic_Starter_VFX_Pack_Vol2/Materials/M_Dirt_A.uasset" 1736
"D:/FYP_UE/FYP/Content/Realistic_Starter_VFX_Pack_Vol2/Materials/M_Dirt_A.uexp" 1737
"../../../Engine/Content/Functions/Engine_MaterialFunctions01/Density/ExponentialDensity.uasset" 1738
"../../../Engine/Content/Functions/Engine_MaterialFunctions01/Density/ExponentialDensity.uexp" 1739
"../../../Engine/Content/Functions/Engine_MaterialFunctions01/Gradient/RadialGradientExponential.uasset" 1740
"../../../Engine/Content/Functions/Engine_MaterialFunctions01/Gradient/RadialGradientExponential.uexp" 1741
"D:/FYP_UE/FYP/Content/Realistic_Starter_VFX_Pack_Vol2/Materials/M_Snow.uasset" 1742
"D:/FYP_UE/FYP/Content/Realistic_Starter_VFX_Pack_Vol2/Materials/M_Snow.uexp" 1743
"D:/FYP_UE/FYP/Content/Realistic_Starter_VFX_Pack_Vol2/Textures/T_Splash_A.ubulk" 1744
"D:/FYP_UE/FYP/Content/Realistic_Starter_VFX_Pack_Vol2/Textures/T_Splash_A.uasset" 1745
"D:/FYP_UE/FYP/Content/Realistic_Starter_VFX_Pack_Vol2/Textures/T_Splash_A.uexp" 1746
"D:/FYP_UE/FYP/Content/Realistic_Starter_VFX_Pack_Vol2/Materials/M_Blood_C.uasset" 1747
"D:/FYP_UE/FYP/Content/Realistic_Starter_VFX_Pack_Vol2/Materials/M_Blood_C.uexp" 1748
"D:/FYP_UE/FYP/Content/Realistic_Starter_VFX_Pack_Vol2/Particles/Blood/P_Blood_Splat_Cone.uasset" 1749
"D:/FYP_UE/FYP/Content/Realistic_Starter_VFX_Pack_Vol2/Particles/Blood/P_Blood_Splat_Cone.uexp" 1750
"D:/FYP_UE/FYP/Content/UI_FlatIconsFreeSamplePack/512/T_Flag_512.uasset" 1751
"D:/FYP_UE/FYP/Content/UI_FlatIconsFreeSamplePack/512/T_Flag_512.uexp" 1752
"D:/FYP_UE/FYP/Content/UI_FlatIconsFreeSamplePack/512/T_Flag_512_Sprite.uasset" 1753
"D:/FYP_UE/FYP/Content/UI_FlatIconsFreeSamplePack/512/T_Flag_512_Sprite.uexp" 1754
"D:/FYP_UE/FYP/Content/ThirdPerson/Blueprints/outline.uasset" 1755
"D:/FYP_UE/FYP/Content/ThirdPerson/Blueprints/outline.uexp" 1756
"D:/FYP_UE/FYP/Content/ThirdPerson/Blueprints/CharacterBPInterface.uasset" 1757
"D:/FYP_UE/FYP/Content/ThirdPerson/Blueprints/CharacterBPInterface.uexp" 1758
"../../../Engine/Plugins/Interchange/Assets/Content/gltf/MaterialInstances/MI_Default_Opaque_DS.uasset" 1759
"../../../Engine/Plugins/Interchange/Assets/Content/gltf/MaterialInstances/MI_Default_Opaque_DS.uexp" 1760
"D:/FYP_UE/FYP/Content/ThirdPerson/Blueprints/document_file_folder/Textures/document_file_folder_texture_0.ubulk" 1761
"D:/FYP_UE/FYP/Content/ThirdPerson/Blueprints/document_file_folder/Textures/document_file_folder_texture_0.uasset" 1762
"D:/FYP_UE/FYP/Content/ThirdPerson/Blueprints/document_file_folder/Textures/document_file_folder_texture_0.uexp" 1763
"D:/FYP_UE/FYP/Content/ThirdPerson/Blueprints/document_file_folder/Textures/document_file_folder_texture_1.ubulk" 1764
"D:/FYP_UE/FYP/Content/ThirdPerson/Blueprints/document_file_folder/Textures/document_file_folder_texture_1.uasset" 1765
"D:/FYP_UE/FYP/Content/ThirdPerson/Blueprints/document_file_folder/Textures/document_file_folder_texture_1.uexp" 1766
"D:/FYP_UE/FYP/Content/ThirdPerson/Blueprints/document_file_folder/Textures/document_file_folder_texture_2.ubulk" 1767
"D:/FYP_UE/FYP/Content/ThirdPerson/Blueprints/document_file_folder/Textures/document_file_folder_texture_2.uasset" 1768
"D:/FYP_UE/FYP/Content/ThirdPerson/Blueprints/document_file_folder/Textures/document_file_folder_texture_2.uexp" 1769
"D:/FYP_UE/FYP/Content/ThirdPerson/Blueprints/document_file_folder/Materials/A4_Paper_StackShape.uasset" 1770
"D:/FYP_UE/FYP/Content/ThirdPerson/Blueprints/document_file_folder/Materials/A4_Paper_StackShape.uexp" 1771
"D:/FYP_UE/FYP/Content/ThirdPerson/Blueprints/document_file_folder/StaticMeshes/A4_Paper_StackShape_8_0.ubulk" 1772
"D:/FYP_UE/FYP/Content/ThirdPerson/Blueprints/document_file_folder/StaticMeshes/A4_Paper_StackShape_8_0.uasset" 1773
"D:/FYP_UE/FYP/Content/ThirdPerson/Blueprints/document_file_folder/StaticMeshes/A4_Paper_StackShape_8_0.uexp" 1774
"D:/FYP_UE/FYP/Content/ThirdPerson/Blueprints/document_file_folder/Materials/A4_Page3Shape.uasset" 1775
"D:/FYP_UE/FYP/Content/ThirdPerson/Blueprints/document_file_folder/Materials/A4_Page3Shape.uexp" 1776
"D:/FYP_UE/FYP/Content/ThirdPerson/Blueprints/document_file_folder/StaticMeshes/A4_Page3Shape_2_0.ubulk" 1777
"D:/FYP_UE/FYP/Content/ThirdPerson/Blueprints/document_file_folder/StaticMeshes/A4_Page3Shape_2_0.uasset" 1778
"D:/FYP_UE/FYP/Content/ThirdPerson/Blueprints/document_file_folder/StaticMeshes/A4_Page3Shape_2_0.uexp" 1779
"D:/FYP_UE/FYP/Content/ThirdPerson/Blueprints/document_file_folder/Materials/A4_Page2Shape.uasset" 1780
"D:/FYP_UE/FYP/Content/ThirdPerson/Blueprints/document_file_folder/Materials/A4_Page2Shape.uexp" 1781
"D:/FYP_UE/FYP/Content/ThirdPerson/Blueprints/document_file_folder/StaticMeshes/A4_Page2Shape_4_0.ubulk" 1782
"D:/FYP_UE/FYP/Content/ThirdPerson/Blueprints/document_file_folder/StaticMeshes/A4_Page2Shape_4_0.uasset" 1783
"D:/FYP_UE/FYP/Content/ThirdPerson/Blueprints/document_file_folder/StaticMeshes/A4_Page2Shape_4_0.uexp" 1784
"D:/FYP_UE/FYP/Content/ThirdPerson/Blueprints/document_file_folder/Materials/A4_Page1Shape.uasset" 1785
"D:/FYP_UE/FYP/Content/ThirdPerson/Blueprints/document_file_folder/Materials/A4_Page1Shape.uexp" 1786
"D:/FYP_UE/FYP/Content/ThirdPerson/Blueprints/document_file_folder/StaticMeshes/A4_Page1Shape_6_0.ubulk" 1787
"D:/FYP_UE/FYP/Content/ThirdPerson/Blueprints/document_file_folder/StaticMeshes/A4_Page1Shape_6_0.uasset" 1788
"D:/FYP_UE/FYP/Content/ThirdPerson/Blueprints/document_file_folder/StaticMeshes/A4_Page1Shape_6_0.uexp" 1789
"D:/FYP_UE/FYP/Content/ThirdPerson/Blueprints/document_file_folder/SkeletalMeshes/Folder_1Shape_Skeleton.uasset" 1790
"D:/FYP_UE/FYP/Content/ThirdPerson/Blueprints/document_file_folder/SkeletalMeshes/Folder_1Shape_Skeleton.uexp" 1791
"D:/FYP_UE/FYP/Content/ThirdPerson/Blueprints/document_file_folder/SkeletalMeshes/Folder_1Shape_PhysicsAsset.uasset" 1792
"D:/FYP_UE/FYP/Content/ThirdPerson/Blueprints/document_file_folder/SkeletalMeshes/Folder_1Shape_PhysicsAsset.uexp" 1793
"D:/FYP_UE/FYP/Content/ThirdPerson/Blueprints/document_file_folder/Textures/document_file_folder_texture_3.ubulk" 1794
"D:/FYP_UE/FYP/Content/ThirdPerson/Blueprints/document_file_folder/Textures/document_file_folder_texture_3.uasset" 1795
"D:/FYP_UE/FYP/Content/ThirdPerson/Blueprints/document_file_folder/Textures/document_file_folder_texture_3.uexp" 1796
"D:/FYP_UE/FYP/Content/ThirdPerson/Blueprints/document_file_folder/Textures/document_file_folder_texture_4.ubulk" 1797
"D:/FYP_UE/FYP/Content/ThirdPerson/Blueprints/document_file_folder/Textures/document_file_folder_texture_4.uasset" 1798
"D:/FYP_UE/FYP/Content/ThirdPerson/Blueprints/document_file_folder/Textures/document_file_folder_texture_4.uexp" 1799
"D:/FYP_UE/FYP/Content/ThirdPerson/Blueprints/document_file_folder/Textures/document_file_folder_texture_5.ubulk" 1800
"D:/FYP_UE/FYP/Content/ThirdPerson/Blueprints/document_file_folder/Textures/document_file_folder_texture_5.uasset" 1801
"D:/FYP_UE/FYP/Content/ThirdPerson/Blueprints/document_file_folder/Textures/document_file_folder_texture_5.uexp" 1802
"D:/FYP_UE/FYP/Content/ThirdPerson/Blueprints/document_file_folder/Materials/Folder_1Shape.uasset" 1803
"D:/FYP_UE/FYP/Content/ThirdPerson/Blueprints/document_file_folder/Materials/Folder_1Shape.uexp" 1804
"D:/FYP_UE/FYP/Content/ThirdPerson/Blueprints/document_file_folder/SkeletalMeshes/Folder_1Shape.uasset" 1805
"D:/FYP_UE/FYP/Content/ThirdPerson/Blueprints/document_file_folder/SkeletalMeshes/Folder_1Shape.uexp" 1806
"D:/FYP_UE/FYP/Content/ThirdPerson/Blueprints/BP_PickUp.uasset" 1807
"D:/FYP_UE/FYP/Content/ThirdPerson/Blueprints/BP_PickUp.uexp" 1808
"D:/FYP_UE/FYP/Content/ThirdPerson/TextureRenderTarget2D.uasset" 1809
"D:/FYP_UE/FYP/Content/ThirdPerson/TextureRenderTarget2D.uexp" 1810
"D:/FYP_UE/FYP/Content/ThirdPerson/_GENERATED/s5624234/Projectile_Mat.uasset" 1811
"D:/FYP_UE/FYP/Content/ThirdPerson/_GENERATED/s5624234/Projectile_Mat.uexp" 1812
"D:/FYP_UE/FYP/Content/ThirdPerson/_GENERATED/s5624234/Projectile_Indicator.ubulk" 1813
"D:/FYP_UE/FYP/Content/ThirdPerson/_GENERATED/s5624234/Projectile_Indicator.uasset" 1814
"D:/FYP_UE/FYP/Content/ThirdPerson/_GENERATED/s5624234/Projectile_Indicator.uexp" 1815
"D:/FYP_UE/FYP/Content/UI_FlatIconsFreeSamplePack/512/T_Knife_512.uasset" 1816
"D:/FYP_UE/FYP/Content/UI_FlatIconsFreeSamplePack/512/T_Knife_512.uexp" 1817
"D:/FYP_UE/FYP/Content/UI_FlatIconsFreeSamplePack/512/T_Gun_512.uasset" 1818
"D:/FYP_UE/FYP/Content/UI_FlatIconsFreeSamplePack/512/T_Gun_512.uexp" 1819
"D:/FYP_UE/FYP/Content/UI_FlatIconsFreeSamplePack/512/T_Bell_512.uasset" 1820
"D:/FYP_UE/FYP/Content/UI_FlatIconsFreeSamplePack/512/T_Bell_512.uexp" 1821
"D:/FYP_UE/FYP/Content/ThirdPerson/UI/WB_WeaponSwitch.uasset" 1822
"D:/FYP_UE/FYP/Content/ThirdPerson/UI/WB_WeaponSwitch.uexp" 1823
"D:/FYP_UE/FYP/Content/ThirdPerson/UI/WB_SavingPage1.uasset" 1824
"D:/FYP_UE/FYP/Content/ThirdPerson/UI/WB_SavingPage1.uexp" 1825
"../../../Engine/Content/EngineSounds/Master.uasset" 1826
"../../../Engine/Content/EngineSounds/Master.uexp" 1827
"D:/FYP_UE/FYP/Content/ThirdPerson/SFX/MasterVolume.uasset" 1828
"D:/FYP_UE/FYP/Content/ThirdPerson/SFX/MasterVolume.uexp" 1829
"D:/FYP_UE/FYP/Content/ThirdPerson/UI/WB_Settings.uasset" 1830
"D:/FYP_UE/FYP/Content/ThirdPerson/UI/WB_Settings.uexp" 1831
"D:/FYP_UE/FYP/Content/ThirdPerson/UI/WB_LoadingPage.uasset" 1832
"D:/FYP_UE/FYP/Content/ThirdPerson/UI/WB_LoadingPage.uexp" 1833
"D:/FYP_UE/FYP/Content/ThirdPerson/SFX/Hovering.ubulk" 1834
"D:/FYP_UE/FYP/Content/ThirdPerson/SFX/Hovering.uasset" 1835
"D:/FYP_UE/FYP/Content/ThirdPerson/SFX/Hovering.uexp" 1836
"D:/FYP_UE/FYP/Content/ThirdPerson/UI/WB_PauseMenu.uasset" 1837
"D:/FYP_UE/FYP/Content/ThirdPerson/UI/WB_PauseMenu.uexp" 1838
"D:/FYP_UE/FYP/Content/ThirdPerson/UI/WB_Timer.uasset" 1839
"D:/FYP_UE/FYP/Content/ThirdPerson/UI/WB_Timer.uexp" 1840
"D:/FYP_UE/FYP/Content/ThirdPerson/M_Minimap.uasset" 1841
"D:/FYP_UE/FYP/Content/ThirdPerson/M_Minimap.uexp" 1842
"D:/FYP_UE/FYP/Content/ThirdPerson/UI/WB_MiniMap.uasset" 1843
"D:/FYP_UE/FYP/Content/ThirdPerson/UI/WB_MiniMap.uexp" 1844
"D:/FYP_UE/FYP/Content/ThirdPerson/UI/WB_Goals.uasset" 1845
"D:/FYP_UE/FYP/Content/ThirdPerson/UI/WB_Goals.uexp" 1846
"D:/FYP_UE/FYP/Content/ThirdPerson/UI/WB_PlayerHUD.uasset" 1847
"D:/FYP_UE/FYP/Content/ThirdPerson/UI/WB_PlayerHUD.uexp" 1848
"D:/FYP_UE/FYP/Content/ThirdPerson/UI/WB_PickUp.uasset" 1849
"D:/FYP_UE/FYP/Content/ThirdPerson/UI/WB_PickUp.uexp" 1850
"D:/FYP_UE/FYP/Content/UI_CrosshairFreePack/Textures/T_CH007.ubulk" 1851
"D:/FYP_UE/FYP/Content/UI_CrosshairFreePack/Textures/T_CH007.uasset" 1852
"D:/FYP_UE/FYP/Content/UI_CrosshairFreePack/Textures/T_CH007.uexp" 1853
"D:/FYP_UE/FYP/Content/ThirdPerson/UI/Crosshair.uasset" 1854
"D:/FYP_UE/FYP/Content/ThirdPerson/UI/Crosshair.uexp" 1855
"D:/FYP_UE/FYP/Content/ThirdPerson/SFX/SoundCollect.ubulk" 1856
"D:/FYP_UE/FYP/Content/ThirdPerson/SFX/SoundCollect.uasset" 1857
"D:/FYP_UE/FYP/Content/ThirdPerson/SFX/SoundCollect.uexp" 1858
"D:/FYP_UE/FYP/Content/ThirdPerson/SFX/freesound_community-single-gunshot-43-79835.ubulk" 1859
"D:/FYP_UE/FYP/Content/ThirdPerson/SFX/freesound_community-single-gunshot-43-79835.uasset" 1860
"D:/FYP_UE/FYP/Content/ThirdPerson/SFX/freesound_community-single-gunshot-43-79835.uexp" 1861
"D:/FYP_UE/FYP/Content/ThirdPerson/UI/BP_LoseGame.uasset" 1862
"D:/FYP_UE/FYP/Content/ThirdPerson/UI/BP_LoseGame.uexp" 1863
"D:/FYP_UE/FYP/Content/ThirdPerson/SFX/freesound_community-knife-stab-pull-7005.ubulk" 1864
"D:/FYP_UE/FYP/Content/ThirdPerson/SFX/freesound_community-knife-stab-pull-7005.uasset" 1865
"D:/FYP_UE/FYP/Content/ThirdPerson/SFX/freesound_community-knife-stab-pull-7005.uexp" 1866
"D:/FYP_UE/FYP/Content/ThirdPerson/Pistol/textures/internal_ground_ao_texture.ubulk" 1867
"D:/FYP_UE/FYP/Content/ThirdPerson/Pistol/textures/internal_ground_ao_texture.uasset" 1868
"D:/FYP_UE/FYP/Content/ThirdPerson/Pistol/textures/internal_ground_ao_texture.uexp" 1869
"D:/FYP_UE/FYP/Content/ThirdPerson/Pistol/textures/G17_lambert10_Roughness.ubulk" 1870
"D:/FYP_UE/FYP/Content/ThirdPerson/Pistol/textures/G17_lambert10_Roughness.uasset" 1871
"D:/FYP_UE/FYP/Content/ThirdPerson/Pistol/textures/G17_lambert10_Roughness.uexp" 1872
"D:/FYP_UE/FYP/Content/ThirdPerson/Pistol/textures/G17_lambert10_Normal.ubulk" 1873
"D:/FYP_UE/FYP/Content/ThirdPerson/Pistol/textures/G17_lambert10_Normal.uasset" 1874
"D:/FYP_UE/FYP/Content/ThirdPerson/Pistol/textures/G17_lambert10_Normal.uexp" 1875
"D:/FYP_UE/FYP/Content/ThirdPerson/Pistol/textures/G17_lambert10_Metalness.ubulk" 1876
"D:/FYP_UE/FYP/Content/ThirdPerson/Pistol/textures/G17_lambert10_Metalness.uasset" 1877
"D:/FYP_UE/FYP/Content/ThirdPerson/Pistol/textures/G17_lambert10_Metalness.uexp" 1878
"D:/FYP_UE/FYP/Content/ThirdPerson/Pistol/textures/G17_lambert10_Emissive.ubulk" 1879
"D:/FYP_UE/FYP/Content/ThirdPerson/Pistol/textures/G17_lambert10_Emissive.uasset" 1880
"D:/FYP_UE/FYP/Content/ThirdPerson/Pistol/textures/G17_lambert10_Emissive.uexp" 1881
"D:/FYP_UE/FYP/Content/ThirdPerson/Pistol/textures/G17_lambert10_BaseColor.ubulk" 1882
"D:/FYP_UE/FYP/Content/ThirdPerson/Pistol/textures/G17_lambert10_BaseColor.uasset" 1883
"D:/FYP_UE/FYP/Content/ThirdPerson/Pistol/textures/G17_lambert10_BaseColor.uexp" 1884
"D:/FYP_UE/FYP/Content/ThirdPerson/Pistol/source/aiStandardSurface1.uasset" 1885
"D:/FYP_UE/FYP/Content/ThirdPerson/Pistol/source/aiStandardSurface1.uexp" 1886
"D:/FYP_UE/FYP/Content/ThirdPerson/Pistol/source/SemiAuto_Pistol_G-17.ubulk" 1887
"D:/FYP_UE/FYP/Content/ThirdPerson/Pistol/source/SemiAuto_Pistol_G-17.uasset" 1888
"D:/FYP_UE/FYP/Content/ThirdPerson/Pistol/source/SemiAuto_Pistol_G-17.uexp" 1889
"D:/FYP_UE/FYP/Content/ThirdPerson/Knife/textures/Knife_Roughness.ubulk" 1890
"D:/FYP_UE/FYP/Content/ThirdPerson/Knife/textures/Knife_Roughness.uasset" 1891
"D:/FYP_UE/FYP/Content/ThirdPerson/Knife/textures/Knife_Roughness.uexp" 1892
"D:/FYP_UE/FYP/Content/ThirdPerson/Knife/textures/Knife_Normal.ubulk" 1893
"D:/FYP_UE/FYP/Content/ThirdPerson/Knife/textures/Knife_Normal.uasset" 1894
"D:/FYP_UE/FYP/Content/ThirdPerson/Knife/textures/Knife_Normal.uexp" 1895
"D:/FYP_UE/FYP/Content/ThirdPerson/Knife/textures/Knife_Metallic.ubulk" 1896
"D:/FYP_UE/FYP/Content/ThirdPerson/Knife/textures/Knife_Metallic.uasset" 1897
"D:/FYP_UE/FYP/Content/ThirdPerson/Knife/textures/Knife_Metallic.uexp" 1898
"D:/FYP_UE/FYP/Content/ThirdPerson/Knife/textures/Knife_BaseColor.ubulk" 1899
"D:/FYP_UE/FYP/Content/ThirdPerson/Knife/textures/Knife_BaseColor.uasset" 1900
"D:/FYP_UE/FYP/Content/ThirdPerson/Knife/textures/Knife_BaseColor.uexp" 1901
"D:/FYP_UE/FYP/Content/ThirdPerson/Knife/textures/Knife_AO.ubulk" 1902
"D:/FYP_UE/FYP/Content/ThirdPerson/Knife/textures/Knife_AO.uasset" 1903
"D:/FYP_UE/FYP/Content/ThirdPerson/Knife/textures/Knife_AO.uexp" 1904
"D:/FYP_UE/FYP/Content/ThirdPerson/Knife/source/Knife.uasset" 1905
"D:/FYP_UE/FYP/Content/ThirdPerson/Knife/source/Knife.uexp" 1906
"D:/FYP_UE/FYP/Content/ThirdPerson/Knife/source/Knife1.ubulk" 1907
"D:/FYP_UE/FYP/Content/ThirdPerson/Knife/source/Knife1.uasset" 1908
"D:/FYP_UE/FYP/Content/ThirdPerson/Knife/source/Knife1.uexp" 1909
"D:/FYP_UE/FYP/Content/ThirdPerson/Can/Can_L_Material_Roughness.ubulk" 1910
"D:/FYP_UE/FYP/Content/ThirdPerson/Can/Can_L_Material_Roughness.uasset" 1911
"D:/FYP_UE/FYP/Content/ThirdPerson/Can/Can_L_Material_Roughness.uexp" 1912
"D:/FYP_UE/FYP/Content/ThirdPerson/Can/Can_L_Material_Normal.ubulk" 1913
"D:/FYP_UE/FYP/Content/ThirdPerson/Can/Can_L_Material_Normal.uasset" 1914
"D:/FYP_UE/FYP/Content/ThirdPerson/Can/Can_L_Material_Normal.uexp" 1915
"D:/FYP_UE/FYP/Content/ThirdPerson/Can/Can_L_Material_BaseColor.ubulk" 1916
"D:/FYP_UE/FYP/Content/ThirdPerson/Can/Can_L_Material_BaseColor.uasset" 1917
"D:/FYP_UE/FYP/Content/ThirdPerson/Can/Can_L_Material_BaseColor.uexp" 1918
"D:/FYP_UE/FYP/Content/ThirdPerson/Can/Can_Material.uasset" 1919
"D:/FYP_UE/FYP/Content/ThirdPerson/Can/Can_Material.uexp" 1920
"D:/FYP_UE/FYP/Content/ThirdPerson/Can/Can.ubulk" 1921
"D:/FYP_UE/FYP/Content/ThirdPerson/Can/Can.uasset" 1922
"D:/FYP_UE/FYP/Content/ThirdPerson/Can/Can.uexp" 1923
"D:/FYP_UE/FYP/Content/ThirdPerson/Blueprints/PistolCameraShake.uasset" 1924
"D:/FYP_UE/FYP/Content/ThirdPerson/Blueprints/PistolCameraShake.uexp" 1925
"D:/FYP_UE/FYP/Content/ThirdPerson/Blueprints/Hand_Gun.uasset" 1926
"D:/FYP_UE/FYP/Content/ThirdPerson/Blueprints/Hand_Gun.uexp" 1927
"D:/FYP_UE/FYP/Content/ThirdPerson/Blueprints/E_WeaponType.uasset" 1928
"D:/FYP_UE/FYP/Content/ThirdPerson/Blueprints/E_WeaponType.uexp" 1929
"D:/FYP_UE/FYP/Content/ThirdPerson/SFX/ribhavagrawal-hit-by-a-wood-230542.ubulk" 1930
"D:/FYP_UE/FYP/Content/ThirdPerson/SFX/ribhavagrawal-hit-by-a-wood-230542.uasset" 1931
"D:/FYP_UE/FYP/Content/ThirdPerson/SFX/ribhavagrawal-hit-by-a-wood-230542.uexp" 1932
"D:/FYP_UE/FYP/Content/ThirdPerson/Blueprints/BP_Throwable.uasset" 1933
"D:/FYP_UE/FYP/Content/ThirdPerson/Blueprints/BP_Throwable.uexp" 1934
"D:/FYP_UE/FYP/Content/UI_CrosshairFreePack/Textures/T_AH002.ubulk" 1935
"D:/FYP_UE/FYP/Content/UI_CrosshairFreePack/Textures/T_AH002.uasset" 1936
"D:/FYP_UE/FYP/Content/UI_CrosshairFreePack/Textures/T_AH002.uexp" 1937
"D:/FYP_UE/FYP/Content/UI_CrosshairFreePack/Textures/T_AH002_Sprite.uasset" 1938
"D:/FYP_UE/FYP/Content/UI_CrosshairFreePack/Textures/T_AH002_Sprite.uexp" 1939
"D:/FYP_UE/FYP/Content/ThirdPerson/AI/BP_Waypoint.uasset" 1940
"D:/FYP_UE/FYP/Content/ThirdPerson/AI/BP_Waypoint.uexp" 1941
"D:/FYP_UE/FYP/Content/ThirdPerson/AI/Exit.uasset" 1942
"D:/FYP_UE/FYP/Content/ThirdPerson/AI/Exit.uexp" 1943
"D:/FYP_UE/FYP/Content/UI_FlatIconsFreeSamplePack/512/T_Walk_1_512.uasset" 1944
"D:/FYP_UE/FYP/Content/UI_FlatIconsFreeSamplePack/512/T_Walk_1_512.uexp" 1945
"D:/FYP_UE/FYP/Content/UI_FlatIconsFreeSamplePack/512/T_Shield_512.uasset" 1946
"D:/FYP_UE/FYP/Content/UI_FlatIconsFreeSamplePack/512/T_Shield_512.uexp" 1947
"D:/FYP_UE/FYP/Content/UI_FlatIconsFreeSamplePack/256/T_Jog_1_256.uasset" 1948
"D:/FYP_UE/FYP/Content/UI_FlatIconsFreeSamplePack/256/T_Jog_1_256.uexp" 1949
"D:/FYP_UE/FYP/Content/UI_FlatIconsFreeSamplePack/128/T_Lock_1_128.uasset" 1950
"D:/FYP_UE/FYP/Content/UI_FlatIconsFreeSamplePack/128/T_Lock_1_128.uexp" 1951
"D:/FYP_UE/FYP/Content/ThirdPerson/AI/BestCombatActionEnum.uasset" 1952
"D:/FYP_UE/FYP/Content/ThirdPerson/AI/BestCombatActionEnum.uexp" 1953
"D:/FYP_UE/FYP/Content/ThirdPerson/AI/EnemyState.uasset" 1954
"D:/FYP_UE/FYP/Content/ThirdPerson/AI/EnemyState.uexp" 1955
"D:/FYP_UE/FYP/Content/ThirdPerson/UI/Exclamation.uasset" 1956
"D:/FYP_UE/FYP/Content/ThirdPerson/UI/Exclamation.uexp" 1957
"D:/FYP_UE/FYP/Content/ThirdPerson/UI/Question.uasset" 1958
"D:/FYP_UE/FYP/Content/ThirdPerson/UI/Question.uexp" 1959
"D:/FYP_UE/FYP/Content/ThirdPerson/UI/WB_Suspecious_State.uasset" 1960
"D:/FYP_UE/FYP/Content/ThirdPerson/UI/WB_Suspecious_State.uexp" 1961
"D:/FYP_UE/FYP/Content/ThirdPerson/SFX/pwlpl-gunshot-377279.ubulk" 1962
"D:/FYP_UE/FYP/Content/ThirdPerson/SFX/pwlpl-gunshot-377279.uasset" 1963
"D:/FYP_UE/FYP/Content/ThirdPerson/SFX/pwlpl-gunshot-377279.uexp" 1964
"D:/FYP_UE/FYP/Content/Modern_Insurgent_7/Textures/Shoes_Textures/T_Shoes_Black_BC.ubulk" 1965
"D:/FYP_UE/FYP/Content/Modern_Insurgent_7/Textures/Shoes_Textures/T_Shoes_Black_BC.uasset" 1966
"D:/FYP_UE/FYP/Content/Modern_Insurgent_7/Textures/Shoes_Textures/T_Shoes_Black_BC.uexp" 1967
"D:/FYP_UE/FYP/Content/Modern_Insurgent_7/Materials/Shoe_Materials/MI_Shoes_Black.uasset" 1968
"D:/FYP_UE/FYP/Content/Modern_Insurgent_7/Materials/Shoe_Materials/MI_Shoes_Black.uexp" 1969
"D:/FYP_UE/FYP/Content/Modern_Insurgent_7/Textures/BalaclavaClose_Textures/T_BalaclavaClose_Camo4_BC.ubulk" 1970
"D:/FYP_UE/FYP/Content/Modern_Insurgent_7/Textures/BalaclavaClose_Textures/T_BalaclavaClose_Camo4_BC.uasset" 1971
"D:/FYP_UE/FYP/Content/Modern_Insurgent_7/Textures/BalaclavaClose_Textures/T_BalaclavaClose_Camo4_BC.uexp" 1972
"D:/FYP_UE/FYP/Content/Modern_Insurgent_7/Materials/BalaclavaClose_Materials/MI_BalaclavaClose_Camo4.uasset" 1973
"D:/FYP_UE/FYP/Content/Modern_Insurgent_7/Materials/BalaclavaClose_Materials/MI_BalaclavaClose_Camo4.uexp" 1974
"D:/FYP_UE/FYP/Content/Modern_Insurgent_7/Textures/PantsMilitary_Textures/T_PantsMilitary_Camo4_BC.ubulk" 1975
"D:/FYP_UE/FYP/Content/Modern_Insurgent_7/Textures/PantsMilitary_Textures/T_PantsMilitary_Camo4_BC.uasset" 1976
"D:/FYP_UE/FYP/Content/Modern_Insurgent_7/Textures/PantsMilitary_Textures/T_PantsMilitary_Camo4_BC.uexp" 1977
"D:/FYP_UE/FYP/Content/Modern_Insurgent_7/Materials/PantsMilitary_Materials/MI_PantsMilitary_Camo4.uasset" 1978
"D:/FYP_UE/FYP/Content/Modern_Insurgent_7/Materials/PantsMilitary_Materials/MI_PantsMilitary_Camo4.uexp" 1979
"D:/FYP_UE/FYP/Content/Modern_Insurgent_7/Textures/Sweater_Textures/T_Sweater_Black_BC.ubulk" 1980
"D:/FYP_UE/FYP/Content/Modern_Insurgent_7/Textures/Sweater_Textures/T_Sweater_Black_BC.uasset" 1981
"D:/FYP_UE/FYP/Content/Modern_Insurgent_7/Textures/Sweater_Textures/T_Sweater_Black_BC.uexp" 1982
"D:/FYP_UE/FYP/Content/Modern_Insurgent_7/Materials/Sweater_Materials/MI_Sweater_Black.uasset" 1983
"D:/FYP_UE/FYP/Content/Modern_Insurgent_7/Materials/Sweater_Materials/MI_Sweater_Black.uexp" 1984
"D:/FYP_UE/FYP/Content/Modern_Insurgent_7/Mesh/SK_Insurgent_P7_Skin2.uasset" 1985
"D:/FYP_UE/FYP/Content/Modern_Insurgent_7/Mesh/SK_Insurgent_P7_Skin2.uexp" 1986
"../../../Engine/Content/Animation/DefaultVariableFrameStrippingSettings.uasset" 1987
"../../../Engine/Content/Animation/DefaultVariableFrameStrippingSettings.uexp" 1988
"../../../Engine/Content/Animation/DefaultAnimCurveCompressionSettings.uasset" 1989
"../../../Engine/Content/Animation/DefaultAnimCurveCompressionSettings.uexp" 1990
"../../../Engine/Content/Animation/DefaultAnimBoneCompressionSettings.uasset" 1991
"../../../Engine/Content/Animation/DefaultAnimBoneCompressionSettings.uexp" 1992
"D:/FYP_UE/FYP/Content/ThirdPerson/Animations/Enemy_Anim/MM_Pistol_DryFire.uasset" 1993
"D:/FYP_UE/FYP/Content/ThirdPerson/Animations/Enemy_Anim/MM_Pistol_DryFire.uexp" 1994
"D:/FYP_UE/FYP/Content/ThirdPerson/Animations/Enemy_Anim/EMM_Pistol_DryFire_Montage.uasset" 1995
"D:/FYP_UE/FYP/Content/ThirdPerson/Animations/Enemy_Anim/EMM_Pistol_DryFire_Montage.uexp" 1996
"../../../Engine/Plugins/Animation/ACLPlugin/Content/ACLAnimCurveCompressionSettings.uasset" 1997
"../../../Engine/Plugins/Animation/ACLPlugin/Content/ACLAnimCurveCompressionSettings.uexp" 1998
"../../../Engine/Plugins/Animation/ACLPlugin/Content/ACLAnimBoneCompressionSettings.uasset" 1999
"../../../Engine/Plugins/Animation/ACLPlugin/Content/ACLAnimBoneCompressionSettings.uexp" 2000
"D:/FYP_UE/FYP/Content/ThirdPerson/Animations/Enemy_Anim/Looking_Around_Anim2.uasset" 2001
"D:/FYP_UE/FYP/Content/ThirdPerson/Animations/Enemy_Anim/Looking_Around_Anim2.uexp" 2002
"D:/FYP_UE/FYP/Content/ThirdPerson/Animations/Enemy_Anim/ELooking_Around_Anim2_Montage.uasset" 2003
"D:/FYP_UE/FYP/Content/ThirdPerson/Animations/Enemy_Anim/ELooking_Around_Anim2_Montage.uexp" 2004
"D:/FYP_UE/FYP/Content/Characters/Mannequins/Meshes/SK_Mannequin.uasset" 2005
"D:/FYP_UE/FYP/Content/Characters/Mannequins/Meshes/SK_Mannequin.uexp" 2006
"D:/FYP_UE/FYP/Content/Characters/Mannequins/Rigs/PA_Mannequin.uasset" 2007
"D:/FYP_UE/FYP/Content/Characters/Mannequins/Rigs/PA_Mannequin.uexp" 2008
"D:/FYP_UE/FYP/Content/Characters/Mannequins/Textures/Quinn/T_Quinn_02_N.ubulk" 2009
"D:/FYP_UE/FYP/Content/Characters/Mannequins/Textures/Quinn/T_Quinn_02_N.uasset" 2010
"D:/FYP_UE/FYP/Content/Characters/Mannequins/Textures/Quinn/T_Quinn_02_N.uexp" 2011
"D:/FYP_UE/FYP/Content/Characters/Mannequins/Textures/Quinn/T_Quinn_02_MRA.ubulk" 2012
"D:/FYP_UE/FYP/Content/Characters/Mannequins/Textures/Quinn/T_Quinn_02_MRA.uasset" 2013
"D:/FYP_UE/FYP/Content/Characters/Mannequins/Textures/Quinn/T_Quinn_02_MRA.uexp" 2014
"D:/FYP_UE/FYP/Content/Characters/Mannequins/Textures/Quinn/T_Quinn_02_D.ubulk" 2015
"D:/FYP_UE/FYP/Content/Characters/Mannequins/Textures/Quinn/T_Quinn_02_D.uasset" 2016
"D:/FYP_UE/FYP/Content/Characters/Mannequins/Textures/Quinn/T_Quinn_02_D.uexp" 2017
"D:/FYP_UE/FYP/Content/Characters/Mannequins/Textures/Quinn/T_Quinn_01_N.ubulk" 2018
"D:/FYP_UE/FYP/Content/Characters/Mannequins/Textures/Quinn/T_Quinn_01_N.uasset" 2019
"D:/FYP_UE/FYP/Content/Characters/Mannequins/Textures/Quinn/T_Quinn_01_N.uexp" 2020
"D:/FYP_UE/FYP/Content/Characters/Mannequins/Textures/Quinn/T_Quinn_01_MRA.ubulk" 2021
"D:/FYP_UE/FYP/Content/Characters/Mannequins/Textures/Quinn/T_Quinn_01_MRA.uasset" 2022
"D:/FYP_UE/FYP/Content/Characters/Mannequins/Textures/Quinn/T_Quinn_01_MRA.uexp" 2023
"D:/FYP_UE/FYP/Content/Characters/Mannequins/Textures/Quinn/T_Quinn_01_D.ubulk" 2024
"D:/FYP_UE/FYP/Content/Characters/Mannequins/Textures/Quinn/T_Quinn_01_D.uasset" 2025
"D:/FYP_UE/FYP/Content/Characters/Mannequins/Textures/Quinn/T_Quinn_01_D.uexp" 2026
"D:/FYP_UE/FYP/Content/Characters/Mannequins/Textures/Shared/T_UE_Logo_M.uasset" 2027
"D:/FYP_UE/FYP/Content/Characters/Mannequins/Textures/Shared/T_UE_Logo_M.uexp" 2028
"D:/FYP_UE/FYP/Content/Characters/Mannequins/Textures/Manny/T_Manny_01_MRA.ubulk" 2029
"D:/FYP_UE/FYP/Content/Characters/Mannequins/Textures/Manny/T_Manny_01_MRA.uasset" 2030
"D:/FYP_UE/FYP/Content/Characters/Mannequins/Textures/Manny/T_Manny_01_MRA.uexp" 2031
"D:/FYP_UE/FYP/Content/Characters/Mannequins/Textures/Manny/T_Manny_01_D.ubulk" 2032
"D:/FYP_UE/FYP/Content/Characters/Mannequins/Textures/Manny/T_Manny_01_D.uasset" 2033
"D:/FYP_UE/FYP/Content/Characters/Mannequins/Textures/Manny/T_Manny_01_D.uexp" 2034
"D:/FYP_UE/FYP/Content/Characters/Mannequins/Textures/Manny/T_Manny_01_BN.ubulk" 2035
"D:/FYP_UE/FYP/Content/Characters/Mannequins/Textures/Manny/T_Manny_01_BN.uasset" 2036
"D:/FYP_UE/FYP/Content/Characters/Mannequins/Textures/Manny/T_Manny_01_BN.uexp" 2037
"D:/FYP_UE/FYP/Content/Characters/Mannequins/Materials/M_Mannequin.uasset" 2038
"D:/FYP_UE/FYP/Content/Characters/Mannequins/Materials/M_Mannequin.uexp" 2039
"D:/FYP_UE/FYP/Content/Characters/Mannequins/Materials/Quinn/MI_Quinn_01.uasset" 2040
"D:/FYP_UE/FYP/Content/Characters/Mannequins/Materials/Quinn/MI_Quinn_01.uexp" 2041
"D:/FYP_UE/FYP/Content/Characters/Mannequins/Materials/Quinn/MI_Quinn_02.uasset" 2042
"D:/FYP_UE/FYP/Content/Characters/Mannequins/Materials/Quinn/MI_Quinn_02.uexp" 2043
"D:/FYP_UE/FYP/Content/Characters/Mannequins/Meshes/SKM_Quinn_Simple.uasset" 2044
"D:/FYP_UE/FYP/Content/Characters/Mannequins/Meshes/SKM_Quinn_Simple.uexp" 2045
"D:/FYP_UE/FYP/Content/ThirdPerson/Animations/Dying_Anim1.uasset" 2046
"D:/FYP_UE/FYP/Content/ThirdPerson/Animations/Dying_Anim1.uexp" 2047
"D:/FYP_UE/FYP/Content/ThirdPerson/Animations/Crouch_Torch_Idle_01_Anim.uasset" 2048
"D:/FYP_UE/FYP/Content/ThirdPerson/Animations/Crouch_Torch_Idle_01_Anim.uexp" 2049
"D:/FYP_UE/FYP/Content/ThirdPerson/Animations/AimPose.uasset" 2050
"D:/FYP_UE/FYP/Content/ThirdPerson/Animations/AimPose.uexp" 2051
"D:/FYP_UE/FYP/Content/ThirdPerson/Animations/Enemy_Anim/Falling_Back_Death_Anim1.uasset" 2052
"D:/FYP_UE/FYP/Content/ThirdPerson/Animations/Enemy_Anim/Falling_Back_Death_Anim1.uexp" 2053
"../../../Engine/Plugins/Animation/ControlRig/Content/Controls/DefaultGizmoLibraryNormalized.uasset" 2054
"../../../Engine/Plugins/Animation/ControlRig/Content/Controls/DefaultGizmoLibraryNormalized.uexp" 2055
"D:/FYP_UE/FYP/Content/Characters/Mannequins/Rigs/CR_Mannequin_FootIK.uasset" 2056
"D:/FYP_UE/FYP/Content/Characters/Mannequins/Rigs/CR_Mannequin_FootIK.uexp" 2057
"D:/FYP_UE/FYP/Content/Limping/Injured_Idle_Anim1.uasset" 2058
"D:/FYP_UE/FYP/Content/Limping/Injured_Idle_Anim1.uexp" 2059
"D:/FYP_UE/FYP/Content/Characters/Mannequins/Anims/Unarmed/MM_Idle.uasset" 2060
"D:/FYP_UE/FYP/Content/Characters/Mannequins/Anims/Unarmed/MM_Idle.uexp" 2061
"D:/FYP_UE/FYP/Content/Limping/Injured_Walk_Backwards__1__Anim1.uasset" 2062
"D:/FYP_UE/FYP/Content/Limping/Injured_Walk_Backwards__1__Anim1.uexp" 2063
"D:/FYP_UE/FYP/Content/Limping/Injured_Walk_Anim1.uasset" 2064
"D:/FYP_UE/FYP/Content/Limping/Injured_Walk_Anim1.uexp" 2065
"D:/FYP_UE/FYP/Content/Limping/Injured_Run_Backwards_Anim1.uasset" 2066
"D:/FYP_UE/FYP/Content/Limping/Injured_Run_Backwards_Anim1.uexp" 2067
"D:/FYP_UE/FYP/Content/Limping/Injured_Run_Anim1.uasset" 2068
"D:/FYP_UE/FYP/Content/Limping/Injured_Run_Anim1.uexp" 2069
"D:/FYP_UE/FYP/Content/Characters/Mannequins/Anims/Unarmed/BS_Limping_Idle_Walk.uasset" 2070
"D:/FYP_UE/FYP/Content/Characters/Mannequins/Anims/Unarmed/BS_Limping_Idle_Walk.uexp" 2071
"D:/FYP_UE/FYP/Content/Characters/Mannequins/Anims/Unarmed/Jog/MF_Unarmed_Jog_Fwd.uasset" 2072
"D:/FYP_UE/FYP/Content/Characters/Mannequins/Anims/Unarmed/Jog/MF_Unarmed_Jog_Fwd.uexp" 2073
"D:/FYP_UE/FYP/Content/Characters/Mannequins/Anims/Unarmed/Walk/MF_Unarmed_Walk_Right.uasset" 2074
"D:/FYP_UE/FYP/Content/Characters/Mannequins/Anims/Unarmed/Walk/MF_Unarmed_Walk_Right.uexp" 2075
"D:/FYP_UE/FYP/Content/Characters/Mannequins/Anims/Unarmed/Walk/MF_Unarmed_Walk_Left.uasset" 2076
"D:/FYP_UE/FYP/Content/Characters/Mannequins/Anims/Unarmed/Walk/MF_Unarmed_Walk_Left.uexp" 2077
"../../../Engine/Content/Animation/DefaultRecorderBoneCompression.uasset" 2078
"../../../Engine/Content/Animation/DefaultRecorderBoneCompression.uexp" 2079
"D:/FYP_UE/FYP/Content/Characters/Mannequins/Anims/Unarmed/Walk/MF_Unarmed_Walk_Fwd_Right.uasset" 2080
"D:/FYP_UE/FYP/Content/Characters/Mannequins/Anims/Unarmed/Walk/MF_Unarmed_Walk_Fwd_Right.uexp" 2081
"D:/FYP_UE/FYP/Content/Characters/Mannequins/Anims/Unarmed/Walk/MF_Unarmed_Walk_Fwd_Left.uasset" 2082
"D:/FYP_UE/FYP/Content/Characters/Mannequins/Anims/Unarmed/Walk/MF_Unarmed_Walk_Fwd_Left.uexp" 2083
"D:/FYP_UE/FYP/Content/Characters/Mannequins/Anims/Unarmed/Walk/MF_Unarmed_Walk_Fwd.uasset" 2084
"D:/FYP_UE/FYP/Content/Characters/Mannequins/Anims/Unarmed/Walk/MF_Unarmed_Walk_Fwd.uexp" 2085
"D:/FYP_UE/FYP/Content/Characters/Mannequins/Anims/Unarmed/Walk/MF_Unarmed_Walk_Bwd_Right.uasset" 2086
"D:/FYP_UE/FYP/Content/Characters/Mannequins/Anims/Unarmed/Walk/MF_Unarmed_Walk_Bwd_Right.uexp" 2087
"D:/FYP_UE/FYP/Content/Characters/Mannequins/Anims/Unarmed/Walk/MF_Unarmed_Walk_Bwd_Left.uasset" 2088
"D:/FYP_UE/FYP/Content/Characters/Mannequins/Anims/Unarmed/Walk/MF_Unarmed_Walk_Bwd_Left.uexp" 2089
"D:/FYP_UE/FYP/Content/Characters/Mannequins/Anims/Unarmed/Walk/MF_Unarmed_Walk_Bwd.uasset" 2090
"D:/FYP_UE/FYP/Content/Characters/Mannequins/Anims/Unarmed/Walk/MF_Unarmed_Walk_Bwd.uexp" 2091
"D:/FYP_UE/FYP/Content/Characters/Mannequins/Anims/Unarmed/Jog/MF_Unarmed_Jog_Right.uasset" 2092
"D:/FYP_UE/FYP/Content/Characters/Mannequins/Anims/Unarmed/Jog/MF_Unarmed_Jog_Right.uexp" 2093
"D:/FYP_UE/FYP/Content/Characters/Mannequins/Anims/Unarmed/Jog/MF_Unarmed_Jog_Left.uasset" 2094
"D:/FYP_UE/FYP/Content/Characters/Mannequins/Anims/Unarmed/Jog/MF_Unarmed_Jog_Left.uexp" 2095
"D:/FYP_UE/FYP/Content/Characters/Mannequins/Anims/Unarmed/Jog/MF_Unarmed_Jog_Fwd_Right.uasset" 2096
"D:/FYP_UE/FYP/Content/Characters/Mannequins/Anims/Unarmed/Jog/MF_Unarmed_Jog_Fwd_Right.uexp" 2097
"D:/FYP_UE/FYP/Content/Characters/Mannequins/Anims/Unarmed/Jog/MF_Unarmed_Jog_Fwd_Left.uasset" 2098
"D:/FYP_UE/FYP/Content/Characters/Mannequins/Anims/Unarmed/Jog/MF_Unarmed_Jog_Fwd_Left.uexp" 2099
"D:/FYP_UE/FYP/Content/Characters/Mannequins/Anims/Unarmed/Jog/MF_Unarmed_Jog_Bwd_Right.uasset" 2100
"D:/FYP_UE/FYP/Content/Characters/Mannequins/Anims/Unarmed/Jog/MF_Unarmed_Jog_Bwd_Right.uexp" 2101
"D:/FYP_UE/FYP/Content/Characters/Mannequins/Anims/Unarmed/Jog/MF_Unarmed_Jog_Bwd_Left.uasset" 2102
"D:/FYP_UE/FYP/Content/Characters/Mannequins/Anims/Unarmed/Jog/MF_Unarmed_Jog_Bwd_Left.uexp" 2103
"D:/FYP_UE/FYP/Content/Characters/Mannequins/Anims/Unarmed/Jog/MF_Unarmed_Jog_Bwd.uasset" 2104
"D:/FYP_UE/FYP/Content/Characters/Mannequins/Anims/Unarmed/Jog/MF_Unarmed_Jog_Bwd.uexp" 2105
"D:/FYP_UE/FYP/Content/Characters/Mannequins/Anims/Unarmed/BS_Idle_Walk_Run.uasset" 2106
"D:/FYP_UE/FYP/Content/Characters/Mannequins/Anims/Unarmed/BS_Idle_Walk_Run.uexp" 2107
"D:/FYP_UE/FYP/Content/Characters/Mannequins/Anims/Unarmed/Jump/MM_Land.uasset" 2108
"D:/FYP_UE/FYP/Content/Characters/Mannequins/Anims/Unarmed/Jump/MM_Land.uexp" 2109
"D:/FYP_UE/FYP/Content/Characters/Mannequins/Anims/Unarmed/Jump/MM_Jump.uasset" 2110
"D:/FYP_UE/FYP/Content/Characters/Mannequins/Anims/Unarmed/Jump/MM_Jump.uexp" 2111
"D:/FYP_UE/FYP/Content/Characters/Mannequins/Anims/Unarmed/Jump/MM_Fall_Loop.uasset" 2112
"D:/FYP_UE/FYP/Content/Characters/Mannequins/Anims/Unarmed/Jump/MM_Fall_Loop.uexp" 2113
"D:/FYP_UE/FYP/Content/Characters/Mannequins/Anims/Unarmed/test_e.uasset" 2114
"D:/FYP_UE/FYP/Content/Characters/Mannequins/Anims/Unarmed/test_e.uexp" 2115
"D:/FYP_UE/FYP/Content/Input/Touch/BPI_TouchInterface.uasset" 2116
"D:/FYP_UE/FYP/Content/Input/Touch/BPI_TouchInterface.uexp" 2117
"D:/FYP_UE/FYP/Content/ThirdPerson/AI/TARGETAI.uasset" 2118
"D:/FYP_UE/FYP/Content/ThirdPerson/AI/TARGETAI.uexp" 2119
"D:/FYP_UE/FYP/Content/ThirdPerson/AI/EQS/Context_Player.uasset" 2120
"D:/FYP_UE/FYP/Content/ThirdPerson/AI/EQS/Context_Player.uexp" 2121
"D:/FYP_UE/FYP/Content/ThirdPerson/AI/EQS/EQS_FindCover.uasset" 2122
"D:/FYP_UE/FYP/Content/ThirdPerson/AI/EQS/EQS_FindCover.uexp" 2123
"D:/FYP_UE/FYP/Content/ThirdPerson/AI/ThreatLevelEnum.uasset" 2124
"D:/FYP_UE/FYP/Content/ThirdPerson/AI/ThreatLevelEnum.uexp" 2125
"D:/FYP_UE/FYP/Content/ThirdPerson/AI/BB_Enemy.uasset" 2126
"D:/FYP_UE/FYP/Content/ThirdPerson/AI/BB_Enemy.uexp" 2127
"D:/FYP_UE/FYP/Content/ThirdPerson/AI/BTT_SetFocus.uasset" 2128
"D:/FYP_UE/FYP/Content/ThirdPerson/AI/BTT_SetFocus.uexp" 2129
"D:/FYP_UE/FYP/Content/ThirdPerson/AI/BTT_PathPatrol.uasset" 2130
"D:/FYP_UE/FYP/Content/ThirdPerson/AI/BTT_PathPatrol.uexp" 2131
"D:/FYP_UE/FYP/Content/ThirdPerson/SFX/universfield-atmospheric-cinematic-soundscape-152493.ubulk" 2132
"D:/FYP_UE/FYP/Content/ThirdPerson/SFX/universfield-atmospheric-cinematic-soundscape-152493.uasset" 2133
"D:/FYP_UE/FYP/Content/ThirdPerson/SFX/universfield-atmospheric-cinematic-soundscape-152493.uexp" 2134
"D:/FYP_UE/FYP/Content/ThirdPerson/SFX/Intense_Ambient.ubulk" 2135
"D:/FYP_UE/FYP/Content/ThirdPerson/SFX/Intense_Ambient.uasset" 2136
"D:/FYP_UE/FYP/Content/ThirdPerson/SFX/Intense_Ambient.uexp" 2137
"D:/FYP_UE/FYP/Content/ThirdPerson/Blueprints/BP_MusicManager.uasset" 2138
"D:/FYP_UE/FYP/Content/ThirdPerson/Blueprints/BP_MusicManager.uexp" 2139
"D:/FYP_UE/FYP/Content/ThirdPerson/AI/BTS_DecideState.uasset" 2140
"D:/FYP_UE/FYP/Content/ThirdPerson/AI/BTS_DecideState.uexp" 2141
"D:/FYP_UE/FYP/Content/ThirdPerson/Utility_Curve/CF_Attack_Distance.uasset" 2142
"D:/FYP_UE/FYP/Content/ThirdPerson/Utility_Curve/CF_Attack_Distance.uexp" 2143
"D:/FYP_UE/FYP/Content/ThirdPerson/AI/BTService_SetConsiderations.uasset" 2144
"D:/FYP_UE/FYP/Content/ThirdPerson/AI/BTService_SetConsiderations.uexp" 2145
"D:/FYP_UE/FYP/Content/ThirdPerson/AI/BTT_AttackPlayer.uasset" 2146
"D:/FYP_UE/FYP/Content/ThirdPerson/AI/BTT_AttackPlayer.uexp" 2147
"D:/FYP_UE/FYP/Content/ThirdPerson/AI/BTT_ChasePlayer.uasset" 2148
"D:/FYP_UE/FYP/Content/ThirdPerson/AI/BTT_ChasePlayer.uexp" 2149
"D:/FYP_UE/FYP/Content/ThirdPerson/AI/BTT_ClearFocusTarget.uasset" 2150
"D:/FYP_UE/FYP/Content/ThirdPerson/AI/BTT_ClearFocusTarget.uexp" 2151
"D:/FYP_UE/FYP/Content/ThirdPerson/AI/BTT_ClearrBlackboardKey.uasset" 2152
"D:/FYP_UE/FYP/Content/ThirdPerson/AI/BTT_ClearrBlackboardKey.uexp" 2153
"D:/FYP_UE/FYP/Content/ThirdPerson/AI/BTT_FindExit.uasset" 2154
"D:/FYP_UE/FYP/Content/ThirdPerson/AI/BTT_FindExit.uexp" 2155
"D:/FYP_UE/FYP/Content/ThirdPerson/AI/BTT_FindRandomPatrol.uasset" 2156
"D:/FYP_UE/FYP/Content/ThirdPerson/AI/BTT_FindRandomPatrol.uexp" 2157
"D:/FYP_UE/FYP/Content/ThirdPerson/AI/BTT_Gather.uasset" 2158
"D:/FYP_UE/FYP/Content/ThirdPerson/AI/BTT_Gather.uexp" 2159
"D:/FYP_UE/FYP/Content/ThirdPerson/AI/BTT_LookingAround.uasset" 2160
"D:/FYP_UE/FYP/Content/ThirdPerson/AI/BTT_LookingAround.uexp" 2161
"D:/FYP_UE/FYP/Content/ThirdPerson/AI/BTTask_Cover.uasset" 2162
"D:/FYP_UE/FYP/Content/ThirdPerson/AI/BTTask_Cover.uexp" 2163
"D:/FYP_UE/FYP/Content/ThirdPerson/AI/EQS/EQS_FindAttack.uasset" 2164
"D:/FYP_UE/FYP/Content/ThirdPerson/AI/EQS/EQS_FindAttack.uexp" 2165
"D:/FYP_UE/FYP/Content/ThirdPerson/AI/EQS/EQS_Retreat.uasset" 2166
"D:/FYP_UE/FYP/Content/ThirdPerson/AI/EQS/EQS_Retreat.uexp" 2167
"D:/FYP_UE/FYP/Content/ThirdPerson/AI/BT_Enemy.uasset" 2168
"D:/FYP_UE/FYP/Content/ThirdPerson/AI/BT_Enemy.uexp" 2169
"D:/FYP_UE/FYP/Content/ThirdPerson/AI/Enemy_Controller.uasset" 2170
"D:/FYP_UE/FYP/Content/ThirdPerson/AI/Enemy_Controller.uexp" 2171
"D:/FYP_UE/FYP/Content/ThirdPerson/Animations/Enemy_Anim/Pistol_Idle_DryFirePose1.uasset" 2172
"D:/FYP_UE/FYP/Content/ThirdPerson/Animations/Enemy_Anim/Pistol_Idle_DryFirePose1.uexp" 2173
"D:/FYP_UE/FYP/Content/ThirdPerson/Animations/Enemy_Anim/MM_Land.uasset" 2174
"D:/FYP_UE/FYP/Content/ThirdPerson/Animations/Enemy_Anim/MM_Land.uexp" 2175
"D:/FYP_UE/FYP/Content/ThirdPerson/Animations/Enemy_Anim/MM_Jump.uasset" 2176
"D:/FYP_UE/FYP/Content/ThirdPerson/Animations/Enemy_Anim/MM_Jump.uexp" 2177
"D:/FYP_UE/FYP/Content/ThirdPerson/Animations/Enemy_Anim/MM_Idle.uasset" 2178
"D:/FYP_UE/FYP/Content/ThirdPerson/Animations/Enemy_Anim/MM_Idle.uexp" 2179
"D:/FYP_UE/FYP/Content/ThirdPerson/Animations/Enemy_Anim/MM_Fall_Loop.uasset" 2180
"D:/FYP_UE/FYP/Content/ThirdPerson/Animations/Enemy_Anim/MM_Fall_Loop.uexp" 2181
"D:/FYP_UE/FYP/Content/ThirdPerson/Animations/Enemy_Anim/Injured_Idle_Anim1.uasset" 2182
"D:/FYP_UE/FYP/Content/ThirdPerson/Animations/Enemy_Anim/Injured_Idle_Anim1.uexp" 2183
"D:/FYP_UE/FYP/Content/ThirdPerson/Animations/Enemy_Anim/Falling_Back_Death_Anim2.uasset" 2184
"D:/FYP_UE/FYP/Content/ThirdPerson/Animations/Enemy_Anim/Falling_Back_Death_Anim2.uexp" 2185
"D:/FYP_UE/FYP/Content/ThirdPerson/Animations/Enemy_Anim/Dying_Anim2.uasset" 2186
"D:/FYP_UE/FYP/Content/ThirdPerson/Animations/Enemy_Anim/Dying_Anim2.uexp" 2187
"D:/FYP_UE/FYP/Content/ThirdPerson/Animations/Enemy_Anim/Crouch_Torch_Idle_01_Anim1.uasset" 2188
"D:/FYP_UE/FYP/Content/ThirdPerson/Animations/Enemy_Anim/Crouch_Torch_Idle_01_Anim1.uexp" 2189
"D:/FYP_UE/FYP/Content/ThirdPerson/Animations/Enemy_Anim/Injured_Walk_Backwards__1__Anim1.uasset" 2190
"D:/FYP_UE/FYP/Content/ThirdPerson/Animations/Enemy_Anim/Injured_Walk_Backwards__1__Anim1.uexp" 2191
"D:/FYP_UE/FYP/Content/ThirdPerson/Animations/Enemy_Anim/Injured_Walk_Anim1.uasset" 2192
"D:/FYP_UE/FYP/Content/ThirdPerson/Animations/Enemy_Anim/Injured_Walk_Anim1.uexp" 2193
"D:/FYP_UE/FYP/Content/ThirdPerson/Animations/Enemy_Anim/Injured_Run_Backwards_Anim1.uasset" 2194
"D:/FYP_UE/FYP/Content/ThirdPerson/Animations/Enemy_Anim/Injured_Run_Backwards_Anim1.uexp" 2195
"D:/FYP_UE/FYP/Content/ThirdPerson/Animations/Enemy_Anim/Injured_Run_Anim1.uasset" 2196
"D:/FYP_UE/FYP/Content/ThirdPerson/Animations/Enemy_Anim/Injured_Run_Anim1.uexp" 2197
"D:/FYP_UE/FYP/Content/ThirdPerson/Animations/Enemy_Anim/BS_Limping_Idle_Walk.uasset" 2198
"D:/FYP_UE/FYP/Content/ThirdPerson/Animations/Enemy_Anim/BS_Limping_Idle_Walk.uexp" 2199
"D:/FYP_UE/FYP/Content/ThirdPerson/Animations/Enemy_Anim/MF_Unarmed_Walk_Right.uasset" 2200
"D:/FYP_UE/FYP/Content/ThirdPerson/Animations/Enemy_Anim/MF_Unarmed_Walk_Right.uexp" 2201
"D:/FYP_UE/FYP/Content/ThirdPerson/Animations/Enemy_Anim/MF_Unarmed_Walk_Left.uasset" 2202
"D:/FYP_UE/FYP/Content/ThirdPerson/Animations/Enemy_Anim/MF_Unarmed_Walk_Left.uexp" 2203
"D:/FYP_UE/FYP/Content/ThirdPerson/Animations/Enemy_Anim/MF_Unarmed_Walk_Fwd_Right.uasset" 2204
"D:/FYP_UE/FYP/Content/ThirdPerson/Animations/Enemy_Anim/MF_Unarmed_Walk_Fwd_Right.uexp" 2205
"D:/FYP_UE/FYP/Content/ThirdPerson/Animations/Enemy_Anim/MF_Unarmed_Walk_Fwd_Left.uasset" 2206
"D:/FYP_UE/FYP/Content/ThirdPerson/Animations/Enemy_Anim/MF_Unarmed_Walk_Fwd_Left.uexp" 2207
"D:/FYP_UE/FYP/Content/ThirdPerson/Animations/Enemy_Anim/MF_Unarmed_Walk_Fwd.uasset" 2208
"D:/FYP_UE/FYP/Content/ThirdPerson/Animations/Enemy_Anim/MF_Unarmed_Walk_Fwd.uexp" 2209
"D:/FYP_UE/FYP/Content/ThirdPerson/Animations/Enemy_Anim/MF_Unarmed_Walk_Bwd_Right.uasset" 2210
"D:/FYP_UE/FYP/Content/ThirdPerson/Animations/Enemy_Anim/MF_Unarmed_Walk_Bwd_Right.uexp" 2211
"D:/FYP_UE/FYP/Content/ThirdPerson/Animations/Enemy_Anim/MF_Unarmed_Walk_Bwd_Left.uasset" 2212
"D:/FYP_UE/FYP/Content/ThirdPerson/Animations/Enemy_Anim/MF_Unarmed_Walk_Bwd_Left.uexp" 2213
"D:/FYP_UE/FYP/Content/ThirdPerson/Animations/Enemy_Anim/MF_Unarmed_Walk_Bwd.uasset" 2214
"D:/FYP_UE/FYP/Content/ThirdPerson/Animations/Enemy_Anim/MF_Unarmed_Walk_Bwd.uexp" 2215
"D:/FYP_UE/FYP/Content/ThirdPerson/Animations/Enemy_Anim/MF_Unarmed_Jog_Right.uasset" 2216
"D:/FYP_UE/FYP/Content/ThirdPerson/Animations/Enemy_Anim/MF_Unarmed_Jog_Right.uexp" 2217
"D:/FYP_UE/FYP/Content/ThirdPerson/Animations/Enemy_Anim/MF_Unarmed_Jog_Left.uasset" 2218
"D:/FYP_UE/FYP/Content/ThirdPerson/Animations/Enemy_Anim/MF_Unarmed_Jog_Left.uexp" 2219
"D:/FYP_UE/FYP/Content/ThirdPerson/Animations/Enemy_Anim/MF_Unarmed_Jog_Fwd_Right.uasset" 2220
"D:/FYP_UE/FYP/Content/ThirdPerson/Animations/Enemy_Anim/MF_Unarmed_Jog_Fwd_Right.uexp" 2221
"D:/FYP_UE/FYP/Content/ThirdPerson/Animations/Enemy_Anim/MF_Unarmed_Jog_Fwd_Left.uasset" 2222
"D:/FYP_UE/FYP/Content/ThirdPerson/Animations/Enemy_Anim/MF_Unarmed_Jog_Fwd_Left.uexp" 2223
"D:/FYP_UE/FYP/Content/ThirdPerson/Animations/Enemy_Anim/MF_Unarmed_Jog_Fwd.uasset" 2224
"D:/FYP_UE/FYP/Content/ThirdPerson/Animations/Enemy_Anim/MF_Unarmed_Jog_Fwd.uexp" 2225
"D:/FYP_UE/FYP/Content/ThirdPerson/Animations/Enemy_Anim/MF_Unarmed_Jog_Bwd_Right.uasset" 2226
"D:/FYP_UE/FYP/Content/ThirdPerson/Animations/Enemy_Anim/MF_Unarmed_Jog_Bwd_Right.uexp" 2227
"D:/FYP_UE/FYP/Content/ThirdPerson/Animations/Enemy_Anim/MF_Unarmed_Jog_Bwd_Left.uasset" 2228
"D:/FYP_UE/FYP/Content/ThirdPerson/Animations/Enemy_Anim/MF_Unarmed_Jog_Bwd_Left.uexp" 2229
"D:/FYP_UE/FYP/Content/ThirdPerson/Animations/Enemy_Anim/MF_Unarmed_Jog_Bwd.uasset" 2230
"D:/FYP_UE/FYP/Content/ThirdPerson/Animations/Enemy_Anim/MF_Unarmed_Jog_Bwd.uexp" 2231
"D:/FYP_UE/FYP/Content/ThirdPerson/Animations/Enemy_Anim/BS_Idle_Walk_Run.uasset" 2232
"D:/FYP_UE/FYP/Content/ThirdPerson/Animations/Enemy_Anim/BS_Idle_Walk_Run.uexp" 2233
"D:/FYP_UE/FYP/Content/ThirdPerson/Animations/Enemy_Anim/ABP_Enemy.uasset" 2234
"D:/FYP_UE/FYP/Content/ThirdPerson/Animations/Enemy_Anim/ABP_Enemy.uexp" 2235
"D:/FYP_UE/FYP/Content/ThirdPerson/AI/Enemy_Character.uasset" 2236
"D:/FYP_UE/FYP/Content/ThirdPerson/AI/Enemy_Character.uexp" 2237
"D:/FYP_UE/FYP/Content/LevelPrototyping/Materials/M_FlatCol.uasset" 2238
"D:/FYP_UE/FYP/Content/LevelPrototyping/Materials/M_FlatCol.uexp" 2239
"D:/FYP_UE/FYP/Content/LevelPrototyping/Materials/MI_DefaultColorway.uasset" 2240
"D:/FYP_UE/FYP/Content/LevelPrototyping/Materials/MI_DefaultColorway.uexp" 2241
"D:/FYP_UE/FYP/Content/LevelPrototyping/Meshes/SM_ChamferCube.ubulk" 2242
"D:/FYP_UE/FYP/Content/LevelPrototyping/Meshes/SM_ChamferCube.uasset" 2243
"D:/FYP_UE/FYP/Content/LevelPrototyping/Meshes/SM_ChamferCube.uexp" 2244
"D:/FYP_UE/FYP/Content/ThirdPerson/Blueprints/BP_Bullet.uasset" 2245
"D:/FYP_UE/FYP/Content/ThirdPerson/Blueprints/BP_Bullet.uexp" 2246
"D:/FYP_UE/FYP/Content/ThirdPerson/Animations/Static_Aiming.uasset" 2247
"D:/FYP_UE/FYP/Content/ThirdPerson/Animations/Static_Aiming.uexp" 2248
"D:/FYP_UE/FYP/Content/ThirdPerson/Animations/Throwable_Aiming_montage.uasset" 2249
"D:/FYP_UE/FYP/Content/ThirdPerson/Animations/Throwable_Aiming_montage.uexp" 2250
"D:/FYP_UE/FYP/Content/Input/Actions/IA_MouseLook.uasset" 2251
"D:/FYP_UE/FYP/Content/Input/Actions/IA_MouseLook.uexp" 2252
"D:/FYP_UE/FYP/Content/Input/Actions/IA_Sprint.uasset" 2253
"D:/FYP_UE/FYP/Content/Input/Actions/IA_Sprint.uexp" 2254
"D:/FYP_UE/FYP/Content/Input/Actions/IA_Pause.uasset" 2255
"D:/FYP_UE/FYP/Content/Input/Actions/IA_Pause.uexp" 2256
"D:/FYP_UE/FYP/Content/Input/Actions/IA_Parkour.uasset" 2257
"D:/FYP_UE/FYP/Content/Input/Actions/IA_Parkour.uexp" 2258
"D:/FYP_UE/FYP/Content/Input/Actions/IA_Move.uasset" 2259
"D:/FYP_UE/FYP/Content/Input/Actions/IA_Move.uexp" 2260
"D:/FYP_UE/FYP/Content/Input/Actions/IA_Look.uasset" 2261
"D:/FYP_UE/FYP/Content/Input/Actions/IA_Look.uexp" 2262
"D:/FYP_UE/FYP/Content/Input/Actions/IA_Jump.uasset" 2263
"D:/FYP_UE/FYP/Content/Input/Actions/IA_Jump.uexp" 2264
"D:/FYP_UE/FYP/Content/Input/Actions/IA_Interact.uasset" 2265
"D:/FYP_UE/FYP/Content/Input/Actions/IA_Interact.uexp" 2266
"D:/FYP_UE/FYP/Content/Input/Actions/IA_Fire.uasset" 2267
"D:/FYP_UE/FYP/Content/Input/Actions/IA_Fire.uexp" 2268
"D:/FYP_UE/FYP/Content/Input/Actions/IA_Aiming.uasset" 2269
"D:/FYP_UE/FYP/Content/Input/Actions/IA_Aiming.uexp" 2270
"D:/FYP_UE/FYP/Content/Characters/PlayerCharacter/PlayerThrow__2__Anim.uasset" 2271
"D:/FYP_UE/FYP/Content/Characters/PlayerCharacter/PlayerThrow__2__Anim.uexp" 2272
"D:/FYP_UE/FYP/Content/Characters/PlayerCharacter/PlayerThrow__2__Anim_Montage.uasset" 2273
"D:/FYP_UE/FYP/Content/Characters/PlayerCharacter/PlayerThrow__2__Anim_Montage.uexp" 2274
"D:/FYP_UE/FYP/Content/Bandit/Textures/BanMaskup_OcclusionRoughnessMetallic.ubulk" 2275
"D:/FYP_UE/FYP/Content/Bandit/Textures/BanMaskup_OcclusionRoughnessMetallic.uasset" 2276
"D:/FYP_UE/FYP/Content/Bandit/Textures/BanMaskup_OcclusionRoughnessMetallic.uexp" 2277
"D:/FYP_UE/FYP/Content/Bandit/Textures/BanMaskup_Normal.ubulk" 2278
"D:/FYP_UE/FYP/Content/Bandit/Textures/BanMaskup_Normal.uasset" 2279
"D:/FYP_UE/FYP/Content/Bandit/Textures/BanMaskup_Normal.uexp" 2280
"D:/FYP_UE/FYP/Content/Bandit/Textures/BanMaskup_BaseColor.ubulk" 2281
"D:/FYP_UE/FYP/Content/Bandit/Textures/BanMaskup_BaseColor.uasset" 2282
"D:/FYP_UE/FYP/Content/Bandit/Textures/BanMaskup_BaseColor.uexp" 2283
"D:/FYP_UE/FYP/Content/Bandit/Materials/BanMaskupMtl.uasset" 2284
"D:/FYP_UE/FYP/Content/Bandit/Materials/BanMaskupMtl.uexp" 2285
"D:/FYP_UE/FYP/Content/Bandit/Skins/BanditMaskUpNoGun.uasset" 2286
"D:/FYP_UE/FYP/Content/Bandit/Skins/BanditMaskUpNoGun.uexp" 2287
"D:/FYP_UE/FYP/Content/Characters/PlayerCharacter/PlayerStabbing_Anim1.uasset" 2288
"D:/FYP_UE/FYP/Content/Characters/PlayerCharacter/PlayerStabbing_Anim1.uexp" 2289
"D:/FYP_UE/FYP/Content/Characters/PlayerCharacter/PlayerStabbing_Anim1_Montage.uasset" 2290
"D:/FYP_UE/FYP/Content/Characters/PlayerCharacter/PlayerStabbing_Anim1_Montage.uexp" 2291
"D:/FYP_UE/FYP/Content/Characters/PlayerCharacter/PlayerMM_Pistol_DryFire.uasset" 2292
"D:/FYP_UE/FYP/Content/Characters/PlayerCharacter/PlayerMM_Pistol_DryFire.uexp" 2293
"D:/FYP_UE/FYP/Content/Characters/PlayerCharacter/PlayerMM_Pistol_DryFire_Montage.uasset" 2294
"D:/FYP_UE/FYP/Content/Characters/PlayerCharacter/PlayerMM_Pistol_DryFire_Montage.uexp" 2295
"D:/FYP_UE/FYP/Content/Characters/PlayerCharacter/PlayerAnim_Vault.uasset" 2296
"D:/FYP_UE/FYP/Content/Characters/PlayerCharacter/PlayerAnim_Vault.uexp" 2297
"D:/FYP_UE/FYP/Content/Characters/PlayerCharacter/PlayerAnim_Vault_Montage.uasset" 2298
"D:/FYP_UE/FYP/Content/Characters/PlayerCharacter/PlayerAnim_Vault_Montage.uexp" 2299
"D:/FYP_UE/FYP/Content/Characters/PlayerCharacter/PlayerAnim_GettingUp.uasset" 2300
"D:/FYP_UE/FYP/Content/Characters/PlayerCharacter/PlayerAnim_GettingUp.uexp" 2301
"D:/FYP_UE/FYP/Content/Characters/PlayerCharacter/PlayerAnim_GettingUp_Montage.uasset" 2302
"D:/FYP_UE/FYP/Content/Characters/PlayerCharacter/PlayerAnim_GettingUp_Montage.uexp" 2303
"D:/FYP_UE/FYP/Content/Characters/PlayerCharacter/PlayerAnim_Climb.uasset" 2304
"D:/FYP_UE/FYP/Content/Characters/PlayerCharacter/PlayerAnim_Climb.uexp" 2305
"D:/FYP_UE/FYP/Content/Characters/PlayerCharacter/PlayerAnim_Climb_Montage.uasset" 2306
"D:/FYP_UE/FYP/Content/Characters/PlayerCharacter/PlayerAnim_Climb_Montage.uexp" 2307
"D:/FYP_UE/FYP/Content/Characters/PlayerCharacter/PlayerMM_Land.uasset" 2308
"D:/FYP_UE/FYP/Content/Characters/PlayerCharacter/PlayerMM_Land.uexp" 2309
"D:/FYP_UE/FYP/Content/Characters/PlayerCharacter/PlayerMM_Jump.uasset" 2310
"D:/FYP_UE/FYP/Content/Characters/PlayerCharacter/PlayerMM_Jump.uexp" 2311
"D:/FYP_UE/FYP/Content/Characters/PlayerCharacter/PlayerMM_Idle.uasset" 2312
"D:/FYP_UE/FYP/Content/Characters/PlayerCharacter/PlayerMM_Idle.uexp" 2313
"D:/FYP_UE/FYP/Content/Characters/PlayerCharacter/PlayerMM_Fall_Loop.uasset" 2314
"D:/FYP_UE/FYP/Content/Characters/PlayerCharacter/PlayerMM_Fall_Loop.uexp" 2315
"D:/FYP_UE/FYP/Content/Characters/PlayerCharacter/PlayerHolding_Idle_Anim1.uasset" 2316
"D:/FYP_UE/FYP/Content/Characters/PlayerCharacter/PlayerHolding_Idle_Anim1.uexp" 2317
"D:/FYP_UE/FYP/Content/Characters/PlayerCharacter/PlayerFalling_Back_Death_Anim1.uasset" 2318
"D:/FYP_UE/FYP/Content/Characters/PlayerCharacter/PlayerFalling_Back_Death_Anim1.uexp" 2319
"D:/FYP_UE/FYP/Content/Characters/PlayerCharacter/PlayerCrouchWalk.uasset" 2320
"D:/FYP_UE/FYP/Content/Characters/PlayerCharacter/PlayerCrouchWalk.uexp" 2321
"D:/FYP_UE/FYP/Content/Characters/PlayerCharacter/PlayerCrouch.uasset" 2322
"D:/FYP_UE/FYP/Content/Characters/PlayerCharacter/PlayerCrouch.uexp" 2323
"D:/FYP_UE/FYP/Content/Characters/PlayerCharacter/PlayerMF_Unarmed_Walk_Right.uasset" 2324
"D:/FYP_UE/FYP/Content/Characters/PlayerCharacter/PlayerMF_Unarmed_Walk_Right.uexp" 2325
"D:/FYP_UE/FYP/Content/Characters/PlayerCharacter/PlayerMF_Unarmed_Walk_Left.uasset" 2326
"D:/FYP_UE/FYP/Content/Characters/PlayerCharacter/PlayerMF_Unarmed_Walk_Left.uexp" 2327
"D:/FYP_UE/FYP/Content/Characters/PlayerCharacter/PlayerMF_Unarmed_Walk_Fwd_Right.uasset" 2328
"D:/FYP_UE/FYP/Content/Characters/PlayerCharacter/PlayerMF_Unarmed_Walk_Fwd_Right.uexp" 2329
"D:/FYP_UE/FYP/Content/Characters/PlayerCharacter/PlayerMF_Unarmed_Walk_Fwd_Left.uasset" 2330
"D:/FYP_UE/FYP/Content/Characters/PlayerCharacter/PlayerMF_Unarmed_Walk_Fwd_Left.uexp" 2331
"D:/FYP_UE/FYP/Content/Characters/PlayerCharacter/PlayerMF_Unarmed_Walk_Fwd.uasset" 2332
"D:/FYP_UE/FYP/Content/Characters/PlayerCharacter/PlayerMF_Unarmed_Walk_Fwd.uexp" 2333
"D:/FYP_UE/FYP/Content/Characters/PlayerCharacter/PlayerMF_Unarmed_Walk_Bwd_Right.uasset" 2334
"D:/FYP_UE/FYP/Content/Characters/PlayerCharacter/PlayerMF_Unarmed_Walk_Bwd_Right.uexp" 2335
"D:/FYP_UE/FYP/Content/Characters/PlayerCharacter/PlayerMF_Unarmed_Walk_Bwd_Left.uasset" 2336
"D:/FYP_UE/FYP/Content/Characters/PlayerCharacter/PlayerMF_Unarmed_Walk_Bwd_Left.uexp" 2337
"D:/FYP_UE/FYP/Content/Characters/PlayerCharacter/PlayerMF_Unarmed_Walk_Bwd.uasset" 2338
"D:/FYP_UE/FYP/Content/Characters/PlayerCharacter/PlayerMF_Unarmed_Walk_Bwd.uexp" 2339
"D:/FYP_UE/FYP/Content/Characters/PlayerCharacter/PlayerMF_Unarmed_Jog_Right.uasset" 2340
"D:/FYP_UE/FYP/Content/Characters/PlayerCharacter/PlayerMF_Unarmed_Jog_Right.uexp" 2341
"D:/FYP_UE/FYP/Content/Characters/PlayerCharacter/PlayerMF_Unarmed_Jog_Left.uasset" 2342
"D:/FYP_UE/FYP/Content/Characters/PlayerCharacter/PlayerMF_Unarmed_Jog_Left.uexp" 2343
"D:/FYP_UE/FYP/Content/Characters/PlayerCharacter/PlayerMF_Unarmed_Jog_Fwd_Right.uasset" 2344
"D:/FYP_UE/FYP/Content/Characters/PlayerCharacter/PlayerMF_Unarmed_Jog_Fwd_Right.uexp" 2345
"D:/FYP_UE/FYP/Content/Characters/PlayerCharacter/PlayerMF_Unarmed_Jog_Fwd_Left.uasset" 2346
"D:/FYP_UE/FYP/Content/Characters/PlayerCharacter/PlayerMF_Unarmed_Jog_Fwd_Left.uexp" 2347
"D:/FYP_UE/FYP/Content/Characters/PlayerCharacter/PlayerMF_Unarmed_Jog_Fwd.uasset" 2348
"D:/FYP_UE/FYP/Content/Characters/PlayerCharacter/PlayerMF_Unarmed_Jog_Fwd.uexp" 2349
"D:/FYP_UE/FYP/Content/Characters/PlayerCharacter/PlayerMF_Unarmed_Jog_Bwd_Right.uasset" 2350
"D:/FYP_UE/FYP/Content/Characters/PlayerCharacter/PlayerMF_Unarmed_Jog_Bwd_Right.uexp" 2351
"D:/FYP_UE/FYP/Content/Characters/PlayerCharacter/PlayerMF_Unarmed_Jog_Bwd_Left.uasset" 2352
"D:/FYP_UE/FYP/Content/Characters/PlayerCharacter/PlayerMF_Unarmed_Jog_Bwd_Left.uexp" 2353
"D:/FYP_UE/FYP/Content/Characters/PlayerCharacter/PlayerMF_Unarmed_Jog_Bwd.uasset" 2354
"D:/FYP_UE/FYP/Content/Characters/PlayerCharacter/PlayerMF_Unarmed_Jog_Bwd.uexp" 2355
"D:/FYP_UE/FYP/Content/Characters/PlayerCharacter/PlayerBS_Idle_Walk_Run.uasset" 2356
"D:/FYP_UE/FYP/Content/Characters/PlayerCharacter/PlayerBS_Idle_Walk_Run.uexp" 2357
"D:/FYP_UE/FYP/Content/Characters/PlayerCharacter/PlayerAimPose.uasset" 2358
"D:/FYP_UE/FYP/Content/Characters/PlayerCharacter/PlayerAimPose.uexp" 2359
"D:/FYP_UE/FYP/Content/Characters/PlayerCharacter/PlayerABP_Unarmed.uasset" 2360
"D:/FYP_UE/FYP/Content/Characters/PlayerCharacter/PlayerABP_Unarmed.uexp" 2361
"D:/FYP_UE/FYP/Content/Characters/Mannequins/Anims/Rifle/MF_Rifle_Idle_ADS.uasset" 2362
"D:/FYP_UE/FYP/Content/Characters/Mannequins/Anims/Rifle/MF_Rifle_Idle_ADS.uexp" 2363
"D:/FYP_UE/FYP/Content/Characters/Mannequins/Anims/Rifle/AIM/MM_Rifle_Idle_ADS_AO_CC.uasset" 2364
"D:/FYP_UE/FYP/Content/Characters/Mannequins/Anims/Rifle/AIM/MM_Rifle_Idle_ADS_AO_CC.uexp" 2365
"D:/FYP_UE/FYP/Content/ThirdPerson/Blueprints/BP_ThirdPersonCharacter.uasset" 2366
"D:/FYP_UE/FYP/Content/ThirdPerson/Blueprints/BP_ThirdPersonCharacter.uexp" 2367
"D:/FYP_UE/FYP/Content/ThirdPerson/Saving/WB_SaveGame.uasset" 2368
"D:/FYP_UE/FYP/Content/ThirdPerson/Saving/WB_SaveGame.uexp" 2369
"D:/FYP_UE/FYP/Content/ThirdPerson/Saving/WB_GameInstance.uasset" 2370
"D:/FYP_UE/FYP/Content/ThirdPerson/Saving/WB_GameInstance.uexp" 2371
"D:/FYP_UE/FYP/Content/ThirdPerson/UI/WB_MainMenu.uasset" 2372
"D:/FYP_UE/FYP/Content/ThirdPerson/UI/WB_MainMenu.uexp" 2373
"D:/FYP_UE/FYP/Content/ThirdPerson/MenuLevel.uexp" 2374
"D:/FYP_UE/FYP/Content/ThirdPerson/MenuLevel.umap" 2375
"D:/FYP_UE/FYP/Content/Input/IMC_Default.uasset" 2376
"D:/FYP_UE/FYP/Content/Input/IMC_Default.uexp" 2377
"D:/FYP_UE/FYP/Content/Input/IMC_MouseLook.uasset" 2378
"D:/FYP_UE/FYP/Content/Input/IMC_MouseLook.uexp" 2379
"../../../Engine/Content/MobileResources/HUD/VirtualJoystick_Thumb.uasset" 2380
"../../../Engine/Content/MobileResources/HUD/VirtualJoystick_Thumb.uexp" 2381
"../../../Engine/Content/MobileResources/HUD/VirtualJoystick_Background.uasset" 2382
"../../../Engine/Content/MobileResources/HUD/VirtualJoystick_Background.uexp" 2383
"D:/FYP_UE/FYP/Content/Input/Touch/UI_Thumbstick.uasset" 2384
"D:/FYP_UE/FYP/Content/Input/Touch/UI_Thumbstick.uexp" 2385
"D:/FYP_UE/FYP/Content/Input/Touch/UI_TouchSimple.uasset" 2386
"D:/FYP_UE/FYP/Content/Input/Touch/UI_TouchSimple.uexp" 2387
"D:/FYP_UE/FYP/Content/ThirdPerson/Blueprints/BP_ThirdPersonPlayerController.uasset" 2388
"D:/FYP_UE/FYP/Content/ThirdPerson/Blueprints/BP_ThirdPersonPlayerController.uexp" 2389
"D:/FYP_UE/FYP/Content/ThirdPerson/Blueprints/BP_ThirdPersonGameMode.uasset" 2390
"D:/FYP_UE/FYP/Content/ThirdPerson/Blueprints/BP_ThirdPersonGameMode.uexp" 2391
"D:/FYP_UE/FYP/Content/ThirdPerson/Utility_Curve/CF_TotalScore.uasset" 2392
"D:/FYP_UE/FYP/Content/ThirdPerson/Utility_Curve/CF_TotalScore.uexp" 2393
"D:/FYP_UE/FYP/Content/ThirdPerson/UI/BP_EndGame.uasset" 2394
"D:/FYP_UE/FYP/Content/ThirdPerson/UI/BP_EndGame.uexp" 2395
"D:/FYP_UE/FYP/Content/ThirdPerson/UI/WB_ExitTimer.uasset" 2396
"D:/FYP_UE/FYP/Content/ThirdPerson/UI/WB_ExitTimer.uexp" 2397
"D:/FYP_UE/FYP/Content/ThirdPerson/Lvl_ThirdPerson.uexp" 2398
"D:/FYP_UE/FYP/Content/ThirdPerson/Lvl_ThirdPerson.umap" 2399
