"D:/FYP_UE/FYP/BT_Game.uproject" 1
"D:/FYP_UE/FYP/Binaries/Win64/UnrealEditor.modules" 2
"../../../Engine/Plugins/AudioGameplay/AudioGameplay.uplugin" 3
"../../../Engine/Plugins/Bridge/Bridge.uplugin" 4
"../../../Engine/Plugins/ChaosClothAssetEditor/ChaosClothAssetEditor.uplugin" 5
"../../../Engine/Plugins/AudioInsights/AudioInsights.uplugin" 6
"../../../Engine/Plugins/AudioGameplayVolume/AudioGameplayVolume.uplugin" 7
"../../../Engine/Plugins/ChaosInsights/ChaosInsights.uplugin" 8
"../../../Engine/Plugins/ChaosCloth/ChaosCloth.uplugin" 9
"../../../Engine/Plugins/ChaosVD/ChaosVD.uplugin" 10
"../../../Engine/Plugins/ChaosClothAsset/ChaosClothAsset.uplugin" 11
"../../../Engine/Plugins/BlueprintFileUtils/BlueprintFileUtils.uplugin" 12
"../../../Engine/Plugins/Chooser/Chooser.uplugin" 13
"../../../Engine/Plugins/CmdLinkServer/CmdLinkServer.uplugin" 14
"../../../Engine/Plugins/DiscoveryBeaconReceiver/DiscoveryBeaconReceiver.uplugin" 15
"../../../Engine/Plugins/FastBuildController/FastBuildController.uplugin" 16
"../../../Engine/Plugins/EnhancedInput/EnhancedInput.uplugin" 17
"../../../Engine/Plugins/Fab/Fab.uplugin" 18
"../../../Engine/Plugins/IoStoreInsights/IoStoreInsights.uplugin" 19
"../../../Engine/Plugins/JsonBlueprintUtilities/JsonBlueprintUtilities.uplugin" 20
"../../../Engine/Plugins/LightWeightInstancesEditor/LightWeightInstancesEditor.uplugin" 21
"../../../Engine/Plugins/MassInsights/MassInsights.uplugin" 22
"../../../Engine/Plugins/MeshPainting/MeshPainting.uplugin" 23
"../../../Engine/Plugins/MemoryUsageQueries/MemoryUsageQueries.uplugin" 24
"../../../Engine/Plugins/WorldMetrics/WorldMetrics.uplugin" 25
"../../../Engine/Plugins/PCG/PCG.uplugin" 26
"../../../Engine/Plugins/RenderGraphInsights/RenderGraphInsights.uplugin" 27
"../../../Engine/Plugins/ScriptPlugin/ScriptPlugin.uplugin" 28
"../../../Engine/Plugins/Mutable/Mutable.uplugin" 29
"../../../Engine/Plugins/TextureGraph/TextureGraph.uplugin" 30
"../../../Engine/Plugins/TraceUtilities/TraceUtilities.uplugin" 31
"../../../Engine/Plugins/Developer/BlankPlugin/BlankPlugin.uplugin" 32
"../../../Engine/Plugins/UbaController/UbaController.uplugin" 33
"../../../Engine/Plugins/Developer/CodeLiteSourceCodeAccess/CodeLiteSourceCodeAccess.uplugin" 34
"../../../Engine/Plugins/Developer/GitSourceControl/GitSourceControl.uplugin" 35
"../../../Engine/Plugins/Developer/DirectoryPlaceholder/DirectoryPlaceholder.uplugin" 36
"../../../Engine/Plugins/Developer/DumpGPUServices/DumpGPUServices.uplugin" 37
"../../../Engine/Plugins/Developer/KDevelopSourceCodeAccess/KDevelopSourceCodeAccess.uplugin" 38
"../../../Engine/Plugins/Developer/AnimationSharing/AnimationSharing.uplugin" 39
"../../../Engine/Plugins/Developer/N10XSourceCodeAccess/N10XSourceCodeAccess.uplugin" 40
"../../../Engine/Plugins/Developer/NamingTokens/NamingTokens.uplugin" 41
"../../../Engine/Plugins/Developer/FieldNotificationTrace/FieldNotificationTrace.uplugin" 42
"../../../Engine/Plugins/XGEController/XGEController.uplugin" 43
"../../../Engine/Plugins/Developer/OneSkyLocalizationService/OneSkyLocalizationService.uplugin" 44
"../../../Engine/Plugins/Developer/CLionSourceCodeAccess/CLionSourceCodeAccess.uplugin" 45
"../../../Engine/Plugins/Developer/NullSourceCodeAccess/NullSourceCodeAccess.uplugin" 46
"../../../Engine/Plugins/Developer/PerforceSourceControl/PerforceSourceControl.uplugin" 47
"../../../Engine/Plugins/Developer/PluginUtils/PluginUtils.uplugin" 48
"../../../Engine/Plugins/Developer/TextureFormatOodle/TextureFormatOodle.uplugin" 49
"../../../Engine/Plugins/Developer/RiderSourceCodeAccess/RiderSourceCodeAccess.uplugin" 50
"../../../Engine/Plugins/Developer/VisualStudioCodeSourceCodeAccess/VisualStudioCodeSourceCodeAccess.uplugin" 51
"../../../Engine/Plugins/Developer/PropertyAccessNode/PropertyAccessNode.uplugin" 52
"../../../Engine/Plugins/Developer/TraceSourceFiltering/TraceSourceFilters.uplugin" 53
"../../../Engine/Plugins/Developer/RenderDocPlugin/RenderDocPlugin.uplugin" 54
"../../../Engine/Plugins/Developer/VisualStudioSourceCodeAccess/VisualStudioSourceCodeAccess.uplugin" 55
"../../../Engine/Plugins/Developer/PixWinPlugin/PixWinPlugin.uplugin" 56
"../../../Engine/Plugins/Experimental/AdvancedRenamer/AdvancedRenamer.uplugin" 57
"../../../Engine/Plugins/Experimental/AnimNextAnimGraph/AnimNextAnimGraph.uplugin" 58
"../../../Engine/Plugins/Developer/ProjectLauncher/ProjectLauncher.uplugin" 59
"../../../Engine/Plugins/Developer/PlasticSourceControl/PlasticSourceControl.uplugin" 60
"../../../Engine/Plugins/Developer/UObjectPlugin/UObjectPlugin.uplugin" 61
"../../../Engine/Plugins/Developer/XcodeGPUDebuggerPlugin/XcodeGPUDebuggerPlugin.uplugin" 62
"../../../Engine/Plugins/Developer/SubversionSourceControl/SubversionSourceControl.uplugin" 63
"../../../Engine/Plugins/Developer/XCodeSourceCodeAccess/XCodeSourceCodeAccess.uplugin" 64
"../../../Engine/Plugins/Experimental/AbilitySystemGameFeatureActions/AbilitySystemGameFeatureActions.uplugin" 65
"../../../Engine/Plugins/Experimental/AnimNext/AnimNext.uplugin" 66
"../../../Engine/Plugins/Experimental/AnimNextControlRig/AnimNextControlRig.uplugin" 67
"../../../Engine/Plugins/Developer/TraceDataFiltering/TraceDataFilters.uplugin" 68
"../../../Engine/Plugins/Experimental/ActorPalette/ActorPalette.uplugin" 69
"../../../Engine/Plugins/Experimental/AsyncMessageSystem/AsyncMessageSystem.uplugin" 70
"../../../Engine/Plugins/Experimental/AnimNextChooser/AnimNextChooser.uplugin" 71
"../../../Engine/Plugins/Experimental/AnimNextWarping/AnimNextWarping.uplugin" 72
"../../../Engine/Plugins/Experimental/AnimToTexture/AnimToTexture.uplugin" 73
"../../../Engine/Plugins/Experimental/AnimNextStateTree/AnimNextStateTree.uplugin" 74
"../../../Engine/Plugins/Experimental/AnimNextPoseSearch/AnimNextPoseSearch.uplugin" 75
"../../../Engine/Plugins/Experimental/AvalancheDataLink/AvalancheDataLink.uplugin" 76
"../../../Engine/Plugins/Experimental/AvalancheDisplayCluster/AvalancheDisplayCluster.uplugin" 77
"../../../Engine/Plugins/Experimental/AsyncMessageSystemTests/AsyncMessageSystemTests.uplugin" 78
"../../../Engine/Plugins/Experimental/BlueprintSnapNodes/BlueprintSnapNodes.uplugin" 79
"../../../Engine/Plugins/Experimental/AutomationUtils/AutomationUtils.uplugin" 80
"../../../Engine/Plugins/Experimental/AvalancheSceneState/AvalancheSceneState.uplugin" 81
"../../../Engine/Plugins/Experimental/BackChannel/BackChannel.uplugin" 82
"../../../Engine/Plugins/Experimental/BlueprintStats/BlueprintStats.uplugin" 83
"../../../Engine/Plugins/Experimental/ChaosCachingUSD/ChaosCachingUSD.uplugin" 84
"../../../Engine/Plugins/Experimental/ChaosCaching/ChaosCaching.uplugin" 85
"../../../Engine/Plugins/Experimental/ChaosFlesh/ChaosFlesh.uplugin" 86
"../../../Engine/Plugins/Experimental/Buoyancy/Buoyancy.uplugin" 87
"../../../Engine/Plugins/Experimental/AvalancheSequenceNavigator/AvalancheSequenceNavigator.uplugin" 88
"../../../Engine/Plugins/Experimental/CelestialVault/CelestialVault.uplugin" 89
"../../../Engine/Plugins/Experimental/ChaosNiagara/ChaosNiagara.uplugin" 90
"../../../Engine/Plugins/Experimental/ChaosEditor/ChaosEditor.uplugin" 91
"../../../Engine/Plugins/Experimental/ChaosOutfitAsset/ChaosOutfitAsset.uplugin" 92
"../../../Engine/Plugins/Experimental/ChaosModularVehicle/ChaosModularVehicle.uplugin" 93
"../../../Engine/Plugins/Experimental/ChaosUserDataPT/ChaosUserDataPT.uplugin" 94
"../../../Engine/Plugins/Experimental/ChaosModularVehicleExamples/ChaosModularVehicleExamples.uplugin" 95
"../../../Engine/Plugins/Experimental/ChaosClothEditor/ChaosClothEditor.uplugin" 96
"../../../Engine/Plugins/Experimental/ChaosSolverPlugin/ChaosSolverPlugin.uplugin" 97
"../../../Engine/Plugins/Experimental/CharacterAI/CharacterAI.uplugin" 98
"../../../Engine/Plugins/Experimental/ColorCorrectRegions/ColorCorrectRegions.uplugin" 99
"../../../Engine/Plugins/Experimental/CodeView/CodeView.uplugin" 100
"../../../Engine/Plugins/Experimental/CinematicPrestreaming/CinematicPrestreaming.uplugin" 101
"../../../Engine/Plugins/Experimental/ChaosVehiclesPlugin/ChaosVehiclesPlugin.uplugin" 102
"../../../Engine/Plugins/Experimental/CineCameraRigs/CineCameraRigs.uplugin" 103
"../../../Engine/Plugins/Experimental/CodeEditor/CodeEditor.uplugin" 104
"../../../Engine/Plugins/Experimental/CommonConversation/CommonConversation.uplugin" 105
"../../../Engine/Plugins/Experimental/ControlFlows/ControlFlows.uplugin" 106
"../../../Engine/Plugins/Experimental/CineCameraSceneCapture/CineCameraSceneCapture.uplugin" 107
"../../../Engine/Plugins/Experimental/ChaosMover/ChaosMover.uplugin" 108
"../../../Engine/Plugins/Experimental/DataLinkOAuth/DataLinkOAuth.uplugin" 109
"../../../Engine/Plugins/Experimental/DataLink/DataLink.uplugin" 110
"../../../Engine/Plugins/Experimental/DefaultInstallBundleManager/DefaultInstallBundleManager.uplugin" 111
"../../../Engine/Plugins/Experimental/Dataflow/Dataflow.uplugin" 112
"../../../Engine/Plugins/Experimental/DynamicMaterialMediaStreamBridge/DynamicMaterialMediaStreamBridge.uplugin" 113
"../../../Engine/Plugins/Experimental/EditorDataStorage/EditorDataStorage.uplugin" 114
"../../../Engine/Plugins/Experimental/EditorPerformance/EditorPerformance.uplugin" 115
"../../../Engine/Plugins/Experimental/FastGeoStreaming/FastGeoStreaming.uplugin" 116
"../../../Engine/Plugins/Experimental/DaySequence/DaySequence.uplugin" 117
"../../../Engine/Plugins/Experimental/EditorTelemetry/EditorTelemetry.uplugin" 118
"../../../Engine/Plugins/Experimental/EditorDataStorageFeatures/EditorDataStorageFeatures.uplugin" 119
"../../../Engine/Plugins/Experimental/EvaluationNotifies/EvaluationNotifies.uplugin" 120
"../../../Engine/Plugins/Experimental/FloatingProperties/FloatingProperties.uplugin" 121
"../../../Engine/Plugins/Experimental/FieldSystemPlugin/FieldSystemPlugin.uplugin" 122
"../../../Engine/Plugins/Experimental/GameplayTargetingSystem/TargetingSystem.uplugin" 123
"../../../Engine/Plugins/Experimental/GameInputWindows/GameInputWindows.uplugin" 124
"../../../Engine/Plugins/Experimental/GameplayBehaviors/GameplayBehaviors.uplugin" 125
"../../../Engine/Plugins/Experimental/GameplayGraph/GameplayGraph.uplugin" 126
"../../../Engine/Plugins/Experimental/Fracture/Fracture.uplugin" 127
"../../../Engine/Plugins/Experimental/Gauntlet/Gauntlet.uplugin" 128
"../../../Engine/Plugins/Experimental/GeometryDataflow/GeometryDataflow.uplugin" 129
"../../../Engine/Plugins/Experimental/FullBodyIK/FullBodyIK.uplugin" 130
"../../../Engine/Plugins/Experimental/GeometryCacheAbcFile/GeometryCacheAbcFile.uplugin" 131
"../../../Engine/Plugins/Experimental/GeometryFlow/GeometryFlow.uplugin" 132
"../../../Engine/Plugins/Experimental/GeometryCacheLevelSequenceBaker/GeometryCacheLevelSequenceBaker.uplugin" 133
"../../../Engine/Plugins/Experimental/GizmoEdMode/GizmoEdMode.uplugin" 134
"../../../Engine/Plugins/Experimental/GPULightmass/GPULightmass.uplugin" 135
"../../../Engine/Plugins/Experimental/HairModelingToolset/HairModelingToolset.uplugin" 136
"../../../Engine/Plugins/Experimental/HairStrandsMutable/HairStrandsMutable.uplugin" 137
"../../../Engine/Plugins/Experimental/HairCardGenerator/HairCardGenerator.uplugin" 138
"../../../Engine/Plugins/Experimental/GizmoFramework/GizmoFramework.uplugin" 139
"../../../Engine/Plugins/Experimental/ImageWidgets/ImageWidgets.uplugin" 140
"../../../Engine/Plugins/Experimental/GeometryCollectionPlugin/GeometryCollectionPlugin.uplugin" 141
"../../../Engine/Plugins/Experimental/InteractionInterface/InteractionInterface.uplugin" 142
"../../../Engine/Plugins/Experimental/ImagePlate/ImagePlate.uplugin" 143
"../../../Engine/Plugins/Experimental/InlineMaterialInstance/InlineMaterialInstance.uplugin" 144
"../../../Engine/Plugins/Experimental/Landmass/Landmass.uplugin" 145
"../../../Engine/Plugins/Experimental/InstanceDataObjectFixupTool/InstanceDataObjectFixupTool.uplugin" 146
"../../../Engine/Plugins/Experimental/JWT/JWT.uplugin" 147
"../../../Engine/Plugins/Experimental/LandscapePatch/LandscapePatch.uplugin" 148
"../../../Engine/Plugins/Experimental/ImpostorBaker/ImpostorBaker.uplugin" 149
"../../../Engine/Plugins/Experimental/Iris/Iris.uplugin" 150
"../../../Engine/Plugins/Experimental/LearningAgents/LearningAgents.uplugin" 151
"../../../Engine/Plugins/Experimental/LiveLinkFaceImporter/LiveLinkFaceImporter.uplugin" 152
"../../../Engine/Plugins/Experimental/LiveLinkControlRig/LiveLinkControlRig.uplugin" 153
"../../../Engine/Plugins/Experimental/LevelSequenceNavigatorBridge/LevelSequenceNavigatorBridge.uplugin" 154
"../../../Engine/Plugins/Experimental/MediaViewer/MediaViewer.uplugin" 155
"../../../Engine/Plugins/Experimental/LiveLinkOpenVR/LiveLinkOpenVR.uplugin" 156
"../../../Engine/Plugins/Experimental/MeshResizing/MeshResizing.uplugin" 157
"../../../Engine/Plugins/Experimental/MeshModelingToolsetExp/MeshModelingToolsetExp.uplugin" 158
"../../../Engine/Plugins/Experimental/MediaStream/MediaStream.uplugin" 159
"../../../Engine/Plugins/Experimental/LowLevelNetTrace/LowLevelNetTrace.uplugin" 160
"../../../Engine/Plugins/Experimental/LocalizableMessage/LocalizableMessage.uplugin" 161
"../../../Engine/Plugins/Experimental/MetasoundExperimental/MetasoundExperimental.uplugin" 162
"../../../Engine/Plugins/Experimental/MLflow/MLflow.uplugin" 163
"../../../Engine/Plugins/Experimental/Mover/Mover.uplugin" 164
"../../../Engine/Plugins/Experimental/MotoSynth/MotoSynth.uplugin" 165
"../../../Engine/Plugins/Experimental/MotorSimOutputMotoSynth/MotorSimOutputMotoSynth.uplugin" 166
"../../../Engine/Plugins/Experimental/MovieScenePoseSearchTracks/MovieScenePoseSearchTracks.uplugin" 167
"../../../Engine/Plugins/Experimental/MoverIntegrations/MoverIntegrations.uplugin" 168
"../../../Engine/Plugins/Experimental/MoverAnimNext/MoverAnimNext.uplugin" 169
"../../../Engine/Plugins/Experimental/MovieSceneAnimMixer/MovieSceneAnimMixer.uplugin" 170
"../../../Engine/Plugins/Experimental/MutableClothing/MutableClothing.uplugin" 171
"../../../Engine/Plugins/Experimental/MutablePopulation/MutablePopulation.uplugin" 172
"../../../Engine/Plugins/Experimental/MoverExamples/MoverExamples.uplugin" 173
"../../../Engine/Plugins/Experimental/NNERuntimeBasicCpu/NNERuntimeBasicCpu.uplugin" 174
"../../../Engine/Plugins/Experimental/NaniteDisplacedMesh/NaniteDisplacedMesh.uplugin" 175
"../../../Engine/Plugins/Experimental/NNERuntimeCoreML/NNERuntimeCoreML.uplugin" 176
"../../../Engine/Plugins/Experimental/NeuralRendering/NeuralRendering.uplugin" 177
"../../../Engine/Plugins/Experimental/OptiXDenoise/OptiXDenoise.uplugin" 178
"../../../Engine/Plugins/Experimental/MoverTests/MoverTests.uplugin" 179
"../../../Engine/Plugins/Experimental/NFORDenoise/NFORDenoise.uplugin" 180
"../../../Engine/Plugins/Experimental/PlainProps/PlainProps.uplugin" 181
"../../../Engine/Plugins/Experimental/PhysicsControl/PhysicsControl.uplugin" 182
"../../../Engine/Plugins/Experimental/PlainPropsUObject/PlainPropsUObject.uplugin" 183
"../../../Engine/Plugins/Experimental/PCGBiomeCore/PCGBiomeCore.uplugin" 184
"../../../Engine/Plugins/Experimental/NNERuntimeIREE/NNERuntimeIREE.uplugin" 185
"../../../Engine/Plugins/Experimental/PluginAudit/PluginAudit.uplugin" 186
"../../../Engine/Plugins/Experimental/OpenImageDenoise/OpenImageDenoise.uplugin" 187
"../../../Engine/Plugins/Experimental/PluginTemplateTool/PluginTemplateTool.uplugin" 188
"../../../Engine/Plugins/Experimental/PSDImporterMaterialDesignerBridge/PSDImporterMaterialDesignerBridge.uplugin" 189
"../../../Engine/Plugins/Experimental/PlanarCutPlugin/PlanarCut.uplugin" 190
"../../../Engine/Plugins/Experimental/PixelStreamingPlayer/PixelStreamingPlayer.uplugin" 191
"../../../Engine/Plugins/Experimental/NNERuntimeRDG/NNERuntimeRDG.uplugin" 192
"../../../Engine/Plugins/Experimental/PanoramicCapture/PanoramicCapture.uplugin" 193
"../../../Engine/Plugins/Experimental/PCGBiomeSample/PCGBiomeSample.uplugin" 194
"../../../Engine/Plugins/Experimental/PostProcessMaterialChainGraph/PostProcessMaterialChainGraph.uplugin" 195
"../../../Engine/Plugins/Experimental/PythonFoundationPackages/PythonFoundationPackages.uplugin" 196
"../../../Engine/Plugins/Experimental/PlatformCrypto/PlatformCrypto.uplugin" 197
"../../../Engine/Plugins/Experimental/PSDImporter/PSDImporter.uplugin" 198
"../../../Engine/Plugins/Experimental/PluginReferenceViewer/PluginReferenceViewer.uplugin" 199
"../../../Engine/Plugins/Experimental/RazerChromaDevices/RazerChromaDevices.uplugin" 200
"../../../Engine/Plugins/Experimental/PythonScriptPlugin/PythonScriptPlugin.uplugin" 201
"../../../Engine/Plugins/Experimental/RemoteControlComponents/RemoteControlComponents.uplugin" 202
"../../../Engine/Plugins/Experimental/RenderGrid/RenderGrid.uplugin" 203
"../../../Engine/Plugins/Experimental/RawInput/RawInput.uplugin" 204
"../../../Engine/Plugins/Experimental/SlateIM/SlateIM.uplugin" 205
"../../../Engine/Plugins/Experimental/QuicMessaging/QuicMessaging.uplugin" 206
"../../../Engine/Plugins/Experimental/RemoteSession/RemoteSession.uplugin" 207
"../../../Engine/Plugins/Experimental/RigLogicAnimNext/RigLogicAnimNext.uplugin" 208
"../../../Engine/Plugins/Experimental/SequenceNavigator/SequenceNavigator.uplugin" 209
"../../../Engine/Plugins/Experimental/SceneState/SceneState.uplugin" 210
"../../../Engine/Plugins/Experimental/SecuritySandbox/SecuritySandbox.uplugin" 211
"../../../Engine/Plugins/Experimental/StateGraph/StateGraph.uplugin" 212
"../../../Engine/Plugins/Experimental/RigLogicMutable/RigLogicMutable.uplugin" 213
"../../../Engine/Plugins/Experimental/Shotgrid/Shotgrid.uplugin" 214
"../../../Engine/Plugins/Experimental/SimpleHMD/SimpleHMD.uplugin" 215
"../../../Engine/Plugins/Experimental/RuntimeTelemetry/RuntimeTelemetry.uplugin" 216
"../../../Engine/Plugins/Experimental/SerializationUtils/SerializationUtils.uplugin" 217
"../../../Engine/Plugins/Experimental/ScreenReader/ScreenReader.uplugin" 218
"../../../Engine/Plugins/Experimental/SubmitToolEditor/SubmitToolEditor.uplugin" 219
"../../../Engine/Plugins/Experimental/SlateScreenReader/SlateScreenReader.uplugin" 220
"../../../Engine/Plugins/Experimental/SkeletalReduction/SkeletalReduction.uplugin" 221
"../../../Engine/Plugins/Experimental/SurfaceEffects/SurfaceEffects.uplugin" 222
"../../../Engine/Plugins/Experimental/TechAudioTools/TechAudioTools.uplugin" 223
"../../../Engine/Plugins/Experimental/Tensorboard/Tensorboard.uplugin" 224
"../../../Engine/Plugins/Experimental/Text3D/Text3D.uplugin" 225
"../../../Engine/Plugins/Experimental/SlateModelViewViewModel/SlateModelViewViewModel.uplugin" 226
"../../../Engine/Plugins/Experimental/UIFramework/UIFramework.uplugin" 227
"../../../Engine/Plugins/Experimental/SubtitlesAndClosedCaptions/SubtitlesAndClosedCaptions.uplugin" 228
"../../../Engine/Plugins/Experimental/SVGImporter/SVGImporter.uplugin" 229
"../../../Engine/Plugins/Experimental/ToolPresets/ToolPresets.uplugin" 230
"../../../Engine/Plugins/Experimental/StructUtils/StructUtils.uplugin" 231
"../../../Engine/Plugins/Experimental/SpatialReadiness/SpatialReadiness.uplugin" 232
"../../../Engine/Plugins/Experimental/TextToSpeech/TextToSpeech.uplugin" 233
"../../../Engine/Plugins/Experimental/TargetDeviceServicesScripting/TargetDeviceServicesScripting.uplugin" 234
"../../../Engine/Plugins/Experimental/UserToolBoxBasicCommand/UserToolBoxBasicCommand.uplugin" 235
"../../../Engine/Plugins/Experimental/TetMeshing/TetMeshing.uplugin" 236
"../../../Engine/Plugins/Experimental/UserToolBoxCore/UserToolBoxCore.uplugin" 237
"../../../Engine/Plugins/Experimental/VirtualProductionUtilities/VirtualProductionUtilities.uplugin" 238
"../../../Engine/Plugins/Experimental/Volumetrics/Volumetrics.uplugin" 239
"../../../Engine/Plugins/Experimental/TextureMediaPlayer/TextureMediaPlayer.uplugin" 240
"../../../Engine/Plugins/Experimental/VirtualHeightfieldMesh/VirtualHeightfieldMesh.uplugin" 241
"../../../Engine/Plugins/Experimental/WaveFunctionCollapse/WaveFunctionCollapse.uplugin" 242
"../../../Engine/Plugins/Interchange/Assets/InterchangeAssets.uplugin" 243
"../../../Engine/Plugins/Experimental/Water/Water.uplugin" 244
"../../../Engine/Plugins/Experimental/WebSocketMessaging/WebSocketMessaging.uplugin" 245
"../../../Engine/Plugins/Experimental/XRCreativeFramework/XRCreativeFramework.uplugin" 246
"../../../Engine/Plugins/Interchange/Runtime/Interchange.uplugin" 247
"../../../Engine/Plugins/Experimental/WaterAdvanced/WaterAdvanced.uplugin" 248
"../../../Engine/Plugins/Interchange/Editor/InterchangeEditor.uplugin" 249
"../../../Engine/Plugins/MovieScene/MovieRenderPipeline/MovieRenderPipeline.uplugin" 250
"../../../Engine/Plugins/Experimental/Workspace/Workspace.uplugin" 251
"../../../Engine/Plugins/Experimental/WebSocketNetworking/WebSocketNetworking.uplugin" 252
"../../../Engine/Plugins/MovieScene/LevelSequenceEditor/LevelSequenceEditor.uplugin" 253
"../../../Engine/Plugins/Marketplace/LabStreab7fbe37f9ebfV9/LabStreamingLayer.uplugin" 254
"../../../Engine/Plugins/MovieScene/ActorSequence/ActorSequence.uplugin" 255
"../../../Engine/Plugins/Experimental/WaterExtras/WaterExtras.uplugin" 256
"../../../Engine/Plugins/Experimental/WidgetEditorToolPalette/WidgetEditorToolPalette.uplugin" 257
"../../../Engine/Plugins/MovieScene/ReplayTracks/ReplayTracks.uplugin" 258
"../../../Engine/Plugins/Marketplace/Substanc62d2b1b7d197V27/Substance.uplugin" 259
"../../../Engine/Plugins/MovieScene/MoviePipelineMaskRenderPass/MoviePipelineMaskRenderPass.uplugin" 260
"../../../Engine/Plugins/MovieScene/CustomizableSequencerTracks/CustomizableSequencerTracks.uplugin" 261
"../../../Engine/Plugins/MovieScene/SequencerScripting/SequencerScripting.uplugin" 262
"../../../Engine/Plugins/NetcodeUnitTest/NetcodeUnitTest/NetcodeUnitTest.uplugin" 263
"../../../Engine/Plugins/MovieScene/TemplateSequence/TemplateSequence.uplugin" 264
"../../../Engine/Plugins/NetcodeUnitTest/NUTUnrealEngine/NUTUnrealEngine.uplugin" 265
"../../../Engine/Plugins/MovieScene/MovieSceneTextTrack/MovieSceneTextTrack.uplugin" 266
"../../../Engine/Plugins/Media/AjaMedia/AjaMedia.uplugin" 267
"../../../Engine/Plugins/Media/AndroidMedia/AndroidMedia.uplugin" 268
"../../../Engine/Plugins/Media/AppleProResMedia/AppleProResMedia.uplugin" 269
"../../../Engine/Plugins/Performance/PerformanceMonitor/PerformanceMonitor.uplugin" 270
"../../../Engine/Plugins/Media/AndroidCamera/AndroidCamera.uplugin" 271
"../../../Engine/Plugins/Media/AudioCaptureTimecodeProvider/AudioCaptureTimecodeProvider.uplugin" 272
"../../../Engine/Plugins/Media/BinkMedia/BinkMedia.uplugin" 273
"../../../Engine/Plugins/Performance/AutomatedPerfTesting/AutomatedPerfTesting.uplugin" 274
"../../../Engine/Plugins/Web/HttpBlueprint/HttpBlueprint.uplugin" 275
"../../../Engine/Plugins/Media/AppleProResDecoderElectra/AppleProResDecoderElectra.uplugin" 276
"../../../Engine/Plugins/Media/AvidDNxHDDecoderElectra/AvidDNxHDDecoderElectra.uplugin" 277
"../../../Engine/Plugins/Media/AvidDNxMedia/AvidDNxMedia.uplugin" 278
"../../../Engine/Plugins/Media/ElectraCDM/ElectraCDM.uplugin" 279
"../../../Engine/Plugins/Media/FlacDecoderElectra/FlacDecoderElectra.uplugin" 280
"../../../Engine/Plugins/Media/ElectraUtil/ElectraUtil.uplugin" 281
"../../../Engine/Plugins/Media/AvfMedia/AvfMedia.uplugin" 282
"../../../Engine/Plugins/Media/BlackmagicMedia/BlackmagicMedia.uplugin" 283
"../../../Engine/Plugins/Media/HardwareEncoders/HardwareEncoders.uplugin" 284
"../../../Engine/Plugins/Media/ElectraCodecs/ElectraCodecs.uplugin" 285
"../../../Engine/Plugins/Media/HAPMedia/HAPMedia.uplugin" 286
"../../../Engine/Plugins/Media/ImgMedia/ImgMedia.uplugin" 287
"../../../Engine/Plugins/Media/LinearTimecode/LinearTimecode.uplugin" 288
"../../../Engine/Plugins/Media/ElectraPlayer/ElectraPlayer.uplugin" 289
"../../../Engine/Plugins/Media/MediaIOFramework/MediaIOFramework.uplugin" 290
"../../../Engine/Plugins/Media/MediaFrameworkUtilities/MediaFrameworkUtilities.uplugin" 291
"../../../Engine/Plugins/Media/HAPDecoderElectra/HAPDecoderElectra.uplugin" 292
"../../../Engine/Plugins/Media/ElectraSubtitles/ElectraSubtitles.uplugin" 293
"../../../Engine/Plugins/Media/MediaPlate/MediaPlate.uplugin" 294
"../../../Engine/Plugins/Media/MfMedia/MfMedia.uplugin" 295
"../../../Engine/Plugins/Media/MediaPlayerEditor/MediaPlayerEditor.uplugin" 296
"../../../Engine/Plugins/Media/MediaCompositing/MediaCompositing.uplugin" 297
"../../../Engine/Plugins/Media/PixelStreaming/PixelStreaming.uplugin" 298
"../../../Engine/Plugins/Media/D3D12VideoDecodersElectra/D3D12VideoDecodersElectra.uplugin" 299
"../../../Engine/Plugins/Media/MediaMovieStreamer/MediaMovieStreamer.uplugin" 300
"../../../Engine/Plugins/Media/PixelCapture/PixelCapture.uplugin" 301
"../../../Engine/Plugins/Media/VPxDecoderElectra/VPxDecoderElectra.uplugin" 302
"../../../Engine/Plugins/Media/WmfMedia/WmfMedia.uplugin" 303
"../../../Engine/Plugins/Media/PixelStreaming2/PixelStreaming2.uplugin" 304
"../../../Engine/Plugins/Media/NDIMedia/NDIMedia.uplugin" 305
"../../../Engine/Plugins/MetaHuman/MetaHumanAnimator/MetaHuman.uplugin" 306
"../../../Engine/Plugins/Media/OpusDecoderElectra/OpusDecoderElectra.uplugin" 307
"../../../Engine/Plugins/MetaHuman/MetaHumanLiveLink/MetaHumanLiveLink.uplugin" 308
"../../../Engine/Plugins/Media/WebMMedia/WebMMedia.uplugin" 309
"../../../Engine/Plugins/Media/TimecodeSynchronizer/TimecodeSynchronizer.uplugin" 310
"../../../Engine/Plugins/MetaHuman/MetaHumanCoreTechLib/MetaHumanCoreTech.uplugin" 311
"../../../Engine/Plugins/MetaHuman/MetaHumanCalibrationProcessing/MetaHumanCalibrationProcessing.uplugin" 312
"../../../Engine/Plugins/Online/OnlineBase/OnlineBase.uplugin" 313
"../../../Engine/Plugins/MetaHuman/MetaHumanSDK/MetaHumanSDK.uplugin" 314
"../../../Engine/Plugins/Online/OnlineServicesEOSGS/OnlineServicesEOSGS.uplugin" 315
"../../../Engine/Plugins/Online/OnlineServicesEOS/OnlineServicesEOS.uplugin" 316
"../../../Engine/Plugins/MetaHuman/MetaHumanCharacter/MetaHumanCharacter.uplugin" 317
"../../../Engine/Plugins/Online/OnlineServices/OnlineServices.uplugin" 318
"../../../Engine/Plugins/Online/EOSOverlayInputProvider/EOSOverlayInputProvider.uplugin" 319
"../../../Engine/Plugins/Online/OnlineServicesNull/OnlineServicesNull.uplugin" 320
"../../../Engine/Plugins/Online/OnlineSubsystemAmazon/OnlineSubsystemAmazon.uplugin" 321
"../../../Engine/Plugins/Online/OnlineSubsystem/OnlineSubsystem.uplugin" 322
"../../../Engine/Plugins/Online/OnlineServicesEpicCommon/OnlineServicesEpicCommon.uplugin" 323
"../../../Engine/Plugins/Online/OnlineFramework/OnlineFramework.uplugin" 324
"../../../Engine/Plugins/Online/OnlineSubsystemUtils/OnlineSubsystemUtils.uplugin" 325
"../../../Engine/Plugins/Online/OnlineServicesOSSAdapter/OnlineServicesOSSAdapter.uplugin" 326
"../../../Engine/Plugins/Online/OnlineSubsystemTencent/OnlineSubsystemTencent.uplugin" 327
"../../../Engine/Plugins/Online/OnlineSubsystemFacebook/OnlineSubsystemFacebook.uplugin" 328
"../../../Engine/Plugins/Online/OnlineSubsystemEOS/OnlineSubsystemEOS.uplugin" 329
"../../../Engine/Plugins/Online/OnlineSubsystemNull/OnlineSubsystemNull.uplugin" 330
"../../../Engine/Plugins/Online/OnlineSubsystemApple/OnlineSubsystemApple.uplugin" 331
"../../../Engine/Plugins/Online/WebAuth/WebAuth.uplugin" 332
"../../../Engine/Plugins/Protocols/MQTT/MQTT.uplugin" 333
"../../../Engine/Plugins/Tests/AutomationDriverTests/AutomationDriverTests.uplugin" 334
"../../../Engine/Plugins/Online/OnlineSubsystemSteam/OnlineSubsystemSteam.uplugin" 335
"../../../Engine/Plugins/Online/SocketSubsystemSteamIP/SocketSubsystemSteamIP.uplugin" 336
"../../../Engine/Plugins/Tests/CQTest/CQTest.uplugin" 337
"../../../Engine/Plugins/Online/SocketSubsystemEOS/SocketSubsystemEOS.uplugin" 338
"../../../Engine/Plugins/Slate/SlateInsights/SlateInsights.uplugin" 339
"../../../Engine/Plugins/Online/OnlineSubsystemGoogle/OnlineSubsystemGoogle.uplugin" 340
"../../../Engine/Plugins/Slate/SlateScripting/SlateScripting.uplugin" 341
"../../../Engine/Plugins/Tests/TestSamples/TestSamples.uplugin" 342
"../../../Engine/Plugins/Tests/FunctionalTestingEditor/FunctionalTestingEditor.uplugin" 343
"../../../Engine/Plugins/Tests/RuntimeTests/RuntimeTests.uplugin" 344
"../../../Engine/Plugins/Online/EOSShared/EOSShared.uplugin" 345
"../../../Engine/Plugins/Tests/InterchangeTests/InterchangeTests.uplugin" 346
"../../../Engine/Plugins/Tests/EditorTests/EditorTests.uplugin" 347
"../../../Engine/Plugins/Tests/CQTestEnhancedInput/CQTestEnhancedInput.uplugin" 348
"../../../Engine/Plugins/Tests/RHITests/RHITests.uplugin" 349
"../../../Engine/Plugins/Tests/FbxAutomationTestBuilder/FbxAutomationTestBuilder.uplugin" 350
"../../../Engine/Plugins/VirtualProduction/ActorModifierCore/ActorModifierCore.uplugin" 351
"../../../Engine/Plugins/VirtualProduction/Avalanche/Avalanche.uplugin" 352
"../../../Engine/Plugins/Tests/WidgetAutomationTests/WidgetAutomationTests.uplugin" 353
"../../../Engine/Plugins/Tests/TestFramework/TestFramework.uplugin" 354
"../../../Engine/Plugins/Tests/PythonAutomationTest/PythonAutomationTest.uplugin" 355
"../../../Engine/Plugins/VirtualProduction/CameraCalibrationCore/CameraCalibrationCore.uplugin" 356
"../../../Engine/Plugins/VirtualProduction/CameraCalibrationML/CameraCalibrationML.uplugin" 357
"../../../Engine/Plugins/VirtualProduction/CinematicAssemblyTools/CinematicAssemblyTools.uplugin" 358
"../../../Engine/Plugins/VirtualProduction/DynamicMaterial/DynamicMaterial.uplugin" 359
"../../../Engine/Plugins/VirtualProduction/CompositePlane/CompositePlane.uplugin" 360
"../../../Engine/Plugins/VirtualProduction/CaptureData/CaptureData.uplugin" 361
"../../../Engine/Plugins/VirtualProduction/CameraCalibration/CameraCalibration.uplugin" 362
"../../../Engine/Plugins/VirtualProduction/CustomDetailsView/CustomDetailsView.uplugin" 363
"../../../Engine/Plugins/VirtualProduction/LensComponent/LensComponent.uplugin" 364
"../../../Engine/Plugins/VirtualProduction/ActorModifier/ActorModifier.uplugin" 365
"../../../Engine/Plugins/VirtualProduction/ICVFX/ICVFX.uplugin" 366
"../../../Engine/Plugins/VirtualProduction/DataCharts/DataCharts.uplugin" 367
"../../../Engine/Plugins/VirtualProduction/GeometryMask/GeometryMask.uplugin" 368
"../../../Engine/Plugins/VirtualProduction/EpicStageApp/EpicStageApp.uplugin" 369
"../../../Engine/Plugins/VirtualProduction/ClonerEffector/ClonerEffector.uplugin" 370
"../../../Engine/Plugins/VirtualProduction/LiveLinkCamera/LiveLinkCamera.uplugin" 371
"../../../Engine/Plugins/VirtualProduction/LiveLinkOpenTrackIO/LiveLinkOpenTrackIO.uplugin" 372
"../../../Engine/Plugins/VirtualProduction/LiveLinkLens/LiveLinkLens.uplugin" 373
"../../../Engine/Plugins/VirtualProduction/LiveLinkXR/LiveLinkXR.uplugin" 374
"../../../Engine/Plugins/VirtualProduction/MultiUserTakes/MultiUserTakes.uplugin" 375
"../../../Engine/Plugins/VirtualProduction/LiveLinkMasterLockit/LiveLinkMasterLockit.uplugin" 376
"../../../Engine/Plugins/VirtualProduction/LiveLinkVRPN/LiveLinkVRPN.uplugin" 377
"../../../Engine/Plugins/VirtualProduction/RemoteControl/RemoteControl.uplugin" 378
"../../../Engine/Plugins/VirtualProduction/PropertyAnimator/PropertyAnimator.uplugin" 379
"../../../Engine/Plugins/VirtualProduction/LiveLinkPrestonMDR/LiveLinkPrestonMDR.uplugin" 380
"../../../Engine/Plugins/VirtualProduction/PropertyAnimatorCore/PropertyAnimatorCore.uplugin" 381
"../../../Engine/Plugins/VirtualProduction/SequencerPlaylists/SequencerPlaylists.uplugin" 382
"../../../Engine/Plugins/VirtualProduction/LevelSnapshots/LevelSnapshots.uplugin" 383
"../../../Engine/Plugins/VirtualProduction/RemoteControlProtocolMIDI/RemoteControlProtocolMIDI.uplugin" 384
"../../../Engine/Plugins/VirtualProduction/PerformanceCaptureWorkflow/PerformanceCaptureWorkflow.uplugin" 385
"../../../Engine/Plugins/VirtualProduction/RemoteControlProtocolOSC/RemoteControlProtocolOSC.uplugin" 386
"../../../Engine/Plugins/VirtualProduction/Takes/Takes.uplugin" 387
"../../../Engine/Plugins/VirtualProduction/Switchboard/Switchboard.uplugin" 388
"../../../Engine/Plugins/VirtualProduction/StormSync/StormSync.uplugin" 389
"../../../Engine/Plugins/VirtualProduction/RemoteControlProtocolDMX/RemoteControlProtocolDMX.uplugin" 390
"../../../Engine/Plugins/VirtualProduction/LiveLinkInputDevice/LiveLinkInputDevice.uplugin" 391
"../../../Engine/Plugins/VirtualProduction/RemoteControlWebInterface/RemoteControlWebInterface.uplugin" 392
"../../../Engine/Plugins/AI/AISupport/AISupport.uplugin" 393
"../../../Engine/Plugins/VirtualProduction/StormSyncAvalancheBridge/StormSyncAvalancheBridge.uplugin" 394
"../../../Engine/Plugins/VirtualProduction/VirtualCamera/VirtualCamera.uplugin" 395
"../../../Engine/Plugins/VirtualProduction/TextureShare/TextureShare.uplugin" 396
"../../../Engine/Plugins/VirtualProduction/TimedDataMonitor/TimedDataMonitor.uplugin" 397
"../../../Engine/Plugins/VirtualProduction/ICVFXTesting/ICVFXTesting.uplugin" 398
"../../../Engine/Plugins/VirtualProduction/VirtualCameraCore/VirtualCameraCore.uplugin" 399
"../../../Engine/Plugins/VirtualProduction/OperatorStack/OperatorStack.uplugin" 400
"../../../Engine/Plugins/AI/MassCrowd/MassCrowd.uplugin" 401
"../../../Engine/Plugins/Animation/AnimationData/AnimationData.uplugin" 402
"../../../Engine/Plugins/VirtualProduction/RemoteControlInterception/RemoteControlInterception.uplugin" 403
"../../../Engine/Plugins/VirtualProduction/VirtualScouting/VirtualScouting.uplugin" 404
"../../../Engine/Plugins/AI/EnvironmentQueryEditor/EnvironmentQueryEditor.uplugin" 405
"../../../Engine/Plugins/VirtualProduction/StageMonitoring/StageMonitoring.uplugin" 406
"../../../Engine/Plugins/Animation/ACLPlugin/ACLPlugin.uplugin" 407
"../../../Engine/Plugins/AI/MassAI/MassAI.uplugin" 408
"../../../Engine/Plugins/VirtualProduction/LiveLinkFreeD/LiveLinkFreeD.uplugin" 409
"../../../Engine/Plugins/Animation/BlendStack/BlendStack.uplugin" 410
"../../../Engine/Plugins/Animation/AnimatorKit/AnimatorKit.uplugin" 411
"../../../Engine/Plugins/Animation/DeformerGraph/DeformerGraph.uplugin" 412
"../../../Engine/Plugins/Animation/AnimationLocomotionLibrary/AnimationLocomotionLibrary.uplugin" 413
"../../../Engine/Plugins/AI/HTNPlanner/HTNPlanner.uplugin" 414
"../../../Engine/Plugins/Animation/ControlRigModules/ControlRigModules.uplugin" 415
"../../../Engine/Plugins/2D/Paper2D/Paper2D.uplugin" 416
"../../../Engine/Plugins/AI/MLAdapter/MLAdapter.uplugin" 417
"../../../Engine/Plugins/Animation/AnimationWarping/AnimationWarping.uplugin" 418
"../../../Engine/Plugins/Animation/AnimationModifierLibrary/AnimationModifierLibrary.uplugin" 419
"../../../Engine/Plugins/Animation/DNACalib/DNACalib.uplugin" 420
"../../../Engine/Plugins/Animation/GameplayInsights/GameplayInsights.uplugin" 421
"../../../Engine/Plugins/Animation/LiveLinkDevice/LiveLinkDevice.uplugin" 422
"../../../Engine/Plugins/Animation/ControlRigSpline/ControlRigSpline.uplugin" 423
"../../../Engine/Plugins/Animation/LiveLinkCurveDebugUI/LiveLinkCurveDebugUI.uplugin" 424
"../../../Engine/Plugins/Animation/BlendSpaceMotionAnalysis/BlendSpaceMotionAnalysis.uplugin" 425
"../../../Engine/Plugins/Animation/LiveLink/LiveLink.uplugin" 426
"../../../Engine/Plugins/Animation/IKRig/IKRig.uplugin" 427
"../../../Engine/Plugins/Animation/LiveLinkExampleDevice/LiveLinkExampleDevice.uplugin" 428
"../../../Engine/Plugins/Animation/GeneSplicer/GeneSplicer.uplugin" 429
"../../../Engine/Plugins/Animation/ControlRig/ControlRig.uplugin" 430
"../../../Engine/Plugins/Animation/SkeletalMeshModelingTools/SkeletalMeshModelingTools.uplugin" 431
"../../../Engine/Plugins/Animation/LiveLinkHub/LiveLinkHub.uplugin" 432
"../../../Engine/Plugins/Editor/AssetManagerEditor/AssetManagerEditor.uplugin" 433
"../../../Engine/Plugins/Editor/AssetReferenceRestrictions/AssetReferenceRestrictions.uplugin" 434
"../../../Engine/Plugins/Cameras/GameplayCameras/GameplayCameras.uplugin" 435
"../../../Engine/Plugins/Animation/MotionWarping/MotionWarping.uplugin" 436
"../../../Engine/Plugins/Animation/PoseSearch/PoseSearch.uplugin" 437
"../../../Engine/Plugins/Editor/AssetSearch/AssetSearch.uplugin" 438
"../../../Engine/Plugins/Animation/TweeningUtils/TweeningUtils.uplugin" 439
"../../../Engine/Plugins/Animation/PerformanceCaptureCore/PerformanceCaptureCore.uplugin" 440
"../../../Engine/Plugins/Compositing/LensDistortion/LensDistortion.uplugin" 441
"../../../Engine/Plugins/Animation/RigLogic/RigLogic.uplugin" 442
"../../../Engine/Plugins/Cameras/EngineCameras/EngineCameras.uplugin" 443
"../../../Engine/Plugins/Compositing/OpenColorIO/OpenColorIO.uplugin" 444
"../../../Engine/Plugins/Editor/AssetRegistryExport/AssetRegistryExport.uplugin" 445
"../../../Engine/Plugins/Compositing/OpenCVLensDistortion/OpenCVLensDistortion.uplugin" 446
"../../../Engine/Plugins/Editor/ChangelistReview/ChangelistReview.uplugin" 447
"../../../Engine/Plugins/Cameras/CameraShakePreviewer/CameraShakePreviewer.uplugin" 448
"../../../Engine/Plugins/Compression/OodleNetwork/OodleNetwork.uplugin" 449
"../../../Engine/Plugins/Editor/CurveEditorTools/CurveEditorTools.uplugin" 450
"../../../Engine/Plugins/Editor/ColorGrading/ColorGrading.uplugin" 451
"../../../Engine/Plugins/Compositing/Composure/Composure.uplugin" 452
"../../../Engine/Plugins/Editor/BlueprintMaterialTextureNodes/BlueprintMaterialTextureNodes.uplugin" 453
"../../../Engine/Plugins/Editor/CryptoKeys/CryptoKeys.uplugin" 454
"../../../Engine/Plugins/Editor/BlueprintHeaderView/BlueprintHeaderView.uplugin" 455
"../../../Engine/Plugins/Editor/DisplayClusterLaunch/DisplayClusterLaunch.uplugin" 456
"../../../Engine/Plugins/Editor/ConsoleVariablesEditor/ConsoleVariables.uplugin" 457
"../../../Engine/Plugins/Editor/GeometryMode/GeometryMode.uplugin" 458
"../../../Engine/Plugins/Editor/EditorSysConfigAssistant/EditorSysConfigAssistant.uplugin" 459
"../../../Engine/Plugins/Editor/EditorScriptingUtilities/EditorScriptingUtilities.uplugin" 460
"../../../Engine/Plugins/Editor/EditorDebugTools/EditorDebugTools.uplugin" 461
"../../../Engine/Plugins/Editor/LiveUpdateForSlate/LiveUpdateForSlate.uplugin" 462
"../../../Engine/Plugins/Editor/PluginBrowser/PluginBrowser.uplugin" 463
"../../../Engine/Plugins/Editor/MaterialAnalyzer/MaterialAnalyzer.uplugin" 464
"../../../Engine/Plugins/Editor/DataValidation/DataValidation.uplugin" 465
"../../../Engine/Plugins/Editor/MacGraphicsSwitching/MacGraphicsSwitching.uplugin" 466
"../../../Engine/Plugins/Editor/ModelingToolsEditorMode/ModelingToolsEditorMode.uplugin" 467
"../../../Engine/Plugins/Editor/EngineAssetDefinitions/EngineAssetDefinitions.uplugin" 468
"../../../Engine/Plugins/Editor/GuidedTutorials/GuidedTutorials.uplugin" 469
"../../../Engine/Plugins/Editor/FacialAnimation/FacialAnimation.uplugin" 470
"../../../Engine/Plugins/Editor/ScriptableToolsEditorMode/ScriptableToolsEditorMode.uplugin" 471
"../../../Engine/Plugins/Editor/SampleToolsEditorMode/SampleToolsEditorMode.uplugin" 472
"../../../Engine/Plugins/Editor/MobileLauncherProfileWizard/MobileLauncherProfileWizard.uplugin" 473
"../../../Engine/Plugins/Editor/MeshLODToolset/MeshLODToolset.uplugin" 474
"../../../Engine/Plugins/Editor/MakeCookedEditorAsDLC/MakeCookedEditorAsDLC.uplugin" 475
"../../../Engine/Plugins/Editor/GameplayTagsEditor/GameplayTagsEditor.uplugin" 476
"../../../Engine/Plugins/Editor/ModelViewViewModelPreview/ModelViewViewModelPreview.uplugin" 477
"../../../Engine/Plugins/Editor/UMGWidgetPreview/UMGWidgetPreview.uplugin" 478
"../../../Engine/Plugins/Editor/SequencerAnimTools/SequencerAnimTools.uplugin" 479
"../../../Engine/Plugins/Editor/UVEditor/UVEditor.uplugin" 480
"../../../Engine/Plugins/Enterprise/AxFImporter/AxFImporter.uplugin" 481
"../../../Engine/Plugins/Editor/StylusInput/StylusInput.uplugin" 482
"../../../Engine/Plugins/Editor/WorldPartitionHLODUtilities/WorldPartitionHLODUtilities.uplugin" 483
"../../../Engine/Plugins/Editor/SpeedTreeImporter/SpeedTreeImporter.uplugin" 484
"../../../Engine/Plugins/Enterprise/DataprepEditor/DataprepEditor.uplugin" 485
"../../../Engine/Plugins/Enterprise/DatasmithContent/DatasmithContent.uplugin" 486
"../../../Engine/Plugins/Enterprise/DatasmithC4DImporter/DatasmithC4DImporter.uplugin" 487
"../../../Engine/Plugins/FX/Cascade/Cascade.uplugin" 488
"../../../Engine/Plugins/Enterprise/DatasmithCADImporter/DatasmithCADImporter.uplugin" 489
"../../../Engine/Plugins/FX/ExampleCustomDataInterface/ExampleCustomDataInterface.uplugin" 490
"../../../Engine/Plugins/Enterprise/DatasmithImporter/DatasmithImporter.uplugin" 491
"../../../Engine/Plugins/Editor/StaticMeshEditorModeling/StaticMeshEditorModeling.uplugin" 492
"../../../Engine/Plugins/FX/NiagaraSimCaching/NiagaraSimCaching.uplugin" 493
"../../../Engine/Plugins/Enterprise/GLTFExporter/GLTFExporter.uplugin" 494
"../../../Engine/Plugins/Enterprise/DatasmithFBXImporter/DatasmithFBXImporter.uplugin" 495
"../../../Engine/Plugins/Enterprise/VariantManagerContent/VariantManagerContent.uplugin" 496
"../../../Engine/Plugins/Importers/AlembicHairImporter/AlembicHairImporter.uplugin" 497
"../../../Engine/Plugins/FX/NiagaraMRQ/NiagaraMRQ.uplugin" 498
"../../../Engine/Plugins/Enterprise/VariantManager/VariantManager.uplugin" 499
"../../../Engine/Plugins/FX/Niagara/Niagara.uplugin" 500
"../../../Engine/Plugins/Importers/USDMultiUser/USDMultiUser.uplugin" 501
"../../../Engine/Plugins/FX/NiagaraFluids/NiagaraFluids.uplugin" 502
"../../../Engine/Plugins/PCGInterops/PCGGeometryScriptInterop/PCGGeometryScriptInterop.uplugin" 503
"../../../Engine/Plugins/NNE/NNEDenoiser/NNEDenoiser.uplugin" 504
"../../../Engine/Plugins/Portal/LauncherChunkInstaller/LauncherChunkInstaller.uplugin" 505
"../../../Engine/Plugins/Editor/ProxyLODPlugin/ProxyLODPlugin.uplugin" 506
"../../../Engine/Plugins/Messaging/TcpMessaging/TcpMessaging.uplugin" 507
"../../../Engine/Plugins/FX/CascadeToNiagaraConverter/CascadeToNiagaraConverter.uplugin" 508
"../../../Engine/Plugins/Runtime/ActorLayerUtilities/ActorLayerUtilities.uplugin" 509
"../../../Engine/Plugins/Editor/WaveformEditor/WaveformEditor.uplugin" 510
"../../../Engine/Plugins/Runtime/ADM/ADM.uplugin" 511
"../../../Engine/Plugins/Enterprise/LidarPointCloud/LidarPointCloud.uplugin" 512
"../../../Engine/Plugins/Importers/USDImporter/USDImporter.uplugin" 513
"../../../Engine/Plugins/PCGInterops/PCGExternalDataInterop/PCGExternalDataInterop.uplugin" 514
"../../../Engine/Plugins/Importers/USDImporterMDL/USDImporterMDL.uplugin" 515
"../../../Engine/Plugins/Importers/AlembicImporter/AlembicImporter.uplugin" 516
"../../../Engine/Plugins/NNE/NNERuntimeORT/NNERuntimeORT.uplugin" 517
"../../../Engine/Plugins/Runtime/AndroidBackgroundService/AndroidBackgroundService.uplugin" 518
"../../../Engine/Plugins/Messaging/UdpMessaging/UdpMessaging.uplugin" 519
"../../../Engine/Plugins/Enterprise/MDLImporter/MDLImporter.uplugin" 520
"../../../Engine/Plugins/Runtime/ApexDestruction/ApexDestruction.uplugin" 521
"../../../Engine/Plugins/Runtime/AndroidDeviceProfileSelector/AndroidDeviceProfileSelector.uplugin" 522
"../../../Engine/Plugins/Runtime/ArchVisCharacter/ArchVisCharacter.uplugin" 523
"../../../Engine/Plugins/Runtime/AssetTags/AssetTags.uplugin" 524
"../../../Engine/Plugins/Messaging/MessagingDebugger/MessagingDebugger.uplugin" 525
"../../../Engine/Plugins/Runtime/AudioMotorSim/AudioMotorSim.uplugin" 526
"../../../Engine/Plugins/Runtime/AudioModulation/AudioModulation.uplugin" 527
"../../../Engine/Plugins/Runtime/CableComponent/CableComponent.uplugin" 528
"../../../Engine/Plugins/Runtime/AudioWidgets/AudioWidgets.uplugin" 529
"../../../Engine/Plugins/Runtime/AnimationBudgetAllocator/AnimationBudgetAllocator.uplugin" 530
"../../../Engine/Plugins/Runtime/GameplayAbilities/GameplayAbilities.uplugin" 531
"../../../Engine/Plugins/Runtime/CommonUI/CommonUI.uplugin" 532
"../../../Engine/Plugins/Runtime/GameFeatures/GameFeatures.uplugin" 533
"../../../Engine/Plugins/Runtime/AppleMoviePlayer/AppleMoviePlayer.uplugin" 534
"../../../Engine/Plugins/Runtime/ChunkDownloader/ChunkDownloader.uplugin" 535
"../../../Engine/Plugins/Runtime/GameplayBehaviorSmartObjects/GameplayBehaviorSmartObjects.uplugin" 536
"../../../Engine/Plugins/Runtime/Firebase/Firebase.uplugin" 537
"../../../Engine/Plugins/Runtime/GeometryProcessing/GeometryProcessing.uplugin" 538
"../../../Engine/Plugins/Runtime/GameplayStateTree/GameplayStateTree.uplugin" 539
"../../../Engine/Plugins/Runtime/AudioSynesthesia/AudioSynesthesia.uplugin" 540
"../../../Engine/Plugins/Runtime/GeometryScripting/GeometryScripting.uplugin" 541
"../../../Engine/Plugins/Runtime/GameInput/GameInput.uplugin" 542
"../../../Engine/Plugins/Runtime/AndroidMoviePlayer/AndroidMoviePlayer.uplugin" 543
"../../../Engine/Plugins/Runtime/ComputeFramework/ComputeFramework.uplugin" 544
"../../../Engine/Plugins/Runtime/AndroidPermission/AndroidPermission.uplugin" 545
"../../../Engine/Plugins/Runtime/AudioCapture/AudioCapture.uplugin" 546
"../../../Engine/Plugins/Runtime/CustomMeshComponent/CustomMeshComponent.uplugin" 547
"../../../Engine/Plugins/Runtime/GeometryCache/GeometryCache.uplugin" 548
"../../../Engine/Plugins/Runtime/GeoReferencing/GeoReferencing.uplugin" 549
"../../../Engine/Plugins/Runtime/AndroidFileServer/AndroidFileServer.uplugin" 550
"../../../Engine/Plugins/Runtime/GoogleCloudMessaging/GoogleCloudMessaging.uplugin" 551
"../../../Engine/Plugins/Runtime/ExampleDeviceProfileSelector/ExampleDeviceProfileSelector.uplugin" 552
"../../../Engine/Plugins/Runtime/Harmonix/Harmonix.uplugin" 553
"../../../Engine/Plugins/Runtime/DataRegistry/DataRegistry.uplugin" 554
"../../../Engine/Plugins/Runtime/AppleImageUtils/AppleImageUtils.uplugin" 555
"../../../Engine/Plugins/Runtime/HairStrands/HairStrands.uplugin" 556
"../../../Engine/Plugins/Runtime/GameplayInteractions/GameplayInteractions.uplugin" 557
"../../../Engine/Plugins/Runtime/HTTPChunkInstaller/HTTPChunkInstaller.uplugin" 558
"../../../Engine/Plugins/Runtime/GooglePAD/GooglePAD.uplugin" 559
"../../../Engine/Plugins/Runtime/HPMotionController/HPMotionController.uplugin" 560
"../../../Engine/Plugins/Runtime/LevelStreamingPersistence/LevelStreamingPersistence.uplugin" 561
"../../../Engine/Plugins/Runtime/LocationServicesBPLibrary/LocationServicesBPLibrary.uplugin" 562
"../../../Engine/Plugins/Runtime/InputDebugging/InputDebugging.uplugin" 563
"../../../Engine/Plugins/Runtime/InstancedActors/InstancedActors.uplugin" 564
"../../../Engine/Plugins/Runtime/HDRIBackdrop/HDRIBackdrop.uplugin" 565
"../../../Engine/Plugins/Runtime/LinuxDeviceProfileSelector/LinuxDeviceProfileSelector.uplugin" 566
"../../../Engine/Plugins/Runtime/MassEntity/MassEntity.uplugin" 567
"../../../Engine/Plugins/Runtime/MeshModelingToolset/MeshModelingToolset.uplugin" 568
"../../../Engine/Plugins/Runtime/LocationServicesIOSImpl/LocationServicesIOSImpl.uplugin" 569
"../../../Engine/Plugins/Runtime/IOSDeviceProfileSelector/IOSDeviceProfileSelector.uplugin" 570
"../../../Engine/Plugins/Runtime/LocationServicesAndroidImpl/LocationServicesAndroidImpl.uplugin" 571
"../../../Engine/Plugins/Runtime/Metasound/Metasound.uplugin" 572
"../../../Engine/Plugins/Runtime/IOSReplayKit/IOSReplayKit.uplugin" 573
"../../../Engine/Plugins/Runtime/MicrosoftSpatialAudio/MicroSoftSpatialSound.uplugin" 574
"../../../Engine/Plugins/Runtime/LiveLinkOvernDisplay/LiveLinkOverNDisplay.uplugin" 575
"../../../Engine/Plugins/Runtime/MobilePatchingUtils/MobilePatchingUtils.uplugin" 576
"../../../Engine/Plugins/Runtime/MobileFSR/MobileFSR.uplugin" 577
"../../../Engine/Plugins/Runtime/MassGameplay/MassGameplay.uplugin" 578
"../../../Engine/Plugins/Runtime/MIDIDevice/MIDIDevice.uplugin" 579
"../../../Engine/Plugins/Runtime/MultiServerReplication/MultiServerReplication.uplugin" 580
"../../../Engine/Plugins/Runtime/MixedRealityCaptureFramework/MixedRealityCaptureFramework.uplugin" 581
"../../../Engine/Plugins/Runtime/NetworkPredictionInsights/NetworkPredictionInsights.uplugin" 582
"../../../Engine/Plugins/Runtime/nDisplay/nDisplay.uplugin" 583
"../../../Engine/Plugins/Runtime/MusicEnvironment/MusicEnvironment.uplugin" 584
"../../../Engine/Plugins/Runtime/MsQuic/MsQuic.uplugin" 585
"../../../Engine/Plugins/Runtime/OpenXR/OpenXR.uplugin" 586
"../../../Engine/Plugins/Runtime/OptionalMobileFeaturesBPLibrary/OptionalMobileFeaturesBPLibrary.uplugin" 587
"../../../Engine/Plugins/Runtime/OpenCV/OpenCV.uplugin" 588
"../../../Engine/Plugins/Runtime/nDisplayModularFeatures/nDisplayModularFeatures.uplugin" 589
"../../../Engine/Plugins/Runtime/OpenXRMsftHandInteraction/OpenXRMsftHandInteraction.uplugin" 590
"../../../Engine/Plugins/Runtime/ModularGameplay/ModularGameplay.uplugin" 591
"../../../Engine/Plugins/Runtime/NavCorridor/NavCorridor.uplugin" 592
"../../../Engine/Plugins/Runtime/PropertyAccess/PropertyAccessEditor.uplugin" 593
"../../../Engine/Plugins/Runtime/OpenXREyeTracker/OpenXREyeTracker.uplugin" 594
"../../../Engine/Plugins/Runtime/OpenXRHandTracking/OpenXRHandTracking.uplugin" 595
"../../../Engine/Plugins/Runtime/NetworkPrediction/NetworkPrediction.uplugin" 596
"../../../Engine/Plugins/Runtime/ModelViewViewModel/ModelViewViewModel.uplugin" 597
"../../../Engine/Plugins/Runtime/PropertyBindingUtils/PropertyBindingUtils.uplugin" 598
"../../../Engine/Plugins/Runtime/NetworkPredictionExtras/NetworkPredictionExtras.uplugin" 599
"../../../Engine/Plugins/Runtime/RenderTrace/RenderTrace.uplugin" 600
"../../../Engine/Plugins/Runtime/OpenXRViveTracker/OpenXRViveTracker.uplugin" 601
"../../../Engine/Plugins/Runtime/ResonanceAudio/ResonanceAudio.uplugin" 602
"../../../Engine/Plugins/Runtime/OSC/OSC.uplugin" 603
"../../../Engine/Plugins/Runtime/ProceduralMeshComponent/ProceduralMeshComponent.uplugin" 604
"../../../Engine/Plugins/Runtime/PreLoadScreenMoviePlayer/PreLoadScreenMoviePlayer.uplugin" 605
"../../../Engine/Plugins/Runtime/ReplicationSystemTestPlugin/ReplicationSystemTestPlugin.uplugin" 606
"../../../Engine/Plugins/Runtime/SoundMod/SoundMod.uplugin" 607
"../../../Engine/Plugins/Runtime/ReplicationGraph/ReplicationGraph.uplugin" 608
"../../../Engine/Plugins/Runtime/SkeletalMerging/SkeletalMerging.uplugin" 609
"../../../Engine/Plugins/Runtime/ScriptableToolsFramework/ScriptableToolsFramework.uplugin" 610
"../../../Engine/Plugins/Runtime/RigVM/RigVM.uplugin" 611
"../../../Engine/Plugins/Runtime/SmartObjects/SmartObjects.uplugin" 612
"../../../Engine/Plugins/Runtime/StateTree/StateTree.uplugin" 613
"../../../Engine/Plugins/Runtime/WorldConditions/WorldConditions.uplugin" 614
"../../../Engine/Plugins/Runtime/Spatialization/Spatialization.uplugin" 615
"../../../Engine/Plugins/Runtime/SoundUtilities/SoundUtilities.uplugin" 616
"../../../Engine/Plugins/Runtime/USDCore/USDCore.uplugin" 617
"../../../Engine/Plugins/Runtime/WebMMoviePlayer/WebMMoviePlayer.uplugin" 618
"../../../Engine/Plugins/Runtime/WebBrowserWidget/WebBrowserWidget.uplugin" 619
"../../../Engine/Plugins/Runtime/WindowsDeviceProfileSelector/WindowsDeviceProfileSelector.uplugin" 620
"../../../Engine/Plugins/Runtime/SoundFields/SoundFields.uplugin" 621
"../../../Engine/Plugins/Runtime/XRBase/XRBase.uplugin" 622
"../../../Engine/Plugins/Runtime/WindowsMoviePlayer/WindowsMoviePlayer.uplugin" 623
"../../../Engine/Plugins/Runtime/WarpUtils/WarpUtils.uplugin" 624
"../../../Engine/Plugins/Runtime/SignificanceManager/SignificanceManager.uplugin" 625
"../../../Engine/Plugins/Runtime/ZoneGraph/ZoneGraph.uplugin" 626
"../../../Engine/Plugins/Runtime/ZoneGraphAnnotations/ZoneGraphAnnotations.uplugin" 627
"../../../Engine/Plugins/Runtime/WebBrowserNativeProxy/WebBrowserNativeProxy.uplugin" 628
"../../../Engine/Plugins/Runtime/Synthesis/Synthesis.uplugin" 629
"../../../Engine/Plugins/Runtime/Soundscape/Soundscape.uplugin" 630
"../../../Engine/Plugins/Runtime/WaveTable/WaveTable.uplugin" 631
"../../../Engine/Plugins/Runtime/SoundCueTemplates/SoundCueTemplates.uplugin" 632
"../../../Engine/Plugins/Experimental/PCGInterops/PCGWaterInterop/PCGWaterInterop.uplugin" 633
"../../../Engine/Plugins/Runtime/SunPosition/SunPosition.uplugin" 634
"../../../Engine/Plugins/VirtualProduction/DMX/DMXEngine/DMXEngine.uplugin" 635
"../../../Engine/Plugins/VirtualProduction/DMX/DMXDisplayCluster/DMXDisplayCluster.uplugin" 636
"../../../Engine/Plugins/VirtualProduction/DMX/DatasmithMVR/DatasmithMVR.uplugin" 637
"../../../Engine/Plugins/VirtualProduction/DMX/DMXFixtures/DMXFixtures.uplugin" 638
"../../../Engine/Plugins/Experimental/PCGInterops/PCGInstancedActorsInterop/PCGInstancedActorsInterop.uplugin" 639
"../../../Engine/Plugins/VirtualProduction/DMX/DMXGDTF/DMXGDTF.uplugin" 640
"../../../Engine/Plugins/Editor/Localization/PortableObjectFileDataSource/PortableObjectFileDataSource.uplugin" 641
"../../../Engine/Plugins/VirtualProduction/DMX/DMXProtocol/DMXProtocol.uplugin" 642
"../../../Engine/Plugins/VirtualProduction/DMX/DMXPixelMapping/DMXPixelMapping.uplugin" 643
"../../../Engine/Plugins/VirtualProduction/DMX/DMXControlConsole/DMXControlConsole.uplugin" 644
"../../../Engine/Plugins/Experimental/PCGInterops/PCGNiagaraInterop/PCGNiagaraInterop.uplugin" 645
"../../../Engine/Plugins/VirtualProduction/DMX/DMXModularFeatures/DMXModularFeatures.uplugin" 646
"../../../Engine/Plugins/Runtime/Nvidia/Reflex/Reflex.uplugin" 647
"../../../Engine/Plugins/Runtime/Steam/SteamAudio/SteamAudio.uplugin" 648
"../../../Engine/Plugins/Runtime/Steam/SteamController/SteamController.uplugin" 649
"../../../Engine/Plugins/Runtime/Steam/SteamSockets/SteamSockets.uplugin" 650
"../../../Engine/Plugins/Experimental/Animation/Optimus/Optimus.uplugin" 651
"../../../Engine/Plugins/Experimental/Animation/HierarchyTableAnimation/HierarchyTableAnimation.uplugin" 652
"../../../Engine/Plugins/Runtime/Steam/SteamShared/SteamShared.uplugin" 653
"../../../Engine/Plugins/Experimental/Animation/RigMapper/RigMapper.uplugin" 654
"../../../Engine/Plugins/Experimental/Animation/ContextualAnimation/ContextualAnimation.uplugin" 655
"../../../Engine/Plugins/Experimental/Animation/SkeletalMeshMorphTargetEditingTools/SkeletalMeshMorphTargetEditingTools.uplugin" 656
"../../../Engine/Plugins/Experimental/Animation/Locomotor/Locomotor.uplugin" 657
"../../../Engine/Plugins/Runtime/AR/ARUtilities/ARUtilities.uplugin" 658
"../../../Engine/Plugins/Experimental/Animation/SkeletonTemplateFramework/SkeletonTemplateFramework.uplugin" 659
"../../../Engine/Plugins/Experimental/Enterprise/DataprepGeometryOperations/DataprepGeometryOperations.uplugin" 660
"../../../Engine/Plugins/Experimental/Enterprise/DatasmithInterchange/DatasmithInterchange.uplugin" 661
"../../../Engine/Plugins/Online/Android/OnlineSubsystemGooglePlay/OnlineSubsystemGooglePlay.uplugin" 662
"../../../Engine/Plugins/Experimental/Animation/MotionTrajectory/MotionTrajectory.uplugin" 663
"../../../Engine/Plugins/Experimental/Enterprise/DatasmithRuntime/DatasmithRuntime.uplugin" 664
"../../../Engine/Plugins/Experimental/Animation/CurveExpression/CurveExpression.uplugin" 665
"../../../Engine/Plugins/Runtime/Nvidia/GeForceNOWWrapper/GeForceNOWWrapper.uplugin" 666
"../../../Engine/Plugins/Interchange/Extensions/OpenUSD/InterchangeOpenUSD.uplugin" 667
"../../../Engine/Plugins/VirtualProduction/CaptureManager/CaptureManagerEditor/CaptureManagerEditor.uplugin" 668
"../../../Engine/Plugins/VirtualProduction/CaptureManager/CaptureManagerCore/CaptureManagerCore.uplugin" 669
"../../../Engine/Plugins/Interchange/Extensions/OpenVDB/InterchangeOpenVDB.uplugin" 670
"../../../Engine/Plugins/Online/Android/AndroidFetchBackgroundDownload/AndroidFetchBackgroundDownload.uplugin" 671
"../../../Engine/Plugins/Developer/Concert/ConcertMain/ConcertMain.uplugin" 672
"../../../Engine/Plugins/VirtualProduction/CaptureManager/CaptureManagerApp/CaptureManagerApp.uplugin" 673
"../../../Engine/Plugins/Experimental/AVCodecs/AVCodecsCore/AVCodecsCore.uplugin" 674
"../../../Engine/Plugins/Experimental/AVCodecs/LibVpxCodecs/LibVpxCodecs.uplugin" 675
"../../../Engine/Plugins/Experimental/Animation/HierarchyTable/HierarchyTable.uplugin" 676
"../../../Engine/Plugins/Experimental/AVCodecs/AMFCodecs/AMFCodecs.uplugin" 677
"../../../Engine/Plugins/VirtualProduction/CaptureManager/CaptureManagerDevices/CaptureManagerDevices.uplugin" 678
"../../../Engine/Plugins/Experimental/Animation/TrajectoryTools/TrajectoryTools.uplugin" 679
"../../../Engine/Plugins/Experimental/AVCodecs/NVCodecs/NVCodecs.uplugin" 680
"../../../Engine/Plugins/Experimental/Animation/PackedAttributes/PackedAttributes.uplugin" 681
"../../../Engine/Plugins/Experimental/AVCodecs/WMFCodecs/WMFCodecs.uplugin" 682
"../../../Engine/Plugins/Editor/ContentBrowser/ContentBrowserClassDataSource/ContentBrowserClassDataSource.uplugin" 683
"../../../Engine/Plugins/Experimental/AVCodecs/VTCodecs/VTCodecs.uplugin" 684
"../../../Engine/Plugins/Runtime/Advertising/IOSTapJoy/IOSTapJoy.uplugin" 685
"../../../Engine/Plugins/Runtime/XR/XRScribe/XRScribe.uplugin" 686
"../../../Engine/Plugins/Editor/ContentBrowser/ContentBrowserAssetDataSource/ContentBrowserAssetDataSource.uplugin" 687
"../../../Engine/Plugins/Editor/ContentBrowser/ContentBrowserAliasDataSource/ContentBrowserAliasDataSource.uplugin" 688
"../../../Engine/Plugins/Editor/ContentBrowser/ContentBrowserFileDataSource/ContentBrowserFileDataSource.uplugin" 689
"../../../Engine/Plugins/Experimental/MetaHuman/MetaHumanRuntime/MetaHumanRuntime.uplugin" 690
"../../../Engine/Plugins/Runtime/PacketHandlers/DTLSHandlerComponent/DTLSHandlerComponent.uplugin" 691
"../../../Engine/Plugins/Runtime/PacketHandlers/AESGCMHandlerComponent/AESGCMHandlerComponent.uplugin" 692
"../../../Engine/Plugins/Online/IOS/OnlineSubsystemIOS/OnlineSubsystemIOS.uplugin" 693
"../../../Engine/Plugins/Experimental/Web/WebAPI/WebAPI.uplugin" 694
"../../../Engine/Plugins/Experimental/VirtualProduction/LedWallCalibration/LedWallCalibration.uplugin" 695
"../../../Engine/Plugins/Runtime/XR/XRVisualization/XRVisualization.uplugin" 696
"../../../Engine/Plugins/Experimental/VirtualProduction/VPRoles/VPRoles.uplugin" 697
"../../../Engine/Plugins/Online/VoiceChat/EOSVoiceChat/EOSVoiceChat.uplugin" 698
"../../../Engine/Plugins/Runtime/PacketHandlers/AESHandlerComponent/AESHandlerComponent.uplugin" 699
"../../../Engine/Plugins/VirtualProduction/Rivermax/RivermaxMedia/RivermaxMedia.uplugin" 700
"../../../Engine/Plugins/Animation/MLDeformer/NeuralMorphModel/NeuralMorphModel.uplugin" 701
"../../../Engine/Plugins/Experimental/VirtualProduction/VPSettings/VPSettings.uplugin" 702
"../../../Engine/Plugins/Runtime/Database/ADOSupport/ADOSupport.uplugin" 703
"../../../Engine/Plugins/Animation/MLDeformer/VertexDeltaModel/VertexDeltaModel.uplugin" 704
"../../../Engine/Plugins/Animation/MLDeformer/NearestNeighborModel/NearestNeighborModel.uplugin" 705
"../../../Engine/Plugins/Online/VoiceChat/VoiceChat/VoiceChat.uplugin" 706
"../../../Engine/Plugins/Animation/MLDeformer/ChaosClothGenerator/ChaosClothGenerator.uplugin" 707
"../../../Engine/Plugins/VirtualProduction/Rivermax/RivermaxCore/RivermaxCore.uplugin" 708
"../../../Engine/Plugins/VirtualProduction/Rivermax/RivermaxSync/RivermaxSync.uplugin" 709
"../../../Engine/Plugins/Runtime/Database/DatabaseSupport/DatabaseSupport.uplugin" 710
"../../../Engine/Plugins/Animation/MLDeformer/ChaosFleshGenerator/ChaosFleshGenerator.uplugin" 711
"../../../Engine/Plugins/Animation/MLDeformer/MLDeformerFramework/MLDeformerFramework.uplugin" 712
"../../../Engine/Plugins/Runtime/Database/SQLiteSupport/SQLiteSupport.uplugin" 713
"../../../Engine/Plugins/Editor/ObjectMixer/ObjectMixer/ObjectMixer.uplugin" 714
"../../../Engine/Plugins/Runtime/Windows/WinDualShock/WinDualShock.uplugin" 715
"../../../Engine/Plugins/Runtime/Database/RemoteDatabaseSupport/RemoteDatabaseSupport.uplugin" 716
"../../../Engine/Plugins/Editor/ObjectMixer/LightMixer/LightMixer.uplugin" 717
"../../../Engine/Plugins/Runtime/Database/SQLiteCore/SQLiteCore.uplugin" 718
"../../../Engine/Plugins/Experimental/Compositing/HoldoutComposite/HoldoutComposite.uplugin" 719
"../../../Engine/Plugins/Runtime/MeshReconstruction/DummyMeshReconstructor/DummyMeshReconstructor.uplugin" 720
"../../../Engine/Plugins/Runtime/Analytics/Adjust/Adjust.uplugin" 721
"../../../Engine/Plugins/Experimental/CharacterFXEditor/ExampleCharacterFXEditor/ExampleCharacterFXEditor.uplugin" 722
"../../../Engine/Plugins/Developer/Concert/ConcertSync/ConcertSyncTest/ConcertSyncTest.uplugin" 723
"../../../Engine/Plugins/Developer/Concert/ConcertSync/ConcertSyncCore/ConcertSyncCore.uplugin" 724
"../../../Engine/Plugins/Developer/Concert/ConcertSync/ConcertSyncClient/ConcertSyncClient.uplugin" 725
"../../../Engine/Plugins/Runtime/Analytics/FileLogging/FileLogging.uplugin" 726
"../../../Engine/Plugins/Developer/Concert/ConcertSync/ConcertSyncServer/ConcertSyncServer.uplugin" 727
"../../../Engine/Plugins/Runtime/Analytics/AnalyticsBlueprintLibrary/AnalyticsBlueprintLibrary.uplugin" 728
"../../../Engine/Plugins/Runtime/Analytics/AnalyticsMulticast/AnalyticsMulticast.uplugin" 729
"../../../Engine/Plugins/Developer/Concert/ConcertInsights/ConcertInsightsVisualizer/ConcertInsightsVisualizer.uplugin" 730
"../../../Engine/Plugins/Developer/Concert/ConcertApp/MultiUserServer/MultiUserServer.uplugin" 731
"../../../Engine/Plugins/Experimental/CharacterFXEditor/BaseCharacterFXEditor/BaseCharacterFXEditor.uplugin" 732
"../../../Engine/Plugins/Runtime/Windows/XInputDevice/XInputDevice.uplugin" 733
"../../../Engine/Plugins/Experimental/Compositing/CompositeCore/CompositeCore.uplugin" 734
"../../../Engine/Plugins/Runtime/AR/AppleAR/AppleARKitFaceSupport/AppleARKitFaceSupport.uplugin" 735
"../../../Engine/Plugins/Developer/Concert/ConcertInsights/ConcertInsightsCore/ConcertInsightsCore.uplugin" 736
"../../../Engine/Plugins/Developer/Concert/ConcertInsights/ConcertInsightsClient/ConcertInsightsClient.uplugin" 737
"../../../Engine/Plugins/Runtime/AR/AppleAR/AppleARKit/AppleARKit.uplugin" 738
"../../../Engine/Plugins/Developer/Concert/ConcertApp/MultiUserClient/MultiUserClient.uplugin" 739
"../../../Engine/Plugins/Runtime/AR/Google/GoogleARCore/GoogleARCore.uplugin" 740
"../../../Engine/Plugins/Runtime/AR/Google/GoogleARCoreServices/GoogleARCoreServices.uplugin" 741
"../../../Engine/Plugins/Developer/Concert/ConcertApp/DisasterRecoveryClient/DisasterRecoveryClient.uplugin" 742
"../../../Engine/Plugins/Developer/Concert/ConcertInsights/ConcertInsightsServer/ConcertInsightsServer.uplugin" 743
"../../../Engine/Plugins/Developer/Concert/ConcertScripting/ConcertReplicationScripting/ConcertReplicationScripting.uplugin" 744
"../../../Engine/Plugins/Developer/Concert/ConcertUI/ConcertClientSharedSlate/ConcertClientSharedSlate.uplugin" 745
"../../../Engine/Plugins/Experimental/Animation/MLDeformer/DetailPoseModel/DetailPoseModel.uplugin" 746
"../../../Engine/Plugins/Developer/Concert/ConcertUI/ConcertSharedSlate/ConcertSharedSlate.uplugin" 747
"../../../Engine/Platforms/Android/Plugins/RigLogic/RigLogic_Android.uplugin" 748
"../../../Engine/Platforms/Android/Plugins/Animation/ACLPlugin/ACLPlugin_Android.uplugin" 749
"../../../Engine/Platforms/IOS/Plugins/RigLogic/RigLogic_IOS.uplugin" 750
"D:/FYP_UE/FYP/Plugins/VisualStudioTools/VisualStudioTools.uplugin" 751
"../../../Engine/Content/Internationalization/icudt64l/cnvalias.icu" 752
"../../../Engine/Content/Internationalization/icudt64l/res_index.res" 753
"../../../Engine/Content/Internationalization/icudt64l/plurals.res" 754
"../../../Engine/Content/Internationalization/icudt64l/lang/en_GB.res" 755
"../../../Engine/Content/Internationalization/icudt64l/lang/pool.res" 756
"../../../Engine/Content/Internationalization/icudt64l/lang/en_001.res" 757
"../../../Engine/Content/Internationalization/icudt64l/lang/en.res" 758
"../../../Engine/Content/Internationalization/icudt64l/lang/root.res" 759
"../../../Engine/Content/Internationalization/icudt64l/region/en_GB.res" 760
"../../../Engine/Content/Internationalization/icudt64l/region/pool.res" 761
"../../../Engine/Content/Internationalization/icudt64l/region/en.res" 762
"../../../Engine/Content/Internationalization/icudt64l/region/root.res" 763
"../../../Engine/Content/Internationalization/icudt64l/windowsZones.res" 764
"../../../Engine/Content/Internationalization/icudt64l/zoneinfo64.res" 765
"../../../Engine/Content/Internationalization/icudt64l/keyTypeData.res" 766
"../../../Engine/Content/Internationalization/icudt64l/timezoneTypes.res" 767
"../../../Engine/Content/Internationalization/icudt64l/likelySubtags.res" 768
"../../../Engine/Content/Internationalization/icudt64l/en_GB.res" 769
"../../../Engine/Content/Internationalization/icudt64l/pool.res" 770
"../../../Engine/Content/Internationalization/icudt64l/en_001.res" 771
"../../../Engine/Content/Internationalization/icudt64l/en.res" 772
"../../../Engine/Content/Internationalization/icudt64l/root.res" 773
"../../../Engine/Content/Internationalization/icudt64l/supplementalData.res" 774
"../../../Engine/Config/ConfigRedirects.ini" 775
"C:/Users/s5624234/AppData/Local/UnrealEngine/5.6/Saved/Config/WindowsEditor/Manifest.ini" 776
"../../../Engine/Config/BaseEngine.ini" 777
"../../../Engine/Config/Windows/BaseWindowsEngine.ini" 778
"D:/FYP_UE/FYP/Config/DefaultEngine.ini" 779
"../../../Engine/Config/BaseGame.ini" 780
"D:/FYP_UE/FYP/Config/DefaultGame.ini" 781
"../../../Engine/Config/Windows/WindowsGame.ini" 782
"D:/FYP_UE/FYP/Saved/Config/WindowsEditor/Game.ini" 783
"../../../Engine/Config/BaseInput.ini" 784
"../../../Engine/Config/Windows/BaseWindowsInput.ini" 785
"D:/FYP_UE/FYP/Config/DefaultInput.ini" 786
"../../../Engine/Config/Windows/WindowsInput.ini" 787
"../../../Engine/Config/BaseDeviceProfiles.ini" 788
"../../../Engine/Config/BaseGameUserSettings.ini" 789
"D:/FYP_UE/FYP/Saved/Config/WindowsEditor/GameUserSettings.ini" 790
"../../../Engine/Config/BaseScalability.ini" 791
"../../../Engine/Config/BaseRuntimeOptions.ini" 792
"../../../Engine/Config/BaseInstallBundle.ini" 793
"../../../Engine/Config/BaseHardware.ini" 794
"../../../Engine/Config/BaseCompat.ini" 795
"../../../Engine/Config/BaseLightmass.ini" 796
"../../../Engine/Config/BaseEditor.ini" 797
"D:/FYP_UE/FYP/Config/DefaultEditor.ini" 798
"D:/FYP_UE/FYP/Saved/Config/WindowsEditor/Editor.ini" 799
"../../../Engine/Config/BaseMaterialExpressions.ini" 800
"../../../Engine/Config/BaseEditorPerProjectUserSettings.ini" 801
"D:/FYP_UE/FYP/Config/DefaultEditorPerProjectUserSettings.ini" 802
"../../../Engine/Config/Windows/WindowsEditorPerProjectUserSettings.ini" 803
"D:/FYP_UE/FYP/Saved/Config/WindowsEditor/EditorPerProjectUserSettings.ini" 804
"../../../Engine/Config/BaseEditorSettings.ini" 805
"../../../Engine/Config/Windows/WindowsEditorSettings.ini" 806
"C:/Users/s5624234/AppData/Local/UnrealEngine/5.6/Saved/Config/WindowsEditor/EditorSettings.ini" 807
"../../../Engine/Config/BaseEditorKeyBindings.ini" 808
"C:/Users/s5624234/AppData/Local/UnrealEngine/5.6/Saved/Config/WindowsEditor/EditorLayout.ini" 809
"D:/FYP_UE/FYP/Binaries/Win64/BT_Game-Win64-Shipping.target" 810
"../../../Engine/Config/IOS/BaseIOSEngine.ini" 811
"../../../Engine/Platforms/VisionOS/Config/BaseVisionOSEngine.ini" 812
"../../../Engine/Config/Linux/BaseLinuxEngine.ini" 813
"../../../Engine/Platforms/VisionOS/Config/VisionOSEngine.ini" 814
"../../../Engine/Config/Unix/UnixEngine.ini" 815
"../../../Engine/Config/Linux/LinuxEngine.ini" 816
"../../../Engine/Config/Mac/BaseMacEngine.ini" 817
"../../../Engine/Config/TVOS/TVOSEngine.ini" 818
"../../../Engine/Config/Android/BaseAndroidEngine.ini" 819
"../../../Engine/Config/IOS/BaseIOSGame.ini" 820
"../../../Engine/Config/Android/AndroidEngine.ini" 821
"../../../Engine/Config/IOS/IOSGame.ini" 822
"D:/FYP_UE/FYP/Binaries/Win64/BT_GameEditor.target" 823
"../../../Engine/Config/Linux/LinuxGame.ini" 824
"../../../Engine/Config/Mac/MacGame.ini" 825
"../../../Engine/Config/Android/BaseAndroidGame.ini" 826
"../../../Engine/Config/IOS/BaseIOSInput.ini" 827
"../../../Engine/Config/Android/BaseAndroidInput.ini" 828
"../../../Engine/Config/Mac/BaseMacInput.ini" 829
"../../../Engine/Config/IOS/IOSScalability.ini" 830
"../../../Engine/Config/Android/AndroidScalability.ini" 831
"../../../Engine/Config/IOS/BaseIOSInstallBundle.ini" 832
"../../../Engine/Config/Android/BaseAndroidInstallBundle.ini" 833
"../../../Engine/Config/PluginBase.ini" 834
"../../../Engine/Plugins/ChaosVD/Config/DefaultChaosVD.ini" 835
"../../../Engine/Plugins/EnhancedInput/Config/BaseEnhancedInput.ini" 836
"../../../Engine/Plugins/Fab/Config/BaseFab.ini" 837
"../../../Engine/Plugins/TraceUtilities/Config/BaseTraceUtilities.ini" 838
"../../../Engine/Plugins/Experimental/FullBodyIK/Config/BaseFullBodyIK.ini" 839
"../../../Engine/Plugins/Experimental/ToolPresets/Config/BaseToolPresets.ini" 840
"../../../Engine/Plugins/Interchange/Assets/Config/BaseInterchangeAssets.ini" 841
"../../../Engine/Plugins/Interchange/Runtime/Config/BaseInterchange.ini" 842
"../../../Engine/Plugins/MetaHuman/MetaHumanSDK/Config/BaseMetaHumanSDK.ini" 843
"../../../Engine/Plugins/VirtualProduction/CameraCalibrationCore/Config/BaseCameraCalibrationCore.ini" 844
"../../../Engine/Plugins/VirtualProduction/Takes/Config/BaseTakes.ini" 845
"../../../Engine/Plugins/2D/Paper2D/Config/BasePaper2D.ini" 846
"../../../Engine/Plugins/Animation/DeformerGraph/Config/BaseDeformerGraph.ini" 847
"../../../Engine/Plugins/Animation/IKRig/Config/BaseIKRig.ini" 848
"../../../Engine/Plugins/Animation/ControlRig/Config/BaseControlRig.ini" 849
"../../../Engine/Plugins/Cameras/GameplayCameras/Config/BaseGameplayCameras.ini" 850
"../../../Engine/Plugins/Editor/EditorScriptingUtilities/Config/BaseEditorScriptingUtilities.ini" 851
"../../../Engine/Plugins/Enterprise/DatasmithContent/Config/BaseDatasmithContent.ini" 852
"../../../Engine/Plugins/Enterprise/GLTFExporter/Config/BaseGLTFExporter.ini" 853
"../../../Engine/Plugins/Enterprise/GLTFExporter/Config/DefaultGLTFExporter.ini" 854
"../../../Engine/Plugins/Enterprise/VariantManagerContent/Config/BaseVariantManagerContent.ini" 855
"../../../Engine/Plugins/FX/Niagara/Config/BaseNiagara.ini" 856
"../../../Engine/Plugins/Runtime/GameplayStateTree/Config/BaseGameplayStateTree.ini" 857
"../../../Engine/Plugins/Runtime/HairStrands/Config/BaseHairStrands.ini" 858
"../../../Engine/Plugins/Runtime/Metasound/Config/BaseMetasound.ini" 859
"../../../Engine/Plugins/Runtime/Metasound/Config/DefaultMetasound.ini" 860
"../../../Engine/Plugins/Runtime/PropertyBindingUtils/Config/BasePropertyBindingUtils.ini" 861
"../../../Engine/Plugins/Runtime/RigVM/Config/BaseRigVM.ini" 862
"../../../Engine/Plugins/Runtime/StateTree/Config/BaseStateTree.ini" 863
"../../../Engine/Plugins/Runtime/Synthesis/Config/BaseSynthesis.ini" 864
"../../../Engine/Plugins/Experimental/Compositing/CompositeCore/Config/BaseCompositeCore.ini" 865
"../../../Engine/Plugins/ChaosVD/Config/Engine.ini" 866
"../../../Engine/Plugins/EnhancedInput/Config/Input.ini" 867
"../../../Engine/Plugins/Runtime/InputDebugging/Config/Input.ini" 868
"../../../Engine/Plugins/Runtime/Windows/XInputDevice/Config/Input.ini" 869
"../../../Engine/Plugins/Online/OnlineSubsystemUtils/Config/Editor.ini" 870
"../../../Engine/Plugins/Runtime/RigVM/Config/Editor.ini" 871
"../../../Engine/Plugins/NNE/NNEDenoiser/Config/Game.ini" 872
"../../../Engine/Plugins/Editor/ModelingToolsEditorMode/Binaries/Win64/UnrealEditor.modules" 873
"../../../Engine/Plugins/Runtime/MeshModelingToolset/Binaries/Win64/UnrealEditor.modules" 874
"../../../Engine/Plugins/Experimental/MeshModelingToolsetExp/Binaries/Win64/UnrealEditor.modules" 875
"../../../Engine/Plugins/Editor/MeshLODToolset/Binaries/Win64/UnrealEditor.modules" 876
"../../../Engine/Plugins/Experimental/ToolPresets/Binaries/Win64/UnrealEditor.modules" 877
"../../../Engine/Plugins/Editor/StylusInput/Binaries/Win64/UnrealEditor.modules" 878
"../../../Engine/Plugins/Runtime/GeometryProcessing/Binaries/Win64/UnrealEditor.modules" 879
"../../../Engine/Plugins/Editor/ProxyLODPlugin/Binaries/Win64/UnrealEditor.modules" 880
"../../../Engine/Plugins/Experimental/PlanarCutPlugin/Binaries/Win64/UnrealEditor.modules" 881
"../../../Engine/Plugins/Runtime/GeometryCache/Binaries/Win64/UnrealEditor.modules" 882
"../../../Engine/Plugins/Experimental/GeometryFlow/Binaries/Win64/UnrealEditor.modules" 883
"../../../Engine/Plugins/Editor/EditorScriptingUtilities/Binaries/Win64/UnrealEditor.modules" 884
"../../../Engine/Plugins/FX/Niagara/Binaries/Win64/UnrealEditor.modules" 885
"../../../Engine/Plugins/Experimental/PythonScriptPlugin/Binaries/Win64/UnrealEditor.modules" 886
"../../../Engine/Plugins/Editor/ContentBrowser/ContentBrowserFileDataSource/Binaries/Win64/UnrealEditor.modules" 887
"../../../Engine/Plugins/Runtime/GameplayStateTree/Binaries/Win64/UnrealEditor.modules" 888
"../../../Engine/Plugins/Runtime/StateTree/Binaries/Win64/UnrealEditor.modules" 889
"../../../Engine/Plugins/Animation/GameplayInsights/Binaries/Win64/UnrealEditor.modules" 890
"../../../Engine/Plugins/Runtime/PropertyAccess/Binaries/Win64/UnrealEditor.modules" 891
"../../../Engine/Plugins/Runtime/PropertyBindingUtils/Binaries/Win64/UnrealEditor.modules" 892
"../../../Engine/Plugins/Bridge/Binaries/Win64/UnrealEditor.modules" 893
"../../../Engine/Plugins/MetaHuman/MetaHumanSDK/Binaries/Win64/UnrealEditor.modules" 894
"../../../Engine/Plugins/Animation/ControlRig/Binaries/Win64/UnrealEditor.modules" 895
"../../../Engine/Plugins/Runtime/HairStrands/Binaries/Win64/UnrealEditor.modules" 896
"../../../Engine/Plugins/Animation/RigLogic/Binaries/Win64/UnrealEditor.modules" 897
"../../../Engine/Plugins/Online/EOSShared/Binaries/Win64/UnrealEditor.modules" 898
"../../../Engine/Plugins/Runtime/RigVM/Binaries/Win64/UnrealEditor.modules" 899
"../../../Engine/Plugins/MovieScene/LevelSequenceEditor/Binaries/Win64/UnrealEditor.modules" 900
"../../../Engine/Plugins/MovieScene/SequencerScripting/Binaries/Win64/UnrealEditor.modules" 901
"../../../Engine/Plugins/Animation/TweeningUtils/Binaries/Win64/UnrealEditor.modules" 902
"../../../Engine/Plugins/Animation/DeformerGraph/Binaries/Win64/UnrealEditor.modules" 903
"../../../Engine/Plugins/Experimental/Dataflow/Binaries/Win64/UnrealEditor.modules" 904
"../../../Engine/Plugins/Runtime/ComputeFramework/Binaries/Win64/UnrealEditor.modules" 905
"../../../Engine/Plugins/Experimental/CharacterFXEditor/BaseCharacterFXEditor/Binaries/Win64/UnrealEditor.modules" 906
"../../../Engine/Plugins/Runtime/ProceduralMeshComponent/Binaries/Win64/UnrealEditor.modules" 907
"../../../Engine/Plugins/Experimental/ChaosCaching/Binaries/Win64/UnrealEditor.modules" 908
"../../../Engine/Plugins/Experimental/EditorDataStorage/Binaries/Win64/UnrealEditor.modules" 909
"../../../Engine/Plugins/Experimental/EditorDataStorageFeatures/Binaries/Win64/UnrealEditor.modules" 910
"../../../Engine/Plugins/VirtualProduction/Takes/Binaries/Win64/UnrealEditor.modules" 911
"../../../Engine/Plugins/Runtime/AudioCapture/Binaries/Win64/UnrealEditor.modules" 912
"../../../Engine/Plugins/Developer/NamingTokens/Binaries/Win64/UnrealEditor.modules" 913
"../../../Engine/Plugins/Editor/EngineAssetDefinitions/Binaries/Win64/UnrealEditor.modules" 914
"../../../Engine/Plugins/ChaosCloth/Binaries/Win64/UnrealEditor.modules" 915
"../../../Engine/Plugins/ChaosInsights/Binaries/Win64/UnrealEditor.modules" 916
"../../../Engine/Plugins/ChaosVD/Binaries/Win64/UnrealEditor.modules" 917
"../../../Engine/Plugins/CmdLinkServer/Binaries/Win64/UnrealEditor.modules" 918
"../../../Engine/Plugins/EnhancedInput/Binaries/Win64/UnrealEditor.modules" 919
"../../../Engine/Plugins/Editor/DataValidation/Binaries/Win64/UnrealEditor.modules" 920
"../../../Engine/Plugins/Fab/Binaries/Win64/UnrealEditor.modules" 921
"../../../Engine/Plugins/Interchange/Runtime/Binaries/Win64/UnrealEditor.modules" 922
"../../../Engine/Plugins/Enterprise/VariantManagerContent/Binaries/Win64/UnrealEditor.modules" 923
"../../../Engine/Plugins/Enterprise/VariantManager/Binaries/Win64/UnrealEditor.modules" 924
"../../../Engine/Plugins/Interchange/Assets/Binaries/Win64/UnrealEditor.modules" 925
"../../../Engine/Plugins/FastBuildController/Binaries/Win64/UnrealEditor.modules" 926
"../../../Engine/Plugins/IoStoreInsights/Binaries/Win64/UnrealEditor.modules" 927
"../../../Engine/Plugins/MassInsights/Binaries/Win64/UnrealEditor.modules" 928
"../../../Engine/Plugins/MeshPainting/Binaries/Win64/UnrealEditor.modules" 929
"../../../Engine/Plugins/Interchange/Editor/Binaries/Win64/UnrealEditor.modules" 930
"../../../Engine/Plugins/RenderGraphInsights/Binaries/Win64/UnrealEditor.modules" 931
"../../../Engine/Plugins/TraceUtilities/Binaries/Win64/UnrealEditor.modules" 932
"../../../Engine/Plugins/WorldMetrics/Binaries/Win64/UnrealEditor.modules" 933
"../../../Engine/Plugins/XGEController/Binaries/Win64/UnrealEditor.modules" 934
"../../../Engine/Plugins/UbaController/Binaries/Win64/UnrealEditor.modules" 935
"../../../Engine/Plugins/Developer/AnimationSharing/Binaries/Win64/UnrealEditor.modules" 936
"../../../Engine/Plugins/Runtime/SignificanceManager/Binaries/Win64/UnrealEditor.modules" 937
"../../../Engine/Plugins/Developer/DumpGPUServices/Binaries/Win64/UnrealEditor.modules" 938
"../../../Engine/Plugins/Developer/GitSourceControl/Binaries/Win64/UnrealEditor.modules" 939
"../../../Engine/Plugins/Developer/N10XSourceCodeAccess/Binaries/Win64/UnrealEditor.modules" 940
"../../../Engine/Plugins/Developer/CLionSourceCodeAccess/Binaries/Win64/UnrealEditor.modules" 941
"../../../Engine/Plugins/Developer/PerforceSourceControl/Binaries/Win64/UnrealEditor.modules" 942
"../../../Engine/Plugins/Developer/PixWinPlugin/Binaries/Win64/UnrealEditor.modules" 943
"../../../Engine/Plugins/Developer/PluginUtils/Binaries/Win64/UnrealEditor.modules" 944
"../../../Engine/Plugins/Developer/ProjectLauncher/Binaries/Win64/UnrealEditor.modules" 945
"../../../Engine/Plugins/Developer/PropertyAccessNode/Binaries/Win64/UnrealEditor.modules" 946
"../../../Engine/Plugins/Developer/RenderDocPlugin/Binaries/Win64/UnrealEditor.modules" 947
"../../../Engine/Plugins/Developer/PlasticSourceControl/Binaries/Win64/UnrealEditor.modules" 948
"../../../Engine/Plugins/Developer/TextureFormatOodle/Binaries/Win64/UnrealEditor.modules" 949
"../../../Engine/Plugins/Developer/RiderSourceCodeAccess/Binaries/Win64/UnrealEditor.modules" 950
"../../../Engine/Plugins/Developer/SubversionSourceControl/Binaries/Win64/UnrealEditor.modules" 951
"../../../Engine/Plugins/Developer/UObjectPlugin/Binaries/Win64/UnrealEditor.modules" 952
"../../../Engine/Plugins/Developer/VisualStudioCodeSourceCodeAccess/Binaries/Win64/UnrealEditor.modules" 953
"../../../Engine/Plugins/Developer/VisualStudioSourceCodeAccess/Binaries/Win64/UnrealEditor.modules" 954
"../../../Engine/Plugins/Experimental/AdvancedRenamer/Binaries/Win64/UnrealEditor.modules" 955
"../../../Engine/Plugins/Experimental/AutomationUtils/Binaries/Win64/UnrealEditor.modules" 956
"../../../Engine/Plugins/Experimental/BackChannel/Binaries/Win64/UnrealEditor.modules" 957
"../../../Engine/Plugins/Experimental/ChaosNiagara/Binaries/Win64/UnrealEditor.modules" 958
"../../../Engine/Plugins/Experimental/ChaosSolverPlugin/Binaries/Win64/UnrealEditor.modules" 959
"../../../Engine/Plugins/Experimental/ChaosEditor/Binaries/Win64/UnrealEditor.modules" 960
"../../../Engine/Plugins/Experimental/GeometryCollectionPlugin/Binaries/Win64/UnrealEditor.modules" 961
"../../../Engine/Plugins/Experimental/Fracture/Binaries/Win64/UnrealEditor.modules" 962
"../../../Engine/Plugins/Experimental/GeometryDataflow/Binaries/Win64/UnrealEditor.modules" 963
"../../../Engine/Plugins/Experimental/CharacterAI/Binaries/Win64/UnrealEditor.modules" 964
"../../../Engine/Plugins/Experimental/ChaosUserDataPT/Binaries/Win64/UnrealEditor.modules" 965
"../../../Engine/Plugins/Experimental/EditorPerformance/Binaries/Win64/UnrealEditor.modules" 966
"../../../Engine/Plugins/Experimental/EditorTelemetry/Binaries/Win64/UnrealEditor.modules" 967
"../../../Engine/Plugins/Experimental/LevelSequenceNavigatorBridge/Binaries/Win64/UnrealEditor.modules" 968
"../../../Engine/Plugins/Experimental/SequenceNavigator/Binaries/Win64/UnrealEditor.modules" 969
"../../../Engine/Plugins/Experimental/LocalizableMessage/Binaries/Win64/UnrealEditor.modules" 970
"../../../Engine/Plugins/Experimental/NFORDenoise/Binaries/Win64/UnrealEditor.modules" 971
"../../../Engine/Plugins/Experimental/PlatformCrypto/Binaries/Win64/UnrealEditor.modules" 972
"../../../Engine/Plugins/Experimental/RuntimeTelemetry/Binaries/Win64/UnrealEditor.modules" 973
"../../../Engine/Plugins/Experimental/SkeletalReduction/Binaries/Win64/UnrealEditor.modules" 974
"../../../Engine/Plugins/MovieScene/ActorSequence/Binaries/Win64/UnrealEditor.modules" 975
"../../../Engine/Plugins/Media/AndroidMedia/Binaries/Win64/UnrealEditor.modules" 976
"../../../Engine/Plugins/Media/AvfMedia/Binaries/Win64/UnrealEditor.modules" 977
"../../../Engine/Plugins/Media/ImgMedia/Binaries/Win64/UnrealEditor.modules" 978
"../../../Engine/Plugins/Media/MediaPlayerEditor/Binaries/Win64/UnrealEditor.modules" 979
"../../../Engine/Plugins/Media/MediaPlate/Binaries/Win64/UnrealEditor.modules" 980
"../../../Engine/Plugins/Media/MediaCompositing/Binaries/Win64/UnrealEditor.modules" 981
"../../../Engine/Plugins/Experimental/Compositing/CompositeCore/Binaries/Win64/UnrealEditor.modules" 982
"../../../Engine/Plugins/Media/WmfMedia/Binaries/Win64/UnrealEditor.modules" 983
"../../../Engine/Plugins/Online/OnlineBase/Binaries/Win64/UnrealEditor.modules" 984
"../../../Engine/Plugins/Online/OnlineSubsystem/Binaries/Win64/UnrealEditor.modules" 985
"../../../Engine/Plugins/Online/OnlineSubsystemUtils/Binaries/Win64/UnrealEditor.modules" 986
"../../../Engine/Plugins/Online/OnlineServices/Binaries/Win64/UnrealEditor.modules" 987
"../../../Engine/Plugins/Online/OnlineSubsystemNull/Binaries/Win64/UnrealEditor.modules" 988
"../../../Engine/Plugins/Tests/InterchangeTests/Binaries/Win64/UnrealEditor.modules" 989
"../../../Engine/Plugins/2D/Paper2D/Binaries/Win64/UnrealEditor.modules" 990
"../../../Engine/Plugins/AI/AISupport/Binaries/Win64/UnrealEditor.modules" 991
"../../../Engine/Plugins/AI/EnvironmentQueryEditor/Binaries/Win64/UnrealEditor.modules" 992
"../../../Engine/Plugins/Animation/AnimationData/Binaries/Win64/UnrealEditor.modules" 993
"../../../Engine/Plugins/Animation/ACLPlugin/Binaries/Win64/UnrealEditor.modules" 994
"../../../Engine/Plugins/Animation/ControlRigSpline/Binaries/Win64/UnrealEditor.modules" 995
"../../../Engine/Plugins/Animation/AnimationModifierLibrary/Binaries/Win64/UnrealEditor.modules" 996
"../../../Engine/Plugins/Animation/BlendSpaceMotionAnalysis/Binaries/Win64/UnrealEditor.modules" 997
"../../../Engine/Plugins/Animation/IKRig/Binaries/Win64/UnrealEditor.modules" 998
"../../../Engine/Plugins/Experimental/FullBodyIK/Binaries/Win64/UnrealEditor.modules" 999
"../../../Engine/Plugins/Animation/SkeletalMeshModelingTools/Binaries/Win64/UnrealEditor.modules" 1000
"../../../Engine/Plugins/Cameras/GameplayCameras/Binaries/Win64/UnrealEditor.modules" 1001
"../../../Engine/Plugins/VirtualProduction/CameraCalibrationCore/Binaries/Win64/UnrealEditor.modules" 1002
"../../../Engine/Plugins/MovieScene/TemplateSequence/Binaries/Win64/UnrealEditor.modules" 1003
"../../../Engine/Plugins/Editor/AssetManagerEditor/Binaries/Win64/UnrealEditor.modules" 1004
"../../../Engine/Plugins/Editor/ContentBrowser/ContentBrowserAssetDataSource/Binaries/Win64/UnrealEditor.modules" 1005
"../../../Engine/Plugins/Cameras/CameraShakePreviewer/Binaries/Win64/UnrealEditor.modules" 1006
"../../../Engine/Plugins/Compression/OodleNetwork/Binaries/Win64/UnrealEditor.modules" 1007
"../../../Engine/Plugins/Cameras/EngineCameras/Binaries/Win64/UnrealEditor.modules" 1008
"../../../Engine/Plugins/Editor/ColorGrading/Binaries/Win64/UnrealEditor.modules" 1009
"../../../Engine/Plugins/Editor/ObjectMixer/ObjectMixer/Binaries/Win64/UnrealEditor.modules" 1010
"../../../Engine/Plugins/Editor/ChangelistReview/Binaries/Win64/UnrealEditor.modules" 1011
"../../../Engine/Plugins/Editor/CurveEditorTools/Binaries/Win64/UnrealEditor.modules" 1012
"../../../Engine/Plugins/Editor/BlueprintHeaderView/Binaries/Win64/UnrealEditor.modules" 1013
"../../../Engine/Plugins/Editor/CryptoKeys/Binaries/Win64/UnrealEditor.modules" 1014
"../../../Engine/Plugins/Editor/FacialAnimation/Binaries/Win64/UnrealEditor.modules" 1015
"../../../Engine/Plugins/Editor/GeometryMode/Binaries/Win64/UnrealEditor.modules" 1016
"../../../Engine/Plugins/Editor/EditorDebugTools/Binaries/Win64/UnrealEditor.modules" 1017
"../../../Engine/Plugins/Editor/GameplayTagsEditor/Binaries/Win64/UnrealEditor.modules" 1018
"../../../Engine/Plugins/Editor/MobileLauncherProfileWizard/Binaries/Win64/UnrealEditor.modules" 1019
"../../../Engine/Plugins/Editor/MaterialAnalyzer/Binaries/Win64/UnrealEditor.modules" 1020
"../../../Engine/Plugins/Editor/PluginBrowser/Binaries/Win64/UnrealEditor.modules" 1021
"../../../Engine/Plugins/Editor/UMGWidgetPreview/Binaries/Win64/UnrealEditor.modules" 1022
"../../../Engine/Plugins/Editor/SequencerAnimTools/Binaries/Win64/UnrealEditor.modules" 1023
"../../../Engine/Plugins/Editor/UVEditor/Binaries/Win64/UnrealEditor.modules" 1024
"../../../Engine/Plugins/Editor/SpeedTreeImporter/Binaries/Win64/UnrealEditor.modules" 1025
"../../../Engine/Plugins/Editor/WorldPartitionHLODUtilities/Binaries/Win64/UnrealEditor.modules" 1026
"../../../Engine/Plugins/Enterprise/DatasmithContent/Binaries/Win64/UnrealEditor.modules" 1027
"../../../Engine/Plugins/FX/Cascade/Binaries/Win64/UnrealEditor.modules" 1028
"../../../Engine/Plugins/Enterprise/GLTFExporter/Binaries/Win64/UnrealEditor.modules" 1029
"../../../Engine/Plugins/FX/NiagaraSimCaching/Binaries/Win64/UnrealEditor.modules" 1030
"../../../Engine/Plugins/Importers/AlembicImporter/Binaries/Win64/UnrealEditor.modules" 1031
"../../../Engine/Plugins/NNE/NNEDenoiser/Binaries/Win64/UnrealEditor.modules" 1032
"../../../Engine/Plugins/NNE/NNERuntimeORT/Binaries/Win64/UnrealEditor.modules" 1033
"../../../Engine/Plugins/Messaging/UdpMessaging/Binaries/Win64/UnrealEditor.modules" 1034
"../../../Engine/Plugins/Messaging/TcpMessaging/Binaries/Win64/UnrealEditor.modules" 1035
"../../../Engine/Plugins/Portal/LauncherChunkInstaller/Binaries/Win64/UnrealEditor.modules" 1036
"../../../Engine/Plugins/Runtime/ActorLayerUtilities/Binaries/Win64/UnrealEditor.modules" 1037
"../../../Engine/Plugins/Runtime/AndroidDeviceProfileSelector/Binaries/Win64/UnrealEditor.modules" 1038
"../../../Engine/Plugins/Runtime/AndroidFileServer/Binaries/Win64/UnrealEditor.modules" 1039
"../../../Engine/Plugins/Runtime/AndroidPermission/Binaries/Win64/UnrealEditor.modules" 1040
"../../../Engine/Plugins/Runtime/ArchVisCharacter/Binaries/Win64/UnrealEditor.modules" 1041
"../../../Engine/Plugins/Runtime/AssetTags/Binaries/Win64/UnrealEditor.modules" 1042
"../../../Engine/Plugins/Runtime/CableComponent/Binaries/Win64/UnrealEditor.modules" 1043
"../../../Engine/Plugins/Runtime/AppleImageUtils/Binaries/Win64/UnrealEditor.modules" 1044
"../../../Engine/Plugins/Runtime/ChunkDownloader/Binaries/Win64/UnrealEditor.modules" 1045
"../../../Engine/Plugins/Runtime/CustomMeshComponent/Binaries/Win64/UnrealEditor.modules" 1046
"../../../Engine/Plugins/Runtime/ExampleDeviceProfileSelector/Binaries/Win64/UnrealEditor.modules" 1047
"../../../Engine/Plugins/Runtime/InputDebugging/Binaries/Win64/UnrealEditor.modules" 1048
"../../../Engine/Plugins/Runtime/GooglePAD/Binaries/Win64/UnrealEditor.modules" 1049
"../../../Engine/Plugins/Runtime/LocationServicesBPLibrary/Binaries/Win64/UnrealEditor.modules" 1050
"../../../Engine/Plugins/Runtime/Metasound/Binaries/Win64/UnrealEditor.modules" 1051
"../../../Engine/Plugins/Runtime/AudioWidgets/Binaries/Win64/UnrealEditor.modules" 1052
"../../../Engine/Plugins/Runtime/AudioSynesthesia/Binaries/Win64/UnrealEditor.modules" 1053
"../../../Engine/Plugins/Runtime/WaveTable/Binaries/Win64/UnrealEditor.modules" 1054
"../../../Engine/Plugins/Runtime/MobilePatchingUtils/Binaries/Win64/UnrealEditor.modules" 1055
"../../../Engine/Plugins/Runtime/MsQuic/Binaries/Win64/UnrealEditor.modules" 1056
"../../../Engine/Plugins/Runtime/ResonanceAudio/Binaries/Win64/UnrealEditor.modules" 1057
"../../../Engine/Plugins/Runtime/SoundFields/Binaries/Win64/UnrealEditor.modules" 1058
"../../../Engine/Plugins/Runtime/WebMMoviePlayer/Binaries/Win64/UnrealEditor.modules" 1059
"../../../Engine/Plugins/Media/WebMMedia/Binaries/Win64/UnrealEditor.modules" 1060
"../../../Engine/Plugins/Runtime/WindowsDeviceProfileSelector/Binaries/Win64/UnrealEditor.modules" 1061
"../../../Engine/Plugins/Runtime/WindowsMoviePlayer/Binaries/Win64/UnrealEditor.modules" 1062
"../../../Engine/Plugins/Runtime/Synthesis/Binaries/Win64/UnrealEditor.modules" 1063
"../../../Engine/Plugins/Editor/Localization/PortableObjectFileDataSource/Binaries/Win64/UnrealEditor.modules" 1064
"../../../Engine/Plugins/Editor/ContentBrowser/ContentBrowserClassDataSource/Binaries/Win64/UnrealEditor.modules" 1065
"../../../Engine/Plugins/Editor/ObjectMixer/LightMixer/Binaries/Win64/UnrealEditor.modules" 1066
"../../../Engine/Plugins/Runtime/Windows/XInputDevice/Binaries/Win64/UnrealEditor.modules" 1067
"D:/FYP_UE/FYP/Plugins/VisualStudioTools/Binaries/Win64/UnrealEditor.modules" 1068
"../../../Engine/Config/BaseSourceControlSettings.ini" 1069
"../../../Engine/Content/Internationalization/icudt64l/coll/ucadata.icu" 1070
"../../../Engine/Content/Internationalization/icudt64l/coll/en.res" 1071
"../../../Engine/Content/Internationalization/icudt64l/coll/root.res" 1072
"../../../Engine/Content/Certificates/ThirdParty/cacert.pem" 1073
"../../../Engine/Config/ConsoleVariables.ini" 1074
"../../../Engine/Binaries/Win64/Android/UnrealEditor.modules" 1075
"../../../Engine/Binaries/Win64/IOS/UnrealEditor.modules" 1076
"../../../Engine/Binaries/Win64/Linux/UnrealEditor.modules" 1077
"../../../Engine/Content/Localization/Editor/en/Editor.locres" 1078
"../../../Engine/Content/Localization/EditorTutorials/en/EditorTutorials.locres" 1079
"../../../Engine/Content/Localization/Keywords/en/Keywords.locres" 1080
"../../../Engine/Content/Localization/Category/en/Category.locres" 1081
"../../../Engine/Content/Localization/ToolTips/en/ToolTips.locres" 1082
"../../../Engine/Content/Localization/PropertyNames/en/PropertyNames.locres" 1083
"../../../Engine/Content/Localization/Engine/en/Engine.locres" 1084
"../../../Engine/Plugins/MetaHuman/MetaHumanSDK/Content/Localization/MetaHumanSDK/en/MetaHumanSDK.locres" 1085
"../../../Engine/Plugins/Online/OnlineSubsystem/Content/Localization/OnlineSubsystem/en/OnlineSubsystem.locres" 1086
"../../../Engine/Plugins/Online/OnlineSubsystemUtils/Content/Localization/OnlineSubsystemUtils/en/OnlineSubsystemUtils.locres" 1087
"../../../Engine/Plugins/Online/Android/OnlineSubsystemGooglePlay/Content/Localization/OnlineSubsystemGooglePlay/en/OnlineSubsystemGooglePlay.locres" 1088
"../../../Engine/Plugins/Online/IOS/OnlineSubsystemIOS/Content/Localization/OnlineSubsystemIOS/en/OnlineSubsystemIOS.locres" 1089
"../../../Engine/Content/Internationalization/icudt64l/numberingSystems.res" 1090
"../../../Engine/Content/Internationalization/icudt64l/curr/supplementalData.res" 1091
"../../../Engine/Content/Internationalization/icudt64l/curr/en_GB.res" 1092
"../../../Engine/Content/Internationalization/icudt64l/curr/pool.res" 1093
"../../../Engine/Content/Internationalization/icudt64l/curr/en_001.res" 1094
"../../../Engine/Content/Internationalization/icudt64l/curr/en.res" 1095
"../../../Engine/Content/Internationalization/icudt64l/curr/root.res" 1096
"../../../Engine/Content/Internationalization/icudt64l/lang/af.res" 1097
"../../../Engine/Content/Internationalization/icudt64l/region/af.res" 1098
"../../../Engine/Content/Internationalization/icudt64l/lang/agq.res" 1099
"../../../Engine/Content/Internationalization/icudt64l/region/agq.res" 1100
"../../../Engine/Content/Internationalization/icudt64l/lang/ak.res" 1101
"../../../Engine/Content/Internationalization/icudt64l/region/ak.res" 1102
"../../../Engine/Content/Internationalization/icudt64l/lang/am.res" 1103
"../../../Engine/Content/Internationalization/icudt64l/region/am.res" 1104
"../../../Engine/Content/Internationalization/icudt64l/lang/ar.res" 1105
"../../../Engine/Content/Internationalization/icudt64l/region/ar.res" 1106
"../../../Engine/Content/Internationalization/icudt64l/region/ar_AE.res" 1107
"../../../Engine/Content/Internationalization/icudt64l/lang/ar_EG.res" 1108
"../../../Engine/Content/Internationalization/icudt64l/lang/ar_LY.res" 1109
"../../../Engine/Content/Internationalization/icudt64l/region/ar_LY.res" 1110
"../../../Engine/Content/Internationalization/icudt64l/lang/ar_SA.res" 1111
"../../../Engine/Content/Internationalization/icudt64l/region/ar_SA.res" 1112
"../../../Engine/Content/Internationalization/icudt64l/lang/as.res" 1113
"../../../Engine/Content/Internationalization/icudt64l/region/as.res" 1114
"../../../Engine/Content/Internationalization/icudt64l/lang/asa.res" 1115
"../../../Engine/Content/Internationalization/icudt64l/region/asa.res" 1116
"../../../Engine/Content/Internationalization/icudt64l/lang/ast.res" 1117
"../../../Engine/Content/Internationalization/icudt64l/region/ast.res" 1118
"../../../Engine/Content/Internationalization/icudt64l/lang/az.res" 1119
"../../../Engine/Content/Internationalization/icudt64l/lang/az_Cyrl.res" 1120
"../../../Engine/Content/Internationalization/icudt64l/lang/az_AZ.res" 1121
"../../../Engine/Content/Internationalization/icudt64l/lang/az_Latn_AZ.res" 1122
"../../../Engine/Content/Internationalization/icudt64l/lang/az_Latn.res" 1123
"../../../Engine/Content/Internationalization/icudt64l/region/az_AZ.res" 1124
"../../../Engine/Content/Internationalization/icudt64l/region/az_Latn_AZ.res" 1125
"../../../Engine/Content/Internationalization/icudt64l/region/az_Latn.res" 1126
"../../../Engine/Content/Internationalization/icudt64l/region/az.res" 1127
"../../../Engine/Content/Internationalization/icudt64l/region/az_Cyrl.res" 1128
"../../../Engine/Content/Internationalization/icudt64l/lang/bas.res" 1129
"../../../Engine/Content/Internationalization/icudt64l/region/bas.res" 1130
"../../../Engine/Content/Internationalization/icudt64l/lang/be.res" 1131
"../../../Engine/Content/Internationalization/icudt64l/region/be.res" 1132
"../../../Engine/Content/Internationalization/icudt64l/lang/bem.res" 1133
"../../../Engine/Content/Internationalization/icudt64l/region/bem.res" 1134
"../../../Engine/Content/Internationalization/icudt64l/lang/bez.res" 1135
"../../../Engine/Content/Internationalization/icudt64l/region/bez.res" 1136
"../../../Engine/Content/Internationalization/icudt64l/lang/bg.res" 1137
"../../../Engine/Content/Internationalization/icudt64l/region/bg.res" 1138
"../../../Engine/Content/Internationalization/icudt64l/lang/bm.res" 1139
"../../../Engine/Content/Internationalization/icudt64l/region/bm.res" 1140
"../../../Engine/Content/Internationalization/icudt64l/lang/bn.res" 1141
"../../../Engine/Content/Internationalization/icudt64l/region/bn.res" 1142
"../../../Engine/Content/Internationalization/icudt64l/lang/bn_IN.res" 1143
"../../../Engine/Content/Internationalization/icudt64l/region/bn_IN.res" 1144
"../../../Engine/Content/Internationalization/icudt64l/lang/bo.res" 1145
"../../../Engine/Content/Internationalization/icudt64l/region/bo.res" 1146
"../../../Engine/Content/Internationalization/icudt64l/region/bo_IN.res" 1147
"../../../Engine/Content/Internationalization/icudt64l/lang/br.res" 1148
"../../../Engine/Content/Internationalization/icudt64l/region/br.res" 1149
"../../../Engine/Content/Internationalization/icudt64l/lang/brx.res" 1150
"../../../Engine/Content/Internationalization/icudt64l/region/brx.res" 1151
"../../../Engine/Content/Internationalization/icudt64l/lang/bs.res" 1152
"../../../Engine/Content/Internationalization/icudt64l/lang/bs_Cyrl.res" 1153
"../../../Engine/Content/Internationalization/icudt64l/lang/bs_BA.res" 1154
"../../../Engine/Content/Internationalization/icudt64l/lang/bs_Latn_BA.res" 1155
"../../../Engine/Content/Internationalization/icudt64l/lang/bs_Latn.res" 1156
"../../../Engine/Content/Internationalization/icudt64l/region/bs_BA.res" 1157
"../../../Engine/Content/Internationalization/icudt64l/region/bs_Latn_BA.res" 1158
"../../../Engine/Content/Internationalization/icudt64l/region/bs_Latn.res" 1159
"../../../Engine/Content/Internationalization/icudt64l/region/bs.res" 1160
"../../../Engine/Content/Internationalization/icudt64l/region/bs_Cyrl.res" 1161
"../../../Engine/Content/Internationalization/icudt64l/lang/ca.res" 1162
"../../../Engine/Content/Internationalization/icudt64l/region/ca.res" 1163
"../../../Engine/Content/Internationalization/icudt64l/lang/ccp.res" 1164
"../../../Engine/Content/Internationalization/icudt64l/region/ccp.res" 1165
"../../../Engine/Content/Internationalization/icudt64l/lang/ce.res" 1166
"../../../Engine/Content/Internationalization/icudt64l/region/ce.res" 1167
"../../../Engine/Content/Internationalization/icudt64l/lang/ceb.res" 1168
"../../../Engine/Content/Internationalization/icudt64l/region/ceb.res" 1169
"../../../Engine/Content/Internationalization/icudt64l/lang/cgg.res" 1170
"../../../Engine/Content/Internationalization/icudt64l/region/cgg.res" 1171
"../../../Engine/Content/Internationalization/icudt64l/lang/chr.res" 1172
"../../../Engine/Content/Internationalization/icudt64l/region/chr.res" 1173
"../../../Engine/Content/Internationalization/icudt64l/lang/ckb.res" 1174
"../../../Engine/Content/Internationalization/icudt64l/region/ckb.res" 1175
"../../../Engine/Content/Internationalization/icudt64l/lang/cs.res" 1176
"../../../Engine/Content/Internationalization/icudt64l/region/cs.res" 1177
"../../../Engine/Content/Internationalization/icudt64l/lang/cy.res" 1178
"../../../Engine/Content/Internationalization/icudt64l/region/cy.res" 1179
"../../../Engine/Content/Internationalization/icudt64l/lang/da.res" 1180
"../../../Engine/Content/Internationalization/icudt64l/region/da.res" 1181
"../../../Engine/Content/Internationalization/icudt64l/lang/dav.res" 1182
"../../../Engine/Content/Internationalization/icudt64l/region/dav.res" 1183
"../../../Engine/Content/Internationalization/icudt64l/lang/de.res" 1184
"../../../Engine/Content/Internationalization/icudt64l/lang/de_AT.res" 1185
"../../../Engine/Content/Internationalization/icudt64l/region/de_AT.res" 1186
"../../../Engine/Content/Internationalization/icudt64l/region/de.res" 1187
"../../../Engine/Content/Internationalization/icudt64l/lang/de_CH.res" 1188
"../../../Engine/Content/Internationalization/icudt64l/region/de_CH.res" 1189
"../../../Engine/Content/Internationalization/icudt64l/lang/de_LU.res" 1190
"../../../Engine/Content/Internationalization/icudt64l/lang/dje.res" 1191
"../../../Engine/Content/Internationalization/icudt64l/region/dje.res" 1192
"../../../Engine/Content/Internationalization/icudt64l/lang/dsb.res" 1193
"../../../Engine/Content/Internationalization/icudt64l/region/dsb.res" 1194
"../../../Engine/Content/Internationalization/icudt64l/lang/dua.res" 1195
"../../../Engine/Content/Internationalization/icudt64l/region/dua.res" 1196
"../../../Engine/Content/Internationalization/icudt64l/lang/dyo.res" 1197
"../../../Engine/Content/Internationalization/icudt64l/region/dyo.res" 1198
"../../../Engine/Content/Internationalization/icudt64l/lang/dz.res" 1199
"../../../Engine/Content/Internationalization/icudt64l/region/dz.res" 1200
"../../../Engine/Content/Internationalization/icudt64l/lang/ebu.res" 1201
"../../../Engine/Content/Internationalization/icudt64l/region/ebu.res" 1202
"../../../Engine/Content/Internationalization/icudt64l/lang/ee.res" 1203
"../../../Engine/Content/Internationalization/icudt64l/region/ee.res" 1204
"../../../Engine/Content/Internationalization/icudt64l/lang/el.res" 1205
"../../../Engine/Content/Internationalization/icudt64l/region/el.res" 1206
"../../../Engine/Content/Internationalization/icudt64l/lang/en_150.res" 1207
"../../../Engine/Content/Internationalization/icudt64l/region/en_150.res" 1208
"../../../Engine/Content/Internationalization/icudt64l/lang/en_AG.res" 1209
"../../../Engine/Content/Internationalization/icudt64l/region/en_AG.res" 1210
"../../../Engine/Content/Internationalization/icudt64l/lang/en_AI.res" 1211
"../../../Engine/Content/Internationalization/icudt64l/region/en_AI.res" 1212
"../../../Engine/Content/Internationalization/icudt64l/lang/en_AT.res" 1213
"../../../Engine/Content/Internationalization/icudt64l/region/en_AT.res" 1214
"../../../Engine/Content/Internationalization/icudt64l/lang/en_AU.res" 1215
"../../../Engine/Content/Internationalization/icudt64l/region/en_AU.res" 1216
"../../../Engine/Content/Internationalization/icudt64l/lang/en_BB.res" 1217
"../../../Engine/Content/Internationalization/icudt64l/region/en_BB.res" 1218
"../../../Engine/Content/Internationalization/icudt64l/lang/en_BE.res" 1219
"../../../Engine/Content/Internationalization/icudt64l/region/en_BE.res" 1220
"../../../Engine/Content/Internationalization/icudt64l/lang/en_BM.res" 1221
"../../../Engine/Content/Internationalization/icudt64l/region/en_BM.res" 1222
"../../../Engine/Content/Internationalization/icudt64l/lang/en_BS.res" 1223
"../../../Engine/Content/Internationalization/icudt64l/region/en_BS.res" 1224
"../../../Engine/Content/Internationalization/icudt64l/lang/en_BW.res" 1225
"../../../Engine/Content/Internationalization/icudt64l/region/en_BW.res" 1226
"../../../Engine/Content/Internationalization/icudt64l/lang/en_BZ.res" 1227
"../../../Engine/Content/Internationalization/icudt64l/region/en_BZ.res" 1228
"../../../Engine/Content/Internationalization/icudt64l/lang/en_CA.res" 1229
"../../../Engine/Content/Internationalization/icudt64l/region/en_CA.res" 1230
"../../../Engine/Content/Internationalization/icudt64l/lang/en_CC.res" 1231
"../../../Engine/Content/Internationalization/icudt64l/region/en_CC.res" 1232
"../../../Engine/Content/Internationalization/icudt64l/lang/en_CH.res" 1233
"../../../Engine/Content/Internationalization/icudt64l/region/en_CH.res" 1234
"../../../Engine/Content/Internationalization/icudt64l/lang/en_CK.res" 1235
"../../../Engine/Content/Internationalization/icudt64l/region/en_CK.res" 1236
"../../../Engine/Content/Internationalization/icudt64l/lang/en_CM.res" 1237
"../../../Engine/Content/Internationalization/icudt64l/region/en_CM.res" 1238
"../../../Engine/Content/Internationalization/icudt64l/lang/en_CX.res" 1239
"../../../Engine/Content/Internationalization/icudt64l/region/en_CX.res" 1240
"../../../Engine/Content/Internationalization/icudt64l/lang/en_CY.res" 1241
"../../../Engine/Content/Internationalization/icudt64l/region/en_CY.res" 1242
"../../../Engine/Content/Internationalization/icudt64l/lang/en_DE.res" 1243
"../../../Engine/Content/Internationalization/icudt64l/region/en_DE.res" 1244
"../../../Engine/Content/Internationalization/icudt64l/lang/en_DG.res" 1245
"../../../Engine/Content/Internationalization/icudt64l/region/en_DG.res" 1246
"../../../Engine/Content/Internationalization/icudt64l/lang/en_DK.res" 1247
"../../../Engine/Content/Internationalization/icudt64l/region/en_DK.res" 1248
"../../../Engine/Content/Internationalization/icudt64l/lang/en_DM.res" 1249
"../../../Engine/Content/Internationalization/icudt64l/region/en_DM.res" 1250
"../../../Engine/Content/Internationalization/icudt64l/lang/en_ER.res" 1251
"../../../Engine/Content/Internationalization/icudt64l/region/en_ER.res" 1252
"../../../Engine/Content/Internationalization/icudt64l/lang/en_FI.res" 1253
"../../../Engine/Content/Internationalization/icudt64l/region/en_FI.res" 1254
"../../../Engine/Content/Internationalization/icudt64l/lang/en_FJ.res" 1255
"../../../Engine/Content/Internationalization/icudt64l/region/en_FJ.res" 1256
"../../../Engine/Content/Internationalization/icudt64l/lang/en_FK.res" 1257
"../../../Engine/Content/Internationalization/icudt64l/region/en_FK.res" 1258
"../../../Engine/Content/Internationalization/icudt64l/lang/en_FM.res" 1259
"../../../Engine/Content/Internationalization/icudt64l/region/en_FM.res" 1260
"../../../Engine/Content/Internationalization/icudt64l/lang/en_GD.res" 1261
"../../../Engine/Content/Internationalization/icudt64l/region/en_GD.res" 1262
"../../../Engine/Content/Internationalization/icudt64l/lang/en_GG.res" 1263
"../../../Engine/Content/Internationalization/icudt64l/region/en_GG.res" 1264
"../../../Engine/Content/Internationalization/icudt64l/lang/en_GH.res" 1265
"../../../Engine/Content/Internationalization/icudt64l/region/en_GH.res" 1266
"../../../Engine/Content/Internationalization/icudt64l/lang/en_GI.res" 1267
"../../../Engine/Content/Internationalization/icudt64l/region/en_GI.res" 1268
"../../../Engine/Content/Internationalization/icudt64l/lang/en_GM.res" 1269
"../../../Engine/Content/Internationalization/icudt64l/region/en_GM.res" 1270
"../../../Engine/Content/Internationalization/icudt64l/lang/en_GY.res" 1271
"../../../Engine/Content/Internationalization/icudt64l/region/en_GY.res" 1272
"../../../Engine/Content/Internationalization/icudt64l/lang/en_HK.res" 1273
"../../../Engine/Content/Internationalization/icudt64l/region/en_HK.res" 1274
"../../../Engine/Content/Internationalization/icudt64l/lang/en_IE.res" 1275
"../../../Engine/Content/Internationalization/icudt64l/region/en_IE.res" 1276
"../../../Engine/Content/Internationalization/icudt64l/lang/en_IL.res" 1277
"../../../Engine/Content/Internationalization/icudt64l/region/en_IL.res" 1278
"../../../Engine/Content/Internationalization/icudt64l/lang/en_IM.res" 1279
"../../../Engine/Content/Internationalization/icudt64l/region/en_IM.res" 1280
"../../../Engine/Content/Internationalization/icudt64l/lang/en_IN.res" 1281
"../../../Engine/Content/Internationalization/icudt64l/region/en_IN.res" 1282
"../../../Engine/Content/Internationalization/icudt64l/lang/en_IO.res" 1283
"../../../Engine/Content/Internationalization/icudt64l/region/en_IO.res" 1284
"../../../Engine/Content/Internationalization/icudt64l/lang/en_JE.res" 1285
"../../../Engine/Content/Internationalization/icudt64l/region/en_JE.res" 1286
"../../../Engine/Content/Internationalization/icudt64l/lang/en_JM.res" 1287
"../../../Engine/Content/Internationalization/icudt64l/region/en_JM.res" 1288
"../../../Engine/Content/Internationalization/icudt64l/lang/en_KE.res" 1289
"../../../Engine/Content/Internationalization/icudt64l/region/en_KE.res" 1290
"../../../Engine/Content/Internationalization/icudt64l/lang/en_KI.res" 1291
"../../../Engine/Content/Internationalization/icudt64l/region/en_KI.res" 1292
"../../../Engine/Content/Internationalization/icudt64l/lang/en_KN.res" 1293
"../../../Engine/Content/Internationalization/icudt64l/region/en_KN.res" 1294
"../../../Engine/Content/Internationalization/icudt64l/lang/en_KY.res" 1295
"../../../Engine/Content/Internationalization/icudt64l/region/en_KY.res" 1296
"../../../Engine/Content/Internationalization/icudt64l/lang/en_LC.res" 1297
"../../../Engine/Content/Internationalization/icudt64l/region/en_LC.res" 1298
"../../../Engine/Content/Internationalization/icudt64l/lang/en_LR.res" 1299
"../../../Engine/Content/Internationalization/icudt64l/region/en_LR.res" 1300
"../../../Engine/Content/Internationalization/icudt64l/lang/en_LS.res" 1301
"../../../Engine/Content/Internationalization/icudt64l/region/en_LS.res" 1302
"../../../Engine/Content/Internationalization/icudt64l/lang/en_MG.res" 1303
"../../../Engine/Content/Internationalization/icudt64l/region/en_MG.res" 1304
"../../../Engine/Content/Internationalization/icudt64l/lang/en_MO.res" 1305
"../../../Engine/Content/Internationalization/icudt64l/region/en_MO.res" 1306
"../../../Engine/Content/Internationalization/icudt64l/lang/en_MS.res" 1307
"../../../Engine/Content/Internationalization/icudt64l/region/en_MS.res" 1308
"../../../Engine/Content/Internationalization/icudt64l/lang/en_MT.res" 1309
"../../../Engine/Content/Internationalization/icudt64l/region/en_MT.res" 1310
"../../../Engine/Content/Internationalization/icudt64l/lang/en_MU.res" 1311
"../../../Engine/Content/Internationalization/icudt64l/region/en_MU.res" 1312
"../../../Engine/Content/Internationalization/icudt64l/lang/en_MW.res" 1313
"../../../Engine/Content/Internationalization/icudt64l/region/en_MW.res" 1314
"../../../Engine/Content/Internationalization/icudt64l/lang/en_MY.res" 1315
"../../../Engine/Content/Internationalization/icudt64l/region/en_MY.res" 1316
"../../../Engine/Content/Internationalization/icudt64l/lang/en_NA.res" 1317
"../../../Engine/Content/Internationalization/icudt64l/region/en_NA.res" 1318
"../../../Engine/Content/Internationalization/icudt64l/lang/en_NF.res" 1319
"../../../Engine/Content/Internationalization/icudt64l/region/en_NF.res" 1320
"../../../Engine/Content/Internationalization/icudt64l/lang/en_NG.res" 1321
"../../../Engine/Content/Internationalization/icudt64l/region/en_NG.res" 1322
"../../../Engine/Content/Internationalization/icudt64l/lang/en_NL.res" 1323
"../../../Engine/Content/Internationalization/icudt64l/region/en_NL.res" 1324
"../../../Engine/Content/Internationalization/icudt64l/lang/en_NR.res" 1325
"../../../Engine/Content/Internationalization/icudt64l/region/en_NR.res" 1326
"../../../Engine/Content/Internationalization/icudt64l/lang/en_NU.res" 1327
"../../../Engine/Content/Internationalization/icudt64l/region/en_NU.res" 1328
"../../../Engine/Content/Internationalization/icudt64l/lang/en_NZ.res" 1329
"../../../Engine/Content/Internationalization/icudt64l/region/en_NZ.res" 1330
"../../../Engine/Content/Internationalization/icudt64l/lang/en_PG.res" 1331
"../../../Engine/Content/Internationalization/icudt64l/region/en_PG.res" 1332
"../../../Engine/Content/Internationalization/icudt64l/lang/en_PH.res" 1333
"../../../Engine/Content/Internationalization/icudt64l/region/en_PH.res" 1334
"../../../Engine/Content/Internationalization/icudt64l/lang/en_PK.res" 1335
"../../../Engine/Content/Internationalization/icudt64l/region/en_PK.res" 1336
"../../../Engine/Content/Internationalization/icudt64l/lang/en_PN.res" 1337
"../../../Engine/Content/Internationalization/icudt64l/region/en_PN.res" 1338
"../../../Engine/Content/Internationalization/icudt64l/lang/en_PW.res" 1339
"../../../Engine/Content/Internationalization/icudt64l/region/en_PW.res" 1340
"../../../Engine/Content/Internationalization/icudt64l/lang/en_RW.res" 1341
"../../../Engine/Content/Internationalization/icudt64l/region/en_RW.res" 1342
"../../../Engine/Content/Internationalization/icudt64l/lang/en_SB.res" 1343
"../../../Engine/Content/Internationalization/icudt64l/region/en_SB.res" 1344
"../../../Engine/Content/Internationalization/icudt64l/lang/en_SC.res" 1345
"../../../Engine/Content/Internationalization/icudt64l/region/en_SC.res" 1346
"../../../Engine/Content/Internationalization/icudt64l/lang/en_SD.res" 1347
"../../../Engine/Content/Internationalization/icudt64l/region/en_SD.res" 1348
"../../../Engine/Content/Internationalization/icudt64l/lang/en_SE.res" 1349
"../../../Engine/Content/Internationalization/icudt64l/region/en_SE.res" 1350
"../../../Engine/Content/Internationalization/icudt64l/lang/en_SG.res" 1351
"../../../Engine/Content/Internationalization/icudt64l/region/en_SG.res" 1352
"../../../Engine/Content/Internationalization/icudt64l/lang/en_SH.res" 1353
"../../../Engine/Content/Internationalization/icudt64l/region/en_SH.res" 1354
"../../../Engine/Content/Internationalization/icudt64l/lang/en_SI.res" 1355
"../../../Engine/Content/Internationalization/icudt64l/region/en_SI.res" 1356
"../../../Engine/Content/Internationalization/icudt64l/lang/en_SL.res" 1357
"../../../Engine/Content/Internationalization/icudt64l/region/en_SL.res" 1358
"../../../Engine/Content/Internationalization/icudt64l/lang/en_SS.res" 1359
"../../../Engine/Content/Internationalization/icudt64l/region/en_SS.res" 1360
"../../../Engine/Content/Internationalization/icudt64l/lang/en_SX.res" 1361
"../../../Engine/Content/Internationalization/icudt64l/region/en_SX.res" 1362
"../../../Engine/Content/Internationalization/icudt64l/lang/en_SZ.res" 1363
"../../../Engine/Content/Internationalization/icudt64l/region/en_SZ.res" 1364
"../../../Engine/Content/Internationalization/icudt64l/lang/en_TC.res" 1365
"../../../Engine/Content/Internationalization/icudt64l/region/en_TC.res" 1366
"../../../Engine/Content/Internationalization/icudt64l/lang/en_TK.res" 1367
"../../../Engine/Content/Internationalization/icudt64l/region/en_TK.res" 1368
"../../../Engine/Content/Internationalization/icudt64l/lang/en_TO.res" 1369
"../../../Engine/Content/Internationalization/icudt64l/region/en_TO.res" 1370
"../../../Engine/Content/Internationalization/icudt64l/lang/en_TT.res" 1371
"../../../Engine/Content/Internationalization/icudt64l/region/en_TT.res" 1372
"../../../Engine/Content/Internationalization/icudt64l/lang/en_TV.res" 1373
"../../../Engine/Content/Internationalization/icudt64l/region/en_TV.res" 1374
"../../../Engine/Content/Internationalization/icudt64l/lang/en_TZ.res" 1375
"../../../Engine/Content/Internationalization/icudt64l/region/en_TZ.res" 1376
"../../../Engine/Content/Internationalization/icudt64l/lang/en_UG.res" 1377
"../../../Engine/Content/Internationalization/icudt64l/region/en_UG.res" 1378
"../../../Engine/Content/Internationalization/icudt64l/lang/en_VC.res" 1379
"../../../Engine/Content/Internationalization/icudt64l/region/en_VC.res" 1380
"../../../Engine/Content/Internationalization/icudt64l/lang/en_VG.res" 1381
"../../../Engine/Content/Internationalization/icudt64l/region/en_VG.res" 1382
"../../../Engine/Content/Internationalization/icudt64l/lang/en_VU.res" 1383
"../../../Engine/Content/Internationalization/icudt64l/region/en_VU.res" 1384
"../../../Engine/Content/Internationalization/icudt64l/lang/en_WS.res" 1385
"../../../Engine/Content/Internationalization/icudt64l/region/en_WS.res" 1386
"../../../Engine/Content/Internationalization/icudt64l/lang/en_ZA.res" 1387
"../../../Engine/Content/Internationalization/icudt64l/region/en_ZA.res" 1388
"../../../Engine/Content/Internationalization/icudt64l/lang/en_ZM.res" 1389
"../../../Engine/Content/Internationalization/icudt64l/region/en_ZM.res" 1390
"../../../Engine/Content/Internationalization/icudt64l/lang/en_ZW.res" 1391
"../../../Engine/Content/Internationalization/icudt64l/region/en_ZW.res" 1392
"../../../Engine/Content/Internationalization/icudt64l/lang/eo.res" 1393
"../../../Engine/Content/Internationalization/icudt64l/region/eo.res" 1394
"../../../Engine/Content/Internationalization/icudt64l/lang/es.res" 1395
"../../../Engine/Content/Internationalization/icudt64l/lang/es_419.res" 1396
"../../../Engine/Content/Internationalization/icudt64l/region/es_419.res" 1397
"../../../Engine/Content/Internationalization/icudt64l/region/es.res" 1398
"../../../Engine/Content/Internationalization/icudt64l/lang/es_AR.res" 1399
"../../../Engine/Content/Internationalization/icudt64l/region/es_AR.res" 1400
"../../../Engine/Content/Internationalization/icudt64l/lang/es_BO.res" 1401
"../../../Engine/Content/Internationalization/icudt64l/region/es_BO.res" 1402
"../../../Engine/Content/Internationalization/icudt64l/lang/es_BR.res" 1403
"../../../Engine/Content/Internationalization/icudt64l/region/es_BR.res" 1404
"../../../Engine/Content/Internationalization/icudt64l/lang/es_BZ.res" 1405
"../../../Engine/Content/Internationalization/icudt64l/region/es_BZ.res" 1406
"../../../Engine/Content/Internationalization/icudt64l/lang/es_CL.res" 1407
"../../../Engine/Content/Internationalization/icudt64l/region/es_CL.res" 1408
"../../../Engine/Content/Internationalization/icudt64l/lang/es_CO.res" 1409
"../../../Engine/Content/Internationalization/icudt64l/region/es_CO.res" 1410
"../../../Engine/Content/Internationalization/icudt64l/lang/es_CR.res" 1411
"../../../Engine/Content/Internationalization/icudt64l/region/es_CR.res" 1412
"../../../Engine/Content/Internationalization/icudt64l/lang/es_CU.res" 1413
"../../../Engine/Content/Internationalization/icudt64l/region/es_CU.res" 1414
"../../../Engine/Content/Internationalization/icudt64l/lang/es_DO.res" 1415
"../../../Engine/Content/Internationalization/icudt64l/region/es_DO.res" 1416
"../../../Engine/Content/Internationalization/icudt64l/lang/es_EC.res" 1417
"../../../Engine/Content/Internationalization/icudt64l/region/es_EC.res" 1418
"../../../Engine/Content/Internationalization/icudt64l/lang/es_GT.res" 1419
"../../../Engine/Content/Internationalization/icudt64l/region/es_GT.res" 1420
"../../../Engine/Content/Internationalization/icudt64l/lang/es_HN.res" 1421
"../../../Engine/Content/Internationalization/icudt64l/region/es_HN.res" 1422
"../../../Engine/Content/Internationalization/icudt64l/lang/es_MX.res" 1423
"../../../Engine/Content/Internationalization/icudt64l/region/es_MX.res" 1424
"../../../Engine/Content/Internationalization/icudt64l/lang/es_NI.res" 1425
"../../../Engine/Content/Internationalization/icudt64l/region/es_NI.res" 1426
"../../../Engine/Content/Internationalization/icudt64l/lang/es_PA.res" 1427
"../../../Engine/Content/Internationalization/icudt64l/region/es_PA.res" 1428
"../../../Engine/Content/Internationalization/icudt64l/lang/es_PE.res" 1429
"../../../Engine/Content/Internationalization/icudt64l/region/es_PE.res" 1430
"../../../Engine/Content/Internationalization/icudt64l/lang/es_PR.res" 1431
"../../../Engine/Content/Internationalization/icudt64l/region/es_PR.res" 1432
"../../../Engine/Content/Internationalization/icudt64l/lang/es_PY.res" 1433
"../../../Engine/Content/Internationalization/icudt64l/region/es_PY.res" 1434
"../../../Engine/Content/Internationalization/icudt64l/lang/es_SV.res" 1435
"../../../Engine/Content/Internationalization/icudt64l/region/es_SV.res" 1436
"../../../Engine/Content/Internationalization/icudt64l/lang/es_US.res" 1437
"../../../Engine/Content/Internationalization/icudt64l/region/es_US.res" 1438
"../../../Engine/Content/Internationalization/icudt64l/lang/es_UY.res" 1439
"../../../Engine/Content/Internationalization/icudt64l/region/es_UY.res" 1440
"../../../Engine/Content/Internationalization/icudt64l/lang/es_VE.res" 1441
"../../../Engine/Content/Internationalization/icudt64l/region/es_VE.res" 1442
"../../../Engine/Content/Internationalization/icudt64l/lang/et.res" 1443
"../../../Engine/Content/Internationalization/icudt64l/region/et.res" 1444
"../../../Engine/Content/Internationalization/icudt64l/lang/eu.res" 1445
"../../../Engine/Content/Internationalization/icudt64l/region/eu.res" 1446
"../../../Engine/Content/Internationalization/icudt64l/lang/ewo.res" 1447
"../../../Engine/Content/Internationalization/icudt64l/region/ewo.res" 1448
"../../../Engine/Content/Internationalization/icudt64l/lang/fa.res" 1449
"../../../Engine/Content/Internationalization/icudt64l/lang/fa_AF.res" 1450
"../../../Engine/Content/Internationalization/icudt64l/region/fa_AF.res" 1451
"../../../Engine/Content/Internationalization/icudt64l/region/fa.res" 1452
"../../../Engine/Content/Internationalization/icudt64l/lang/ff.res" 1453
"../../../Engine/Content/Internationalization/icudt64l/lang/ff_Latn.res" 1454
"../../../Engine/Content/Internationalization/icudt64l/region/ff.res" 1455
"../../../Engine/Content/Internationalization/icudt64l/region/ff_Latn.res" 1456
"../../../Engine/Content/Internationalization/icudt64l/lang/ff_CM.res" 1457
"../../../Engine/Content/Internationalization/icudt64l/lang/ff_Latn_CM.res" 1458
"../../../Engine/Content/Internationalization/icudt64l/region/ff_CM.res" 1459
"../../../Engine/Content/Internationalization/icudt64l/region/ff_Latn_CM.res" 1460
"../../../Engine/Content/Internationalization/icudt64l/lang/ff_GN.res" 1461
"../../../Engine/Content/Internationalization/icudt64l/lang/ff_Latn_GN.res" 1462
"../../../Engine/Content/Internationalization/icudt64l/region/ff_GN.res" 1463
"../../../Engine/Content/Internationalization/icudt64l/region/ff_Latn_GN.res" 1464
"../../../Engine/Content/Internationalization/icudt64l/lang/ff_MR.res" 1465
"../../../Engine/Content/Internationalization/icudt64l/lang/ff_Latn_MR.res" 1466
"../../../Engine/Content/Internationalization/icudt64l/region/ff_MR.res" 1467
"../../../Engine/Content/Internationalization/icudt64l/region/ff_Latn_MR.res" 1468
"../../../Engine/Content/Internationalization/icudt64l/lang/ff_SN.res" 1469
"../../../Engine/Content/Internationalization/icudt64l/lang/ff_Latn_SN.res" 1470
"../../../Engine/Content/Internationalization/icudt64l/region/ff_SN.res" 1471
"../../../Engine/Content/Internationalization/icudt64l/region/ff_Latn_SN.res" 1472
"../../../Engine/Content/Internationalization/icudt64l/lang/fi.res" 1473
"../../../Engine/Content/Internationalization/icudt64l/region/fi.res" 1474
"../../../Engine/Content/Internationalization/icudt64l/lang/fil.res" 1475
"../../../Engine/Content/Internationalization/icudt64l/lang/fil_PH.res" 1476
"../../../Engine/Content/Internationalization/icudt64l/region/fil_PH.res" 1477
"../../../Engine/Content/Internationalization/icudt64l/region/fil.res" 1478
"../../../Engine/Content/Internationalization/icudt64l/lang/fo.res" 1479
"../../../Engine/Content/Internationalization/icudt64l/region/fo.res" 1480
"../../../Engine/Content/Internationalization/icudt64l/lang/fr.res" 1481
"../../../Engine/Content/Internationalization/icudt64l/lang/fr_BE.res" 1482
"../../../Engine/Content/Internationalization/icudt64l/region/fr_BE.res" 1483
"../../../Engine/Content/Internationalization/icudt64l/region/fr.res" 1484
"../../../Engine/Content/Internationalization/icudt64l/lang/fr_CA.res" 1485
"../../../Engine/Content/Internationalization/icudt64l/region/fr_CA.res" 1486
"../../../Engine/Content/Internationalization/icudt64l/lang/fr_CH.res" 1487
"../../../Engine/Content/Internationalization/icudt64l/lang/fur.res" 1488
"../../../Engine/Content/Internationalization/icudt64l/region/fur.res" 1489
"../../../Engine/Content/Internationalization/icudt64l/lang/fy.res" 1490
"../../../Engine/Content/Internationalization/icudt64l/region/fy.res" 1491
"../../../Engine/Content/Internationalization/icudt64l/lang/ga.res" 1492
"../../../Engine/Content/Internationalization/icudt64l/region/ga.res" 1493
"../../../Engine/Content/Internationalization/icudt64l/lang/gd.res" 1494
"../../../Engine/Content/Internationalization/icudt64l/region/gd.res" 1495
"../../../Engine/Content/Internationalization/icudt64l/lang/gl.res" 1496
"../../../Engine/Content/Internationalization/icudt64l/region/gl.res" 1497
"../../../Engine/Content/Internationalization/icudt64l/lang/gsw.res" 1498
"../../../Engine/Content/Internationalization/icudt64l/region/gsw.res" 1499
"../../../Engine/Content/Internationalization/icudt64l/lang/gu.res" 1500
"../../../Engine/Content/Internationalization/icudt64l/region/gu.res" 1501
"../../../Engine/Content/Internationalization/icudt64l/lang/guz.res" 1502
"../../../Engine/Content/Internationalization/icudt64l/region/guz.res" 1503
"../../../Engine/Content/Internationalization/icudt64l/lang/gv.res" 1504
"../../../Engine/Content/Internationalization/icudt64l/region/gv.res" 1505
"../../../Engine/Content/Internationalization/icudt64l/lang/ha.res" 1506
"../../../Engine/Content/Internationalization/icudt64l/region/ha.res" 1507
"../../../Engine/Content/Internationalization/icudt64l/lang/ha_NE.res" 1508
"../../../Engine/Content/Internationalization/icudt64l/region/ha_NE.res" 1509
"../../../Engine/Content/Internationalization/icudt64l/lang/haw.res" 1510
"../../../Engine/Content/Internationalization/icudt64l/region/haw.res" 1511
"../../../Engine/Content/Internationalization/icudt64l/lang/he.res" 1512
"../../../Engine/Content/Internationalization/icudt64l/lang/he_IL.res" 1513
"../../../Engine/Content/Internationalization/icudt64l/region/he_IL.res" 1514
"../../../Engine/Content/Internationalization/icudt64l/region/he.res" 1515
"../../../Engine/Content/Internationalization/icudt64l/lang/hi.res" 1516
"../../../Engine/Content/Internationalization/icudt64l/region/hi.res" 1517
"../../../Engine/Content/Internationalization/icudt64l/lang/hr.res" 1518
"../../../Engine/Content/Internationalization/icudt64l/region/hr.res" 1519
"../../../Engine/Content/Internationalization/icudt64l/lang/hsb.res" 1520
"../../../Engine/Content/Internationalization/icudt64l/region/hsb.res" 1521
"../../../Engine/Content/Internationalization/icudt64l/lang/hu.res" 1522
"../../../Engine/Content/Internationalization/icudt64l/region/hu.res" 1523
"../../../Engine/Content/Internationalization/icudt64l/lang/hy.res" 1524
"../../../Engine/Content/Internationalization/icudt64l/region/hy.res" 1525
"../../../Engine/Content/Internationalization/icudt64l/lang/ia.res" 1526
"../../../Engine/Content/Internationalization/icudt64l/region/ia.res" 1527
"../../../Engine/Content/Internationalization/icudt64l/lang/id.res" 1528
"../../../Engine/Content/Internationalization/icudt64l/lang/id_ID.res" 1529
"../../../Engine/Content/Internationalization/icudt64l/region/id_ID.res" 1530
"../../../Engine/Content/Internationalization/icudt64l/region/id.res" 1531
"../../../Engine/Content/Internationalization/icudt64l/lang/ig.res" 1532
"../../../Engine/Content/Internationalization/icudt64l/region/ig.res" 1533
"../../../Engine/Content/Internationalization/icudt64l/lang/ii.res" 1534
"../../../Engine/Content/Internationalization/icudt64l/region/ii.res" 1535
"../../../Engine/Content/Internationalization/icudt64l/lang/is.res" 1536
"../../../Engine/Content/Internationalization/icudt64l/region/is.res" 1537
"../../../Engine/Content/Internationalization/icudt64l/lang/it.res" 1538
"../../../Engine/Content/Internationalization/icudt64l/region/it.res" 1539
"../../../Engine/Content/Internationalization/icudt64l/lang/ja.res" 1540
"../../../Engine/Content/Internationalization/icudt64l/lang/ja_JP.res" 1541
"../../../Engine/Content/Internationalization/icudt64l/region/ja_JP.res" 1542
"../../../Engine/Content/Internationalization/icudt64l/region/ja.res" 1543
"../../../Engine/Content/Internationalization/icudt64l/lang/jgo.res" 1544
"../../../Engine/Content/Internationalization/icudt64l/region/jgo.res" 1545
"../../../Engine/Content/Internationalization/icudt64l/lang/jmc.res" 1546
"../../../Engine/Content/Internationalization/icudt64l/region/jmc.res" 1547
"../../../Engine/Content/Internationalization/icudt64l/lang/jv.res" 1548
"../../../Engine/Content/Internationalization/icudt64l/region/jv.res" 1549
"../../../Engine/Content/Internationalization/icudt64l/lang/ka.res" 1550
"../../../Engine/Content/Internationalization/icudt64l/region/ka.res" 1551
"../../../Engine/Content/Internationalization/icudt64l/lang/kab.res" 1552
"../../../Engine/Content/Internationalization/icudt64l/region/kab.res" 1553
"../../../Engine/Content/Internationalization/icudt64l/lang/kam.res" 1554
"../../../Engine/Content/Internationalization/icudt64l/region/kam.res" 1555
"../../../Engine/Content/Internationalization/icudt64l/lang/kde.res" 1556
"../../../Engine/Content/Internationalization/icudt64l/region/kde.res" 1557
"../../../Engine/Content/Internationalization/icudt64l/lang/kea.res" 1558
"../../../Engine/Content/Internationalization/icudt64l/region/kea.res" 1559
"../../../Engine/Content/Internationalization/icudt64l/lang/khq.res" 1560
"../../../Engine/Content/Internationalization/icudt64l/region/khq.res" 1561
"../../../Engine/Content/Internationalization/icudt64l/lang/ki.res" 1562
"../../../Engine/Content/Internationalization/icudt64l/region/ki.res" 1563
"../../../Engine/Content/Internationalization/icudt64l/lang/kk.res" 1564
"../../../Engine/Content/Internationalization/icudt64l/region/kk.res" 1565
"../../../Engine/Content/Internationalization/icudt64l/lang/kkj.res" 1566
"../../../Engine/Content/Internationalization/icudt64l/region/kkj.res" 1567
"../../../Engine/Content/Internationalization/icudt64l/lang/kl.res" 1568
"../../../Engine/Content/Internationalization/icudt64l/region/kl.res" 1569
"../../../Engine/Content/Internationalization/icudt64l/lang/kln.res" 1570
"../../../Engine/Content/Internationalization/icudt64l/region/kln.res" 1571
"../../../Engine/Content/Internationalization/icudt64l/lang/km.res" 1572
"../../../Engine/Content/Internationalization/icudt64l/region/km.res" 1573
"../../../Engine/Content/Internationalization/icudt64l/lang/kn.res" 1574
"../../../Engine/Content/Internationalization/icudt64l/region/kn.res" 1575
"../../../Engine/Content/Internationalization/icudt64l/lang/ko.res" 1576
"../../../Engine/Content/Internationalization/icudt64l/region/ko_KP.res" 1577
"../../../Engine/Content/Internationalization/icudt64l/region/ko.res" 1578
"../../../Engine/Content/Internationalization/icudt64l/lang/kok.res" 1579
"../../../Engine/Content/Internationalization/icudt64l/region/kok.res" 1580
"../../../Engine/Content/Internationalization/icudt64l/lang/ks.res" 1581
"../../../Engine/Content/Internationalization/icudt64l/region/ks.res" 1582
"../../../Engine/Content/Internationalization/icudt64l/lang/ksb.res" 1583
"../../../Engine/Content/Internationalization/icudt64l/region/ksb.res" 1584
"../../../Engine/Content/Internationalization/icudt64l/lang/ksf.res" 1585
"../../../Engine/Content/Internationalization/icudt64l/region/ksf.res" 1586
"../../../Engine/Content/Internationalization/icudt64l/lang/ksh.res" 1587
"../../../Engine/Content/Internationalization/icudt64l/region/ksh.res" 1588
"../../../Engine/Content/Internationalization/icudt64l/lang/ku.res" 1589
"../../../Engine/Content/Internationalization/icudt64l/region/ku.res" 1590
"../../../Engine/Content/Internationalization/icudt64l/lang/kw.res" 1591
"../../../Engine/Content/Internationalization/icudt64l/region/kw.res" 1592
"../../../Engine/Content/Internationalization/icudt64l/lang/ky.res" 1593
"../../../Engine/Content/Internationalization/icudt64l/region/ky.res" 1594
"../../../Engine/Content/Internationalization/icudt64l/lang/lag.res" 1595
"../../../Engine/Content/Internationalization/icudt64l/region/lag.res" 1596
"../../../Engine/Content/Internationalization/icudt64l/lang/lb.res" 1597
"../../../Engine/Content/Internationalization/icudt64l/region/lb.res" 1598
"../../../Engine/Content/Internationalization/icudt64l/lang/lg.res" 1599
"../../../Engine/Content/Internationalization/icudt64l/region/lg.res" 1600
"../../../Engine/Content/Internationalization/icudt64l/lang/lkt.res" 1601
"../../../Engine/Content/Internationalization/icudt64l/region/lkt.res" 1602
"../../../Engine/Content/Internationalization/icudt64l/lang/ln.res" 1603
"../../../Engine/Content/Internationalization/icudt64l/region/ln.res" 1604
"../../../Engine/Content/Internationalization/icudt64l/lang/lo.res" 1605
"../../../Engine/Content/Internationalization/icudt64l/region/lo.res" 1606
"../../../Engine/Content/Internationalization/icudt64l/lang/lrc.res" 1607
"../../../Engine/Content/Internationalization/icudt64l/region/lrc.res" 1608
"../../../Engine/Content/Internationalization/icudt64l/lang/lt.res" 1609
"../../../Engine/Content/Internationalization/icudt64l/region/lt.res" 1610
"../../../Engine/Content/Internationalization/icudt64l/lang/lu.res" 1611
"../../../Engine/Content/Internationalization/icudt64l/region/lu.res" 1612
"../../../Engine/Content/Internationalization/icudt64l/lang/luo.res" 1613
"../../../Engine/Content/Internationalization/icudt64l/region/luo.res" 1614
"../../../Engine/Content/Internationalization/icudt64l/lang/luy.res" 1615
"../../../Engine/Content/Internationalization/icudt64l/region/luy.res" 1616
"../../../Engine/Content/Internationalization/icudt64l/lang/lv.res" 1617
"../../../Engine/Content/Internationalization/icudt64l/region/lv.res" 1618
"../../../Engine/Content/Internationalization/icudt64l/lang/mas.res" 1619
"../../../Engine/Content/Internationalization/icudt64l/region/mas.res" 1620
"../../../Engine/Content/Internationalization/icudt64l/lang/mer.res" 1621
"../../../Engine/Content/Internationalization/icudt64l/region/mer.res" 1622
"../../../Engine/Content/Internationalization/icudt64l/lang/mfe.res" 1623
"../../../Engine/Content/Internationalization/icudt64l/region/mfe.res" 1624
"../../../Engine/Content/Internationalization/icudt64l/lang/mg.res" 1625
"../../../Engine/Content/Internationalization/icudt64l/region/mg.res" 1626
"../../../Engine/Content/Internationalization/icudt64l/lang/mgh.res" 1627
"../../../Engine/Content/Internationalization/icudt64l/region/mgh.res" 1628
"../../../Engine/Content/Internationalization/icudt64l/lang/mgo.res" 1629
"../../../Engine/Content/Internationalization/icudt64l/region/mgo.res" 1630
"../../../Engine/Content/Internationalization/icudt64l/lang/mi.res" 1631
"../../../Engine/Content/Internationalization/icudt64l/region/mi.res" 1632
"../../../Engine/Content/Internationalization/icudt64l/lang/mk.res" 1633
"../../../Engine/Content/Internationalization/icudt64l/region/mk.res" 1634
"../../../Engine/Content/Internationalization/icudt64l/lang/ml.res" 1635
"../../../Engine/Content/Internationalization/icudt64l/region/ml.res" 1636
"../../../Engine/Content/Internationalization/icudt64l/lang/mn.res" 1637
"../../../Engine/Content/Internationalization/icudt64l/region/mn.res" 1638
"../../../Engine/Content/Internationalization/icudt64l/lang/mr.res" 1639
"../../../Engine/Content/Internationalization/icudt64l/region/mr.res" 1640
"../../../Engine/Content/Internationalization/icudt64l/lang/ms.res" 1641
"../../../Engine/Content/Internationalization/icudt64l/region/ms.res" 1642
"../../../Engine/Content/Internationalization/icudt64l/lang/mt.res" 1643
"../../../Engine/Content/Internationalization/icudt64l/region/mt.res" 1644
"../../../Engine/Content/Internationalization/icudt64l/lang/mua.res" 1645
"../../../Engine/Content/Internationalization/icudt64l/region/mua.res" 1646
"../../../Engine/Content/Internationalization/icudt64l/lang/my.res" 1647
"../../../Engine/Content/Internationalization/icudt64l/region/my.res" 1648
"../../../Engine/Content/Internationalization/icudt64l/lang/mzn.res" 1649
"../../../Engine/Content/Internationalization/icudt64l/region/mzn.res" 1650
"../../../Engine/Content/Internationalization/icudt64l/lang/naq.res" 1651
"../../../Engine/Content/Internationalization/icudt64l/region/naq.res" 1652
"../../../Engine/Content/Internationalization/icudt64l/lang/nb.res" 1653
"../../../Engine/Content/Internationalization/icudt64l/lang/nb_NO.res" 1654
"../../../Engine/Content/Internationalization/icudt64l/region/nb_NO.res" 1655
"../../../Engine/Content/Internationalization/icudt64l/region/nb.res" 1656
"../../../Engine/Content/Internationalization/icudt64l/lang/nd.res" 1657
"../../../Engine/Content/Internationalization/icudt64l/region/nd.res" 1658
"../../../Engine/Content/Internationalization/icudt64l/lang/nds.res" 1659
"../../../Engine/Content/Internationalization/icudt64l/region/nds.res" 1660
"../../../Engine/Content/Internationalization/icudt64l/lang/ne.res" 1661
"../../../Engine/Content/Internationalization/icudt64l/region/ne.res" 1662
"../../../Engine/Content/Internationalization/icudt64l/lang/nl.res" 1663
"../../../Engine/Content/Internationalization/icudt64l/region/nl.res" 1664
"../../../Engine/Content/Internationalization/icudt64l/lang/nmg.res" 1665
"../../../Engine/Content/Internationalization/icudt64l/region/nmg.res" 1666
"../../../Engine/Content/Internationalization/icudt64l/lang/nn.res" 1667
"../../../Engine/Content/Internationalization/icudt64l/lang/nn_NO.res" 1668
"../../../Engine/Content/Internationalization/icudt64l/region/nn_NO.res" 1669
"../../../Engine/Content/Internationalization/icudt64l/region/nn.res" 1670
"../../../Engine/Content/Internationalization/icudt64l/lang/nnh.res" 1671
"../../../Engine/Content/Internationalization/icudt64l/region/nnh.res" 1672
"../../../Engine/Content/Internationalization/icudt64l/lang/nus.res" 1673
"../../../Engine/Content/Internationalization/icudt64l/region/nus.res" 1674
"../../../Engine/Content/Internationalization/icudt64l/lang/nyn.res" 1675
"../../../Engine/Content/Internationalization/icudt64l/region/nyn.res" 1676
"../../../Engine/Content/Internationalization/icudt64l/lang/om.res" 1677
"../../../Engine/Content/Internationalization/icudt64l/region/om.res" 1678
"../../../Engine/Content/Internationalization/icudt64l/lang/or.res" 1679
"../../../Engine/Content/Internationalization/icudt64l/region/or.res" 1680
"../../../Engine/Content/Internationalization/icudt64l/lang/os.res" 1681
"../../../Engine/Content/Internationalization/icudt64l/region/os.res" 1682
"../../../Engine/Content/Internationalization/icudt64l/lang/pa.res" 1683
"../../../Engine/Content/Internationalization/icudt64l/lang/pa_Arab.res" 1684
"../../../Engine/Content/Internationalization/icudt64l/lang/pa_PK.res" 1685
"../../../Engine/Content/Internationalization/icudt64l/lang/pa_Arab_PK.res" 1686
"../../../Engine/Content/Internationalization/icudt64l/region/pa_PK.res" 1687
"../../../Engine/Content/Internationalization/icudt64l/region/pa_Arab_PK.res" 1688
"../../../Engine/Content/Internationalization/icudt64l/region/pa_Arab.res" 1689
"../../../Engine/Content/Internationalization/icudt64l/lang/pa_Guru.res" 1690
"../../../Engine/Content/Internationalization/icudt64l/lang/pa_IN.res" 1691
"../../../Engine/Content/Internationalization/icudt64l/lang/pa_Guru_IN.res" 1692
"../../../Engine/Content/Internationalization/icudt64l/region/pa_IN.res" 1693
"../../../Engine/Content/Internationalization/icudt64l/region/pa_Guru_IN.res" 1694
"../../../Engine/Content/Internationalization/icudt64l/region/pa_Guru.res" 1695
"../../../Engine/Content/Internationalization/icudt64l/region/pa.res" 1696
"../../../Engine/Content/Internationalization/icudt64l/lang/pl.res" 1697
"../../../Engine/Content/Internationalization/icudt64l/region/pl.res" 1698
"../../../Engine/Content/Internationalization/icudt64l/lang/ps.res" 1699
"../../../Engine/Content/Internationalization/icudt64l/region/ps.res" 1700
"../../../Engine/Content/Internationalization/icudt64l/lang/ps_PK.res" 1701
"../../../Engine/Content/Internationalization/icudt64l/region/ps_PK.res" 1702
"../../../Engine/Content/Internationalization/icudt64l/lang/pt.res" 1703
"../../../Engine/Content/Internationalization/icudt64l/lang/pt_AO.res" 1704
"../../../Engine/Content/Internationalization/icudt64l/lang/pt_PT.res" 1705
"../../../Engine/Content/Internationalization/icudt64l/region/pt_AO.res" 1706
"../../../Engine/Content/Internationalization/icudt64l/region/pt_PT.res" 1707
"../../../Engine/Content/Internationalization/icudt64l/region/pt.res" 1708
"../../../Engine/Content/Internationalization/icudt64l/lang/pt_CH.res" 1709
"../../../Engine/Content/Internationalization/icudt64l/region/pt_CH.res" 1710
"../../../Engine/Content/Internationalization/icudt64l/lang/pt_CV.res" 1711
"../../../Engine/Content/Internationalization/icudt64l/region/pt_CV.res" 1712
"../../../Engine/Content/Internationalization/icudt64l/lang/pt_GQ.res" 1713
"../../../Engine/Content/Internationalization/icudt64l/region/pt_GQ.res" 1714
"../../../Engine/Content/Internationalization/icudt64l/lang/pt_GW.res" 1715
"../../../Engine/Content/Internationalization/icudt64l/region/pt_GW.res" 1716
"../../../Engine/Content/Internationalization/icudt64l/lang/pt_LU.res" 1717
"../../../Engine/Content/Internationalization/icudt64l/region/pt_LU.res" 1718
"../../../Engine/Content/Internationalization/icudt64l/lang/pt_MO.res" 1719
"../../../Engine/Content/Internationalization/icudt64l/region/pt_MO.res" 1720
"../../../Engine/Content/Internationalization/icudt64l/lang/pt_MZ.res" 1721
"../../../Engine/Content/Internationalization/icudt64l/region/pt_MZ.res" 1722
"../../../Engine/Content/Internationalization/icudt64l/lang/pt_ST.res" 1723
"../../../Engine/Content/Internationalization/icudt64l/region/pt_ST.res" 1724
"../../../Engine/Content/Internationalization/icudt64l/lang/pt_TL.res" 1725
"../../../Engine/Content/Internationalization/icudt64l/region/pt_TL.res" 1726
"../../../Engine/Content/Internationalization/icudt64l/lang/qu.res" 1727
"../../../Engine/Content/Internationalization/icudt64l/region/qu.res" 1728
"../../../Engine/Content/Internationalization/icudt64l/lang/rm.res" 1729
"../../../Engine/Content/Internationalization/icudt64l/region/rm.res" 1730
"../../../Engine/Content/Internationalization/icudt64l/lang/rn.res" 1731
"../../../Engine/Content/Internationalization/icudt64l/region/rn.res" 1732
"../../../Engine/Content/Internationalization/icudt64l/lang/ro.res" 1733
"../../../Engine/Content/Internationalization/icudt64l/lang/ro_MD.res" 1734
"../../../Engine/Content/Internationalization/icudt64l/region/ro_MD.res" 1735
"../../../Engine/Content/Internationalization/icudt64l/region/ro.res" 1736
"../../../Engine/Content/Internationalization/icudt64l/lang/rof.res" 1737
"../../../Engine/Content/Internationalization/icudt64l/region/rof.res" 1738
"../../../Engine/Content/Internationalization/icudt64l/lang/ru.res" 1739
"../../../Engine/Content/Internationalization/icudt64l/region/ru.res" 1740
"../../../Engine/Content/Internationalization/icudt64l/region/ru_UA.res" 1741
"../../../Engine/Content/Internationalization/icudt64l/lang/rw.res" 1742
"../../../Engine/Content/Internationalization/icudt64l/region/rw.res" 1743
"../../../Engine/Content/Internationalization/icudt64l/lang/rwk.res" 1744
"../../../Engine/Content/Internationalization/icudt64l/region/rwk.res" 1745
"../../../Engine/Content/Internationalization/icudt64l/lang/sah.res" 1746
"../../../Engine/Content/Internationalization/icudt64l/region/sah.res" 1747
"../../../Engine/Content/Internationalization/icudt64l/lang/saq.res" 1748
"../../../Engine/Content/Internationalization/icudt64l/region/saq.res" 1749
"../../../Engine/Content/Internationalization/icudt64l/lang/sbp.res" 1750
"../../../Engine/Content/Internationalization/icudt64l/region/sbp.res" 1751
"../../../Engine/Content/Internationalization/icudt64l/lang/sd.res" 1752
"../../../Engine/Content/Internationalization/icudt64l/region/sd.res" 1753
"../../../Engine/Content/Internationalization/icudt64l/lang/se.res" 1754
"../../../Engine/Content/Internationalization/icudt64l/lang/se_FI.res" 1755
"../../../Engine/Content/Internationalization/icudt64l/region/se_FI.res" 1756
"../../../Engine/Content/Internationalization/icudt64l/region/se.res" 1757
"../../../Engine/Content/Internationalization/icudt64l/lang/seh.res" 1758
"../../../Engine/Content/Internationalization/icudt64l/region/seh.res" 1759
"../../../Engine/Content/Internationalization/icudt64l/lang/ses.res" 1760
"../../../Engine/Content/Internationalization/icudt64l/region/ses.res" 1761
"../../../Engine/Content/Internationalization/icudt64l/lang/sg.res" 1762
"../../../Engine/Content/Internationalization/icudt64l/region/sg.res" 1763
"../../../Engine/Content/Internationalization/icudt64l/lang/shi.res" 1764
"../../../Engine/Content/Internationalization/icudt64l/lang/shi_Latn.res" 1765
"../../../Engine/Content/Internationalization/icudt64l/lang/shi_MA.res" 1766
"../../../Engine/Content/Internationalization/icudt64l/lang/shi_Tfng_MA.res" 1767
"../../../Engine/Content/Internationalization/icudt64l/lang/shi_Tfng.res" 1768
"../../../Engine/Content/Internationalization/icudt64l/region/shi_MA.res" 1769
"../../../Engine/Content/Internationalization/icudt64l/region/shi_Tfng_MA.res" 1770
"../../../Engine/Content/Internationalization/icudt64l/region/shi_Tfng.res" 1771
"../../../Engine/Content/Internationalization/icudt64l/region/shi.res" 1772
"../../../Engine/Content/Internationalization/icudt64l/region/shi_Latn.res" 1773
"../../../Engine/Content/Internationalization/icudt64l/lang/si.res" 1774
"../../../Engine/Content/Internationalization/icudt64l/region/si.res" 1775
"../../../Engine/Content/Internationalization/icudt64l/lang/sk.res" 1776
"../../../Engine/Content/Internationalization/icudt64l/region/sk.res" 1777
"../../../Engine/Content/Internationalization/icudt64l/lang/sl.res" 1778
"../../../Engine/Content/Internationalization/icudt64l/region/sl.res" 1779
"../../../Engine/Content/Internationalization/icudt64l/lang/smn.res" 1780
"../../../Engine/Content/Internationalization/icudt64l/region/smn.res" 1781
"../../../Engine/Content/Internationalization/icudt64l/lang/sn.res" 1782
"../../../Engine/Content/Internationalization/icudt64l/region/sn.res" 1783
"../../../Engine/Content/Internationalization/icudt64l/lang/so.res" 1784
"../../../Engine/Content/Internationalization/icudt64l/region/so.res" 1785
"../../../Engine/Content/Internationalization/icudt64l/lang/sq.res" 1786
"../../../Engine/Content/Internationalization/icudt64l/region/sq.res" 1787
"../../../Engine/Content/Internationalization/icudt64l/lang/sr.res" 1788
"../../../Engine/Content/Internationalization/icudt64l/lang/sr_Cyrl.res" 1789
"../../../Engine/Content/Internationalization/icudt64l/lang/sr_BA.res" 1790
"../../../Engine/Content/Internationalization/icudt64l/lang/sr_Cyrl_BA.res" 1791
"../../../Engine/Content/Internationalization/icudt64l/region/sr_BA.res" 1792
"../../../Engine/Content/Internationalization/icudt64l/region/sr_Cyrl_BA.res" 1793
"../../../Engine/Content/Internationalization/icudt64l/region/sr_Cyrl.res" 1794
"../../../Engine/Content/Internationalization/icudt64l/region/sr.res" 1795
"../../../Engine/Content/Internationalization/icudt64l/lang/sr_ME.res" 1796
"../../../Engine/Content/Internationalization/icudt64l/lang/sr_Latn_ME.res" 1797
"../../../Engine/Content/Internationalization/icudt64l/lang/sr_Latn.res" 1798
"../../../Engine/Content/Internationalization/icudt64l/region/sr_ME.res" 1799
"../../../Engine/Content/Internationalization/icudt64l/region/sr_Latn_ME.res" 1800
"../../../Engine/Content/Internationalization/icudt64l/region/sr_Latn.res" 1801
"../../../Engine/Content/Internationalization/icudt64l/lang/sr_Cyrl_ME.res" 1802
"../../../Engine/Content/Internationalization/icudt64l/region/sr_Cyrl_ME.res" 1803
"../../../Engine/Content/Internationalization/icudt64l/lang/sr_RS.res" 1804
"../../../Engine/Content/Internationalization/icudt64l/lang/sr_Cyrl_RS.res" 1805
"../../../Engine/Content/Internationalization/icudt64l/region/sr_RS.res" 1806
"../../../Engine/Content/Internationalization/icudt64l/region/sr_Cyrl_RS.res" 1807
"../../../Engine/Content/Internationalization/icudt64l/lang/sr_XK.res" 1808
"../../../Engine/Content/Internationalization/icudt64l/lang/sr_Cyrl_XK.res" 1809
"../../../Engine/Content/Internationalization/icudt64l/region/sr_XK.res" 1810
"../../../Engine/Content/Internationalization/icudt64l/region/sr_Cyrl_XK.res" 1811
"../../../Engine/Content/Internationalization/icudt64l/lang/sr_Latn_BA.res" 1812
"../../../Engine/Content/Internationalization/icudt64l/region/sr_Latn_BA.res" 1813
"../../../Engine/Content/Internationalization/icudt64l/lang/sr_Latn_RS.res" 1814
"../../../Engine/Content/Internationalization/icudt64l/region/sr_Latn_RS.res" 1815
"../../../Engine/Content/Internationalization/icudt64l/lang/sr_Latn_XK.res" 1816
"../../../Engine/Content/Internationalization/icudt64l/region/sr_Latn_XK.res" 1817
"../../../Engine/Content/Internationalization/icudt64l/lang/sv.res" 1818
"../../../Engine/Content/Internationalization/icudt64l/region/sv.res" 1819
"../../../Engine/Content/Internationalization/icudt64l/lang/sv_FI.res" 1820
"../../../Engine/Content/Internationalization/icudt64l/lang/sw.res" 1821
"../../../Engine/Content/Internationalization/icudt64l/lang/sw_CD.res" 1822
"../../../Engine/Content/Internationalization/icudt64l/region/sw_CD.res" 1823
"../../../Engine/Content/Internationalization/icudt64l/region/sw.res" 1824
"../../../Engine/Content/Internationalization/icudt64l/lang/sw_KE.res" 1825
"../../../Engine/Content/Internationalization/icudt64l/region/sw_KE.res" 1826
"../../../Engine/Content/Internationalization/icudt64l/lang/ta.res" 1827
"../../../Engine/Content/Internationalization/icudt64l/region/ta.res" 1828
"../../../Engine/Content/Internationalization/icudt64l/lang/te.res" 1829
"../../../Engine/Content/Internationalization/icudt64l/region/te.res" 1830
"../../../Engine/Content/Internationalization/icudt64l/lang/teo.res" 1831
"../../../Engine/Content/Internationalization/icudt64l/region/teo.res" 1832
"../../../Engine/Content/Internationalization/icudt64l/lang/tg.res" 1833
"../../../Engine/Content/Internationalization/icudt64l/region/tg.res" 1834
"../../../Engine/Content/Internationalization/icudt64l/lang/th.res" 1835
"../../../Engine/Content/Internationalization/icudt64l/lang/th_TH.res" 1836
"../../../Engine/Content/Internationalization/icudt64l/region/th_TH.res" 1837
"../../../Engine/Content/Internationalization/icudt64l/region/th.res" 1838
"../../../Engine/Content/Internationalization/icudt64l/lang/ti.res" 1839
"../../../Engine/Content/Internationalization/icudt64l/region/ti.res" 1840
"../../../Engine/Content/Internationalization/icudt64l/lang/tk.res" 1841
"../../../Engine/Content/Internationalization/icudt64l/region/tk.res" 1842
"../../../Engine/Content/Internationalization/icudt64l/lang/to.res" 1843
"../../../Engine/Content/Internationalization/icudt64l/region/to.res" 1844
"../../../Engine/Content/Internationalization/icudt64l/lang/tr.res" 1845
"../../../Engine/Content/Internationalization/icudt64l/region/tr.res" 1846
"../../../Engine/Content/Internationalization/icudt64l/lang/tt.res" 1847
"../../../Engine/Content/Internationalization/icudt64l/region/tt.res" 1848
"../../../Engine/Content/Internationalization/icudt64l/lang/twq.res" 1849
"../../../Engine/Content/Internationalization/icudt64l/region/twq.res" 1850
"../../../Engine/Content/Internationalization/icudt64l/lang/tzm.res" 1851
"../../../Engine/Content/Internationalization/icudt64l/region/tzm.res" 1852
"../../../Engine/Content/Internationalization/icudt64l/lang/ug.res" 1853
"../../../Engine/Content/Internationalization/icudt64l/region/ug.res" 1854
"../../../Engine/Content/Internationalization/icudt64l/lang/uk.res" 1855
"../../../Engine/Content/Internationalization/icudt64l/region/uk.res" 1856
"../../../Engine/Content/Internationalization/icudt64l/lang/ur.res" 1857
"../../../Engine/Content/Internationalization/icudt64l/lang/ur_IN.res" 1858
"../../../Engine/Content/Internationalization/icudt64l/region/ur_IN.res" 1859
"../../../Engine/Content/Internationalization/icudt64l/region/ur.res" 1860
"../../../Engine/Content/Internationalization/icudt64l/lang/uz.res" 1861
"../../../Engine/Content/Internationalization/icudt64l/lang/uz_Arab.res" 1862
"../../../Engine/Content/Internationalization/icudt64l/lang/uz_AF.res" 1863
"../../../Engine/Content/Internationalization/icudt64l/lang/uz_Arab_AF.res" 1864
"../../../Engine/Content/Internationalization/icudt64l/region/uz_AF.res" 1865
"../../../Engine/Content/Internationalization/icudt64l/region/uz_Arab_AF.res" 1866
"../../../Engine/Content/Internationalization/icudt64l/region/uz_Arab.res" 1867
"../../../Engine/Content/Internationalization/icudt64l/lang/uz_Cyrl.res" 1868
"../../../Engine/Content/Internationalization/icudt64l/lang/uz_UZ.res" 1869
"../../../Engine/Content/Internationalization/icudt64l/lang/uz_Latn_UZ.res" 1870
"../../../Engine/Content/Internationalization/icudt64l/lang/uz_Latn.res" 1871
"../../../Engine/Content/Internationalization/icudt64l/region/uz_UZ.res" 1872
"../../../Engine/Content/Internationalization/icudt64l/region/uz_Latn_UZ.res" 1873
"../../../Engine/Content/Internationalization/icudt64l/region/uz_Latn.res" 1874
"../../../Engine/Content/Internationalization/icudt64l/region/uz.res" 1875
"../../../Engine/Content/Internationalization/icudt64l/region/uz_Cyrl.res" 1876
"../../../Engine/Content/Internationalization/icudt64l/lang/vai.res" 1877
"../../../Engine/Content/Internationalization/icudt64l/lang/vai_Latn.res" 1878
"../../../Engine/Content/Internationalization/icudt64l/lang/vai_LR.res" 1879
"../../../Engine/Content/Internationalization/icudt64l/lang/vai_Vaii_LR.res" 1880
"../../../Engine/Content/Internationalization/icudt64l/lang/vai_Vaii.res" 1881
"../../../Engine/Content/Internationalization/icudt64l/region/vai_LR.res" 1882
"../../../Engine/Content/Internationalization/icudt64l/region/vai_Vaii_LR.res" 1883
"../../../Engine/Content/Internationalization/icudt64l/region/vai_Vaii.res" 1884
"../../../Engine/Content/Internationalization/icudt64l/region/vai.res" 1885
"../../../Engine/Content/Internationalization/icudt64l/region/vai_Latn.res" 1886
"../../../Engine/Content/Internationalization/icudt64l/lang/vi.res" 1887
"../../../Engine/Content/Internationalization/icudt64l/region/vi.res" 1888
"../../../Engine/Content/Internationalization/icudt64l/lang/vun.res" 1889
"../../../Engine/Content/Internationalization/icudt64l/region/vun.res" 1890
"../../../Engine/Content/Internationalization/icudt64l/lang/wae.res" 1891
"../../../Engine/Content/Internationalization/icudt64l/region/wae.res" 1892
"../../../Engine/Content/Internationalization/icudt64l/lang/wo.res" 1893
"../../../Engine/Content/Internationalization/icudt64l/region/wo.res" 1894
"../../../Engine/Content/Internationalization/icudt64l/lang/xh.res" 1895
"../../../Engine/Content/Internationalization/icudt64l/region/xh.res" 1896
"../../../Engine/Content/Internationalization/icudt64l/lang/xog.res" 1897
"../../../Engine/Content/Internationalization/icudt64l/region/xog.res" 1898
"../../../Engine/Content/Internationalization/icudt64l/lang/yav.res" 1899
"../../../Engine/Content/Internationalization/icudt64l/region/yav.res" 1900
"../../../Engine/Content/Internationalization/icudt64l/lang/yi.res" 1901
"../../../Engine/Content/Internationalization/icudt64l/region/yi.res" 1902
"../../../Engine/Content/Internationalization/icudt64l/lang/yo.res" 1903
"../../../Engine/Content/Internationalization/icudt64l/lang/yo_BJ.res" 1904
"../../../Engine/Content/Internationalization/icudt64l/region/yo_BJ.res" 1905
"../../../Engine/Content/Internationalization/icudt64l/region/yo.res" 1906
"../../../Engine/Content/Internationalization/icudt64l/lang/yue.res" 1907
"../../../Engine/Content/Internationalization/icudt64l/lang/yue_Hans.res" 1908
"../../../Engine/Content/Internationalization/icudt64l/lang/yue_CN.res" 1909
"../../../Engine/Content/Internationalization/icudt64l/lang/yue_Hans_CN.res" 1910
"../../../Engine/Content/Internationalization/icudt64l/region/yue_CN.res" 1911
"../../../Engine/Content/Internationalization/icudt64l/region/yue_Hans_CN.res" 1912
"../../../Engine/Content/Internationalization/icudt64l/region/yue_Hans.res" 1913
"../../../Engine/Content/Internationalization/icudt64l/lang/yue_Hant.res" 1914
"../../../Engine/Content/Internationalization/icudt64l/lang/yue_HK.res" 1915
"../../../Engine/Content/Internationalization/icudt64l/lang/yue_Hant_HK.res" 1916
"../../../Engine/Content/Internationalization/icudt64l/region/yue_HK.res" 1917
"../../../Engine/Content/Internationalization/icudt64l/region/yue_Hant_HK.res" 1918
"../../../Engine/Content/Internationalization/icudt64l/region/yue_Hant.res" 1919
"../../../Engine/Content/Internationalization/icudt64l/region/yue.res" 1920
"../../../Engine/Content/Internationalization/icudt64l/lang/zgh.res" 1921
"../../../Engine/Content/Internationalization/icudt64l/region/zgh.res" 1922
"../../../Engine/Content/Internationalization/icudt64l/lang/zh.res" 1923
"../../../Engine/Content/Internationalization/icudt64l/lang/zh_Hans.res" 1924
"../../../Engine/Content/Internationalization/icudt64l/lang/zh_CN.res" 1925
"../../../Engine/Content/Internationalization/icudt64l/lang/zh_Hans_CN.res" 1926
"../../../Engine/Content/Internationalization/icudt64l/region/zh_CN.res" 1927
"../../../Engine/Content/Internationalization/icudt64l/region/zh_Hans_CN.res" 1928
"../../../Engine/Content/Internationalization/icudt64l/region/zh_Hans.res" 1929
"../../../Engine/Content/Internationalization/icudt64l/region/zh.res" 1930
"../../../Engine/Content/Internationalization/icudt64l/lang/zh_HK.res" 1931
"../../../Engine/Content/Internationalization/icudt64l/lang/zh_Hant_HK.res" 1932
"../../../Engine/Content/Internationalization/icudt64l/lang/zh_Hant.res" 1933
"../../../Engine/Content/Internationalization/icudt64l/region/zh_HK.res" 1934
"../../../Engine/Content/Internationalization/icudt64l/region/zh_Hant_HK.res" 1935
"../../../Engine/Content/Internationalization/icudt64l/region/zh_Hant.res" 1936
"../../../Engine/Content/Internationalization/icudt64l/lang/zh_MO.res" 1937
"../../../Engine/Content/Internationalization/icudt64l/lang/zh_Hant_MO.res" 1938
"../../../Engine/Content/Internationalization/icudt64l/region/zh_MO.res" 1939
"../../../Engine/Content/Internationalization/icudt64l/region/zh_Hant_MO.res" 1940
"../../../Engine/Content/Internationalization/icudt64l/lang/zh_SG.res" 1941
"../../../Engine/Content/Internationalization/icudt64l/lang/zh_Hans_SG.res" 1942
"../../../Engine/Content/Internationalization/icudt64l/region/zh_SG.res" 1943
"../../../Engine/Content/Internationalization/icudt64l/region/zh_Hans_SG.res" 1944
"../../../Engine/Content/Internationalization/icudt64l/lang/zh_TW.res" 1945
"../../../Engine/Content/Internationalization/icudt64l/lang/zh_Hant_TW.res" 1946
"../../../Engine/Content/Internationalization/icudt64l/region/zh_TW.res" 1947
"../../../Engine/Content/Internationalization/icudt64l/region/zh_Hant_TW.res" 1948
"../../../Engine/Content/Internationalization/icudt64l/lang/zu.res" 1949
"../../../Engine/Content/Internationalization/icudt64l/region/zu.res" 1950
"../../../Engine/Content/Internationalization/icudt64l/lang/no.res" 1951
"../../../Engine/Content/Internationalization/icudt64l/lang/tl.res" 1952
"../../../Engine/Config/Android/DataDrivenPlatformInfo.ini" 1953
"../../../Engine/Config/IOS/DataDrivenPlatformInfo.ini" 1954
"../../../Engine/Config/Linux/DataDrivenPlatformInfo.ini" 1955
"../../../Engine/Config/Mac/DataDrivenPlatformInfo.ini" 1956
"../../../Engine/Config/TVOS/DataDrivenPlatformInfo.ini" 1957
"../../../Engine/Config/Unix/DataDrivenPlatformInfo.ini" 1958
"../../../Engine/Config/VulkanPC/DataDrivenPlatformInfo.ini" 1959
"../../../Engine/Config/Windows/DataDrivenPlatformInfo.ini" 1960
"../../../Engine/Platforms/VisionOS/Config/DataDrivenPlatformInfo.ini" 1961
"../../../Engine/Content/Renderer/TessellationTable.bin" 1962
"../../../Engine/DerivedDataCache/Compressed.ddp" 1963
"C:/Users/s5624234/AppData/Local/UnrealEngine/5.6/Saved/Zen/zen.version" 1964
"C:/Users/s5624234/AppData/Local/UnrealEngine/Common/Zen/Install/zen.version" 1965
"C:/Users/s5624234/AppData/Local/UnrealEngine/Common/Zen/Install/zenserver.runcontext" 1966
"C:/Users/s5624234/AppData/Local/UnrealEngine/Common/DerivedDataCache/TestData/0/TestData_4kb.dat" 1967
"C:/Users/s5624234/AppData/Local/UnrealEngine/Common/DerivedDataCache/TestData/1/TestData_4kb.dat" 1968
"C:/Users/s5624234/AppData/Local/UnrealEngine/Common/DerivedDataCache/TestData/0/TestData_8kb.dat" 1969
"C:/Users/s5624234/AppData/Local/UnrealEngine/Common/DerivedDataCache/TestData/1/TestData_8kb.dat" 1970
"C:/Users/s5624234/AppData/Local/UnrealEngine/Common/DerivedDataCache/TestData/0/TestData_16kb.dat" 1971
"C:/Users/s5624234/AppData/Local/UnrealEngine/Common/DerivedDataCache/TestData/1/TestData_16kb.dat" 1972
"C:/Users/s5624234/AppData/Local/UnrealEngine/Common/DerivedDataCache/TestData/0/TestData_64kb.dat" 1973
"C:/Users/s5624234/AppData/Local/UnrealEngine/Common/DerivedDataCache/TestData/1/TestData_64kb.dat" 1974
"C:/Users/s5624234/AppData/Local/UnrealEngine/Common/DerivedDataCache/TestData/0/TestData_128kb.dat" 1975
"C:/Users/s5624234/AppData/Local/UnrealEngine/Common/DerivedDataCache/TestData/1/TestData_128kb.dat" 1976
"C:/Users/s5624234/AppData/Local/UnrealEngine/Common/DerivedDataCache/TestData/0/TestData_256kb.dat" 1977
"C:/Users/s5624234/AppData/Local/UnrealEngine/Common/DerivedDataCache/TestData/1/TestData_256kb.dat" 1978
"C:/Users/s5624234/AppData/Roaming/Unreal Engine/UnrealBuildTool/BuildConfiguration.xml" 1979
"//bournemouth.ac.uk/data/student/home/MST/s5624234/Unreal Engine/UnrealBuildTool/BuildConfiguration.xml" 1980
"D:/FYP_UE/FYP/Intermediate/ShaderAutogen/PCD3D_SM6/AutogenShaderHeaders.ush" 1981
"../../../Engine/Shaders/Private/HairStrands/HairStrandsVertexFactory.ush" 1982
"../../../Engine/Shaders/Private/VertexFactoryCommon.ush" 1983
"../../../Engine/Shaders/Private/Common.ush" 1984
"../../../Engine/Shaders/Public/Platform.ush" 1985
"../../../Engine/Shaders/Public/FP16Math.ush" 1986
"../../../Engine/Shaders/Public/Platform/D3D/D3DCommon.ush" 1987
"../../../Engine/Shaders/Shared/HLSLReservedSpaces.h" 1988
"../../../Engine/Shaders/Public/BindlessResources.ush" 1989
"../../../Engine/Shaders/Public/Platform/D3D/PlatformBindlessResources.ush" 1990
"../../../Engine/Shaders/Shared/RayTracingBuiltInResources.h" 1991
"../../../Engine/Shaders/Shared/RayTracingDefinitions.h" 1992
"../../../Engine/Shaders/Public/OverloadMacros.ush" 1993
"../../../Engine/Shaders/Public/ShaderVersion.ush" 1994
"../../../Engine/Shaders/Shared/ThirdParty/NVIDIA/nvHLSLExtns.h" 1995
"../../../Engine/Shaders/Shared/ThirdParty/NVIDIA/nvHLSLExtnsInternal.h" 1996
"../../../Engine/Shaders/Shared/ThirdParty/NVIDIA/nvShaderExtnEnums.h" 1997
"../../../Engine/Shaders/Private/PackUnpack.ush" 1998
"../../../Engine/Shaders/Private/GeneratedUniformBufferTypes.ush" 1999
"../../../Engine/Shaders/Private/Nanite/NanitePackedNaniteView.ush" 2000
"../../../Engine/Shaders/Private/HairStrands/HairStrandsVisibilityCommonStruct.ush" 2001
"../../../Engine/Shaders/Private/HairStrands/HairStrandsVoxelPageCommonStruct.ush" 2002
"../../../Engine/Shaders/Private/HairStrands/HairStrandsDeepShadowCommonStruct.ush" 2003
"../../../Engine/Shaders/Shared/LightSceneData.h" 2004
"../../../Engine/Shaders/Shared/HLSLTypeAliases.h" 2005
"../../../Engine/Shaders/Private/LargeWorldCoordinates.ush" 2006
"../../../Engine/Shaders/Private/DoubleFloat.ush" 2007
"../../../Engine/Shaders/Private/RandomPCG.ush" 2008
"../../../Engine/Shaders/Private/DoubleFloatOperations.ush" 2009
"../../../Engine/Shaders/Private/DoubleFloatVectorDefinition.ush" 2010
"../../../Engine/Shaders/Private/LWCOperations.ush" 2011
"../../../Engine/Shaders/Shared/LightViewData.h" 2012
"../../../Engine/Shaders/Shared/RayTracingTypes.h" 2013
"../../../Engine/Shaders/Shared/HLSLStaticAssert.h" 2014
"../../../Engine/Shaders/Private/CommonViewUniformBuffer.ush" 2015
"../../../Engine/Shaders/Private/InstancedStereo.ush" 2016
"../../../Engine/Shaders/Private/Definitions.usf" 2017
"../../../Engine/Shaders/Private/AssertionMacros.ush" 2018
"../../../Engine/Shaders/Private/FastMath.ush" 2019
"../../../Engine/Shaders/Private/FastMathThirdParty.ush" 2020
"../../../Engine/Shaders/Private/Random.ush" 2021
"../../../Engine/Shaders/Private/RandomInterleavedGradientNoise.ush" 2022
"../../../Engine/Shaders/Private/SceneData.ush" 2023
"../../../Engine/Shaders/Private/OctahedralCommon.ush" 2024
"../../../Engine/Shaders/Private/WaveOpUtil.ush" 2025
"../../../Engine/Shaders/Private/ByteBuffer.ush" 2026
"../../../Engine/Shaders/Shared/SceneDefinitions.h" 2027
"../../../Engine/Shaders/Private/SceneDataMobileLoader.ush" 2028
"../../../Engine/Shaders/Private/LocalVertexFactoryCommon.ush" 2029
"../../../Engine/Shaders/Private/HairStrands/HairStrandsVisibilityCommon.ush" 2030
"../../../Engine/Shaders/Shared/HairStrandsDefinitions.h" 2031
"../../../Engine/Shaders/Private/HairStrands/HairStrandsVertexFactoryCommon.ush" 2032
"../../../Engine/Shaders/Private/HairStrands/HairStrandsPack.ush" 2033
"../../../Engine/Shaders/Private/HairStrands/HairStrandsAttributeCommon.ush" 2034
"../../../Engine/Shaders/Private/HairStrands/HairStrandsAttributeTemplate.ush" 2035
"../../../Engine/Shaders/Private/VertexFactoryDefaultInterface.ush" 2036
"../../../Engine/Shaders/Private/HairStrands/HairCardsVertexFactory.ush" 2037
"../../../Engine/Shaders/Private/HairStrands/HairCardsAttributeCommon.ush" 2038
"../../../Engine/Shaders/Private/RayTracing/RayTracingCommon.ush" 2039
"../../../Engine/Shaders/Private/ShadingCommon.ush" 2040
"../../../Engine/Shaders/Shared/RayTracingPayloadType.h" 2041
"../../../Engine/Shaders/Private/RayTracing/RayTracingRayCone.ush" 2042
"../../../Engine/Shaders/Private/Substrate/Substrate.ush" 2043
"../../../Engine/Shaders/Private/ShadingEnergyConservation.ush" 2044
"../../../Engine/Shaders/Private/ShadingEnergyConservationTemplate.ush" 2045
"../../../Engine/Shaders/Private/BRDF.ush" 2046
"../../../Engine/Shaders/Private/ColorSpace.ush" 2047
"../../../Engine/Shaders/Private/DeferredShadingCommon.ush" 2048
"../../../Engine/Shaders/Private/LightAccumulator.ush" 2049
"../../../Engine/Shaders/Private/SceneTexturesCommon.ush" 2050
"../../../Engine/Shaders/Private/MonteCarlo.ush" 2051
"../../../Engine/Shaders/Private/GBufferHelpers.ush" 2052
"../../../Engine/Shaders/Private/SceneTextureParameters.ush" 2053
"../../../Engine/Shaders/Private/ParticipatingMediaCommon.ush" 2054
"../../../Engine/Shaders/Private/ThinFilmBSDF.ush" 2055
"../../../Engine/Shaders/Private/MortonCode.ush" 2056
"../../../Engine/Shaders/Private/SubsurfaceProfileCommon.ush" 2057
"../../../Engine/Shaders/Private/BurleyNormalizedSSSCommon.ush" 2058
"../../../Engine/Shaders/Private/GammaCorrectionCommon.ush" 2059
"../../../Engine/Shaders/Shared/SubstrateDefinitions.h" 2060
"../../../Engine/Shaders/Private/Substrate/SubstrateStatisticalOperators.ush" 2061
"../../../Engine/Shaders/Private/Substrate/SubstrateSubsurface.ush" 2062
"../../../Engine/Shaders/Private/TransmissionCommon.ush" 2063
"../../../Engine/Shaders/Private/Substrate/SubstrateExportCommon.ush" 2064
"../../../Engine/Shaders/Private/SpecularProfileCommon.ush" 2065
"../../../Engine/Shaders/Private/RayTracing/RayTracingCommonMetal.ush" 2066
"../../../Engine/Shaders/Private/PositionReconstructionCommon.ush" 2067
"../../../Engine/Shaders/Private/RayTracing/TraceRayInline.ush" 2068
"../../../Engine/Shaders/Private/RayTracing/TraceRayInlineCommon.ush" 2069
"../../../Engine/Shaders/Private/RayTracing/TraceRayInlineVulkan.ush" 2070
"../../../Engine/Shaders/Private/RayTracing/TraceRayInlineMetal.ush" 2071
"../../../Engine/Shaders/Private/RayTracing/TraceRayInlineD3D12.ush" 2072
"../../../Engine/Shaders/Private/RayTracing/RayTracingHitGroupCommon.ush" 2073
"../../../Engine/Shaders/Private/Nanite/NaniteRayTrace.ush" 2074
"../../../Engine/Shaders/Private/Nanite/NaniteDataDecode.ush" 2075
"../../../Engine/Shaders/Private/BitPacking.ush" 2076
"../../../Engine/Shaders/Private/BitStreamReaderImplementation.ush" 2077
"../../../Engine/Shaders/Private/BoneTransform.ush" 2078
"../../../Engine/Shaders/Private/Quaternion.ush" 2079
"../../../Engine/Shaders/Shared/NaniteDefinitions.h" 2080
"../../../Engine/Shaders/Shared/SkinningDefinitions.h" 2081
"../../../Engine/Shaders/Private/Nanite/NaniteAttributeDecode.ush" 2082
"../../../Engine/Shaders/Private/Barycentrics.ush" 2083
"../../../Engine/Shaders/Private/DualNumber.ush" 2084
"../../../Engine/Shaders/Shared/ThirdParty/RayTriangleIntersection.h" 2085
"../../../Engine/Shaders/Private/Nanite/NaniteVertexFetch.ush" 2086
"../../../Engine/Shaders/Private/Nanite/NaniteSceneCommon.ush" 2087
"../../../Engine/Plugins/FX/Niagara/Shaders/Private/NiagaraSpriteVertexFactory.ush" 2088
"../../../Engine/Shaders/Private/ParticleVertexFactoryCommon.ush" 2089
"../../../Engine/Plugins/FX/Niagara/Shaders/Private/NiagaraVFCommon.usf" 2090
"../../../Engine/Plugins/FX/Niagara/Shaders/Private/NiagaraVFParticleAccess.usf" 2091
"../../../Engine/Plugins/FX/Niagara/Shaders/Private/NiagaraParticleAccess.ush" 2092
"../../../Engine/Plugins/FX/Niagara/Shaders/Private/NiagaraRibbonVertexFactory.ush" 2093
"../../../Engine/Plugins/FX/Niagara/Shaders/Private/NiagaraMeshVertexFactory.ush" 2094
"../../../Engine/Plugins/FX/Niagara/Shaders/Private/NiagaraCommon.ush" 2095
"../../../Engine/Plugins/FX/Niagara/Shaders/Private/NiagaraMeshParticleUtils.ush" 2096
"../../../Engine/Shaders/Private/VectorFieldVisualizationVertexFactory.ush" 2097
"../../../Engine/Shaders/Private/Nanite/NaniteVertexFactory.ush" 2098
"../../../Engine/Shaders/Private/LightmapData.ush" 2099
"../../../Engine/Shaders/Private/SplineMeshCommon.ush" 2100
"../../../Engine/Shaders/Shared/SplineMeshShaderParams.h" 2101
"../../../Engine/Shaders/Private/ShaderPrint.ush" 2102
"../../../Engine/Shaders/Private/ShaderPrintCommon.ush" 2103
"../../../Engine/Shaders/Private/MiniFontCommon.ush" 2104
"../../../Engine/Shaders/Private/MaterialCache/MaterialCacheCommon.ush" 2105
"../../../Engine/Shaders/Shared/MaterialCacheDefinitions.h" 2106
"../../../Engine/Shaders/Private/Nanite/NaniteVertexDeformation.ush" 2107
"../../../Engine/Shaders/Private/ViewData.ush" 2108
"../../../Engine/Shaders/Shared/ViewDefinitions.h" 2109
"../../../Engine/Shaders/Private/Matrices.ush" 2110
"../../../Engine/Shaders/Private/ParticleSpriteVertexFactory.ush" 2111
"../../../Engine/Shaders/Private/ParticleGPUSpriteVertexFactory.ush" 2112
"../../../Engine/Shaders/Private/ParticleSimulationCommon.ush" 2113
"../../../Engine/Shaders/Private/ParticleBeamTrailVertexFactory.ush" 2114
"../../../Engine/Shaders/Private/MeshParticleVertexFactory.ush" 2115
"../../../Engine/Shaders/Private/LocalVertexFactory.ush" 2116
"../../../Engine/Shaders/Private/GpuSkinCommon.ush" 2117
"../../../Engine/Shaders/Private/GpuSkinVertexFactory.ush" 2118
"../../../Engine/Shaders/Private/GeometryCollectionVertexFactory.ush" 2119
"../../../Engine/Shaders/Private/GeometryCacheVertexFactory.ush" 2120
"../../../Engine/Shaders/Private/LandscapeVertexFactory.ush" 2121
"../../../Engine/Plugins/Experimental/Compositing/CompositeCore/Shaders/Private/CompositeCoreMerge.usf" 2122
"../../../Engine/Shaders/Private/ScreenPass.ush" 2123
"../../../Engine/Shaders/Private/LensDistortion.ush" 2124
"../../../Engine/Plugins/Experimental/Compositing/CompositeCore/Shaders/Private/CompositeCoreDisplayTransform.usf" 2125
"../../../Engine/Plugins/Experimental/Compositing/CompositeCore/Shaders/Private/CompositeCoreDilate.usf" 2126
"../../../Engine/Plugins/Runtime/HairStrands/Shaders/Private/NiagaraCopyVelocityGrid.usf" 2127
"../../../Engine/Plugins/Runtime/HairStrands/Shaders/Private/NiagaraClearVelocityGrid.usf" 2128
"../../../Engine/Plugins/Runtime/HairStrands/Shaders/Private/NiagaraClearPressureGrid.usf" 2129
"../../../Engine/Plugins/Runtime/HairStrands/Shaders/Private/NiagaraInterpolateGroomGuides.usf" 2130
"../../../Engine/Plugins/Runtime/HairStrands/Shaders/Private/NiagaraGroomInterpolationUtils.ush" 2131
"../../../Engine/Plugins/FX/Niagara/Shaders/Private/NiagaraQuaternionUtils.ush" 2132
"../../../Engine/Shaders/Private/HairStrands/HairStrandsMesh.usf" 2133
"../../../Engine/Shaders/Private/HairStrands/HairStrandsBindingCommon.ush" 2134
"../../../Engine/Shaders/Private/HairStrands/HairStrandsFollicleMask.usf" 2135
"../../../Engine/Shaders/Private/HairStrands/HairStrandsSkinUpdate.usf" 2136
"../../../Engine/Shaders/Private/HairStrands/HairStrandsClusterCulling.usf" 2137
"../../../Engine/Shaders/Private/ColorMap.ush" 2138
"../../../Engine/Shaders/Private/HairStrands/HairStrandsAABBCommon.ush" 2139
"../../../Engine/Shaders/Private/HairStrands/HairStrandsClusterCommon.ush" 2140
"../../../Engine/Shaders/Private/ThreadGroupPrefixSum.ush" 2141
"../../../Engine/Shaders/Private/HairStrands/HairStrandsRaytracingGeometry.usf" 2142
"../../../Engine/Shaders/Private/HairStrands/HairStrandsTangent.usf" 2143
"../../../Engine/Shaders/Private/HairStrands/HairCardsDeformation.usf" 2144
"../../../Engine/Shaders/Private/HairStrands/HairStrandsInterpolation.usf" 2145
"../../../Engine/Shaders/Private/HairStrands/HairStrandsGuideDeform.usf" 2146
"../../../Engine/Shaders/Private/HairStrands/HairStrandsTexturesGeneration.usf" 2147
"../../../Engine/Shaders/Private/HairStrands/HairCardsTextureCommon.ush" 2148
"../../../Engine/Shaders/Private/HairStrands/HairStrandsTranscode.usf" 2149
"../../../Engine/Shaders/Private/HairStrands/HairStrandsDebug.usf" 2150
"../../../Engine/Shaders/Private/HairShadingCommon.ush" 2151
"../../../Engine/Shaders/Private/PostProcessCommon.ush" 2152
"../../../Engine/Shaders/Private/ShadingModels.ush" 2153
"../../../Engine/Shaders/Private/CapsuleLight.ush" 2154
"../../../Engine/Shaders/Private/RectLight.ush" 2155
"../../../Engine/Shaders/Private/LightData.ush" 2156
"../../../Engine/Shaders/Shared/LightDefinitions.h" 2157
"../../../Engine/Shaders/Private/AreaLightCommon.ush" 2158
"../../../Engine/Shaders/Private/HairBsdf.ush" 2159
"../../../Engine/Shaders/Private/MobileGGX.ush" 2160
"../../../Engine/Shaders/Private/HairStrands/HairStrandsCommon.ush" 2161
"../../../Engine/Shaders/Private/HairStrands/HairStrandsEnvironmentLightingCommon.ush" 2162
"../../../Engine/Shaders/Private/HairStrands/HairStrandsDeepTransmittanceCommon.ush" 2163
"../../../Engine/Shaders/Private/HairStrands/HairStrandsDeepTransmittanceDualScattering.ush" 2164
"../../../Engine/Shaders/Private/HairStrands/HairStrandsDeepShadowCommon.ush" 2165
"../../../Engine/Shaders/Private/HairStrands/HairStrandsDebugCommonStruct.ush" 2166
"../../../Engine/Plugins/NNE/NNEDenoiser/Shaders/NNEDenoiserShadersTransferFunctionOidn.usf" 2167
"../../../Engine/Plugins/NNE/NNEDenoiser/Shaders/NNEDenoiserShadersMappedCopy.usf" 2168
"../../../Engine/Plugins/NNE/NNEDenoiser/Shaders/NNEDenoiserShadersDefaultIOProcess.usf" 2169
"../../../Engine/Plugins/NNE/NNEDenoiser/Shaders/NNEDenoiserShadersAutoExposureReduceFinal.usf" 2170
"../../../Engine/Plugins/NNE/NNEDenoiser/Shaders/NNEDenoiserShadersAutoExposureReduce.usf" 2171
"../../../Engine/Plugins/NNE/NNEDenoiser/Shaders/NNEDenoiserShadersAutoExposureDownsample.usf" 2172
"../../../Engine/Plugins/Enterprise/GLTFExporter/Shaders/Private/SimpleTexture2DPS.usf" 2173
"../../../Engine/Shaders/Private/SimpleElementNormalMapPixelShader.usf" 2174
"../../../Engine/Plugins/FX/Niagara/Shaders/Private/NiagaraVertexFactoryExport.usf" 2175
"../../../Engine/Shaders/Private/ComputeShaderUtils.ush" 2176
"../../../Engine/Shaders/Private/MaterialTemplate.ush" 2177
"../../../Engine/Shaders/Private/WorldSpaceMath.ush" 2178
"../../../Engine/Shaders/Private/EyeAdaptationCommon.ush" 2179
"../../../Engine/Shaders/Private/SobolRandom.ush" 2180
"../../../Engine/Shaders/Private/DepthOfFieldCommon.ush" 2181
"../../../Engine/Shaders/Private/CircleDOFCommon.ush" 2182
"../../../Engine/Shaders/Private/DistanceField/GlobalDistanceFieldShared.ush" 2183
"../../../Engine/Shaders/Private/PhysicsFieldSampler.ush" 2184
"../../../Engine/Shaders/Private/PhysicsFieldShared.ush" 2185
"../../../Engine/Shaders/Private/SparseVolumeTexture/SparseVolumeTextureCommon.ush" 2186
"../../../Engine/Shaders/Shared/EnvironmentComponentsFlags.h" 2187
"../../../Engine/Shaders/Private/MeshPaintTextureCommon.ush" 2188
"../../../Engine/Shaders/Private/VirtualTextureMaterial.ush" 2189
"../../../Engine/Shaders/Private/MaterialCache/MaterialCacheMaterialCommon.ush" 2190
"../../../Engine/Shaders/Private/MaterialCache/MaterialCacheABuffer.ush" 2191
"../../../Engine/Shaders/Private/SpeedTreeCommon.ush" 2192
"../../../Engine/Shaders/Private/VirtualTextureCommon.ush" 2193
"../../../Engine/Shaders/Private/MaterialTexture.ush" 2194
"../../../Engine/Shaders/Private/MinMaterialTexCoords.ush" 2195
"../../../Engine/Shaders/Private/SkyAtmosphereCommon.ush" 2196
"../../../Engine/Shaders/Private/SingleLayerWaterCommon.ush" 2197
"../../../Engine/Shaders/Private/TextureSampling.ush" 2198
"../../../Engine/Shaders/Private/PaniniProjection.ush" 2199
"../../../Engine/Shaders/Private/DBufferNormalReprojection.ush" 2200
"../../../Engine/Shaders/Public/SubstratePublic.ush" 2201
"../../../Engine/Shaders/Private/Substrate/SubstrateTree.ush" 2202
"../../../Engine/Shaders/Private/Substrate/SubstrateEvaluation.ush" 2203
"../../../Engine/Shaders/Private/Substrate/Glint/GlintThirdParty.ush" 2204
"../../../Engine/Shaders/Private/BlueNoise.ush" 2205
"../../../Engine/Shaders/Private/SHCommon.ush" 2206
"../../../Engine/Shaders/Private/ShadingModelsSampling.ush" 2207
"../../../Engine/Shaders/Private/HairStrands/HairBsdfSample.ush" 2208
"../../../Engine/Shaders/Private/Substrate/SubstrateLegacyConversion.ush" 2209
"../../../Engine/Shaders/Private/DBufferDecalShared.ush" 2210
"../../../Engine/Plugins/FX/Niagara/Shaders/Private/NiagaraSortKeyGen.usf" 2211
"../../../Engine/Plugins/FX/Niagara/Shaders/Private/NiagaraGPURayTracingTransforms.usf" 2212
"../../../Engine/Plugins/FX/Niagara/Shaders/Private/NiagaraDrawIndirectArgsGen.usf" 2213
"../../../Engine/Plugins/FX/Niagara/Shaders/Private/NiagaraDispatchIndirectArgsGen.usf" 2214
"../../../Engine/Plugins/FX/Niagara/Shaders/Private/Stateless/NiagaraStatelessSimulationDefault.usf" 2215
"../../../Engine/Plugins/FX/Niagara/Shaders/Private/Stateless/NiagaraStatelessSimulationTemplate.ush" 2216
"../../../Engine/Plugins/FX/Niagara/Shaders/Private/Stateless/NiagaraStatelessCommon.ush" 2217
"../../../Engine/Plugins/FX/Niagara/Shaders/Shared/NiagaraStatelessDefinitions.h" 2218
"../../../Engine/Plugins/FX/Niagara/Shaders/Shared/NiagaraStatelessBuiltDistribution.h" 2219
"../../../Engine/Plugins/FX/Niagara/Shaders/Private/Stateless/NiagaraStatelessDistribution.ush" 2220
"../../../Engine/Plugins/FX/Niagara/Shaders/Private/Stateless/Modules/NiagaraStatelessModule_CalculateAccurateVelocity.ush" 2221
"../../../Engine/Plugins/FX/Niagara/Shaders/Private/Stateless/Modules/NiagaraStatelessModule_CameraOffset.ush" 2222
"../../../Engine/Plugins/FX/Niagara/Shaders/Private/Stateless/Modules/NiagaraStatelessModule_DynamicMaterialParameters.ush" 2223
"../../../Engine/Plugins/FX/Niagara/Shaders/Private/Stateless/Modules/NiagaraStatelessModule_InitializeParticle.ush" 2224
"../../../Engine/Plugins/FX/Niagara/Shaders/Private/Stateless/Modules/NiagaraStatelessModule_InitialMeshOrientation.ush" 2225
"../../../Engine/Plugins/FX/Niagara/Shaders/Private/Stateless/Modules/NiagaraStatelessModule_MeshIndex.ush" 2226
"../../../Engine/Plugins/FX/Niagara/Shaders/Private/Stateless/Modules/NiagaraStatelessModule_MeshRotationRate.ush" 2227
"../../../Engine/Plugins/FX/Niagara/Shaders/Private/Stateless/Modules/NiagaraStatelessModule_RotateAroundPoint.ush" 2228
"../../../Engine/Plugins/FX/Niagara/Shaders/Private/Stateless/Modules/NiagaraStatelessModule_ShapeLocation.ush" 2229
"../../../Engine/Plugins/FX/Niagara/Shaders/Private/Stateless/Modules/NiagaraStatelessModule_ScaleColor.ush" 2230
"../../../Engine/Plugins/FX/Niagara/Shaders/Private/Stateless/Modules/NiagaraStatelessModule_ScaleRibbonWidth.ush" 2231
"../../../Engine/Plugins/FX/Niagara/Shaders/Private/Stateless/Modules/NiagaraStatelessModule_ScaleSpriteSize.ush" 2232
"../../../Engine/Plugins/FX/Niagara/Shaders/Private/Stateless/Modules/NiagaraStatelessModule_ScaleSpriteSizeBySpeed.ush" 2233
"../../../Engine/Plugins/FX/Niagara/Shaders/Private/Stateless/Modules/NiagaraStatelessModule_ScaleMeshSize.ush" 2234
"../../../Engine/Plugins/FX/Niagara/Shaders/Private/Stateless/Modules/NiagaraStatelessModule_ScaleMeshSizebySpeed.ush" 2235
"../../../Engine/Plugins/FX/Niagara/Shaders/Private/Stateless/Modules/NiagaraStatelessModule_SolveVelocitiesAndForces.ush" 2236
"../../../Engine/Plugins/FX/Niagara/Shaders/Private/Stateless/Modules/NiagaraStatelessModule_SpriteFacingAndAlignment.ush" 2237
"../../../Engine/Plugins/FX/Niagara/Shaders/Private/Stateless/Modules/NiagaraStatelessModule_SpriteRotationRate.ush" 2238
"../../../Engine/Plugins/FX/Niagara/Shaders/Private/Stateless/Modules/NiagaraStatelessModule_SubUVAnimation.ush" 2239
"../../../Engine/Plugins/FX/Niagara/Shaders/Private/NiagaraBlendSVTsToDenseBuffer.usf" 2240
"../../../Engine/Plugins/FX/Niagara/Shaders/Private/NiagaraSVTToDenseBuffer.usf" 2241
"../../../Engine/Plugins/FX/Niagara/Shaders/Private/NiagaraFillIntBuffer.usf" 2242
"../../../Engine/Plugins/FX/Niagara/Shaders/Private/NiagaraComputeFreeIDs.usf" 2243
"../../../Engine/Plugins/FX/Niagara/Shaders/Private/NiagaraInitFreeIDBuffer.usf" 2244
"../../../Engine/Plugins/FX/Niagara/Shaders/Private/NiagaraEmitterInstanceShader.usf" 2245
"../../../Engine/Plugins/FX/Niagara/Shaders/Private/NiagaraShaderVersion.ush" 2246
"../../../Engine/Plugins/FX/Niagara/Shaders/Private/NiagaraPhysicsCommon.ush" 2247
"../../../Engine/Plugins/FX/Niagara/Shaders/Private/Ribbons/NiagaraRibbonAggregationApply.usf" 2248
"../../../Engine/Plugins/FX/Niagara/Shaders/Private/Ribbons/NiagaraRibbonCommon.ush" 2249
"../../../Engine/Plugins/FX/Niagara/Shaders/Private/Ribbons/NiagaraRibbonAggregationStep.usf" 2250
"../../../Engine/Plugins/FX/Niagara/Shaders/Private/Ribbons/NiagaraRibbonGenerateIndices.usf" 2251
"../../../Engine/Plugins/FX/Niagara/Shaders/Private/Ribbons/NiagaraRibbonInitializeIndices.usf" 2252
"../../../Engine/Plugins/FX/Niagara/Shaders/Private/Ribbons/NiagaraRibbonRibbonUVParamCalculation.usf" 2253
"../../../Engine/Plugins/FX/Niagara/Shaders/Private/Ribbons/NiagaraRibbonVertexReductionFinalization.usf" 2254
"../../../Engine/Plugins/FX/Niagara/Shaders/Private/Ribbons/NiagaraRibbonVertexReductionInitialization.usf" 2255
"../../../Engine/Plugins/FX/Niagara/Shaders/Private/Ribbons/NiagaraRibbonSortParticles.usf" 2256
"../../../Engine/Plugins/FX/Niagara/Shaders/Private/NiagaraLWCHelper.usf" 2257
"../../../Engine/Plugins/FX/Niagara/Shaders/Private/NiagaraUpdateMeshGPUSceneInstances.usf" 2258
"../../../Engine/Shaders/Private/GPUScene/GPUSceneWriter.ush" 2259
"../../../Engine/Plugins/FX/Niagara/Shaders/Private/NiagaraGenerateMips.usf" 2260
"../../../Engine/Plugins/FX/Niagara/Shaders/Private/NiagaraDebugDraw.usf" 2261
"../../../Engine/Plugins/FX/Niagara/Shaders/Private/NiagaraDebugDraw.ush" 2262
"../../../Engine/Plugins/FX/Niagara/Shaders/Private/NiagaraVisualizeTexture.usf" 2263
"../../../Engine/Plugins/FX/Niagara/Shaders/Private/NiagaraClearCounts.usf" 2264
"../../../Engine/Plugins/FX/Niagara/Shaders/Private/NiagaraBatchedElements.usf" 2265
"../../../Engine/Plugins/FX/Niagara/Shaders/Private/NiagaraRayTracingShaders.usf" 2266
"../../../Engine/Plugins/FX/Niagara/Shaders/Private/NiagaraAsyncGpuTraceCommon.ush" 2267
"../../../Engine/Shaders/Private/HashTable.ush" 2268
"../../../Engine/Shaders/Private/Hash.ush" 2269
"../../../Engine/Shaders/Private/RayTracing/VFXTraceRay.ush" 2270
"../../../Engine/Plugins/FX/Niagara/Shaders/Private/NiagaraRayMarchingShaders.usf" 2271
"../../../Engine/Plugins/FX/Niagara/Shaders/Private/NiagaraRayTraceCollisionGroupShaders.usf" 2272
"../../../Engine/Plugins/FX/Niagara/Shaders/Private/NiagaraAsyncGpuTraceUtils.usf" 2273
"../../../Engine/Plugins/Runtime/ComputeFramework/Shaders/Private/ComputeKernel.usf" 2274
"../../../Engine/Plugins/Runtime/ComputeFramework/Shaders/Private/ComputeKernelCommon.ush" 2275
"../../../Engine/Plugins/VirtualProduction/CameraCalibrationCore/Shaders/Private/CrosshairOverlay.usf" 2276
"../../../Engine/Plugins/VirtualProduction/CameraCalibrationCore/Shaders/Private/DisplacementMapBlending.usf" 2277
"../../../Engine/Plugins/VirtualProduction/CameraCalibrationCore/Shaders/Private/RecenterSTDisplacementMaps.usf" 2278
"../../../Engine/Plugins/VirtualProduction/CameraCalibrationCore/Shaders/Private/FillSTDisplacementMap.usf" 2279
"../../../Engine/Plugins/VirtualProduction/CameraCalibrationCore/Shaders/Private/InvertDisplacementMap.usf" 2280
"../../../Engine/Plugins/VirtualProduction/CameraCalibrationCore/Shaders/Private/CropDisplacementMap.usf" 2281
"../../../Engine/Plugins/VirtualProduction/CameraCalibrationCore/Shaders/Private/BlendDisplacementMaps.usf" 2282
"../../../Engine/Plugins/VirtualProduction/CameraCalibrationCore/Shaders/Private/DrawDisplacementMaps.usf" 2283
"../../../Engine/Plugins/VirtualProduction/CameraCalibrationCore/Shaders/Private/UndistortImagePoints.usf" 2284
"../../../Engine/Plugins/VirtualProduction/CameraCalibrationCore/Shaders/Private/DistortionSTMapProcessor.usf" 2285
"../../../Engine/Plugins/Media/WmfMedia/Shaders/Private/MediaHardwareVideoDecoding.usf" 2286
"../../../Engine/Shaders/Private/ColorUtils.ush" 2287
"../../../Engine/Plugins/Media/ImgMedia/Shaders/Private/ExrSwizzler.usf" 2288
"../../../Engine/Plugins/Experimental/NFORDenoise/Shaders/NFORDenoise.usf" 2289
"../../../Engine/Plugins/Experimental/NFORDenoise/Shaders/NFORRegressionCommon.ush" 2290
"../../../Engine/Plugins/Experimental/NFORDenoise/Shaders/NFORRegression.ush" 2291
"../../../Engine/Shaders/Private/VirtualTextureAdapter.usf" 2292
"../../../Engine/Shaders/Private/BlockCompressionCommon.ush" 2293
"../../../Engine/Shaders/Private/BCCompressionCommon.ush" 2294
"../../../Engine/Shaders/Private/TranslucentLightingShaders.usf" 2295
"../../../Engine/Shaders/Private/CubemapCommon.ush" 2296
"../../../Engine/Shaders/Private/VectorFieldCompositeShaders.usf" 2297
"../../../Engine/Shaders/Private/UpdateTextureShaders.usf" 2298
"../../../Engine/Shaders/Private/StereoLayerShader.usf" 2299
"../../../Engine/Shaders/Private/SparseVolumeTexture/UpdateSparseVolumeTexture.usf" 2300
"../../../Engine/Shaders/Private/MorphTargets.usf" 2301
"../../../Engine/Shaders/Private/SimpleElementColorChannelMaskPixelShader.usf" 2302
"../../../Engine/Shaders/Private/SimpleElementHitProxyPixelShader.usf" 2303
"../../../Engine/Shaders/Private/SimpleElementPixelShader.usf" 2304
"../../../Engine/Shaders/Private/IESLightProfilesCommon.ush" 2305
"../../../Engine/Shaders/Private/SimpleElementVertexShader.usf" 2306
"../../../Engine/Shaders/Private/ScreenPixelShaderOES.usf" 2307
"../../../Engine/Shaders/Private/ScreenVertexShader.usf" 2308
"../../../Engine/Shaders/Private/ScreenPixelShader.usf" 2309
"../../../Engine/Shaders/Private/SSProfilePreIntegratedMobile.usf" 2310
"../../../Engine/Shaders/Private/SpecularProfile.usf" 2311
"../../../Engine/Shaders/Private/Nanite/NaniteStreaming.usf" 2312
"../../../Engine/Shaders/Private/Nanite/NaniteStreaming.ush" 2313
"../../../Engine/Shaders/Private/Nanite/NaniteTranscode.usf" 2314
"../../../Engine/Shaders/Private/VolumetricLightmapStreaming.usf" 2315
"../../../Engine/Shaders/Private/PhysicsFieldReset.usf" 2316
"../../../Engine/Shaders/Private/PhysicsFieldBuilder.usf" 2317
"../../../Engine/Shaders/Private/PhysicsFieldEval.ush" 2318
"../../../Engine/Shaders/Private/ParticleSortKeyGen.usf" 2319
"../../../Engine/Shaders/Private/ParticleBoundsShader.usf" 2320
"../../../Engine/Shaders/Private/ParticleSimVisualizeShader.usf" 2321
"../../../Engine/Shaders/Private/ParticleInjectionShader.usf" 2322
"../../../Engine/Shaders/Private/ParticleSimulationShader.usf" 2323
"../../../Engine/Shaders/Private/ParticleCurveInjectionShader.usf" 2324
"../../../Engine/Shaders/Private/CopyUIntBuffer.usf" 2325
"../../../Engine/Shaders/Private/RadixSortShaders.usf" 2326
"../../../Engine/Shaders/Private/RecomputeTangentsPerVertexPass.usf" 2327
"../../../Engine/Shaders/Private/RecomputeTangentsCommon.ush" 2328
"../../../Engine/Shaders/Private/RecomputeTangentsPerTrianglePass.usf" 2329
"../../../Engine/Shaders/Private/GpuSkinCacheComputeShader.usf" 2330
"../../../Engine/Shaders/Private/HeightFieldAtlasManagement.usf" 2331
"../../../Engine/Shaders/Private/Landscape/LandscapeEditLayersUtils.usf" 2332
"../../../Engine/Shaders/Private/Landscape/LandscapeCommon.ush" 2333
"../../../Engine/Shaders/Private/Landscape/LandscapeEditLayersWeightmaps.usf" 2334
"../../../Engine/Shaders/Private/Landscape/LandscapeEditLayersHeightmaps.usf" 2335
"../../../Engine/Shaders/Private/Landscape/LandscapeLayersWeightmapsPS.usf" 2336
"../../../Engine/Shaders/Private/Landscape/LandscapeLayersHeightmapsPS.usf" 2337
"../../../Engine/Shaders/Private/LandscapeLayersCS.usf" 2338
"../../../Engine/Shaders/Private/LandscapeLayersPS.usf" 2339
"../../../Engine/Shaders/Private/LandscapeLayersVS.usf" 2340
"../../../Engine/Shaders/Private/LandscapePhysicalMaterial.usf" 2341
"../../../Engine/Shaders/Private/LandscapeGrassWeight.usf" 2342
"../../../Engine/Shaders/Private/Landscape/LandscapeCulling.usf" 2343
"../../../Engine/Shaders/Private/Nanite/NaniteHZBCull.ush" 2344
"../../../Engine/Shaders/Private/HZB.ush" 2345
"../../../Engine/Shaders/Private/Landscape/LandscapeMergeTexturesPS.usf" 2346
"../../../Engine/Shaders/Private/WideCustomResolveShaders.usf" 2347
"../../../Engine/Shaders/Private/WideCustomResolve_Wide.ush" 2348
"../../../Engine/Shaders/Private/WideCustomResolve_Wider.ush" 2349
"../../../Engine/Shaders/Private/WideCustomResolve_Widest.ush" 2350
"../../../Engine/Shaders/Private/WaterInfoTextureBlur.usf" 2351
"../../../Engine/Shaders/Private/WaterInfoTextureMerge.usf" 2352
"../../../Engine/Shaders/Private/PageTableUpdate.usf" 2353
"../../../Engine/Shaders/Private/VirtualTextureCompress.usf" 2354
"../../../Engine/Shaders/Private/ASTCCompressionCommon.ush" 2355
"../../../Engine/Shaders/Private/IntegerSequenceEncoding.ush" 2356
"../../../Engine/Shaders/Private/ETCCompressionCommon.ush" 2357
"../../../Engine/Shaders/Private/VirtualTextureMaterial.usf" 2358
"../../../Engine/Shaders/Private/PixelShaderOutputCommon.ush" 2359
"../../../Engine/Shaders/Private/ShaderOutputCommon.ush" 2360
"../../../Engine/Shaders/Private/VolumetricRenderTarget.usf" 2361
"../../../Engine/Shaders/Private/HeightFogCommon.ush" 2362
"../../../Engine/Shaders/Private/LocalFogVolumes/LocalFogVolumeCommon.ush" 2363
"../../../Engine/Shaders/Private/ReflectionEnvironmentShared.ush" 2364
"../../../Engine/Shaders/Private/VolumetricFogVoxelization.usf" 2365
"../../../Engine/Shaders/Private/VolumetricCloudMaterialPixelCommon.ush" 2366
"../../../Engine/Shaders/Private/VolumetricFogLightFunction.usf" 2367
"../../../Engine/Shaders/Private/LightFunctionCommon.ush" 2368
"../../../Engine/Shaders/Private/VolumetricFog.usf" 2369
"../../../Engine/Shaders/Private/DeferredLightingCommon.ush" 2370
"../../../Engine/Shaders/Private/DynamicLightingCommon.ush" 2371
"../../../Engine/Shaders/Private/CapsuleLightIntegrate.ush" 2372
"../../../Engine/Shaders/Private/CapsuleLightSampling.ush" 2373
"../../../Engine/Shaders/Private/RectLightIntegrate.ush" 2374
"../../../Engine/Shaders/Private/ScreenSpaceShadowRayCast.ush" 2375
"../../../Engine/Shaders/Private/LightFunctionAtlas/LightFunctionAtlasCommon.usf" 2376
"../../../Engine/Shaders/Private/HeterogeneousVolumes/HeterogeneousVolumesAdaptiveVolumetricShadowMapSampling.ush" 2377
"../../../Engine/Shaders/Private/HeterogeneousVolumes/HeterogeneousVolumesAdaptiveVolumetricShadowMapUtils.ush" 2378
"../../../Engine/Shaders/Private/HeterogeneousVolumes/HeterogeneousVolumesRayMarchingUtils.ush" 2379
"../../../Engine/Shaders/Private/HeterogeneousVolumes/HeterogeneousVolumesRayMarchingTypes.ush" 2380
"../../../Engine/Shaders/Private/PathTracing/Utilities/PathTracingRandomSequence.ush" 2381
"../../../Engine/Shaders/Private/HeterogeneousVolumes/HeterogeneousVolumesTracingUtils.ush" 2382
"../../../Engine/Shaders/Private/VelocityCommon.ush" 2383
"../../../Engine/Shaders/Private/HeterogeneousVolumes/HeterogeneousVolumesTransmittanceVolumeUtils.ush" 2384
"../../../Engine/Shaders/Private/ForwardShadowingCommon.ush" 2385
"../../../Engine/Shaders/Private/ShadowFilteringCommon.ush" 2386
"../../../Engine/Shaders/Private/PixelQuadMessagePassing.ush" 2387
"../../../Engine/Shaders/Private/VolumeLightingCommon.ush" 2388
"../../../Engine/Shaders/Private/ShadowProjectionCommon.ush" 2389
"../../../Engine/Shaders/Private/VolumeLightingCommonSampling.ush" 2390
"../../../Engine/Shaders/Private/Lumen/LumenTranslucencyVolumeShared.ush" 2391
"../../../Engine/Shaders/Private/Lumen/LumenRadianceCacheInterpolation.ush" 2392
"../../../Engine/Shaders/Private/HeterogeneousVolumes/HeterogeneousVolumesAdaptiveVolumetricShadowMapSampler.ush" 2393
"../../../Engine/Shaders/Private/LightGridCommon.ush" 2394
"../../../Engine/Shaders/Private/DistanceFieldAOShared.ush" 2395
"../../../Engine/Shaders/Private/IntersectionUtils.ush" 2396
"../../../Engine/Shaders/Private/VolumetricLightmapShared.ush" 2397
"../../../Engine/Shaders/Private/LightDataUniforms.ush" 2398
"../../../Engine/Shaders/Private/VirtualShadowMaps/VirtualShadowMapProjectionCommon.ush" 2399
"../../../Engine/Shaders/Private/VirtualShadowMaps/VirtualShadowMapPageAccessCommon.ush" 2400
"../../../Engine/Shaders/Shared/VirtualShadowMapDefinitions.h" 2401
"../../../Engine/Shaders/Shared/HLSLMathAliases.h" 2402
"../../../Engine/Shaders/Private/VirtualShadowMaps/VirtualShadowMapProjectionStructs.ush" 2403
"../../../Engine/Shaders/Private/VolumetricCloudCommon.ush" 2404
"../../../Engine/Shaders/Private/VolumetricCloud.usf" 2405
"../../../Engine/Shaders/Private/VisualizeVolumetricLightmap.usf" 2406
"../../../Engine/Shaders/Private/VirtualShadowMaps/VirtualShadowMapProjectionComposite.usf" 2407
"../../../Engine/Shaders/Private/LightShaderParameters.ush" 2408
"../../../Engine/Shaders/Private/VirtualShadowMaps/VirtualShadowMapMaskBitsCommon.ush" 2409
"../../../Engine/Shaders/Private/VirtualShadowMaps/VirtualShadowMapLightGrid.ush" 2410
"../../../Engine/Shaders/Private/VirtualShadowMaps/VirtualShadowMapProjection.usf" 2411
"../../../Engine/Shaders/Private/Visualization.ush" 2412
"../../../Engine/Shaders/Private/VirtualShadowMaps/VirtualShadowMapProjectionFilter.ush" 2413
"../../../Engine/Shaders/Private/VirtualShadowMaps/VirtualShadowMapProjectionDirectional.ush" 2414
"../../../Engine/Shaders/Private/VirtualShadowMaps/VirtualShadowMapSMRTCommon.ush" 2415
"../../../Engine/Shaders/Private/VirtualShadowMaps/VirtualShadowMapSMRTTemplate.ush" 2416
"../../../Engine/Shaders/Private/VirtualShadowMaps/VirtualShadowMapProjectionSpot.ush" 2417
"../../../Engine/Shaders/Private/VirtualShadowMaps/VirtualShadowMapTransmissionCommon.ush" 2418
"../../../Engine/Shaders/Private/VirtualShadowMaps/VirtualShadowMapScreenRayTrace.ush" 2419
"../../../Engine/Shaders/Private/VirtualShadowMaps/VirtualShadowMapStats.ush" 2420
"../../../Engine/Shaders/Private/HairStrands/HairStrandsVoxelPageCommon.ush" 2421
"../../../Engine/Shaders/Private/HairStrands/HairStrandsVoxelPageTraversal.ush" 2422
"../../../Engine/Shaders/Private/VirtualShadowMaps/VirtualShadowMapCacheGPUInvalidation.usf" 2423
"../../../Engine/Shaders/Private/VirtualShadowMaps/VirtualShadowMapPageCacheCommon.ush" 2424
"../../../Engine/Shaders/Private/VirtualShadowMaps/VirtualShadowMapCacheInvalidation.ush" 2425
"../../../Engine/Shaders/Private/VirtualShadowMaps/VirtualShadowMapPageOverlap.ush" 2426
"../../../Engine/Shaders/Private/ScreenSpaceDenoise/SSDDefinitions.ush" 2427
"../../../Engine/Shaders/Private/InstanceCulling/InstanceCullingLoadBalancer.ush" 2428
"../../../Engine/Shaders/Private/VirtualShadowMaps/VirtualShadowMapCacheLoadBalancer.usf" 2429
"../../../Engine/Shaders/Private/VirtualShadowMaps/VirtualShadowMapCopyStats.usf" 2430
"../../../Engine/Shaders/Private/VirtualShadowMaps/VirtualShadowMapDebug.usf" 2431
"../../../Engine/Shaders/Private/VirtualShadowMaps/Desaturate.usf" 2432
"../../../Engine/Shaders/Private/VirtualShadowMaps/VirtualShadowMapPhysicalPageManagement.usf" 2433
"../../../Engine/Shaders/Private/ReductionCommon.ush" 2434
"../../../Engine/Shaders/Private/GPUMessaging.ush" 2435
"../../../Engine/Shaders/Private/VirtualShadowMaps/VirtualShadowMapPerPageDispatch.ush" 2436
"../../../Engine/Shaders/Private/VirtualShadowMaps/VirtualShadowMapCompactViews.usf" 2437
"../../../Engine/Shaders/Shared/SceneCullingDefinitions.h" 2438
"../../../Engine/Shaders/Private/VirtualShadowMaps/VirtualShadowMapBuildPerPageDrawCommands.usf" 2439
"../../../Engine/Shaders/Private/Nanite/NaniteCullingCommon.ush" 2440
"../../../Engine/Shaders/Private/Nanite/NaniteCulling.ush" 2441
"../../../Engine/Shaders/Private/Nanite/NaniteHierarchyTraversalCommon.ush" 2442
"../../../Engine/Shaders/Private/InstanceCulling/InstanceCullingCommon.ush" 2443
"../../../Engine/Shaders/Shared/InstanceCullingDefinitions.h" 2444
"../../../Engine/Shaders/Private/VirtualShadowMaps/VirtualShadowMapPrintStats.usf" 2445
"../../../Engine/Shaders/Private/VirtualShadowMaps/VirtualShadowMapPageManagement.usf" 2446
"../../../Engine/Shaders/Private/VirtualShadowMaps/VirtualShadowMapPageMarking.usf" 2447
"../../../Engine/Shaders/Shared/SingleLayerWaterDefinitions.h" 2448
"../../../Engine/Shaders/Private/HairStrands/HairStrandsTileCommon.ush" 2449
"../../../Engine/Shaders/Private/Froxel/Froxel.ush" 2450
"../../../Engine/Shaders/Shared/FroxelDefinitions.h" 2451
"../../../Engine/Shaders/Private/DiaphragmDOF/DOFCommon.ush" 2452
"../../../Engine/Shaders/Private/VariableRateShading/VRSShadingRatePreview.usf" 2453
"../../../Engine/Shaders/Private/VariableRateShading/VRSShadingRateCommon.ush" 2454
"../../../Engine/Shaders/Private/VariableRateShading/VRSShadingRateCombine.usf" 2455
"../../../Engine/Shaders/Private/VariableRateShading/VRSShadingRateFoveated.usf" 2456
"../../../Engine/Shaders/Private/VariableRateShading/VRSShadingRateReproject.usf" 2457
"../../../Engine/Shaders/Private/VariableRateShading/VRSShadingRateCalculate.usf" 2458
"../../../Engine/Shaders/Private/TranslucencyUpsampling.usf" 2459
"../../../Engine/Shaders/Private/ComposeSeparateTranslucency.usf" 2460
"../../../Engine/Shaders/Private/SeparateTranslucency.ush" 2461
"../../../Engine/Shaders/Private/TranslucentLightInjectionShaders.usf" 2462
"../../../Engine/Shaders/Private/TranslucentShadowDepthShaders.usf" 2463
"../../../Engine/Shaders/Private/ShadowDepthCommon.ush" 2464
"../../../Engine/Shaders/Private/RayTracing/RayTracingTest.usf" 2465
"../../../Engine/Shaders/Private/PostprocessSubsurfaceTile.usf" 2466
"../../../Engine/Shaders/Private/PostProcessSubsurfaceCommon.ush" 2467
"../../../Engine/Shaders/Private/Substrate/SubstrateVisualize.usf" 2468
"../../../Engine/Shaders/Private/Substrate/SubstrateTile.ush" 2469
"../../../Engine/Shaders/Shared/SubstrateVisualizeDefinitions.h" 2470
"../../../Engine/Shaders/Private/Substrate/SubstrateVisualizeCommon.ush" 2471
"../../../Engine/Shaders/Private/SkyLightingDiffuseShared.ush" 2472
"../../../Engine/Shaders/Private/SkyLightingShared.ush" 2473
"../../../Engine/Shaders/Private/ClearCoatCommon.ush" 2474
"../../../Engine/Shaders/Private/ReflectionEnvironmentComposite.ush" 2475
"../../../Engine/Shaders/Private/Substrate/SubstrateLightingCommon.ush" 2476
"../../../Engine/Shaders/Private/Substrate/SubstrateRoughRefraction.usf" 2477
"../../../Engine/Shaders/Private/PathTracing/Material/PathTracingFresnel.ush" 2478
"../../../Engine/Shaders/Private/PathTracing/Material/PathTracingGlossy.ush" 2479
"../../../Engine/Shaders/Private/Substrate/SubstrateMaterialSampling.usf" 2480
"../../../Engine/Shaders/Private/Substrate/SubstrateMaterialSampling.ush" 2481
"../../../Engine/Shaders/Private/Lumen/LumenPosition.ush" 2482
"../../../Engine/Shaders/Private/Substrate/SubstrateTile.usf" 2483
"../../../Engine/Shaders/Private/Substrate/SubstrateMaterialClassification.usf" 2484
"../../../Engine/Shaders/Private/Substrate/SubstrateDBuffer.usf" 2485
"../../../Engine/Shaders/Private/StochasticLighting/StochasticLightingDenoising.usf" 2486
"../../../Engine/Shaders/Private/Lumen/LumenMaterial.ush" 2487
"../../../Engine/Shaders/Private/StochasticLighting/StochasticLightingCommon.ush" 2488
"../../../Engine/Shaders/Private/SplineMeshSceneTexture.usf" 2489
"../../../Engine/Shaders/Private/SparseVolumeTexture/VisualizeSparseVolumeTexture.usf" 2490
"../../../Engine/Shaders/Private/SkyAtmosphere.usf" 2491
"../../../Engine/Shaders/Private/Skinning/SkinnedMeshDebug.usf" 2492
"../../../Engine/Shaders/Private/Skinning/AnimBankEval.usf" 2493
"../../../Engine/Shaders/Private/SingleLayerWaterComposite.usf" 2494
"../../../Engine/Shaders/Private/Froxel/FroxelBuild.ush" 2495
"../../../Engine/Shaders/Private/SingleLayerWaterRefractionCulling.usf" 2496
"../../../Engine/Shaders/Private/ScreenSpaceShadows.usf" 2497
"../../../Engine/Shaders/Private/bend_sss_gpu.ush" 2498
"../../../Engine/Shaders/Private/ShadowFactorsUpsampleCommon.ush" 2499
"../../../Engine/Shaders/Private/FirstPersonSelfShadow.usf" 2500
"../../../Engine/Shaders/Private/HZBTracing.ush" 2501
"../../../Engine/Shaders/Private/ShadowProjectionVertexShader.usf" 2502
"../../../Engine/Shaders/Private/ShadowProjectionPixelShader.usf" 2503
"../../../Engine/Shaders/Private/MobileLightingCommon.ush" 2504
"../../../Engine/Shaders/Private/PlanarReflectionShared.ush" 2505
"../../../Engine/Shaders/Private/MobileSSR.ush" 2506
"../../../Engine/Shaders/Private/SSRT/SSRTRayCast.ush" 2507
"../../../Engine/Shaders/Private/ShadowPercentageCloserFiltering.ush" 2508
"../../../Engine/Shaders/Private/TransmissionThickness.ush" 2509
"../../../Engine/Shaders/Private/CopyShadowMaps.usf" 2510
"../../../Engine/Shaders/Private/ShadowDepthPixelShader.usf" 2511
"../../../Engine/Shaders/Private/ShadowDepthVertexShader.usf" 2512
"../../../Engine/Shaders/Private/ShadingEnergyConservationTable.usf" 2513
"../../../Engine/Shaders/Shared/PathTracingDefinitions.h" 2514
"../../../Engine/Shaders/Private/ShadingFurnaceTest.usf" 2515
"../../../Engine/Shaders/Private/Substrate/SubstrateDeferredLighting.ush" 2516
"../../../Engine/Shaders/Private/ShaderPrintDraw.usf" 2517
"../../../Engine/Shaders/Private/ShaderPrintDrawPrimitive.usf" 2518
"../../../Engine/Shaders/Private/DefaultSSRTiles.usf" 2519
"../../../Engine/Shaders/Private/ScreenSpaceReflectionTileCommons.ush" 2520
"../../../Engine/Shaders/Private/SSRT/SSRTDiffuseIndirect.usf" 2521
"../../../Engine/Shaders/Private/SSRT/SSRTTileClassificationBuffer.ush" 2522
"../../../Engine/Shaders/Private/SSRT/SSRTReflections.usf" 2523
"../../../Engine/Shaders/Private/ScreenSpaceDenoise/SSDPublic.ush" 2524
"../../../Engine/Shaders/Private/SSRT/SSRTTileClassification.usf" 2525
"../../../Engine/Shaders/Private/SSRT/SSRTPrevFrameReduction.usf" 2526
"../../../Engine/Shaders/Private/ScreenSpaceDenoise/SSDComposeHarmonics.usf" 2527
"../../../Engine/Shaders/Private/ScreenSpaceDenoise/SSDPublicHarmonics.ush" 2528
"../../../Engine/Shaders/Private/ScreenSpaceDenoise/SSDSignalFramework.ush" 2529
"../../../Engine/Shaders/Private/ScreenSpaceDenoise/SSDCommon.ush" 2530
"../../../Engine/Shaders/Private/SphericalGaussian.ush" 2531
"../../../Engine/Shaders/Public/WaveBroadcastIntrinsics.ush" 2532
"../../../Engine/Shaders/Private/ScreenSpaceDenoise/SSDMetadata.ush" 2533
"../../../Engine/Shaders/Private/ScreenSpaceDenoise/SSDSignalCore.ush" 2534
"../../../Engine/Shaders/Private/ScreenSpaceDenoise/DenoisingCommon.ush" 2535
"../../../Engine/Shaders/Private/ScreenSpaceDenoise/SSDSignalArray.ush" 2536
"../../../Engine/Shaders/Private/ScreenSpaceDenoise/SSDSignalBufferEncoding.ush" 2537
"../../../Engine/Shaders/Private/ScreenSpaceDenoise/SSDPublicBufferEncoding.ush" 2538
"../../../Engine/Shaders/Private/Lumen/LumenBufferEncoding.ush" 2539
"../../../Engine/Shaders/Private/ScreenSpaceDenoise/SSDTemporalAccumulation.usf" 2540
"../../../Engine/Shaders/Private/ScreenSpaceDenoise/SSDSpatialKernel.ush" 2541
"../../../Engine/Shaders/Private/ScreenSpaceDenoise/SSDSignalAccumulatorArray.ush" 2542
"../../../Engine/Shaders/Private/ScreenSpaceDenoise/SSDSignalAccumulator.ush" 2543
"../../../Engine/Shaders/Private/ScreenSpaceDenoise/SSDSignalCompression.ush" 2544
"../../../Engine/Shaders/Private/ScreenSpaceDenoise/SSDSpatialAccumulation.usf" 2545
"../../../Engine/Shaders/Private/ScreenSpaceDenoise/SSDInjest.usf" 2546
"../../../Engine/Shaders/Private/ScreenSpaceDenoise/SSDCompressMetadata.usf" 2547
"../../../Engine/Shaders/Private/DownsampleDepthPixelShader.usf" 2548
"../../../Engine/Shaders/Private/ScreenPass.usf" 2549
"../../../Engine/Shaders/Private/HZB.usf" 2550
"../../../Engine/Shaders/Private/OcclusionFeedbackShaders.usf" 2551
"../../../Engine/Shaders/Private/HZBOcclusion.usf" 2552
"../../../Engine/Shaders/Private/OcclusionQueryPixelShader.usf" 2553
"../../../Engine/Shaders/Private/OcclusionQueryVertexShader.usf" 2554
"../../../Engine/Shaders/Private/HitProxyCopy.usf" 2555
"../../../Engine/Shaders/Private/HitProxyPixelShader.usf" 2556
"../../../Engine/Shaders/Private/HitProxyVertexShader.usf" 2557
"../../../Engine/Shaders/Private/SceneCulling/SceneCullingDebugRender.usf" 2558
"../../../Engine/Shaders/Private/SceneCulling/SceneCulling.ush" 2559
"../../../Engine/Shaders/Private/SceneCulling/SceneCullingBuildExplicitBounds.usf" 2560
"../../../Engine/Shaders/Private/SceneCapturePixelShader.usf" 2561
"../../../Engine/Shaders/Private/RendererUtils.usf" 2562
"../../../Engine/Shaders/Private/RTWriteMaskDecode.usf" 2563
"../../../Engine/Shaders/Private/ReflectionEnvironmentShaders.usf" 2564
"../../../Engine/Shaders/Private/RectLightAtlas.usf" 2565
"../../../Engine/Shaders/Private/RayTracing/TraceRayInlineStatistics.usf" 2566
"../../../Engine/Shaders/Private/RayTracing/CompositeSkyLightPS.usf" 2567
"../../../Engine/Shaders/Private/RayTracing/GenerateSkyLightVisibilityRaysCS.usf" 2568
"../../../Engine/Shaders/Private/RayTracing/RayTracingSkyLightCommon.ush" 2569
"../../../Engine/Shaders/Private/RayTracing/SkyLightVisibilityRaysData.ush" 2570
"../../../Engine/Shaders/Private/Raytracing/RaytracingSkylightRGS.usf" 2571
"../../../Engine/Shaders/Private/HairStrands/HairStrandsRaytracing.ush" 2572
"../../../Engine/Shaders/Private/Raytracing/RayTracingSkyLightEvaluation.ush" 2573
"../../../Engine/Shaders/Private/Raytracing/RayTracingDeferredShadingCommon.ush" 2574
"../../../Engine/Shaders/Private/RayTracing/RayTracingOcclusionRGS.usf" 2575
"../../../Engine/Shaders/Private/RayTracing/RayTracingDirectionalLight.ush" 2576
"../../../Engine/Shaders/Private/RayTracing/RayTracingRectLight.ush" 2577
"../../../Engine/Shaders/Private/RayTracing/RayTracingSphereLight.ush" 2578
"../../../Engine/Shaders/Private/RayTracing/RayTracingCapsuleLight.ush" 2579
"../../../Engine/Shaders/Private/Raytracing/RayTracingFeedback.usf" 2580
"../../../Engine/Shaders/Shared/RayTracingDebugTypes.h" 2581
"../../../Engine/Shaders/Private/RayTracing/RayTracingPrimaryRays.usf" 2582
"../../../Engine/Shaders/Private/RayTracing/RayTracingLightingCommon.ush" 2583
"../../../Engine/Shaders/Private/RayTracing/RayTracingLightCullingCommon.ush" 2584
"../../../Engine/Shaders/Private/RayTracing/RayTracingMaterialDefaultHitShaders.usf" 2585
"../../../Engine/Shaders/Private/RayTracing/RayTracingMaterialHitShaders.usf" 2586
"../../../Engine/Shaders/Private/RayTracing/RayTracingShaderUtils.ush" 2587
"../../../Engine/Shaders/Private/RayTracing/RayTracingCalcInterpolants.ush" 2588
"../../../Engine/Shaders/Private/LightmapCommon.ush" 2589
"../../../Engine/Shaders/Private/Lumen/LumenHardwareRayTracingPayloadCommon.ush" 2590
"../../../Engine/Shaders/Shared/LumenDefinitions.h" 2591
"../../../Engine/Shaders/Private/Substrate/SubstrateExport.ush" 2592
"../../../Engine/Shaders/Private/RayTracing/RayTracingLightingMS.usf" 2593
"../../../Engine/Shaders/Private/Lumen/LumenDiffuseColorBoost.ush" 2594
"../../../Engine/Shaders/Private/RayTracing/RayTracingLightFunctionCommon.ush" 2595
"../../../Engine/Shaders/Private/RayTracing/RayTracingBuildLightGrid.usf" 2596
"../../../Engine/Shaders/Private/Raytracing/RayTracingInstanceBufferUtil.usf" 2597
"../../../Engine/Shaders/Private/RayTracing/RayTracingDynamicMesh.usf" 2598
"../../../Engine/Shaders/Private/RayTracing/RayTracingDefaultDecalHitShader.usf" 2599
"../../../Engine/Shaders/Private/RayTracing/RayTracingDecalMaterialShader.usf" 2600
"../../../Engine/Shaders/Private/PathTracing/PathTracingShaderUtils.ush" 2601
"../../../Engine/Shaders/Private/PathTracing/PathTracingCommon.ush" 2602
"../../../Engine/Shaders/Private/PathTracing/Material/PathTracingMaterialCommon.ush" 2603
"../../../Engine/Shaders/Private/PathTracing/Utilities/PathTracingRIS.ush" 2604
"../../../Engine/Shaders/Private/RayTracing/RayTracingBuildDecalGrid.usf" 2605
"../../../Engine/Shaders/Private/RayTracing/RayTracingDebugHitStatsUtils.usf" 2606
"../../../Engine/Shaders/Private/RayTracing/RayTracingDebugInstanceOverlap.usf" 2607
"../../../Engine/Shaders/Private/RayTracing/RayTracingDebugPicking.usf" 2608
"../../../Engine/Shaders/Private/RayTracing/RayTracingDebugUtils.ush" 2609
"../../../Engine/Shaders/Private/RayTracing/RayTracingDebugTraversal.usf" 2610
"../../../Engine/Shaders/Private/RayTracing/RayTracingDeferredMaterials.ush" 2611
"../../../Engine/Shaders/Shared/ThirdParty/AMD/ags_shader_intrinsics_dx12.h" 2612
"../../../Engine/Shaders/Shared/RayTracingDebugDefinitions.h" 2613
"../../../Engine/Shaders/Private/RayTracing/RayTracingDebugHitStatsCHS.usf" 2614
"../../../Engine/Shaders/Private/RayTracing/RayTracingDebugHitStats.usf" 2615
"../../../Engine/Shaders/Private/RayTracing/RayTracingDebugMS.usf" 2616
"../../../Engine/Shaders/Private/RayTracing/RayTracingDebugCHS.usf" 2617
"../../../Engine/Shaders/Private/RayTracing/RayTracingDebug.usf" 2618
"../../../Engine/Shaders/Private/RayTracing/RayTracingBuiltInShaders.usf" 2619
"../../../Engine/Shaders/Private/RayTracing/RayTracingBarycentrics.usf" 2620
"../../../Engine/Shaders/Private/RayTracing/RayTracingAmbientOcclusionRGS.usf" 2621
"../../../Engine/Shaders/Private/VisualizeShadingModels.usf" 2622
"../../../Engine/Shaders/Private/MotionBlur/VisualizeMotionVectors.usf" 2623
"../../../Engine/Shaders/Private/TemporalSuperResolution/TSRVisualize.usf" 2624
"../../../Engine/Shaders/Private/TemporalSuperResolution/TSRColorSpace.ush" 2625
"../../../Engine/Shaders/Private/TemporalSuperResolution/TSRCommon.ush" 2626
"../../../Engine/Shaders/Public/DualPixelVectorization.ush" 2627
"../../../Engine/Shaders/Private/TemporalSuperResolution/TSRReprojectionField.ush" 2628
"../../../Engine/Shaders/Private/TemporalSuperResolution/TSRResolveHistory.usf" 2629
"../../../Engine/Shaders/Private/TemporalSuperResolution/TSRConvolutionNetwork.ush" 2630
"../../../Engine/Shaders/Private/TemporalSuperResolution/TSRKernels.ush" 2631
"../../../Engine/Shaders/Public/LaneVectorization.ush" 2632
"../../../Engine/Shaders/Private/TemporalSuperResolution/TSRUpdateHistory.usf" 2633
"../../../Engine/Shaders/Private/TemporalSuperResolution/TSRSpatialAntiAliasing.ush" 2634
"../../../Engine/Shaders/Private/TemporalSuperResolution/TSRSpatialAntiAliasing.usf" 2635
"../../../Engine/Shaders/Private/TemporalSuperResolution/TSRRejectShading.usf" 2636
"../../../Engine/Shaders/Private/TemporalSuperResolution/TSRShadingAnalysis.ush" 2637
"../../../Engine/Shaders/Private/TemporalSuperResolution/TSRConvolutionNetworkPass.ush" 2638
"../../../Engine/Shaders/Private/TemporalSuperResolution/TSRDecimateHistory.usf" 2639
"../../../Engine/Shaders/Private/TemporalSuperResolution/TSRDepthVelocityAnalysis.ush" 2640
"../../../Engine/Shaders/Private/TemporalSuperResolution/TSRClosestOccluder.ush" 2641
"../../../Engine/Shaders/Private/TemporalSuperResolution/TSRWeightRelaxation.usf" 2642
"../../../Engine/Shaders/Private/TemporalSuperResolution/TSRThinGeometryCommon.ush" 2643
"../../../Engine/Shaders/Private/TemporalSuperResolution/TSRDetectThinGeometry.usf" 2644
"../../../Engine/Shaders/Private/TemporalSuperResolution/TSRDilateVelocity.usf" 2645
"../../../Engine/Shaders/Private/MotionBlur/MotionBlurVelocityFlatten.ush" 2646
"../../../Engine/Shaders/Private/MotionBlur/MotionBlurCommon.ush" 2647
"../../../Engine/Shaders/Private/TemporalSuperResolution/TSRClearPrevTextures.usf" 2648
"../../../Engine/Shaders/Private/TemporalSuperResolution/TSRMeasureCoverage.usf" 2649
"../../../Engine/Shaders/Private/TemporalSuperResolution/TSRMeasureFlickeringLuma.usf" 2650
"../../../Engine/Shaders/Private/TemporalAA.usf" 2651
"../../../Engine/Shaders/Private/FilterPixelShader.usf" 2652
"../../../Engine/Shaders/Private/FilterVertexShader.usf" 2653
"../../../Engine/Shaders/Private/VisualizeVirtualTexture.usf" 2654
"../../../Engine/Shaders/Private/PostProcessVisualizeBuffer.usf" 2655
"../../../Engine/Shaders/Private/PostProcessVisualizeLocalExposure.usf" 2656
"../../../Engine/Shaders/Private/PostProcessHistogramCommon.ush" 2657
"../../../Engine/Shaders/Private/TonemapCommon.ush" 2658
"../../../Engine/Shaders/Private/ACES/ACESCommon.ush" 2659
"../../../Engine/Shaders/Private/ACES/ACESOutputTransform.ush" 2660
"../../../Engine/Shaders/Private/ACES/ACESUtilities.ush" 2661
"../../../Engine/Shaders/Private/ACES/ACESTonescale.ush" 2662
"../../../Engine/Shaders/Private/ACES/ACESDisplayEncoding.ush" 2663
"../../../Engine/Shaders/Private/ACES/ACES_v1.3.ush" 2664
"../../../Engine/Shaders/Private/PostProcessVisualizeLevelInstance.usf" 2665
"../../../Engine/Shaders/Private/PostProcessVisualizeHDR.usf" 2666
"../../../Engine/Shaders/Private/ShaderComplexityApplyPixelShader.usf" 2667
"../../../Engine/Shaders/Private/QuadOverdraw.ush" 2668
"../../../Engine/Shaders/Private/PostProcessUpscale.usf" 2669
"../../../Engine/Shaders/Private/PostProcessTonemap.usf" 2670
"../../../Engine/Shaders/Private/PostProcessing/FilmGrainPackConstants.usf" 2671
"../../../Engine/Shaders/Private/PostProcessing/FilmGrainReduce.usf" 2672
"../../../Engine/Shaders/Private/PostProcessTestImage.usf" 2673
"../../../Engine/Shaders/Private/PostProcessSubsurface.usf" 2674
"../../../Engine/Shaders/Private/SeparableSSS.ush" 2675
"../../../Engine/Shaders/Private/SubsurfaceBurleyNormalized.ush" 2676
"../../../Engine/Shaders/Private/PostProcessSelectionOutline.usf" 2677
"../../../Engine/Shaders/Private/MotionBlur/MotionBlurVisualize.usf" 2678
"../../../Engine/Shaders/Private/MotionBlur/MotionBlurApply.usf" 2679
"../../../Engine/Shaders/Private/MotionBlur/MotionBlurFilterTileClassify.usf" 2680
"../../../Engine/Shaders/Private/MotionBlur/MotionBlurTileScatter.usf" 2681
"../../../Engine/Shaders/Private/MotionBlur/MotionBlurTileGather.usf" 2682
"../../../Engine/Shaders/Private/MotionBlur/MotionBlurVelocityFlatten.usf" 2683
"../../../Engine/Shaders/Private/PostProcessMobile.usf" 2684
"../../../Engine/Shaders/Private/PostProcessMitchellNetravali.usf" 2685
"../../../Engine/Shaders/Private/PostProcessMaterialShaders.usf" 2686
"../../../Engine/Shaders/Private/NeuralPostProcessCommon.usf" 2687
"../../../Engine/Shaders/Private/PostProcessLocalExposure.usf" 2688
"../../../Engine/Shaders/Private/PostProcessLensFlares.usf" 2689
"../../../Engine/Shaders/Private/PostProcessGBufferHints.usf" 2690
"../../../Engine/Shaders/Private/PostProcessHMD.usf" 2691
"../../../Engine/Shaders/Private/Histogram.usf" 2692
"../../../Engine/Shaders/Private/PostProcessHistogramReduce.usf" 2693
"../../../Engine/Shaders/Private/PostProcessHistogram.usf" 2694
"../../../Engine/Shaders/Private/Bloom/BloomFinalizeApplyConstants.usf" 2695
"../../../Engine/Shaders/Private/Bloom/BloomCommon.ush" 2696
"../../../Engine/Shaders/Private/Bloom/BloomResizeKernel.usf" 2697
"../../../Engine/Shaders/Private/Bloom/BloomDownsampleKernel.usf" 2698
"../../../Engine/Shaders/Private/Bloom/BloomClampKernel.usf" 2699
"../../../Engine/Shaders/Private/Bloom/BloomPackKernelConstants.usf" 2700
"../../../Engine/Shaders/Private/Bloom/BloomSumScatterDispersionEnergy.usf" 2701
"../../../Engine/Shaders/Private/Bloom/BloomReduceKernelSurvey.usf" 2702
"../../../Engine/Shaders/Private/Bloom/BloomSurveyKernelCenterEnergy.usf" 2703
"../../../Engine/Shaders/Private/Bloom/BloomSurveyMaxScatterDispersion.usf" 2704
"../../../Engine/Shaders/Private/Bloom/BloomFindKernelCenter.usf" 2705
"../../../Engine/Shaders/Private/PostProcessEyeAdaptation.usf" 2706
"../../../Engine/Shaders/Private/TranslucencyVolumeCommon.ush" 2707
"../../../Engine/Shaders/Private/PostProcessEyeAdaptationUtils.usf" 2708
"../../../Engine/Shaders/Private/PostProcessDownsample.usf" 2709
"../../../Engine/Shaders/Private/PostProcessDOF.usf" 2710
"../../../Engine/Shaders/Private/PostProcessDeviceEncodingOnly.usf" 2711
"../../../Engine/Shaders/Private/PostProcessCompositePrimitives.usf" 2712
"../../../Engine/Shaders/Private/PostProcessCombineLUTs.usf" 2713
"../../../Engine/Shaders/Private/PostProcessVisualizeDOF.usf" 2714
"../../../Engine/Shaders/Private/PostProcessBloom.usf" 2715
"../../../Engine/Shaders/Private/PostProcessAmbientOcclusionMobile.usf" 2716
"../../../Engine/Shaders/Private/PostProcessAmbientOcclusionCommon.ush" 2717
"../../../Engine/Shaders/Private/FXAAShader.usf" 2718
"../../../Engine/Shaders/Private/Fxaa3_11.ush" 2719
"../../../Engine/Shaders/Private/PaniniProjection.usf" 2720
"../../../Engine/Shaders/Private/DiaphragmDOF/DOFRecombine.usf" 2721
"../../../Engine/Shaders/Private/DiaphragmDOF/DOFHybridScatterPixelShader.usf" 2722
"../../../Engine/Shaders/Private/DiaphragmDOF/DOFHybridScatterCommon.ush" 2723
"../../../Engine/Shaders/Private/DiaphragmDOF/DOFVignetteCommon.ush" 2724
"../../../Engine/Shaders/Private/DiaphragmDOF/DOFHybridScatterVertexShader.usf" 2725
"../../../Engine/Shaders/Private/DiaphragmDOF/DOFPostfiltering.usf" 2726
"../../../Engine/Shaders/Private/DiaphragmDOF/DOFGatherTileSuggest.ush" 2727
"../../../Engine/Shaders/Private/DiaphragmDOF/DOFCocTileCommon.ush" 2728
"../../../Engine/Shaders/Private/DiaphragmDOF/DOFGatherPass.usf" 2729
"../../../Engine/Shaders/Private/DiaphragmDOF/DOFGatherCommon.ush" 2730
"../../../Engine/Shaders/Private/DiaphragmDOF/DOFGatherAccumulator.ush" 2731
"../../../Engine/Shaders/Private/DiaphragmDOF/DOFGatherKernel.ush" 2732
"../../../Engine/Shaders/Private/DiaphragmDOF/DOFBokehLUT.usf" 2733
"../../../Engine/Shaders/Private/DiaphragmDOF/DOFHybridScatterCompilation.usf" 2734
"../../../Engine/Shaders/Private/DiaphragmDOF/DOFReduce.usf" 2735
"../../../Engine/Shaders/Private/DiaphragmDOF/DOFDownsample.ush" 2736
"../../../Engine/Shaders/Private/DiaphragmDOF/DOFHybridScatterCompilation.ush" 2737
"../../../Engine/Shaders/Private/DiaphragmDOF/DOFDownsample.usf" 2738
"../../../Engine/Shaders/Private/DiaphragmDOF/DOFCocTileDilate.usf" 2739
"../../../Engine/Shaders/Private/DiaphragmDOF/DOFCocTileFlatten.usf" 2740
"../../../Engine/Shaders/Private/DiaphragmDOF/DOFSetup.usf" 2741
"../../../Engine/Shaders/Private/Tools/DebugAlphaChannel.usf" 2742
"../../../Engine/Shaders/Private/PostProcessAlphaInvert.usf" 2743
"../../../Engine/Shaders/Private/PlanarReflectionShaders.usf" 2744
"../../../Engine/Shaders/Private/PhysicsFieldVisualizer.usf" 2745
"../../../Engine/Shaders/Private/PathTracing/PathTracingSpatialTemporalDenoising.usf" 2746
"../../../Engine/Shaders/Private/ColorDifference.ush" 2747
"../../../Engine/Shaders/Private/PathTracing/PathTracingCompositingPixelShader.usf" 2748
"../../../Engine/Shaders/Private/PathTracing/PathTracingAdaptiveUtils.ush" 2749
"../../../Engine/Shaders/Private/PathTracing/PathTracingDefaultHitShader.usf" 2750
"../../../Engine/Shaders/Private/PathTracing/PathTracingGPULightmassMaterialHitShader.usf" 2751
"../../../Engine/Shaders/Private/PathTracing/PathTracingMaterialHitShader.usf" 2752
"../../../Engine/Shaders/Private/PathTracing/Material/PathTracingSubstrateCommon.ush" 2753
"../../../Engine/Shaders/Private/PathTracing/PathTracingLightingMissShader.usf" 2754
"../../../Engine/Shaders/Private/PathTracing/PathTracingMissShader.usf" 2755
"../../../Engine/Shaders/Private/PathTracing/PathTracingAdaptiveStart.usf" 2756
"../../../Engine/Shaders/Private/PathTracing/PathTracingBuildAdaptiveError.usf" 2757
"../../../Engine/Shaders/Private/PathTracing/PathTracingVolumetricCloudMaterialShader.usf" 2758
"../../../Engine/Shaders/Private/PathTracing/Volume/PathTracingCloudsMaterialCommon.ush" 2759
"../../../Engine/Shaders/Private/PathTracing/Volume/PathTracingVolumeCommon.ush" 2760
"../../../Engine/Shaders/Private/PathTracing/Volume/PathTracingCloudsCommon.ush" 2761
"../../../Engine/Shaders/Private/PathTracing/Volume/PathTracingFog.ush" 2762
"../../../Engine/Shaders/Private/PathTracing/Volume/PathTracingAtmosphere.ush" 2763
"../../../Engine/Shaders/Private/PathTracing/Volume/PathTracingAtmosphereCommon.ush" 2764
"../../../Engine/Shaders/Private/PathTracing/Volume/PathTracingVolumeSampling.ush" 2765
"../../../Engine/Shaders/Private/PathTracing/PathTracingBuildCloudAccelerationMap.usf" 2766
"../../../Engine/Shaders/Private/PathTracing/PathTracingBuildAtmosphereLUT.usf" 2767
"../../../Engine/Shaders/Private/PathTracing/PathTracingSwizzleScanlines.usf" 2768
"../../../Engine/Shaders/Private/PathTracing/PathTracingInitExtinctionCoefficient.usf" 2769
"../../../Engine/Shaders/Private/PathTracing/PathTracingCopyDepth.usf" 2770
"../../../Engine/Shaders/Private/PathTracing/PathTracingDebug.usf" 2771
"../../../Engine/Shaders/Private/RayTracing/RayTracingDecalGrid.ush" 2772
"../../../Engine/Shaders/Private/PathTracing/Material/PathTracingMaterialSampling.ush" 2773
"../../../Engine/Shaders/Private/PathTracing/Material/PathTracingLambert.ush" 2774
"../../../Engine/Shaders/Private/PathTracing/Material/PathTracingSubstrate.ush" 2775
"../../../Engine/Shaders/Private/PathTracing/Material/PathTracingSubstrateFoliage.ush" 2776
"../../../Engine/Shaders/Private/PathTracing/Material/PathTracingSubstrateSolidGlass.ush" 2777
"../../../Engine/Shaders/Private/PathTracing/Material/PathTracingSubstrateThinGlass.ush" 2778
"../../../Engine/Shaders/Private/PathTracing/Material/PathTracingSolidGlass.ush" 2779
"../../../Engine/Shaders/Private/PathTracing/Material/PathTracingEnergyConservation.ush" 2780
"../../../Engine/Shaders/Private/PathTracing/Material/PathTracingThinGlass.ush" 2781
"../../../Engine/Shaders/Private/PathTracing/Material/PathTracingDefaultLit.ush" 2782
"../../../Engine/Shaders/Private/PathTracing/Material/PathTracingClearCoat.ush" 2783
"../../../Engine/Shaders/Private/PathTracing/Material/PathTracingTwoSidedFoliage.ush" 2784
"../../../Engine/Shaders/Private/PathTracing/Material/PathTracingCloth.ush" 2785
"../../../Engine/Shaders/Private/PathTracing/Material/PathTracingSubsurfaceProfile.ush" 2786
"../../../Engine/Shaders/Private/PathTracing/Material/PathTracingEye.ush" 2787
"../../../Engine/Shaders/Private/PathTracing/Material/PathTracingHair.ush" 2788
"../../../Engine/Shaders/Private/PathTracing/Material/PathTracingMedium.ush" 2789
"../../../Engine/Shaders/Private/PathTracing/Light/PathTracingLightSampling.ush" 2790
"../../../Engine/Shaders/Private/PathTracing/Light/PathTracingLightCommon.ush" 2791
"../../../Engine/Shaders/Private/PathTracing/Light/PathTracingDirectionalLight.ush" 2792
"../../../Engine/Shaders/Private/PathTracing/Light/PathTracingPointLight.ush" 2793
"../../../Engine/Shaders/Private/PathTracing/Light/PathTracingCapsuleLight.ush" 2794
"../../../Engine/Shaders/Private/PathTracing/Light/PathTracingRectLight.ush" 2795
"../../../Engine/Shaders/Private/PathTracing/Light/PathTracingSkyLight.ush" 2796
"../../../Engine/Shaders/Private/PathTracing/Light/PathTracingLightGrid.ush" 2797
"../../../Engine/Shaders/Private/PathTracing/PathTracing.usf" 2798
"../../../Engine/Shaders/Private/PathTracing/PathTracingCore.ush" 2799
"../../../Engine/Shaders/Private/HeterogeneousVolumes/HeterogeneousVolumesVoxelGridTypes.ush" 2800
"../../../Engine/Shaders/Private/PathTracing/Volume/PathTracingVolume.ush" 2801
"../../../Engine/Shaders/Private/PathTracing/Volume/PathTracingClouds.ush" 2802
"../../../Engine/Shaders/Private/PathTracing/Volume/PathTracingHeterogeneousVolumes.ush" 2803
"../../../Engine/Shaders/Private/HeterogeneousVolumes/HeterogeneousVolumesVoxelGridTraversal.ush" 2804
"../../../Engine/Shaders/Private/HeterogeneousVolumes/HeterogeneousVolumesVoxelGridUtils.ush" 2805
"../../../Engine/Shaders/Private/HeterogeneousVolumes/HeterogeneousVolumesFrustumVoxelGridUtils.ush" 2806
"../../../Engine/Shaders/Private/PathTracing/PathTracingBuildLightGrid.usf" 2807
"../../../Engine/Shaders/Private/PathTracing/PathTracingSkylightMISCompensation.usf" 2808
"../../../Engine/Shaders/Private/PathTracing/PathTracingSkylightPrepare.usf" 2809
"../../../Engine/Shaders/Private/OIT/OITSorting.usf" 2810
"../../../Engine/Shaders/Private/OITCombine.usf" 2811
"../../../Engine/Shaders/Private/OITCommon.ush" 2812
"../../../Engine/Shaders/Private/Nanite/Voxel/RasterizeBricks.usf" 2813
"../../../Engine/Shaders/Private/Nanite/Voxel/Brick.ush" 2814
"../../../Engine/Shaders/Private/Nanite/Voxel/Voxel.ush" 2815
"../../../Engine/Shaders/Private/Nanite/Voxel/ScatterBricks.usf" 2816
"../../../Engine/Shaders/Private/Nanite/Voxel/TileBricks.usf" 2817
"../../../Engine/Shaders/Private/Nanite/Voxel/AutoVoxel.usf" 2818
"../../../Engine/Shaders/Private/Nanite/NaniteDebugViews.usf" 2819
"../../../Engine/Shaders/Private/Nanite/NaniteEditorCommon.ush" 2820
"../../../Engine/Shaders/Private/BinarySearch.ush" 2821
"../../../Engine/Shaders/Private/Nanite/NaniteDepthDecode.usf" 2822
"../../../Engine/Shaders/Private/HTileEncoding.ush" 2823
"../../../Engine/Shaders/Private/Nanite/NaniteVisualize.usf" 2824
"../../../Engine/Shaders/Private/Nanite/NaniteStreamOut.usf" 2825
"../../../Engine/Shaders/Private/Nanite/NaniteHierarchyTraversal.ush" 2826
"../../../Engine/Shaders/Private/Nanite/NaniteSkinningUpdateViewData.usf" 2827
"../../../Engine/Shaders/Private/Skinning/TransformProviders.usf" 2828
"../../../Engine/Shaders/Private/Nanite/NaniteShadeBinning.usf" 2829
"../../../Engine/Shaders/Private/Nanite/NaniteShadeCommon.ush" 2830
"../../../Engine/Shaders/Private/Nanite/NaniteFastClear.usf" 2831
"../../../Engine/Shaders/Private/Nanite/NaniteExportGBuffer.usf" 2832
"../../../Engine/Shaders/Private/Nanite/NaniteClusterCulling.usf" 2833
"../../../Engine/Shaders/Private/Nanite/NanitePrintStats.usf" 2834
"../../../Engine/Shaders/Private/Nanite/NaniteRasterizer.usf" 2835
"../../../Engine/Shaders/Private/Nanite/NaniteRasterizationCommon.ush" 2836
"../../../Engine/Shaders/Private/Nanite/NaniteRasterizer.ush" 2837
"../../../Engine/Shaders/Private/Nanite/NaniteWritePixel.ush" 2838
"../../../Engine/Shaders/Private/Nanite/NaniteTessellation.ush" 2839
"../../../Engine/Shaders/Private/WorkDistribution.ush" 2840
"../../../Engine/Shaders/Private/Nanite/NaniteDice.ush" 2841
"../../../Engine/Shaders/Private/ShaderBundleWorkGraphCommon.ush" 2842
"../../../Engine/Shaders/Public/RootConstants.ush" 2843
"../../../Engine/Shaders/Public/Platform/D3D/D3DRootConstants.ush" 2844
"../../../Engine/Shaders/Private/Nanite/NaniteSplit.usf" 2845
"../../../Engine/Shaders/Private/Nanite/NaniteRasterBinning.usf" 2846
"../../../Engine/Shaders/Private/Nanite/NaniteInstanceCulling.usf" 2847
"../../../Engine/Shaders/Private/Nanite/NaniteImposter.ush" 2848
"../../../Engine/Shaders/Private/Nanite/NaniteInstanceHierarchyCulling.usf" 2849
"../../../Engine/Shaders/Private/WorkGroupLoadBalancer.ush" 2850
"../../../Engine/Shaders/Private/Nanite/NanitePrimitiveFilter.usf" 2851
"../../../Engine/Shaders/Private/Nanite/NaniteRasterClear.usf" 2852
"../../../Engine/Shaders/Private/Nanite/NaniteDepthExport.usf" 2853
"../../../Engine/Shaders/Private/Nanite/NaniteEmitShadow.usf" 2854
"../../../Engine/Shaders/Private/MobileDeferredUtils.usf" 2855
"../../../Engine/Shaders/Private/MobileLocalLightsBuffer.usf" 2856
"../../../Engine/Shaders/Private/MobileFog.usf" 2857
"../../../Engine/Shaders/Private/DistortApplyScreenPS.usf" 2858
"../../../Engine/Shaders/Private/MobileDeferredShading.usf" 2859
"../../../Engine/Shaders/Private/MobileBasePassPixelShader.usf" 2860
"../../../Engine/Shaders/Private/MobileBasePassCommon.ush" 2861
"../../../Engine/Shaders/Private/BasePassCommon.ush" 2862
"../../../Engine/Shaders/Private/ShadingModelsMaterial.ush" 2863
"../../../Engine/Shaders/Private/ThinTranslucentCommon.ush" 2864
"../../../Engine/Shaders/Private/SingleLayerWaterShading.ush" 2865
"../../../Engine/Shaders/Private/DistortionCommon.ush" 2866
"../../../Engine/Shaders/Private/Substrate/SubstrateMobileForwardLighting.ush" 2867
"../../../Engine/Shaders/Private/MobileBasePassVertexShader.usf" 2868
"../../../Engine/Shaders/Private/MeshEdges.usf" 2869
"../../../Engine/Shaders/Private/MegaLights/MegaLightsVSMTracing.usf" 2870
"../../../Engine/Shaders/Private/MegaLights/MegaLights.ush" 2871
"../../../Engine/Shaders/Shared/MegaLightsDefinitions.h" 2872
"../../../Engine/Shaders/Private/HairStrands/HairStrandsVisibilityUtils.ush" 2873
"../../../Engine/Shaders/Private/MegaLights/MegaLightsRayTracing.ush" 2874
"../../../Engine/Shaders/Private/MegaLights/MegaLightsRayTracing.usf" 2875
"../../../Engine/Shaders/Private/DistanceField/GlobalDistanceFieldUtils.ush" 2876
"../../../Engine/Shaders/Private/Lumen/LumenScreenTracing.ush" 2877
"../../../Engine/Shaders/Private/MegaLights/MegaLightsVolumeRayTracing.usf" 2878
"../../../Engine/Shaders/Private/MegaLights/MegaLightsVolume.ush" 2879
"../../../Engine/Shaders/Private/MegaLights/MegaLightsVolumeHardwareRayTracing.usf" 2880
"../../../Engine/Shaders/Private/Lumen/LumenHardwareRayTracingCommon.ush" 2881
"../../../Engine/Shaders/Private/RayTracing/RayTracingReflectionEnvironment.ush" 2882
"../../../Engine/Shaders/Private/Lumen/LumenHardwareRayTracingPlatformCommon.ush" 2883
"../../../Engine/Shaders/Private/Lumen/LumenReflectionsCombine.ush" 2884
"../../../Engine/Shaders/Private/Lumen/LumenTracingCommon.ush" 2885
"../../../Engine/Shaders/Private/Lumen/SurfaceCache/LumenSurfaceCacheSampling.ush" 2886
"../../../Engine/Shaders/Private/Lumen/SurfaceCache/LumenSurfaceCache.ush" 2887
"../../../Engine/Shaders/Private/Lumen/LumenCardCommon.ush" 2888
"../../../Engine/Shaders/Private/Lumen/LumenCardTileShadowDownsampleFactor.ush" 2889
"../../../Engine/Shaders/Private/MegaLights/MegaLightsHardwareRayTracing.usf" 2890
"../../../Engine/Shaders/Private/MegaLights/MegaLights.usf" 2891
"../../../Engine/Shaders/Private/MegaLights/MegaLightsShading.ush" 2892
"../../../Engine/Shaders/Private/MegaLights/MegaLightsFilterVisibleLightHash.usf" 2893
"../../../Engine/Shaders/Private/MegaLights/MegaLightsDenoiserSpatial.usf" 2894
"../../../Engine/Shaders/Private/Lumen/LumenReflectionDenoiserCommon.ush" 2895
"../../../Engine/Shaders/Private/MegaLights/MegaLightsDenoiserTemporal.usf" 2896
"../../../Engine/Shaders/Private/MegaLights/MegaLightsShading.usf" 2897
"../../../Engine/Shaders/Private/StochasticLighting/StochasticLightingUpsample.ush" 2898
"../../../Engine/Shaders/Private/MegaLights/MegaLightsVisibleLightHash.usf" 2899
"../../../Engine/Shaders/Private/MegaLights/MegaLightsVolumeShading.usf" 2900
"../../../Engine/Shaders/Private/MegaLights/MegaLightsSampling.usf" 2901
"../../../Engine/Shaders/Private/MegaLights/MegaLightsSampling.ush" 2902
"../../../Engine/Shaders/Private/MegaLights/MegaLightsVolumeSampling.usf" 2903
"../../../Engine/Shaders/Private/MaterialCache/MaterialCacheABufferPages.usf" 2904
"../../../Engine/Shaders/Private/MaterialCache/MaterialCacheShade.usf" 2905
"../../../Engine/Shaders/Private/MaterialCache/MaterialCacheUnwrapNaniteShade.usf" 2906
"../../../Engine/Shaders/Private/MaterialCache/MaterialCacheUnwrapPixelShader.usf" 2907
"../../../Engine/Shaders/Private/MaterialCache/MaterialCacheUnwrapVertexShader.usf" 2908
"../../../Engine/Shaders/Private/Lumen/LumenVisualizeRadianceCache.usf" 2909
"../../../Engine/Shaders/Private/Lumen/LumenRadianceCacheCommon.ush" 2910
"../../../Engine/Shaders/Private/Lumen/LumenVisualizeHardwareRayTracing.usf" 2911
"../../../Engine/Shaders/Private/Lumen/LumenVisualize.ush" 2912
"../../../Engine/Shaders/Private/Lumen/LumenHairTracing.ush" 2913
"../../../Engine/Shaders/Private/Lumen/LumenVisualize.usf" 2914
"../../../Engine/Shaders/Private/Lumen/LumenSoftwareRayTracing.ush" 2915
"../../../Engine/Shaders/Private/DistanceField/GlobalDistanceFieldObjectGrid.ush" 2916
"../../../Engine/Shaders/Private/DistanceFieldLightingShared.ush" 2917
"../../../Engine/Shaders/Private/Lumen/LumenVisualizeTraces.ush" 2918
"../../../Engine/Shaders/Private/Lumen/LumenTranslucencyVolumeLighting.usf" 2919
"../../../Engine/Shaders/Private/Lumen/LumenRadianceCacheMarkCommon.ush" 2920
"../../../Engine/Shaders/Private/Lumen/LumenTranslucencyVolumeLightingShared.ush" 2921
"../../../Engine/Shaders/Private/Lumen/LumenScreenProbeCommon.ush" 2922
"../../../Engine/Shaders/Private/RayTracing/RayGenUtils.ush" 2923
"../../../Engine/Shaders/Private/Lumen/LumenRadianceCacheTracingCommon.ush" 2924
"../../../Engine/Shaders/Private/Lumen/LumenTranslucencyVolumeHardwareRayTracing.usf" 2925
"../../../Engine/Shaders/Private/Lumen/LumenTranslucencyRadianceCacheMarkShaders.usf" 2926
"../../../Engine/Shaders/Private/Lumen/SurfaceCache/LumenSurfaceCache.usf" 2927
"../../../Engine/Shaders/Private/Lumen/LumenShortRangeAOHardwareRayTracing.usf" 2928
"../../../Engine/Shaders/Private/Lumen/LumenScreenSpaceBentNormal.ush" 2929
"../../../Engine/Shaders/Private/Lumen/LumenScreenSpaceBentNormal.usf" 2930
"../../../Engine/Shaders/Private/Lumen/LumenScreenProbeTracing.usf" 2931
"../../../Engine/Shaders/Private/Lumen/LumenScreenProbeTracingCommon.ush" 2932
"../../../Engine/Shaders/Private/Lumen/LumenFloatQuantization.ush" 2933
"../../../Engine/Shaders/Private/Lumen/LumenScreenProbeImportanceSampling.usf" 2934
"../../../Engine/Shaders/Private/Lumen/LumenScreenProbeImportanceSamplingShared.ush" 2935
"../../../Engine/Shaders/Private/Lumen/LumenScreenProbeHardwareRayTracing.usf" 2936
"../../../Engine/Shaders/Private/Lumen/LumenScreenProbeDebug.usf" 2937
"../../../Engine/Shaders/Private/Lumen/LumenScreenProbeGather.usf" 2938
"../../../Engine/Shaders/Private/Lumen/LumenScreenProbeGatherTemporal.usf" 2939
"../../../Engine/Shaders/Private/Lumen/LumenScreenProbeFiltering.usf" 2940
"../../../Engine/Shaders/Private/Lumen/LumenSceneLighting.usf" 2941
"../../../Engine/Shaders/Private/Lumen/LumenCardTile.ush" 2942
"../../../Engine/Shaders/Private/Lumen/LumenSceneLighting.ush" 2943
"../../../Engine/Shaders/Private/Lumen/Radiosity/LumenRadiosity.ush" 2944
"../../../Engine/Shaders/Private/Lumen/LumenSceneLightingDebug.usf" 2945
"../../../Engine/Shaders/Private/Lumen/LumenScene.usf" 2946
"../../../Engine/Shaders/Private/Lumen/LumenSceneDirectLightingHardwareRayTracing.usf" 2947
"../../../Engine/Shaders/Private/Lumen/LumenSceneDirectLightingStochastic.ush" 2948
"../../../Engine/Shaders/Private/Lumen/LumenReflectionCommon.ush" 2949
"../../../Engine/Shaders/Private/Lumen/LumenSceneDirectLighting.ush" 2950
"../../../Engine/Shaders/Private/Lumen/LumenSceneDebugHardwareRayTracing.usf" 2951
"../../../Engine/Shaders/Private/Lumen/LumenSceneDirectLightingStochastic.usf" 2952
"../../../Engine/Shaders/Private/Lumen/LumenSceneDirectLightingSoftwareRayTracing.usf" 2953
"../../../Engine/Shaders/Private/DistanceFieldShadowingShared.ush" 2954
"../../../Engine/Shaders/Private/Lumen/LumenSceneDirectLightingPerLightShadowCommon.ush" 2955
"../../../Engine/Shaders/Private/Lumen/LumenSceneDirectLightingShadowMask.usf" 2956
"../../../Engine/Shaders/Private/Lumen/LumenSceneDirectLighting.usf" 2957
"../../../Engine/Shaders/Private/Lumen/LumenSceneDirectLightingCulling.usf" 2958
"../../../Engine/Shaders/Private/Lumen/LumenCardComputeShader.usf" 2959
"../../../Engine/Shaders/Private/Lumen/LumenCardBasePass.ush" 2960
"../../../Engine/Shaders/Private/Lumen/LumenCardPixelShader.usf" 2961
"../../../Engine/Shaders/Private/Lumen/LumenCardVertexShader.usf" 2962
"../../../Engine/Shaders/Private/Lumen/LumenReSTIRGather.usf" 2963
"../../../Engine/Shaders/Private/Lumen/LumenReflectionTracing.usf" 2964
"../../../Engine/Shaders/Private/Lumen/LumenReflectionDenoiserSpatial.usf" 2965
"../../../Engine/Shaders/Private/Lumen/LumenReflectionDenoiserClear.usf" 2966
"../../../Engine/Shaders/Private/Lumen/LumenReflectionDenoiserTemporal.usf" 2967
"../../../Engine/Shaders/Private/Lumen/LumenReflectionResolve.usf" 2968
"../../../Engine/Shaders/Private/Lumen/LumenReflections.usf" 2969
"../../../Engine/Shaders/Private/Lumen/RayTracedTranslucency.usf" 2970
"../../../Engine/Shaders/Private/Lumen/LumenReflectionHardwareRayTracing.usf" 2971
"../../../Engine/Shaders/Private/Lumen/Radiosity/LumenVisualizeRadiosityProbes.usf" 2972
"../../../Engine/Shaders/Private/Lumen/Radiosity/LumenRadiosity.usf" 2973
"../../../Engine/Shaders/Private/Lumen/Radiosity/LumenRadiosityHardwareRayTracing.usf" 2974
"../../../Engine/Shaders/Private/Lumen/Radiosity/LumenRadiosityCulling.usf" 2975
"../../../Engine/Shaders/Private/Lumen/LumenRadianceCacheHardwareRayTracing.usf" 2976
"../../../Engine/Shaders/Private/Lumen/LumenRadianceCache.usf" 2977
"../../../Engine/Shaders/Private/Lumen/LumenRadianceCacheUpdate.ush" 2978
"../../../Engine/Shaders/Private/Lumen/LumenRadianceCacheDebug.usf" 2979
"../../../Engine/Shaders/Private/Lumen/LumenRadianceCacheUpdate.usf" 2980
"../../../Engine/Shaders/Private/Lumen/LumenMeshSDFCulling.usf" 2981
"../../../Engine/Shaders/Private/HybridIndirectLighting.ush" 2982
"../../../Engine/Shaders/Private/MeshDistanceFieldCommon.ush" 2983
"../../../Engine/Shaders/Private/Lumen/LumenIrradianceFieldGather.usf" 2984
"../../../Engine/Shaders/Private/Lumen/LumenHardwareRayTracingMaterials.usf" 2985
"../../../Engine/Shaders/Private/Lumen/LumenFrontLayerTranslucency.usf" 2986
"../../../Engine/Shaders/Private/LocalFogVolumes/LocalFogVolumeSplat.usf" 2987
"../../../Engine/Shaders/Private/LocalFogVolumes/LocalFogVolumeTiledCulling.usf" 2988
"../../../Engine/Shaders/Private/LightShaftShader.usf" 2989
"../../../Engine/Shaders/Private/StationaryLightOverlapShaders.usf" 2990
"../../../Engine/Shaders/Private/DeferredLightPixelShaders.usf" 2991
"../../../Engine/Shaders/Private/DeferredLightVertexShaders.usf" 2992
"../../../Engine/Shaders/Private/LightMapDensityShader.usf" 2993
"../../../Engine/Shaders/Private/LightGridInjection.usf" 2994
"../../../Engine/Shaders/Shared/LightGridDefinitions.h" 2995
"../../../Engine/Shaders/Private/LightFunctionPixelShader.usf" 2996
"../../../Engine/Shaders/Private/LightFunctionVertexShader.usf" 2997
"../../../Engine/Shaders/Private/LightFunctionAtlas/LightFunctionAtlasRender.usf" 2998
"../../../Engine/Shaders/Private/InstanceCulling/InstanceCullingOcclusionQuery.usf" 2999
"../../../Engine/Shaders/Private/InstanceCulling/InstanceCullingSetup.ush" 3000
"../../../Engine/Shaders/Private/InstanceCulling/BuildInstanceDrawCommands.usf" 3001
"../../../Engine/Shaders/Private/InstanceCulling/InstanceCompactionCommon.ush" 3002
"../../../Engine/Shaders/Private/SceneDataMobileWriter.ush" 3003
"../../../Engine/Shaders/Private/InstanceCulling/CompactVisibleInstances.usf" 3004
"../../../Engine/Shaders/Private/ReflectionEnvironmentPixelShader.usf" 3005
"../../../Engine/Shaders/Private/AmbientCubemapComposite.usf" 3006
"../../../Engine/Shaders/Private/DiffuseIndirectComposite.usf" 3007
"../../../Engine/Shaders/Private/IESAtlas.usf" 3008
"../../../Engine/Shaders/Private/HeterogeneousVolumes/HeterogeneousVolumesVoxelGridShadows.usf" 3009
"../../../Engine/Shaders/Private/HeterogeneousVolumes/HeterogeneousVolumesStochasticFiltering.ush" 3010
"../../../Engine/Shaders/Private/HeterogeneousVolumes/HeterogeneousVolumesVoxelGridRenderingUtils.ush" 3011
"../../../Engine/Shaders/Private/HeterogeneousVolumes/HeterogeneousVolumesLightingUtils.ush" 3012
"../../../Engine/Shaders/Private/HeterogeneousVolumes/HeterogeneousVolumesVoxelGridRendering.usf" 3013
"../../../Engine/Shaders/Private/HeterogeneousVolumes/HeterogeneousVolumesVoxelGridPipeline.usf" 3014
"../../../Engine/Shaders/Private/HeterogeneousVolumes/HeterogeneousVolumesMaterialBakingPipeline.usf" 3015
"../../../Engine/Shaders/Private/HeterogeneousVolumes/HeterogeneousVolumesLiveShadingUtils.ush" 3016
"../../../Engine/Shaders/Private/HeterogeneousVolumes/HeterogeneousVolumesFrustumVoxelGrid.usf" 3017
"../../../Engine/Shaders/Private/HeterogeneousVolumes/HeterogeneousVolumesSparseVoxelPipeline.usf" 3018
"../../../Engine/Shaders/Private/HeterogeneousVolumes/HeterogeneousVolumesSparseVoxelUtils.ush" 3019
"../../../Engine/Shaders/Private/HeterogeneousVolumes/HeterogeneousVolumesSparseVoxelUniformBufferUtils.ush" 3020
"../../../Engine/Shaders/Private/HeterogeneousVolumes/HeterogeneousVolumesPreshadingPipeline.usf" 3021
"../../../Engine/Shaders/Private/HeterogeneousVolumes/HeterogeneousVolumesLiveShadingShadows.usf" 3022
"../../../Engine/Shaders/Private/HeterogeneousVolumes/HeterogeneousVolumesLiveShadingGlobalPipeline.usf" 3023
"../../../Engine/Shaders/Private/HeterogeneousVolumes/HeterogeneousVolumesLiveShadingPipeline.usf" 3024
"../../../Engine/Shaders/Private/HeterogeneousVolumes/HeterogeneousVolumesHardwareRayTracing.usf" 3025
"../../../Engine/Shaders/Private/HeterogeneousVolumes/HeterogeneousVolumesAmbientOcclusionPipeline.usf" 3026
"../../../Engine/Shaders/Private/HeterogeneousVolumes/HeterogeneousVolumesComposite.usf" 3027
"../../../Engine/Shaders/Private/HdrCustomResolveShaders.usf" 3028
"../../../Engine/Shaders/Private/HairStrands/RenderCurveRaster.usf" 3029
"../../../Engine/Shaders/Private/HairStrands/HairStrandsVoxelRasterCompute.usf" 3030
"../../../Engine/Shaders/Private/HairStrands/HairStrandsHitProxy.usf" 3031
"../../../Engine/Shaders/Private/HairStrands/HairStrandsVisibilityRasterComputeNaive.usf" 3032
"../../../Engine/Shaders/Private/HairStrands/HairStrandsVisibilityRasterHW.usf" 3033
"../../../Engine/Shaders/Private/HairStrands/HairStrandsVisibilityRasterCompute.usf" 3034
"../../../Engine/Shaders/Private/HairStrands/HairStrandsVisibilityRasterClassification.usf" 3035
"../../../Engine/Shaders/Private/HairStrands/HairStrandsCoverage.usf" 3036
"../../../Engine/Shaders/Private/HairStrands/HairStrandsVisibilityDepthPS.usf" 3037
"../../../Engine/Shaders/Private/HairStrands/HairStrandsVisibilityTransmittanceDepthPS.usf" 3038
"../../../Engine/Shaders/Private/HairStrands/HairStrandsVisibilityFillOpaqueDepthPS.usf" 3039
"../../../Engine/Shaders/Private/HairStrands/HairStrandsVisibilityCompactionComputeRaster.usf" 3040
"../../../Engine/Shaders/Private/HairStrands/HairStrandsVisibilityCompaction.usf" 3041
"../../../Engine/Shaders/Private/HairStrands/HairStrandsVisibilityCopyIndirectArg.usf" 3042
"../../../Engine/Shaders/Private/HairStrands/HairStrandsVisibilityClearPS.usf" 3043
"../../../Engine/Shaders/Private/HairStrands/HairStrandsVisibilityPS.usf" 3044
"../../../Engine/Shaders/Private/HairStrands/HairStrandsVisibilityVS.usf" 3045
"../../../Engine/Shaders/Private/HairStrands/HairStrandsVelocity.usf" 3046
"../../../Engine/Shaders/Private/HairStrands/HairStrandsVisibilityComputeSampleCoverage.usf" 3047
"../../../Engine/Shaders/Private/HairStrands/HairStrandsMaterialPS.usf" 3048
"../../../Engine/Shaders/Private/HairStrands/HairStrandsMaterialCommon.ush" 3049
"../../../Engine/Shaders/Private/HairStrands/HairStrandsMaterialVS.usf" 3050
"../../../Engine/Shaders/Private/HairStrands/HairStrandsLightSample.usf" 3051
"../../../Engine/Shaders/Private/HairStrands/HairStrandsDeepShadowMask.usf" 3052
"../../../Engine/Shaders/Private/HairStrands/HairStrandsDeepTransmittanceMask.usf" 3053
"../../../Engine/Shaders/Private/HairStrands/HairStrandsVisibilityTile.usf" 3054
"../../../Engine/Shaders/Private/HairStrands/HairStrandsDeepShadowPS.usf" 3055
"../../../Engine/Shaders/Private/HairStrands/HairStrandsDeepShadowVS.usf" 3056
"../../../Engine/Shaders/Private/HairStrands/HairStrandsAABB.usf" 3057
"../../../Engine/Shaders/Private/HairStrands/HairStrandsLUT.usf" 3058
"../../../Engine/Shaders/Private/HairStrands/HairStrandsForwardRaster.usf" 3059
"../../../Engine/Shaders/Private/HairStrands/HairStrandsForwardCulling.usf" 3060
"../../../Engine/Shaders/Private/HairStrands/HairStrandsEnvironmentLighting.usf" 3061
"../../../Engine/Shaders/Private/HairStrands/HairStrandsEnvironmentAO.usf" 3062
"../../../Engine/Shaders/Private/HairStrands/HairStrandsDeepShadowAllocation.usf" 3063
"../../../Engine/Shaders/Private/HairStrands/HairStrandsVoxelDebug.usf" 3064
"../../../Engine/Shaders/Private/HairStrands/HairStrandsComposition.usf" 3065
"../../../Engine/Shaders/Private/HairStrands/HairStrandsGBufferCommon.ush" 3066
"../../../Engine/Shaders/Private/GPUScene/GPUSceneDataManagement.usf" 3067
"../../../Engine/Shaders/Private/GPUSceneDebugRender.usf" 3068
"../../../Engine/Shaders/Private/GPUFeedbackCompaction.usf" 3069
"../../../Engine/Shaders/Private/GPUFastFourierTransform.usf" 3070
"../../../Engine/Shaders/Private/GPUFastFourierTransform2DCore.ush" 3071
"../../../Engine/Shaders/Private/GPUFastFourierTransformCore.ush" 3072
"../../../Engine/Shaders/Private/GPUBenchmark.usf" 3073
"../../../Engine/Shaders/Private/DistanceField/GlobalDistanceFieldDebug.usf" 3074
"../../../Engine/Shaders/Private/DistanceField/GlobalDistanceFieldUpdate.ush" 3075
"../../../Engine/Shaders/Private/DistanceField/GlobalDistanceFieldMip.usf" 3076
"../../../Engine/Shaders/Private/DistanceField/GlobalDistanceField.usf" 3077
"../../../Engine/Shaders/Private/DistanceField/GlobalDistanceFieldCompositeObjects.usf" 3078
"../../../Engine/Shaders/Private/DistanceField/GlobalDistanceFieldHeightfields.usf" 3079
"../../../Engine/Shaders/Private/HeightfieldLightingShared.ush" 3080
"../../../Engine/Shaders/Private/GenerateConservativeDepth.usf" 3081
"../../../Engine/Shaders/Private/HeightFogPixelShader.usf" 3082
"../../../Engine/Shaders/Private/HeightFogVertexShader.usf" 3083
"../../../Engine/Shaders/Private/DistortFiltering.usf" 3084
"../../../Engine/Shaders/Private/DistortAccumulatePS.usf" 3085
"../../../Engine/Shaders/Private/DistortAccumulateVS.usf" 3086
"../../../Engine/Shaders/Private/DistanceFieldVisualization.usf" 3087
"../../../Engine/Shaders/Private/DistanceFieldStreaming.usf" 3088
"../../../Engine/Shaders/Private/DistanceFieldShadowing.usf" 3089
"../../../Engine/Shaders/Private/DistanceFieldScreenGridLighting.usf" 3090
"../../../Engine/Shaders/Private/DistanceFieldObjectCulling.usf" 3091
"../../../Engine/Shaders/Private/DistanceFieldLightingPost.usf" 3092
"../../../Engine/Shaders/Private/DitheredTransitionStencil.usf" 3093
"../../../Engine/Shaders/Private/CopyDepthTexture.usf" 3094
"../../../Engine/Shaders/Private/CopyDepthTextureCS.usf" 3095
"../../../Engine/Shaders/Private/DeferredDecal.usf" 3096
"../../../Engine/Shaders/Private/DecalCommon.ush" 3097
"../../../Engine/Shaders/Private/DebugViewModeVertexShader.usf" 3098
"../../../Engine/Shaders/Private/DebugViewModeCommon.ush" 3099
"../../../Engine/Shaders/Private/DebugViewModePixelShader.usf" 3100
"../../../Engine/Shaders/Private/DebugProbes.usf" 3101
"../../../Engine/Shaders/Private/MeshDecals.usf" 3102
"../../../Engine/Shaders/Private/PostProcessAmbientOcclusion.usf" 3103
"../../../Engine/Shaders/Private/ClusteredDeferredShadingPixelShader.usf" 3104
"../../../Engine/Shaders/Private/ClusteredDeferredShadingVertexShader.usf" 3105
"../../../Engine/Shaders/Private/CapsuleShadowShaders.usf" 3106
"../../../Engine/Shaders/Private/BasePassPixelShader.usf" 3107
"../../../Engine/Shaders/Private/ForwardLightingCommon.ush" 3108
"../../../Engine/Shaders/Private/Substrate/SubstrateForwardLighting.ush" 3109
"../../../Engine/Shaders/Private/ComputeShaderOutputCommon.ush" 3110
"../../../Engine/Shaders/Private/BasePassVertexShader.usf" 3111
"../../../Engine/Shaders/Private/BasePassVertexCommon.ush" 3112
"../../../Engine/Shaders/Private/SimpleElementVolumeTexturePreviewPixelShader.usf" 3113
"../../../Engine/Shaders/Private/SimpleElementTexture2DPreviewPixelShader.usf" 3114
"../../../Engine/Shaders/Private/meshpaintdilatepixelshader.usf" 3115
"../../../Engine/Shaders/Private/meshpaintdilatevertexshader.usf" 3116
"../../../Engine/Shaders/Private/MeshPaintPixelShader.usf" 3117
"../../../Engine/Shaders/Private/MeshPaintVertexShader.usf" 3118
"../../../Engine/Shaders/Private/SlateElementPixelShader.usf" 3119
"../../../Engine/Shaders/Private/SlateShaderCommon.ush" 3120
"../../../Engine/Shaders/Private/SlateMaskingShader.usf" 3121
"../../../Engine/Shaders/Private/SlateVertexShader.usf" 3122
"../../../Engine/Shaders/Private/CompositeUIPixelShader.usf" 3123
"../../../Engine/Shaders/Private/ColorDeficiency.ush" 3124
"../../../Engine/Shaders/Private/SlatePostProcessColorDeficiencyPixelShader.usf" 3125
"../../../Engine/Shaders/Private/SlatePostProcessPixelShader.usf" 3126
"../../../Engine/Shaders/Private/Tools/VisualizeTexture.usf" 3127
"../../../Engine/Shaders/Private/UpdateDescriptorHandle.usf" 3128
"../../../Engine/Shaders/Private/ByteBuffer.usf" 3129
"../../../Engine/Shaders/Private/ShaderBundleWorkGraphDispatch.usf" 3130
"../../../Engine/Shaders/Private/ShaderBundleDispatch.usf" 3131
"../../../Engine/Shaders/Private/ResolveVertexShader.usf" 3132
"../../../Engine/Shaders/Private/ResolvePixelShader.usf" 3133
"../../../Engine/Shaders/Private/Tools/SetupIndirectArgs.usf" 3134
"../../../Engine/Shaders/Private/ClearReplacementShaders.usf" 3135
"../../../Engine/Shaders/Private/Tools/DrawTexture.usf" 3136
"../../../Engine/Shaders/Private/RayTracing/RayTracingValidation.usf" 3137
"../../../Engine/Shaders/Private/RenderGraphUtilities.usf" 3138
"../../../Engine/Shaders/Private/OneColorShader.usf" 3139
"../../../Engine/Shaders/Private/OculusShaders.usf" 3140
"../../../Engine/Shaders/Private/MediaShaders.usf" 3141
"../../../Engine/Shaders/Private/GPUMessaging.usf" 3142
"../../../Engine/Shaders/Private/Tools/GPUDebugCrashUtils.usf" 3143
"../../../Engine/Shaders/Private/NullPixelShader.usf" 3144
"../../../Engine/Shaders/Private/ComputeGenerateMips.usf" 3145
"../../../Engine/Shaders/Private/Tools/DumpTexture.usf" 3146
"../../../Engine/Shaders/Private/CopyTextureShaders.usf" 3147
"../../../Engine/Shaders/Private/Tools/FullscreenVertexShader.usf" 3148
"../../../Engine/Shaders/Private/RayTracing/RayTracingDispatchDesc.usf" 3149
"../../../Engine/Shaders/Private/Bink.usf" 3150
"../../../Engine/Shaders/Private/VelocityShader.usf" 3151
"../../../Engine/Shaders/Private/DepthOnlyPixelShader.usf" 3152
"../../../Engine/Shaders/Private/PositionOnlyDepthVertexShader.usf" 3153
"../../../Engine/Shaders/Private/DepthOnlyVertexShader.usf" 3154
"../../../Engine/Shaders/Private/AnisotropyPassShader.usf" 3155
"D:/FYP_UE/FYP/Content/MOUT_Fabrication/Materials/TilingMaterials/M_StoneWall2_SBSAR/stonewall2_INST.uasset" 3156
"D:/FYP_UE/FYP/Content/MOUT_Fabrication/Materials/TilingMaterials/M_StoneWall1_SBSAR/stonewall_INST.uasset" 3157
"D:/FYP_UE/FYP/Content/MOUT_Fabrication/Materials/TilingMaterials/M_StoneFloor_SBSAR/StoneFloor_INST.uasset" 3158
"D:/FYP_UE/FYP/Content/MOUT_Fabrication/Materials/TilingMaterials/M_StoneWall1_SBSAR/stonewall1.uasset" 3159
"D:/FYP_UE/FYP/Content/MOUT_Fabrication/Materials/TilingMaterials/M_StoneFloor_SBSAR/stonefloor.uasset" 3160
"D:/FYP_UE/FYP/Content/MOUT_Fabrication/Materials/TilingMaterials/M_Wood_SBSAR/agedwood_INST.uasset" 3161
"D:/FYP_UE/FYP/Content/MOUT_Fabrication/Materials/TilingMaterials/M_StoneWall2_SBSAR/stonewall2.uasset" 3162
"D:/FYP_UE/FYP/Content/MOUT_Fabrication/Materials/TilingMaterials/M_Wood_SBSAR/wood.uasset" 3163
"D:/FYP_UE/FYP/Content/MOUT_Fabrication/Materials/TilingMaterials/M_MetalWithFlaking_SBSAR/metal_with_flaking.uasset" 3164
"D:/FYP_UE/FYP/Content/MOUT_Fabrication/Materials/TilingMaterials/M_MetalWithFlaking_SBSAR/metal_INST.uasset" 3165
"D:/FYP_UE/FYP/Content/MOUT_Fabrication/Materials/TilingMaterials/M_Concrete_SBSAR/Concrete1_INST.uasset" 3166
"D:/FYP_UE/FYP/Content/MOUT_Fabrication/Materials/TilingMaterials/M_Concrete_SBSAR/concrete.uasset" 3167
"D:/FYP_UE/FYP/Content/MOUT_Fabrication/Materials/TilingMaterials/M_BrickWall_SBSAR/BrickWall1_INST.uasset" 3168
"D:/FYP_UE/FYP/Content/MOUT_Fabrication/Materials/TilingMaterials/M_Concrete2_SBSAR/Concrete2_INST.uasset" 3169
"D:/FYP_UE/FYP/Content/MOUT_Fabrication/Materials/TilingMaterials/M_Concrete2_SBSAR/concrete2.uasset" 3170
"D:/FYP_UE/FYP/Content/MOUT_Fabrication/Materials/TilingMaterials/M_BrickWall_SBSAR/BrickWall1.uasset" 3171
"D:/FYP_UE/FYP/Content/MOUT_Fabrication/Materials/TilingMaterials/M_BrickWall2_SBSAR/BrickWall2.uasset" 3172
"D:/FYP_UE/FYP/Content/MOUT_Fabrication/Materials/TilingMaterials/M_BrickWall2_SBSAR/BrickWall2_INST.uasset" 3173
"D:/FYP_UE/FYP/Content/MOUT_Fabrication/Materials/TilingMaterials/M_BreezeBlock_SBSAR/BreezeBlock_INST.uasset" 3174
"D:/FYP_UE/FYP/Content/MOUT_Fabrication/Materials/TilingMaterials/M_BreezeBlock_SBSAR/breezeblock.uasset" 3175
"D:/FYP_UE/FYP/Content/MOUT_Fabrication/Materials/TilingMaterials/M_Concrete_SBSAR/Mi2/Concrete1_INST1.uasset" 3176
"D:/FYP_UE/FYP/Content/MOUT_Fabrication/Materials/TilingMaterials/M_MetalWithFlaking_SBSAR/Mi3/metal_INST1.uasset" 3177
"D:/FYP_UE/FYP/Content/MOUT_Fabrication/Materials/TilingMaterials/M_MetalWithFlaking_SBSAR/Mi2/metal_INST1.uasset" 3178
"D:/FYP_UE/FYP/Content/MOUT_Fabrication/Materials/TilingMaterials/M_MetalWithFlaking_SBSAR/Mi4/metal_INST1.uasset" 3179
"D:/FYP_UE/FYP/Content/MOUT_Fabrication/Materials/TilingMaterials/M_BreezeBlock_SBSAR/PaintVariant/FullPaint/BreezeBlock_INST2.uasset" 3180
"D:/FYP_UE/FYP/Content/MOUT_Fabrication/Materials/TilingMaterials/M_BreezeBlock_SBSAR/ConcreteVariant/BreezeBlock_INST1.uasset" 3181
"D:/FYP_UE/FYP/Content/MOUT_Fabrication/Materials/TilingMaterials/M_BreezeBlock_SBSAR/PaintVariant/HalfPaint/BreezeBlock_INST1.uasset" 3182
"D:/FYP_UE/FYP/Content/MOUT_Fabrication/Materials/TilingMaterials/M_BreezeBlock_SBSAR/BlankBricks/BreezeBlock_INST1.uasset" 3183
"/Engine/EngineResources/WhiteSquareTexture" 3184
"../../../Engine/Content/EngineResources/WhiteSquareTexture.uasset" 3185
"/Engine/EngineResources/GradientTexture0" 3186
"../../../Engine/Content/EngineResources/GradientTexture0.uasset" 3187
"/Engine/EngineResources/Black" 3188
"../../../Engine/Content/EngineResources/Black.uasset" 3189
"/Engine/EditorResources/S_Actor" 3190
"../../../Engine/Content/EditorResources/S_Actor.uasset" 3191
"/Engine/EngineFonts/RobotoDistanceField" 3192
"../../../Engine/Content/EngineFonts/RobotoDistanceField.uasset" 3193
"/Engine/EngineMaterials/DefaultTextMaterialOpaque" 3194
"../../../Engine/Content/EngineMaterials/DefaultTextMaterialOpaque.uasset" 3195
"/Engine/Functions/Engine_MaterialFunctions01/Shading/PowerToRoughness" 3196
"../../../Engine/Content/Functions/Engine_MaterialFunctions01/Shading/PowerToRoughness.uasset" 3197
"/Engine/Functions/Engine_MaterialFunctions01/Shading/ConvertFromDiffSpec" 3198
"../../../Engine/Content/Functions/Engine_MaterialFunctions01/Shading/ConvertFromDiffSpec.uasset" 3199
"/Engine/EngineMaterials/WorldGridMaterial" 3200
"../../../Engine/Content/EngineMaterials/WorldGridMaterial.uasset" 3201
"../../../Engine/Content/Functions/Engine_MaterialFunctions01/Opacity/CameraDepthFade.uasset" 3202
"../../../Engine/Content/EngineMaterials/T_Default_Material_Grid_M.uasset" 3203
"../../../Engine/Content/EngineMaterials/T_Default_Material_Grid_N.uasset" 3204
"/Engine/EngineMaterials/DefaultDeferredDecalMaterial" 3205
"../../../Engine/Content/EngineMaterials/DefaultDeferredDecalMaterial.uasset" 3206
"../../../Engine/Content/EngineMaterials/DefaultDiffuse.uasset" 3207
"/Engine/EngineMaterials/DefaultLightFunctionMaterial" 3208
"../../../Engine/Content/EngineMaterials/DefaultLightFunctionMaterial.uasset" 3209
"/Engine/EngineMaterials/DefaultPostProcessMaterial" 3210
"../../../Engine/Content/EngineMaterials/DefaultPostProcessMaterial.uasset" 3211
"../../../Engine/Content/Functions/Engine_MaterialFunctions02/Utility/BreakOutFloat2Components.uasset" 3212
"/Engine/EditorResources/S_Trigger" 3213
"../../../Engine/Content/EditorResources/S_Trigger.uasset" 3214
"/Engine/EditorResources/S_BoxReflectionCapture" 3215
"../../../Engine/Content/EditorResources/S_BoxReflectionCapture.uasset" 3216
"/Engine/EngineResources/DefaultTexture" 3217
"../../../Engine/Content/EngineResources/DefaultTexture.uasset" 3218
"/Engine/EditorResources/S_TriggerBox" 3219
"../../../Engine/Content/EditorResources/S_TriggerBox.uasset" 3220
"/Engine/EditorResources/S_TriggerCapsule" 3221
"../../../Engine/Content/EditorResources/S_TriggerCapsule.uasset" 3222
"/Engine/EditorResources/S_TriggerSphere" 3223
"../../../Engine/Content/EditorResources/S_TriggerSphere.uasset" 3224
"/Engine/EngineDamageTypes/DmgTypeBP_Environmental" 3225
"../../../Engine/Content/EngineDamageTypes/DmgTypeBP_Environmental.uasset" 3226
"/Engine/EngineMeshes/Sphere" 3227
"../../../Engine/Content/EngineMeshes/Sphere.uasset" 3228
"/Engine/EngineResources/DefaultTextureCube" 3229
"../../../Engine/Content/EngineResources/DefaultTextureCube.uasset" 3230
"/Engine/EngineResources/DefaultVolumeTexture" 3231
"../../../Engine/Content/EngineResources/DefaultVolumeTexture.uasset" 3232
"../../../Engine/Content/EngineResources/DefaultVolumeTexture2D.uasset" 3233
"/Engine/VREditor/TransformGizmo/SM_Sequencer_Node" 3234
"../../../Engine/Content/VREditor/TransformGizmo/SM_Sequencer_Node.uasset" 3235
"../../../Engine/Content/VREditor/TransformGizmo/Main.uasset" 3236
"../../../Engine/Content/VREditor/TransformGizmo/Xray.uasset" 3237
"/Engine/EditorResources/S_Solver" 3238
"../../../Engine/Content/EditorResources/S_Solver.uasset" 3239
"/Engine/EngineDebugMaterials/VolumeToRender" 3240
"../../../Engine/Content/EngineDebugMaterials/VolumeToRender.uasset" 3241
"/Engine/EngineDebugMaterials/M_VolumeRenderSphereTracePP" 3242
"../../../Engine/Content/EngineDebugMaterials/M_VolumeRenderSphereTracePP.uasset" 3243
"../../../Engine/Content/Functions/Engine_MaterialFunctions02/Utility/CameraDirectionVector.uasset" 3244
"/Engine/EditorMeshes/Camera/SM_CraneRig_Base" 3245
"../../../Engine/Content/EditorMeshes/Camera/SM_CraneRig_Base.uasset" 3246
"../../../Engine/Content/EditorMaterials/Camera/MI_CineMat_Rig.uasset" 3247
"../../../Engine/Content/EditorMaterials/Camera/CineMat.uasset" 3248
"/Engine/EditorMeshes/Camera/SM_CraneRig_Arm" 3249
"../../../Engine/Content/EditorMeshes/Camera/SM_CraneRig_Arm.uasset" 3250
"/Engine/EditorMeshes/Camera/SM_CraneRig_Mount" 3251
"../../../Engine/Content/EditorMeshes/Camera/SM_CraneRig_Mount.uasset" 3252
"/Engine/EditorMeshes/Camera/SM_CraneRig_Body" 3253
"../../../Engine/Content/EditorMeshes/Camera/SM_CraneRig_Body.uasset" 3254
"/Engine/EditorMeshes/Camera/SM_RailRig_Track" 3255
"../../../Engine/Content/EditorMeshes/Camera/SM_RailRig_Track.uasset" 3256
"/Engine/EditorMeshes/Camera/SM_RailRig_Mount" 3257
"../../../Engine/Content/EditorMeshes/Camera/SM_RailRig_Mount.uasset" 3258
"/Engine/EditorLandscapeResources/SplineEditorMesh" 3259
"../../../Engine/Content/EditorLandscapeResources/SplineEditorMesh.uasset" 3260
"../../../Engine/Content/EditorLandscapeResources/SplineEditorMeshMat.uasset" 3261
"/Engine/BasicShapes/Cube" 3262
"../../../Engine/Content/BasicShapes/Cube.uasset" 3263
"/CameraCalibrationCore/Materials/M_DefaultOddSquare" 3264
"../../Plugins/VirtualProduction/CameraCalibrationCore/Content/Materials/M_DefaultOddSquare.uasset" 3265
"/CameraCalibrationCore/Materials/M_DefaultEvenSquare" 3266
"../../Plugins/VirtualProduction/CameraCalibrationCore/Content/Materials/M_DefaultEvenSquare.uasset" 3267
"/HairStrands/Materials/HairDebugMaterial" 3268
"../../Plugins/Runtime/HairStrands/Content/Materials/HairDebugMaterial.uasset" 3269
"../../../Engine/Content/Functions/Engine_MaterialFunctions02/Utility/MakeFloat2.uasset" 3270
"../../../Engine/Content/Functions/Engine_MaterialFunctions02/Utility/MakeFloat3.uasset" 3271
"../../../Engine/Content/EngineMaterials/HairColorMap.uasset" 3272
"../../../Engine/Content/EngineMaterials/HairDebugColor.uasset" 3273
"../../Plugins/Runtime/HairStrands/Content/Materials/HairGroupColors.uasset" 3274
"/HairStrands/Materials/HairDefaultMaterial" 3275
"../../Plugins/Runtime/HairStrands/Content/Materials/HairDefaultMaterial.uasset" 3276
"/HairStrands/Materials/HairCardsDefaultMaterial" 3277
"../../Plugins/Runtime/HairStrands/Content/Materials/HairCardsDefaultMaterial.uasset" 3278
"/HairStrands/Materials/HairMeshesDefaultMaterial" 3279
"../../Plugins/Runtime/HairStrands/Content/Materials/HairMeshesDefaultMaterial.uasset" 3280
"/Engine/EngineMaterials/Widget3DPassThrough_Translucent" 3281
"../../../Engine/Content/EngineMaterials/Widget3DPassThrough_Translucent.uasset" 3282
"../../../Engine/Content/EngineMaterials/Widget3DPassThrough.uasset" 3283
"/Engine/EngineMaterials/Widget3DPassThrough_Translucent_OneSided" 3284
"../../../Engine/Content/EngineMaterials/Widget3DPassThrough_Translucent_OneSided.uasset" 3285
"/Engine/EngineMaterials/Widget3DPassThrough_Opaque" 3286
"../../../Engine/Content/EngineMaterials/Widget3DPassThrough_Opaque.uasset" 3287
"/Engine/EngineMaterials/Widget3DPassThrough_Opaque_OneSided" 3288
"../../../Engine/Content/EngineMaterials/Widget3DPassThrough_Opaque_OneSided.uasset" 3289
"/Engine/EngineMaterials/Widget3DPassThrough_Masked" 3290
"../../../Engine/Content/EngineMaterials/Widget3DPassThrough_Masked.uasset" 3291
"/Engine/EngineMaterials/Widget3DPassThrough_Masked_OneSided" 3292
"../../../Engine/Content/EngineMaterials/Widget3DPassThrough_Masked_OneSided.uasset" 3293
"/Engine/VREditor/ViewportInteractionAssetContainerData" 3294
"../../../Engine/Content/VREditor/ViewportInteractionAssetContainerData.uasset" 3295
"../../../Engine/Content/VREditor/SnapGrid/SnapGridMaterial.uasset" 3296
"../../../Engine/Content/VREditor/TransformGizmo/TransformGizmoMaterial_Inst.uasset" 3297
"../../../Engine/Content/VREditor/TransformGizmo/TranslucentTransformGizmoMaterial_Inst.uasset" 3298
"../../../Engine/Content/VREditor/SnapGrid/SnapGridPlaneMesh.uasset" 3299
"../../../Engine/Content/VREditor/Sounds/UI/Drop_Item_From_ContentBrowser.uasset" 3300
"../../../Engine/Content/VREditor/Sounds/UI/Gizmo_Handle_Clicked.uasset" 3301
"../../../Engine/Content/VREditor/Sounds/UI/Object_PickUp.uasset" 3302
"../../../Engine/Content/VREditor/Sounds/UI/Object_Snaps_To_Another_Actor.uasset" 3303
"../../../Engine/Content/VREditor/Sounds/UI/Object_Snaps_To_Grid.uasset" 3304
"../../../Engine/Content/VREditor/Sounds/UI/Scaling_Down.uasset" 3305
"../../../Engine/Content/VREditor/Sounds/UI/Scaling_Up.uasset" 3306
"../../../Engine/Content/VREditor/Sounds/UI/Selection_Changes.uasset" 3307
"../../../Engine/Content/VREditor/TransformGizmo/PlaneTranslationHandle.uasset" 3308
"../../../Engine/Content/VREditor/TransformGizmo/RotationHandleFull.uasset" 3309
"../../../Engine/Content/VREditor/TransformGizmo/RotationHandleIndicator.uasset" 3310
"../../../Engine/Content/VREditor/TransformGizmo/RotationHandleQuarter.uasset" 3311
"../../../Engine/Content/VREditor/TransformGizmo/StartRotationHandleIndicator.uasset" 3312
"../../../Engine/Content/VREditor/TransformGizmo/TransformGizmoFreeRotation.uasset" 3313
"../../../Engine/Content/VREditor/TransformGizmo/TranslateArrowHandle.uasset" 3314
"../../../Engine/Content/VREditor/TransformGizmo/UniformScaleHandle.uasset" 3315
"../../../Engine/Content/Functions/Engine_MaterialFunctions02/Math/Transform3x3Matrix.uasset" 3316
"../../../Engine/Content/Functions/Engine_MaterialFunctions02/SplitComponents.uasset" 3317
"../../../Engine/Content/VREditor/TransformGizmo/TransformGizmoMaterial.uasset" 3318
"../../../Engine/Content/VREditor/TransformGizmo/TranslucentTransformGizmoMaterial.uasset" 3319
"../../../Engine/Content/Functions/Engine_MaterialFunctions02/Utility/BreakOutFloat3Components.uasset" 3320
"../../../Engine/Content/VREditor/LaserPointer/VR_LaserPower_01.uasset" 3321
"/Engine/VREditor/TransformGizmo/BoundingBoxCorner" 3322
"../../../Engine/Content/VREditor/TransformGizmo/BoundingBoxCorner.uasset" 3323
"/Engine/VREditor/TransformGizmo/BoundingBoxEdge" 3324
"../../../Engine/Content/VREditor/TransformGizmo/BoundingBoxEdge.uasset" 3325
"/Engine/ArtTools/RenderToTexture/Meshes/S_1_Unit_Plane" 3326
"../../../Engine/Content/ArtTools/RenderToTexture/Meshes/S_1_Unit_Plane.uasset" 3327
"/Engine/EngineDebugMaterials/M_SimpleUnlitTranslucent" 3328
"../../../Engine/Content/EngineDebugMaterials/M_SimpleUnlitTranslucent.uasset" 3329
"/Engine/EngineFonts/Roboto" 3330
"../../../Engine/Content/EngineFonts/Roboto.uasset" 3331
"../../../Engine/Content/EngineFonts/Faces/DroidSansFallback.uasset" 3332
"../../../Engine/Content/EngineFonts/Faces/RobotoBold.uasset" 3333
"../../../Engine/Content/EngineFonts/Faces/RobotoBoldItalic.uasset" 3334
"../../../Engine/Content/EngineFonts/Faces/RobotoItalic.uasset" 3335
"../../../Engine/Content/EngineFonts/Faces/RobotoLight.uasset" 3336
"../../../Engine/Content/EngineFonts/Faces/RobotoRegular.uasset" 3337
"/Engine/EditorMaterials/ParticleSystems/PSysThumbnail_NoImage" 3338
"../../../Engine/Content/EditorMaterials/ParticleSystems/PSysThumbnail_NoImage.uasset" 3339
"/Engine/EditorMaterials/ParticleSystems/PSysThumbnail_OOD" 3340
"../../../Engine/Content/EditorMaterials/ParticleSystems/PSysThumbnail_OOD.uasset" 3341
"/Engine/EngineResources/LandscapeVisibilityLayerInfo" 3342
"../../../Engine/Content/EngineResources/LandscapeVisibilityLayerInfo.uasset" 3343
"/ACLPlugin/ACLAnimBoneCompressionSettings" 3344
"../../Plugins/Animation/ACLPlugin/Content/ACLAnimBoneCompressionSettings.uasset" 3345
"/Engine/Animation/DefaultRecorderBoneCompression" 3346
"../../../Engine/Content/Animation/DefaultRecorderBoneCompression.uasset" 3347
"/ACLPlugin/ACLAnimCurveCompressionSettings" 3348
"../../Plugins/Animation/ACLPlugin/Content/ACLAnimCurveCompressionSettings.uasset" 3349
"/Engine/Animation/DefaultVariableFrameStrippingSettings" 3350
"../../../Engine/Content/Animation/DefaultVariableFrameStrippingSettings.uasset" 3351
"/ControlRig/Controls/ControlRigXRayMaterial" 3352
"../../Plugins/Animation/ControlRig/Content/Controls/ControlRigXRayMaterial.uasset" 3353
"/ControlRig/Controls/DefaultGizmoLibraryNormalized" 3354
"../../Plugins/Animation/ControlRig/Content/Controls/DefaultGizmoLibraryNormalized.uasset" 3355
"/Paper2D/MaskedUnlitSpriteMaterial" 3356
"../../Plugins/2D/Paper2D/Content/MaskedUnlitSpriteMaterial.uasset" 3357
"../../Plugins/2D/Paper2D/Content/DefaultSpriteMaterial.uasset" 3358
"../../Plugins/2D/Paper2D/Content/PlaceholderTextures/DummySpriteTexture.uasset" 3359
"/Paper2D/OpaqueUnlitSpriteMaterial" 3360
"../../Plugins/2D/Paper2D/Content/OpaqueUnlitSpriteMaterial.uasset" 3361
"/Paper2D/DefaultPaperTerrainMaterial" 3362
"../../Plugins/2D/Paper2D/Content/DefaultPaperTerrainMaterial.uasset" 3363
"../../Plugins/2D/Paper2D/Content/DummySprite.uasset" 3364
"/ControlRig/M_Manip" 3365
"../../Plugins/Animation/ControlRig/Content/M_Manip.uasset" 3366
"../../../Engine/Content/Functions/Engine_MaterialFunctions02/WorldPositionOffset/CameraOffset.uasset" 3367
"/AudioWidgets/Resources/ScrubHandleDown_Clamped" 3368
"../../Plugins/Runtime/AudioWidgets/Content/Resources/ScrubHandleDown_Clamped.uasset" 3369
"/MediaPlate/SM_MediaPlateScreen" 3370
"../../Plugins/Media/MediaPlate/Content/SM_MediaPlateScreen.uasset" 3371
"/SpeedTreeImporter/SpeedTree9/SpeedTreeMaster" 3372
"../../Plugins/Editor/SpeedTreeImporter/Content/SpeedTree9/SpeedTreeMaster.uasset" 3373
"../../../Engine/Content/Functions/Engine_MaterialFunctions02/ObjectLocalBounds.uasset" 3374
"../../../Engine/Content/Functions/Engine_MaterialFunctions02/SafeNormalize.uasset" 3375
"../../../Engine/Content/Functions/Engine_MaterialFunctions02/Utility/VectorLength.uasset" 3376
"../../../Engine/Content/Functions/Engine_MaterialFunctions02/UVs/BoundingBoxBased_0-1_UVW.uasset" 3377
"../../../Engine/Content/Functions/Engine_MaterialFunctions02/WorldPositionOffset/ObjectScale.uasset" 3378
"../../Plugins/Editor/SpeedTreeImporter/Content/SpeedTree9/SpeedTreeBranchMotion.uasset" 3379
"../../Plugins/Editor/SpeedTreeImporter/Content/SpeedTree9/SpeedTreeCameraFacing.uasset" 3380
"../../Plugins/Editor/SpeedTreeImporter/Content/SpeedTree9/SpeedTreeWind.uasset" 3381
"../../Plugins/Editor/SpeedTreeImporter/Content/SpeedTree9/SpeedTreeWindMotion.uasset" 3382
"../../Plugins/Editor/SpeedTreeImporter/Content/SpeedTree9/UnpackDirection.uasset" 3383
"../../Plugins/Editor/SpeedTreeImporter/Content/SpeedTree9/UnpackInteger3.uasset" 3384
"../../Plugins/Editor/SpeedTreeImporter/Content/SpeedTree9/Empty.uasset" 3385
"../../Plugins/Editor/SpeedTreeImporter/Content/SpeedTree9/EmptyNormal.uasset" 3386
"../../Plugins/Editor/SpeedTreeImporter/Content/SpeedTree9/game_wind_noise.uasset" 3387
"/SpeedTreeImporter/SpeedTree9/SpeedTreeBillboardMaster" 3388
"../../Plugins/Editor/SpeedTreeImporter/Content/SpeedTree9/SpeedTreeBillboardMaster.uasset" 3389
"../../Plugins/Editor/SpeedTreeImporter/Content/SpeedTree9/SpeedTreeBillboard.uasset" 3390
"/Engine/BasicShapes/BasicShapeMaterial" 3391
"../../../Engine/Content/BasicShapes/BasicShapeMaterial.uasset" 3392
"/Engine/EditorMaterials/Dataflow/DataflowVertexMaterial" 3393
"../../../Engine/Content/EditorMaterials/Dataflow/DataflowVertexMaterial.uasset" 3394
"/Engine/EditorMaterials/Dataflow/DataflowTwoSidedVertexMaterial" 3395
"../../../Engine/Content/EditorMaterials/Dataflow/DataflowTwoSidedVertexMaterial.uasset" 3396
"/Engine/EditorLandscapeResources/LayerVisMaterial" 3397
"../../../Engine/Content/EditorLandscapeResources/LayerVisMaterial.uasset" 3398
"../../../Engine/Content/EditorLandscapeResources/WhiteSquareTexture.uasset" 3399
"/Engine/EditorLandscapeResources/SelectBrushMaterial_Selected" 3400
"../../../Engine/Content/EditorLandscapeResources/SelectBrushMaterial_Selected.uasset" 3401
"../../../Engine/Content/EditorLandscapeResources/SelectBrushMaterial.uasset" 3402
"../../../Engine/Content/Functions/Engine_MaterialFunctions03/Math/WithinRangeFloat2.uasset" 3403
"../../../Engine/Content/EditorLandscapeResources/DefaultAlphaTexture.uasset" 3404
"/Engine/EditorLandscapeResources/SelectBrushMaterial_SelectedRegion" 3405
"../../../Engine/Content/EditorLandscapeResources/SelectBrushMaterial_SelectedRegion.uasset" 3406
"/Engine/EditorLandscapeResources/MaskBrushMaterial_MaskedRegion" 3407
"../../../Engine/Content/EditorLandscapeResources/MaskBrushMaterial_MaskedRegion.uasset" 3408
"../../../Engine/Content/EditorLandscapeResources/MaskBrushMaterial.uasset" 3409
"/Engine/EditorLandscapeResources/ColorMaskBrushMaterial_MaskedRegion" 3410
"../../../Engine/Content/EditorLandscapeResources/ColorMaskBrushMaterial_MaskedRegion.uasset" 3411
"../../../Engine/Content/EditorLandscapeResources/ColorMaskBrushMaterial.uasset" 3412
"/Engine/EditorLandscapeResources/LandscapeDirtyMaterial" 3413
"../../../Engine/Content/EditorLandscapeResources/LandscapeDirtyMaterial.uasset" 3414
"/Engine/EditorLandscapeResources/LandscapeLayerUsageMaterial" 3415
"../../../Engine/Content/EditorLandscapeResources/LandscapeLayerUsageMaterial.uasset" 3416
"../../../Engine/Content/Functions/Engine_MaterialFunctions01/Debug/DebugIntValues.uasset" 3417
"../../../Engine/Content/Functions/Engine_MaterialFunctions01/Texturing/ScaleUVsByCenter.uasset" 3418
"../../../Engine/Content/Functions/Engine_MaterialFunctions02/WorldPositionOffset/LocalPosition.uasset" 3419
"../../../Engine/Content/Functions/Engine_MaterialFunctions01/Texturing/TextureCropping.uasset" 3420
"../../../Engine/Content/Functions/Engine_MaterialFunctions02/ExampleContent/DebugNumberStrip.uasset" 3421
"C:/Users/s5624234/AppData/Local/UnrealEngine/Editor/UInteractiveToolsPresetCollectionAsset_DefaultCollection.json" 3422
"/Engine/EngineMaterials/NaniteHiddenSectionMaterial" 3423
"../../../Engine/Content/EngineMaterials/NaniteHiddenSectionMaterial.uasset" 3424
"/Engine/EngineMaterials/RemoveSurfaceMaterial" 3425
"../../../Engine/Content/EngineMaterials/RemoveSurfaceMaterial.uasset" 3426
"/Engine/EngineDebugMaterials/DebugMeshMaterial" 3427
"../../../Engine/Content/EngineDebugMaterials/DebugMeshMaterial.uasset" 3428
"/Engine/EngineMaterials/EmissiveMeshMaterial" 3429
"../../../Engine/Content/EngineMaterials/EmissiveMeshMaterial.uasset" 3430
"../../../Engine/Content/EngineMaterials/DefaultWhiteGrid_Low.uasset" 3431
"/Engine/EngineMaterials/M_InvalidLightmapSettings" 3432
"../../../Engine/Content/EngineMaterials/M_InvalidLightmapSettings.uasset" 3433
"../../../Engine/Content/EngineMaterials/InvalidLightmapSettings.uasset" 3434
"/Engine/EngineMaterials/GizmoMaterial" 3435
"../../../Engine/Content/EngineMaterials/GizmoMaterial.uasset" 3436
"/Engine/EngineMaterials/PhAT_JointLimitMaterial" 3437
"../../../Engine/Content/EngineMaterials/PhAT_JointLimitMaterial.uasset" 3438
"/Engine/EngineMaterials/FlattenMaterial" 3439
"../../../Engine/Content/EngineMaterials/FlattenMaterial.uasset" 3440
"../../../Engine/Content/EngineMaterials/BaseFlattenDiffuseMap.uasset" 3441
"../../../Engine/Content/EngineMaterials/BaseFlattenEmissiveMap.uasset" 3442
"../../../Engine/Content/EngineMaterials/BaseFlattenGrayscaleMap.uasset" 3443
"../../../Engine/Content/EngineMaterials/BaseFlattenLinearColor.uasset" 3444
"../../../Engine/Content/EngineMaterials/BaseFlattenNormalMap.uasset" 3445
"../../../Engine/Content/Functions/Engine_MaterialFunctions02/PivotPainter2/Black_1x1_EXR_Texture.uasset" 3446
"/Engine/EngineMaterials/FlattenMaterial_VT" 3447
"../../../Engine/Content/EngineMaterials/FlattenMaterial_VT.uasset" 3448
"../../../Engine/Content/EngineMaterials/BaseFlattenDiffuseMap_VT.uasset" 3449
"../../../Engine/Content/EngineMaterials/BaseFlattenEmissiveMap_VT.uasset" 3450
"../../../Engine/Content/EngineMaterials/BaseFlattenGrayscaleMap_VT.uasset" 3451
"../../../Engine/Content/EngineMaterials/BaseFlattenLinearColor_VT.uasset" 3452
"../../../Engine/Content/EngineMaterials/BaseFlattenNormalMap_VT.uasset" 3453
"../../../Engine/Content/EngineMaterials/Black_1x1_EXR_Texture_VT.uasset" 3454
"/Engine/EngineMaterials/FlattenMaterial_WS_Normal_VT" 3455
"../../../Engine/Content/EngineMaterials/FlattenMaterial_WS_Normal_VT.uasset" 3456
"/Engine/EngineMaterials/Good64x64TilingNoiseHighFreq" 3457
"../../../Engine/Content/EngineMaterials/Good64x64TilingNoiseHighFreq.uasset" 3458
"/Engine/EngineMaterials/DefaultBokeh" 3459
"../../../Engine/Content/EngineMaterials/DefaultBokeh.uasset" 3460
"/Engine/EngineMaterials/MiniFont" 3461
"../../../Engine/Content/EngineMaterials/MiniFont.uasset" 3462
"/Engine/EngineMaterials/WeightMapPlaceholderTexture" 3463
"../../../Engine/Content/EngineMaterials/WeightMapPlaceholderTexture.uasset" 3464
"/Engine/EngineMaterials/WeightMapArrayPlaceholderTexture" 3465
"../../../Engine/Content/EngineMaterials/WeightMapArrayPlaceholderTexture.uasset" 3466
"/Engine/EngineMaterials/DefaultWhiteGrid" 3467
"../../../Engine/Content/EngineMaterials/DefaultWhiteGrid.uasset" 3468
"/Engine/EngineMaterials/PreintegratedSkinBRDF" 3469
"../../../Engine/Content/EngineMaterials/PreintegratedSkinBRDF.uasset" 3470
"/Engine/EngineMaterials/LTC/GGX_LTCAmp" 3471
"../../../Engine/Content/EngineMaterials/LTC/GGX_LTCAmp.uasset" 3472
"/Engine/EngineMaterials/LTC/GGX_LTCMat" 3473
"../../../Engine/Content/EngineMaterials/LTC/GGX_LTCMat.uasset" 3474
"/Engine/EngineMaterials/EnergyConservation/GGX_ReflectionEnergy" 3475
"../../../Engine/Content/EngineMaterials/EnergyConservation/GGX_ReflectionEnergy.uasset" 3476
"/Engine/EngineMaterials/EnergyConservation/GGX_TransmissionEnergyArray" 3477
"../../../Engine/Content/EngineMaterials/EnergyConservation/GGX_TransmissionEnergyArray.uasset" 3478
"/Engine/EngineMaterials/EnergyConservation/SheenLegacy_Energy" 3479
"../../../Engine/Content/EngineMaterials/EnergyConservation/SheenLegacy_Energy.uasset" 3480
"/Engine/EngineMaterials/DefaultPhysicalMaterial" 3481
"../../../Engine/Content/EngineMaterials/DefaultPhysicalMaterial.uasset" 3482
"/Engine/EngineMaterials/DefaultDestructiblePhysicalMaterial" 3483
"../../../Engine/Content/EngineMaterials/DefaultDestructiblePhysicalMaterial.uasset" 3484
"/Niagara/ParameterDefinitions/SpriteRenderer" 3485
"C:/Users/s5624234/AppData/Local/UnrealEngine/Editor/ProjectEditorRecords.json" 3486
"../../Plugins/FX/Niagara/Content/ParameterDefinitions/SpriteRenderer.uasset" 3487
"/Niagara/ParameterDefinitions/RibbonRenderer" 3488
"../../Plugins/FX/Niagara/Content/ParameterDefinitions/RibbonRenderer.uasset" 3489
"/Niagara/ParameterDefinitions/MeshRenderer" 3490
"../../Plugins/FX/Niagara/Content/ParameterDefinitions/MeshRenderer.uasset" 3491
"/Niagara/ParameterDefinitions/LightRenderer" 3492
"../../Plugins/FX/Niagara/Content/ParameterDefinitions/LightRenderer.uasset" 3493
"/Niagara/ParameterDefinitions/DecalRenderer" 3494
"../../Plugins/FX/Niagara/Content/ParameterDefinitions/DecalRenderer.uasset" 3495
"/Niagara/ParameterDefinitions/CoreParameters" 3496
"../../Plugins/FX/Niagara/Content/ParameterDefinitions/CoreParameters.uasset" 3497
"/DeformerGraph/Deformers/DG_LinearBlendSkin_Morph_Cloth" 3498
"../../Plugins/Animation/DeformerGraph/Content/Deformers/DG_LinearBlendSkin_Morph_Cloth.uasset" 3499
"../../Plugins/Animation/DeformerGraph/Content/DeformerFunctions/DG_Function_LinearBlendSkin_Morph_Cloth.uasset" 3500
"/DeformerGraph/Deformers/DG_LinearBlendSkin_Morph_Cloth_RecomputeNormals" 3501
"../../Plugins/Animation/DeformerGraph/Content/Deformers/DG_LinearBlendSkin_Morph_Cloth_RecomputeNormals.uasset" 3502
"../../Plugins/Animation/DeformerGraph/Content/DeformerFunctions/DG_Function_ComputeNormalsTangents.uasset" 3503
"../../Plugins/Animation/DeformerGraph/Content/DeformerFunctions/DG_Function_LinearBlendSkin_Morph_Cloth_PositionOnly.uasset" 3504
"/Engine/BasicShapes/Sphere" 3505
"../../../Engine/Content/BasicShapes/Sphere.uasset" 3506
"../../../Engine/Content/EngineMaterials/DefaultMaterial.uasset" 3507
"/Engine/BasicShapes/Cylinder" 3508
"../../../Engine/Content/BasicShapes/Cylinder.uasset" 3509
"/Engine/BasicShapes/Cone" 3510
"../../../Engine/Content/BasicShapes/Cone.uasset" 3511
"/Engine/BasicShapes/Plane" 3512
"../../../Engine/Content/BasicShapes/Plane.uasset" 3513
"/Engine/EditorResources/SequenceRecorder/Countdown" 3514
"../../../Engine/Content/EditorResources/SequenceRecorder/Countdown.uasset" 3515
"/Engine/EditorResources/SequenceRecorder/RecordingIndicator" 3516
"../../../Engine/Content/EditorResources/SequenceRecorder/RecordingIndicator.uasset" 3517
"/Engine/EditorMaterials/PhAT_UnselectedMaterial" 3518
"../../../Engine/Content/EditorMaterials/PhAT_UnselectedMaterial.uasset" 3519
"/Engine/EditorMaterials/PhAT_NoCollisionMaterial" 3520
"../../../Engine/Content/EditorMaterials/PhAT_NoCollisionMaterial.uasset" 3521
"/Engine/EngineFonts/DroidSansMono" 3522
"../../../Engine/Content/EngineFonts/DroidSansMono.uasset" 3523
"../../../Engine/Content/EngineFonts/Faces/DroidSansMono.uasset" 3524
"../../../Engine/Documentation/Source/Shared/Types/ABrush/ABrush.INT.udn" 3525
"../../../Engine/Content/Internationalization/icudt64l/brkitr/en.res" 3526
"../../../Engine/Content/Internationalization/icudt64l/brkitr/root.res" 3527
"../../../Engine/Content/Internationalization/icudt64l/brkitr/char.brk" 3528
"../../../Engine/Content/Internationalization/icudt64l/brkitr/word.brk" 3529
"/Engine/EditorResources/S_Terrain" 3530
"../../../Engine/Content/EditorResources/S_Terrain.uasset" 3531
"../../../Engine/Plugins/FX/Niagara/Shaders/Private/NiagaraDataInterfaceTexture2DArrayTemplate.ush" 3532
"../../../Engine/Plugins/FX/Niagara/Shaders/Private/NiagaraDataInterfaceActorComponentTemplate.ush" 3533
"../../../Engine/Plugins/FX/Niagara/Shaders/Private/NiagaraDataInterfaceArrayTemplate.ush" 3534
"../../../Engine/Plugins/FX/Niagara/Shaders/Private/NiagaraDataInterfaceArrayRWTemplate.ush" 3535
"../../../Engine/Plugins/FX/Niagara/Shaders/Private/NiagaraDataInterfaceAsyncGpuTrace.ush" 3536
"../../../Engine/Plugins/FX/Niagara/Shaders/Private/NiagaraDataInterfaceAsyncGpuTraceTemplate.ush" 3537
"../../../Engine/Plugins/FX/Niagara/Shaders/Private/NiagaraDataInterfaceCamera.ush" 3538
"../../../Engine/Plugins/Experimental/ChaosNiagara/Shaders/NiagaraDataInterfaceChaosDestruction.ush" 3539
"../../../Engine/Plugins/FX/Niagara/Shaders/Private/NiagaraDataInterfaceCollisionQuery.ush" 3540
"D:/FYP_UE/FYP/Intermediate/ShaderAutogen/PCD3D_SM5/AutogenShaderHeaders.ush" 3541
"../../../Engine/Plugins/FX/Niagara/Shaders/Private/NiagaraDataInterfaceCollisionQueryTemplate.ush" 3542
"../../../Engine/Plugins/FX/Niagara/Shaders/Private/NiagaraDataInterfaceCurveTemplate.ush" 3543
"../../../Engine/Plugins/FX/Niagara/Shaders/Private/NiagaraDataInterfaceCubeTextureTemplate.ush" 3544
"../../../Engine/Plugins/FX/Niagara/Shaders/Private/DataChannel/NiagaraDataInterfaceDataChannelCommon.ush" 3545
"../../../Engine/Plugins/FX/Niagara/Shaders/Private/DataChannel/NiagaraDataInterfaceDataChannelTemplateCommon.ush" 3546
"../../../Engine/Plugins/FX/Niagara/Shaders/Private/DataChannel/NiagaraDataInterfaceDataChannelTemplateReadCommon.ush" 3547
"../../../Engine/Plugins/FX/Niagara/Shaders/Private/DataChannel/NiagaraDataInterfaceDataChannelTemplate_Read.ush" 3548
"../../../Engine/Plugins/FX/Niagara/Shaders/Private/DataChannel/NiagaraDataInterfaceDataChannelTemplate_Consume.ush" 3549
"../../../Engine/Plugins/FX/Niagara/Shaders/Private/DataChannel/NiagaraDataInterfaceDataChannelTemplateWriteCommon.ush" 3550
"../../../Engine/Plugins/FX/Niagara/Shaders/Private/DataChannel/NiagaraDataInterfaceDataChannelTemplate_Append.ush" 3551
"../../../Engine/Plugins/FX/Niagara/Shaders/Private/NiagaraDataInterfaceDataTableTemplate.ush" 3552
"../../../Engine/Plugins/FX/Niagara/Shaders/Private/NiagaraDataInterfaceDebugDraw.ush" 3553
"../../../Engine/Plugins/FX/Niagara/Shaders/Private/NiagaraDataInterfaceDebugDrawTemplate.ush" 3554
"../../../Engine/Plugins/FX/Niagara/Shaders/Private/NiagaraDataInterfaceDynamicMeshTemplate.ush" 3555
"../../../Engine/Plugins/FX/Niagara/Shaders/Private/NiagaraDataInterfaceEmitterPropertiesTemplate.ush" 3556
"../../../Engine/Plugins/FX/Niagara/Shaders/Private/NiagaraDataInterfaceExportTemplate.ush" 3557
"../../../Engine/Plugins/FX/Niagara/Shaders/Private/NiagaraDataInterfaceGBufferTemplate.ush" 3558
"../../../Engine/Plugins/Experimental/ChaosNiagara/Shaders/NiagaraDataInterfaceGeometryCollection.ush" 3559
"../../../Engine/Plugins/FX/Niagara/Shaders/Private/NiagaraTransformUtils.ush" 3560
"../../../Engine/Plugins/Runtime/HairStrands/Shaders/Private/NiagaraStrandsExternalForce.ush" 3561
"../../../Engine/Plugins/Runtime/HairStrands/Shaders/Private/NiagaraHookeSpringMaterial.ush" 3562
"../../../Engine/Plugins/Runtime/HairStrands/Shaders/Private/NiagaraAngularSpringMaterial.ush" 3563
"../../../Engine/Plugins/Runtime/HairStrands/Shaders/Private/NiagaraConstantVolumeMaterial.ush" 3564
"../../../Engine/Plugins/Runtime/HairStrands/Shaders/Private/NiagaraCosseratRodMaterial.ush" 3565
"../../../Engine/Plugins/Runtime/HairStrands/Shaders/Private/NiagaraStaticCollisionConstraint.ush" 3566
"../../../Engine/Plugins/Runtime/HairStrands/Shaders/Private/NiagaraDataInterfaceHairStrands.ush" 3567
"../../../Engine/Plugins/Runtime/HairStrands/Shaders/Private/NiagaraDataInterfaceHairStrandsTemplate.ush" 3568
"../../../Engine/Plugins/FX/Niagara/Shaders/Private/NiagaraDataInterfaceIntRenderTarget2D.ush" 3569
"../../../Engine/Plugins/FX/Niagara/Shaders/Private/NiagaraDataInterfaceLandscape.ush" 3570
"../../../Engine/Plugins/FX/Niagara/Shaders/Private/NiagaraDataInterfaceMemoryBufferTemplate.ush" 3571
"../../../Engine/Plugins/FX/Niagara/Shaders/Private/NiagaraDataInterfaceMeshRendererInfoTemplate.ush" 3572
"../../../Engine/Plugins/FX/Niagara/Shaders/Private/NiagaraDataInterfaceOcclusion.ush" 3573
"../../../Engine/Plugins/FX/Niagara/Shaders/Private/NiagaraDataInterfacePhysicsAsset.ush" 3574
"../../../Engine/Plugins/Experimental/ChaosNiagara/Shaders/NiagaraDataInterfacePhysicsField.ush" 3575
"../../../Engine/Plugins/FX/Niagara/Shaders/Private/NiagaraDataInterfacePlatformSetTemplate.ush" 3576
"../../../Engine/Plugins/Runtime/HairStrands/Shaders/Private/NiagaraDataInterfaceVelocityGrid.ush" 3577
"../../../Engine/Plugins/Runtime/HairStrands/Shaders/Private/NiagaraDataInterfaceVelocityGridTemplate.ush" 3578
"../../../Engine/Plugins/Runtime/HairStrands/Shaders/Private/NiagaraDataInterfacePressureGrid.ush" 3579
"../../../Engine/Plugins/Runtime/HairStrands/Shaders/Private/NiagaraDataInterfacePressureGridTemplate.ush" 3580
"../../../Engine/Plugins/FX/Niagara/Shaders/Private/NiagaraDataInterfaceRenderTarget2DTemplate.ush" 3581
"../../../Engine/Plugins/FX/Niagara/Shaders/Private/NiagaraDataInterfaceRenderTarget2DArrayTemplate.ush" 3582
"../../../Engine/Plugins/FX/Niagara/Shaders/Private/NiagaraDataInterfaceRenderTargetCubeTemplate.ush" 3583
"../../../Engine/Plugins/FX/Niagara/Shaders/Private/NiagaraDataInterfaceRenderTargetVolumeTemplate.ush" 3584
"../../../Engine/Plugins/FX/Niagara/Shaders/Private/NiagaraDataInterfaceRigidMeshCollisionQuery.ush" 3585
"../../../Engine/Plugins/FX/Niagara/Shaders/Private/NiagaraDistanceFieldQueries.ush" 3586
"../../../Engine/Plugins/FX/Niagara/Shaders/Private/NiagaraDataInterfaceSceneCapture2DTemplate.ush" 3587
"../../../Engine/Plugins/FX/Niagara/Shaders/Private/NiagaraDataInterfaceSimCacheReaderTemplate.ush" 3588
"../../../Engine/Plugins/FX/Niagara/Shaders/Private/NiagaraDataInterfaceSimpleCounterTemplate.ush" 3589
"../../../Engine/Plugins/FX/Niagara/Shaders/Private/NiagaraDataInterfaceSkeletalMesh.ush" 3590
"../../../Engine/Plugins/FX/Niagara/Shaders/Private/NiagaraBaryCentricUtils.ush" 3591
"../../../Engine/Plugins/FX/Niagara/Shaders/Private/NiagaraDataInterfaceSkeletalMeshTemplate.ush" 3592
"../../../Engine/Plugins/FX/Niagara/Shaders/Private/NiagaraDataInterfaceSocketReaderTemplate.ush" 3593
"../../../Engine/Plugins/FX/Niagara/Shaders/Private/NiagaraDataInterfaceSparseVolumeTextureTemplate.ush" 3594
"../../../Engine/Plugins/FX/Niagara/Shaders/Private/NiagaraDataInterfaceSplineTemplate.ush" 3595
"../../../Engine/Plugins/FX/Niagara/Shaders/Private/NiagaraDataInterfaceSpriteRendererInfoTemplate.ush" 3596
"../../../Engine/Plugins/FX/Niagara/Shaders/Private/NiagaraDataInterfaceStaticMeshTemplate.ush" 3597
"../../../Engine/Plugins/FX/Niagara/Shaders/Private/NiagaraDataInterfaceTextureTemplate.ush" 3598
"../../../Engine/Plugins/FX/Niagara/Shaders/Private/NiagaraDataInterfaceVirtualTexture.ush" 3599
"../../../Engine/Plugins/FX/Niagara/Shaders/Private/NiagaraDataInterfaceVirtualTextureTemplate.ush" 3600
"../../../Engine/Plugins/FX/Niagara/Shaders/Private/NiagaraDataInterfaceVolumeCache.ush" 3601
"../../../Engine/Plugins/FX/Niagara/Shaders/Private/NiagaraDataInterfaceVolumeTextureTemplate.ush" 3602
"D:/FYP_UE/FYP/Content/ThirdPerson/Saving/WB_SaveGame.uasset" 3603
"D:/FYP_UE/FYP/Content/Characters/PlayerCharacter/PlayerAimPose.uasset" 3604
"D:/FYP_UE/FYP/Content/Characters/PlayerCharacter/PlayerCrouch.uasset" 3605
"D:/FYP_UE/FYP/Content/Characters/PlayerCharacter/PlayerMF_Unarmed_Walk_Fwd_Right.uasset" 3606
"D:/FYP_UE/FYP/Content/Characters/Mannequins/Anims/Rifle/AIM/MM_Rifle_Idle_ADS_AO_CC.uasset" 3607
"D:/FYP_UE/FYP/Content/Characters/PlayerCharacter/PlayerMF_Unarmed_Walk_Fwd_Left.uasset" 3608
"D:/FYP_UE/FYP/Content/Characters/PlayerCharacter/PlayerMF_Unarmed_Jog_Fwd_Left.uasset" 3609
"D:/FYP_UE/FYP/Content/Characters/PlayerCharacter/PlayerMF_Unarmed_Walk_Left.uasset" 3610
"D:/FYP_UE/FYP/Content/Characters/PlayerCharacter/PlayerMF_Unarmed_Jog_Fwd_Right.uasset" 3611
"D:/FYP_UE/FYP/Content/Characters/PlayerCharacter/PlayerMF_Unarmed_Walk_Bwd_Left.uasset" 3612
"D:/FYP_UE/FYP/Content/Characters/PlayerCharacter/PlayerMF_Unarmed_Jog_Left.uasset" 3613
"D:/FYP_UE/FYP/Content/Characters/PlayerCharacter/PlayerMF_Unarmed_Jog_Bwd.uasset" 3614
"D:/FYP_UE/FYP/Content/Characters/PlayerCharacter/PlayerMF_Unarmed_Walk_Right.uasset" 3615
"D:/FYP_UE/FYP/Content/Characters/PlayerCharacter/PlayerMF_Unarmed_Walk_Fwd.uasset" 3616
"D:/FYP_UE/FYP/Content/Characters/PlayerCharacter/PlayerMF_Unarmed_Walk_Bwd_Right.uasset" 3617
"D:/FYP_UE/FYP/Content/Characters/PlayerCharacter/PlayerMF_Unarmed_Jog_Bwd_Left.uasset" 3618
"D:/FYP_UE/FYP/Content/Characters/PlayerCharacter/PlayerMF_Unarmed_Jog_Bwd_Right.uasset" 3619
"D:/FYP_UE/FYP/Content/Characters/PlayerCharacter/PlayerMF_Unarmed_Jog_Fwd.uasset" 3620
"D:/FYP_UE/FYP/Content/Characters/PlayerCharacter/PlayerBS_Idle_Walk_Run.uasset" 3621
"D:/FYP_UE/FYP/Content/Characters/Mannequins/Anims/Rifle/MF_Rifle_Idle_ADS.uasset" 3622
"D:/FYP_UE/FYP/Content/Characters/PlayerCharacter/PlayerHolding_Idle_Anim1.uasset" 3623
"D:/FYP_UE/FYP/Content/Characters/PlayerCharacter/PlayerMF_Unarmed_Walk_Bwd.uasset" 3624
"D:/FYP_UE/FYP/Content/Characters/PlayerCharacter/PlayerMM_Idle.uasset" 3625
"D:/FYP_UE/FYP/Content/Characters/PlayerCharacter/PlayerCrouchWalk.uasset" 3626
"D:/FYP_UE/FYP/Content/Characters/PlayerCharacter/PlayerAnim_Climb.uasset" 3627
"D:/FYP_UE/FYP/Content/Characters/PlayerCharacter/PlayerMM_Jump.uasset" 3628
"D:/FYP_UE/FYP/Content/Characters/PlayerCharacter/PlayerMM_Fall_Loop.uasset" 3629
"D:/FYP_UE/FYP/Content/Characters/PlayerCharacter/PlayerFalling_Back_Death_Anim1.uasset" 3630
"D:/FYP_UE/FYP/Content/Characters/PlayerCharacter/PlayerMF_Unarmed_Jog_Right.uasset" 3631
"D:/FYP_UE/FYP/Content/Characters/PlayerCharacter/PlayerMM_Land.uasset" 3632
"D:/FYP_UE/FYP/Content/Characters/PlayerCharacter/PlayerAnim_Climb_Montage.uasset" 3633
"D:/FYP_UE/FYP/Content/Characters/PlayerCharacter/PlayerABP_Unarmed.uasset" 3634
"/Game/ThirdPerson/Saving/WB_SaveGame" 3635
"/Game/Characters/Mannequins/Anims/Rifle/MF_Rifle_Idle_ADS" 3636
"../../../Engine/Content/Animation/DefaultAnimBoneCompressionSettings.uasset" 3637
"../../../Engine/Content/Animation/DefaultAnimCurveCompressionSettings.uasset" 3638
"D:/FYP_UE/FYP/Content/Characters/Mannequins/Meshes/SK_Mannequin.uasset" 3639
"/Game/Characters/Mannequins/Anims/Rifle/AIM/MM_Rifle_Idle_ADS_AO_CC" 3640
"/Game/Characters/PlayerCharacter/PlayerAimPose" 3641
"D:/FYP_UE/FYP/Content/Bandit/Mesh/BanditUnreal_Skeleton.uasset" 3642
"/Game/Characters/PlayerCharacter/PlayerMF_Unarmed_Jog_Bwd" 3643
"/Game/Characters/PlayerCharacter/PlayerMF_Unarmed_Jog_Bwd_Left" 3644
"/Game/Characters/PlayerCharacter/PlayerMF_Unarmed_Jog_Bwd_Right" 3645
"/Game/Characters/PlayerCharacter/PlayerMF_Unarmed_Jog_Fwd" 3646
"/Game/Characters/PlayerCharacter/PlayerMF_Unarmed_Jog_Fwd_Left" 3647
"/Game/Characters/PlayerCharacter/PlayerMF_Unarmed_Jog_Fwd_Right" 3648
"/Game/Characters/PlayerCharacter/PlayerMF_Unarmed_Jog_Left" 3649
"/Game/Characters/PlayerCharacter/PlayerMF_Unarmed_Jog_Right" 3650
"/Game/Characters/PlayerCharacter/PlayerMF_Unarmed_Walk_Bwd" 3651
"/Game/Characters/PlayerCharacter/PlayerMF_Unarmed_Walk_Bwd_Left" 3652
"/Game/Characters/PlayerCharacter/PlayerMF_Unarmed_Walk_Bwd_Right" 3653
"/Game/Characters/PlayerCharacter/PlayerMF_Unarmed_Walk_Fwd" 3654
"/Game/Characters/PlayerCharacter/PlayerMF_Unarmed_Walk_Fwd_Left" 3655
"/Game/Characters/PlayerCharacter/PlayerMF_Unarmed_Walk_Fwd_Right" 3656
"/Game/Characters/PlayerCharacter/PlayerMF_Unarmed_Walk_Left" 3657
"/Game/Characters/PlayerCharacter/PlayerMF_Unarmed_Walk_Right" 3658
"/Game/Characters/PlayerCharacter/PlayerBS_Idle_Walk_Run" 3659
"/Game/Characters/PlayerCharacter/PlayerCrouch" 3660
"/Game/Characters/PlayerCharacter/PlayerCrouchWalk" 3661
"/Game/Characters/PlayerCharacter/PlayerFalling_Back_Death_Anim1" 3662
"/Game/Characters/PlayerCharacter/PlayerHolding_Idle_Anim1" 3663
"/Game/Characters/PlayerCharacter/PlayerMM_Fall_Loop" 3664
"/Game/Characters/PlayerCharacter/PlayerMM_Jump" 3665
"/Game/Characters/PlayerCharacter/PlayerMM_Land" 3666
"/Game/Characters/PlayerCharacter/PlayerABP_Unarmed" 3667
"D:/FYP_UE/FYP/Content/ThirdPerson/Blueprints/BP_ThirdPersonCharacter.uasset" 3668
"D:/FYP_UE/FYP/Content/Characters/Mannequins/Rigs/CR_Mannequin_FootIK.uasset" 3669
"D:/FYP_UE/FYP/Content/Characters/PlayerCharacter/PlayerAnim_GettingUp_Montage.uasset" 3670
"D:/FYP_UE/FYP/Content/Characters/PlayerCharacter/PlayerAnim_Vault_Montage.uasset" 3671
"D:/FYP_UE/FYP/Content/Characters/PlayerCharacter/PlayerMM_Pistol_DryFire_Montage.uasset" 3672
"D:/FYP_UE/FYP/Content/Characters/PlayerCharacter/PlayerStabbing_Anim1_Montage.uasset" 3673
"D:/FYP_UE/FYP/Content/Characters/PlayerCharacter/PlayerThrow__2__Anim_Montage.uasset" 3674
"D:/FYP_UE/FYP/Content/ThirdPerson/Animations/Throwable_Aiming_montage.uasset" 3675
"D:/FYP_UE/FYP/Content/ThirdPerson/Animations/Enemy_Anim/Falling_Back_Death_Anim1.uasset" 3676
"../../../Engine/Content/EditorBlueprintResources/StandardMacros.uasset" 3677
"D:/FYP_UE/FYP/Content/Input/Touch/BPI_TouchInterface.uasset" 3678
"D:/FYP_UE/FYP/Content/ThirdPerson/Blueprints/BP_Bullet.uasset" 3679
"D:/FYP_UE/FYP/Content/ThirdPerson/Blueprints/BP_PickUp.uasset" 3680
"D:/FYP_UE/FYP/Content/ThirdPerson/Blueprints/BP_Throwable.uasset" 3681
"D:/FYP_UE/FYP/Content/ThirdPerson/Blueprints/CharacterBPInterface.uasset" 3682
"D:/FYP_UE/FYP/Content/ThirdPerson/Blueprints/Hand_Gun.uasset" 3683
"D:/FYP_UE/FYP/Content/ThirdPerson/Blueprints/PistolCameraShake.uasset" 3684
"D:/FYP_UE/FYP/Content/ThirdPerson/Saving/WB_GameInstance.uasset" 3685
"D:/FYP_UE/FYP/Content/Input/Actions/IA_Aiming.uasset" 3686
"D:/FYP_UE/FYP/Content/Input/Actions/IA_Fire.uasset" 3687
"D:/FYP_UE/FYP/Content/Input/Actions/IA_Interact.uasset" 3688
"D:/FYP_UE/FYP/Content/Input/Actions/IA_Jump.uasset" 3689
"D:/FYP_UE/FYP/Content/Input/Actions/IA_Look.uasset" 3690
"D:/FYP_UE/FYP/Content/Input/Actions/IA_MouseLook.uasset" 3691
"D:/FYP_UE/FYP/Content/Input/Actions/IA_Move.uasset" 3692
"D:/FYP_UE/FYP/Content/Input/Actions/IA_Parkour.uasset" 3693
"D:/FYP_UE/FYP/Content/Input/Actions/IA_Pause.uasset" 3694
"D:/FYP_UE/FYP/Content/Input/Actions/IA_Sprint.uasset" 3695
"D:/FYP_UE/FYP/Content/Bandit/Skins/BanditMaskUpNoGun.uasset" 3696
"D:/FYP_UE/FYP/Content/Realistic_Starter_VFX_Pack_Vol2/Particles/Blood/P_Blood_Splat_Cone.uasset" 3697
"D:/FYP_UE/FYP/Content/Realistic_Starter_VFX_Pack_Vol2/Particles/Explosion/P_Explosion_Big_A.uasset" 3698
"D:/FYP_UE/FYP/Content/ThirdPerson/_GENERATED/s5624234/Projectile_Indicator.uasset" 3699
"D:/FYP_UE/FYP/Content/ThirdPerson/Blueprints/E_WeaponType.uasset" 3700
"D:/FYP_UE/FYP/Content/ThirdPerson/Can/Can.uasset" 3701
"D:/FYP_UE/FYP/Content/ThirdPerson/Knife/source/Knife1.uasset" 3702
"D:/FYP_UE/FYP/Content/ThirdPerson/Pistol/source/SemiAuto_Pistol_G-17.uasset" 3703
"D:/FYP_UE/FYP/Content/ThirdPerson/SFX/freesound_community-knife-stab-pull-7005.uasset" 3704
"D:/FYP_UE/FYP/Content/ThirdPerson/SFX/freesound_community-single-gunshot-43-79835.uasset" 3705
"D:/FYP_UE/FYP/Content/ThirdPerson/SFX/SoundCollect.uasset" 3706
"D:/FYP_UE/FYP/Content/ThirdPerson/TextureRenderTarget2D.uasset" 3707
"D:/FYP_UE/FYP/Content/ThirdPerson/UI/BP_LoseGame.uasset" 3708
"D:/FYP_UE/FYP/Content/ThirdPerson/UI/Crosshair.uasset" 3709
"D:/FYP_UE/FYP/Content/ThirdPerson/UI/WB_PauseMenu.uasset" 3710
"D:/FYP_UE/FYP/Content/ThirdPerson/UI/WB_PickUp.uasset" 3711
"D:/FYP_UE/FYP/Content/ThirdPerson/UI/WB_PlayerHUD.uasset" 3712
"D:/FYP_UE/FYP/Content/ThirdPerson/UI/WB_WeaponSwitch.uasset" 3713
"D:/FYP_UE/FYP/Content/UI_CrosshairFreePack/Textures/T_CH006_Sprite.uasset" 3714
"D:/FYP_UE/FYP/Content/Characters/PlayerCharacter/PlayerAnim_GettingUp.uasset" 3715
"D:/FYP_UE/FYP/Content/Characters/PlayerCharacter/PlayerAnim_Vault.uasset" 3716
"D:/FYP_UE/FYP/Content/Characters/PlayerCharacter/PlayerMM_Pistol_DryFire.uasset" 3717
"D:/FYP_UE/FYP/Content/Characters/PlayerCharacter/PlayerStabbing_Anim1.uasset" 3718
"D:/FYP_UE/FYP/Content/Characters/PlayerCharacter/PlayerThrow__2__Anim.uasset" 3719
"D:/FYP_UE/FYP/Content/ThirdPerson/Animations/Static_Aiming.uasset" 3720
"D:/FYP_UE/FYP/Content/ThirdPerson/AI/Enemy_Character.uasset" 3721
"D:/FYP_UE/FYP/Content/LevelPrototyping/Meshes/SM_ChamferCube.uasset" 3722
"D:/FYP_UE/FYP/Content/ThirdPerson/Blueprints/outline.uasset" 3723
"D:/FYP_UE/FYP/Content/ThirdPerson/Blueprints/document_file_folder/SkeletalMeshes/Folder_1Shape.uasset" 3724
"D:/FYP_UE/FYP/Content/ThirdPerson/Blueprints/document_file_folder/StaticMeshes/A4_Page1Shape_6_0.uasset" 3725
"D:/FYP_UE/FYP/Content/ThirdPerson/Blueprints/document_file_folder/StaticMeshes/A4_Page2Shape_4_0.uasset" 3726
"D:/FYP_UE/FYP/Content/ThirdPerson/Blueprints/document_file_folder/StaticMeshes/A4_Page3Shape_2_0.uasset" 3727
"D:/FYP_UE/FYP/Content/ThirdPerson/Blueprints/document_file_folder/StaticMeshes/A4_Paper_StackShape_8_0.uasset" 3728
"D:/FYP_UE/FYP/Content/UI_FlatIconsFreeSamplePack/512/T_Flag_512_Sprite.uasset" 3729
"D:/FYP_UE/FYP/Content/ThirdPerson/Can/Can_Material.uasset" 3730
"D:/FYP_UE/FYP/Content/ThirdPerson/SFX/ribhavagrawal-hit-by-a-wood-230542.uasset" 3731
"D:/FYP_UE/FYP/Content/Bandit/Materials/BanBootsMtl.uasset" 3732
"D:/FYP_UE/FYP/Content/Bandit/Materials/BanBracersMtl.uasset" 3733
"D:/FYP_UE/FYP/Content/Bandit/Materials/BanChapsMtl.uasset" 3734
"D:/FYP_UE/FYP/Content/Bandit/Materials/BanGunbeltMtl.uasset" 3735
"D:/FYP_UE/FYP/Content/Bandit/Materials/BanHairMtl.uasset" 3736
"D:/FYP_UE/FYP/Content/Bandit/Materials/BanHatMtl.uasset" 3737
"D:/FYP_UE/FYP/Content/Bandit/Materials/BanJacketMtl.uasset" 3738
"D:/FYP_UE/FYP/Content/Bandit/Materials/BanMaskupMtl.uasset" 3739
"D:/FYP_UE/FYP/Content/Bandit/Materials/BanPantsMtl.uasset" 3740
"D:/FYP_UE/FYP/Content/Bandit/Materials/BanShirtMtl.uasset" 3741
"D:/FYP_UE/FYP/Content/Bandit/Materials/prettyJawMtl.uasset" 3742
"D:/FYP_UE/FYP/Content/Bandit/Eyes/Materials/EyeRefractiveMtl_Inst.uasset" 3743
"D:/FYP_UE/FYP/Content/Bandit/Materials/BanBodyMtl_Inst.uasset" 3744
"D:/FYP_UE/FYP/Content/Bandit/Materials/BanEyesShadowMtl_InstLashes.uasset" 3745
"D:/FYP_UE/FYP/Content/Bandit/Materials/BanEyesShadowMtl_InstShadows.uasset" 3746
"D:/FYP_UE/FYP/Content/Bandit/Mesh/BanditUnreal_PhysicsAsset.uasset" 3747
"D:/FYP_UE/FYP/Content/Realistic_Starter_VFX_Pack_Vol2/Materials/M_Blood_C.uasset" 3748
"D:/FYP_UE/FYP/Content/Realistic_Starter_VFX_Pack_Vol2/Materials/M_Dirt_A.uasset" 3749
"D:/FYP_UE/FYP/Content/Realistic_Starter_VFX_Pack_Vol2/Materials/M_Smoke_A.uasset" 3750
"D:/FYP_UE/FYP/Content/Realistic_Starter_VFX_Pack_Vol2/Materials/M_Snow.uasset" 3751
"D:/FYP_UE/FYP/Content/Realistic_Starter_VFX_Pack_Vol2/Materials/M_Distortion.uasset" 3752
"D:/FYP_UE/FYP/Content/Realistic_Starter_VFX_Pack_Vol2/Materials/M_Explosion_B.uasset" 3753
"D:/FYP_UE/FYP/Content/Realistic_Starter_VFX_Pack_Vol2/Materials/M_Impact_C.uasset" 3754
"D:/FYP_UE/FYP/Content/Realistic_Starter_VFX_Pack_Vol2/Materials/M_Rock_B.uasset" 3755
"D:/FYP_UE/FYP/Content/Realistic_Starter_VFX_Pack_Vol2/Materials/M_Smoke_Wisp.uasset" 3756
"D:/FYP_UE/FYP/Content/Realistic_Starter_VFX_Pack_Vol2/Materials/M_Glow_C_Inst.uasset" 3757
"D:/FYP_UE/FYP/Content/Realistic_Starter_VFX_Pack_Vol2/Vectorfields/VectorField_A.uasset" 3758
"D:/FYP_UE/FYP/Content/ThirdPerson/_GENERATED/s5624234/Projectile_Mat.uasset" 3759
"D:/FYP_UE/FYP/Content/ThirdPerson/Knife/source/Knife.uasset" 3760
"D:/FYP_UE/FYP/Content/ThirdPerson/Pistol/source/aiStandardSurface1.uasset" 3761
"D:/FYP_UE/FYP/Content/ThirdPerson/UI/Font/Impacted2_0_Font.uasset" 3762
"D:/FYP_UE/FYP/Content/ThirdPerson/SFX/Press_Button.uasset" 3763
"D:/FYP_UE/FYP/Content/UI_CrosshairFreePack/Textures/T_CH007.uasset" 3764
"D:/FYP_UE/FYP/Content/ThirdPerson/SFX/Hovering.uasset" 3765
"D:/FYP_UE/FYP/Content/ThirdPerson/UI/WB_LoadingPage.uasset" 3766
"D:/FYP_UE/FYP/Content/ThirdPerson/UI/WB_SavingPage1.uasset" 3767
"D:/FYP_UE/FYP/Content/ThirdPerson/UI/WB_Settings.uasset" 3768
"D:/FYP_UE/FYP/Content/ThirdPerson/UI/WB_Goals.uasset" 3769
"D:/FYP_UE/FYP/Content/ThirdPerson/UI/WB_MiniMap.uasset" 3770
"D:/FYP_UE/FYP/Content/ThirdPerson/UI/WB_Timer.uasset" 3771
"D:/FYP_UE/FYP/Content/UI_FlatIconsFreeSamplePack/512/T_Bell_512.uasset" 3772
"D:/FYP_UE/FYP/Content/UI_FlatIconsFreeSamplePack/512/T_Gun_512.uasset" 3773
"D:/FYP_UE/FYP/Content/UI_FlatIconsFreeSamplePack/512/T_Knife_512.uasset" 3774
"../../Plugins/2D/Paper2D/Content/TranslucentUnlitSpriteMaterial.uasset" 3775
"D:/FYP_UE/FYP/Content/UI_CrosshairFreePack/Textures/T_CH006.uasset" 3776
"D:/FYP_UE/FYP/Content/ThirdPerson/Animations/Enemy_Anim/ABP_Enemy.uasset" 3777
"D:/FYP_UE/FYP/Content/ThirdPerson/Animations/Enemy_Anim/ELooking_Around_Anim2_Montage.uasset" 3778
"D:/FYP_UE/FYP/Content/ThirdPerson/Animations/Enemy_Anim/EMM_Pistol_DryFire_Montage.uasset" 3779
"D:/FYP_UE/FYP/Content/ThirdPerson/AI/BP_Waypoint.uasset" 3780
"D:/FYP_UE/FYP/Content/ThirdPerson/AI/Enemy_Controller.uasset" 3781
"D:/FYP_UE/FYP/Content/ThirdPerson/AI/Exit.uasset" 3782
"D:/FYP_UE/FYP/Content/ThirdPerson/AI/TARGETAI.uasset" 3783
"D:/FYP_UE/FYP/Content/Modern_Insurgent_7/Mesh/SK_Insurgent_P7_Skin2.uasset" 3784
"D:/FYP_UE/FYP/Content/ThirdPerson/AI/BestCombatActionEnum.uasset" 3785
"D:/FYP_UE/FYP/Content/ThirdPerson/AI/EnemyState.uasset" 3786
"D:/FYP_UE/FYP/Content/ThirdPerson/SFX/pwlpl-gunshot-377279.uasset" 3787
"D:/FYP_UE/FYP/Content/ThirdPerson/UI/WB_Suspecious_State.uasset" 3788
"D:/FYP_UE/FYP/Content/UI_CrosshairFreePack/Textures/T_AH002_Sprite.uasset" 3789
"D:/FYP_UE/FYP/Content/LevelPrototyping/Materials/MI_DefaultColorway.uasset" 3790
"D:/FYP_UE/FYP/Content/ThirdPerson/Blueprints/document_file_folder/Materials/Folder_1Shape.uasset" 3791
"D:/FYP_UE/FYP/Content/ThirdPerson/Blueprints/document_file_folder/SkeletalMeshes/Folder_1Shape_PhysicsAsset.uasset" 3792
"D:/FYP_UE/FYP/Content/ThirdPerson/Blueprints/document_file_folder/SkeletalMeshes/Folder_1Shape_Skeleton.uasset" 3793
"D:/FYP_UE/FYP/Content/ThirdPerson/Blueprints/document_file_folder/Materials/A4_Page1Shape.uasset" 3794
"D:/FYP_UE/FYP/Content/ThirdPerson/Blueprints/document_file_folder/Materials/A4_Page2Shape.uasset" 3795
"D:/FYP_UE/FYP/Content/ThirdPerson/Blueprints/document_file_folder/Materials/A4_Page3Shape.uasset" 3796
"D:/FYP_UE/FYP/Content/ThirdPerson/Blueprints/document_file_folder/Materials/A4_Paper_StackShape.uasset" 3797
"D:/FYP_UE/FYP/Content/UI_FlatIconsFreeSamplePack/512/T_Flag_512.uasset" 3798
"../../Plugins/Interchange/Assets/Content/Functions/MF_PhongToMetalRoughness.uasset" 3799
"D:/FYP_UE/FYP/Content/ThirdPerson/Can/Can_L_Material_BaseColor.uasset" 3800
"D:/FYP_UE/FYP/Content/ThirdPerson/Can/Can_L_Material_Normal.uasset" 3801
"D:/FYP_UE/FYP/Content/ThirdPerson/Can/Can_L_Material_Roughness.uasset" 3802
"D:/FYP_UE/FYP/Content/Bandit/Textures/BanBoots_BaseColor.uasset" 3803
"D:/FYP_UE/FYP/Content/Bandit/Textures/BanBoots_Normal.uasset" 3804
"D:/FYP_UE/FYP/Content/Bandit/Textures/BanBoots_OcclusionRoughnessMetallic.uasset" 3805
"D:/FYP_UE/FYP/Content/Bandit/Textures/BanBracers_BaseColor.uasset" 3806
"D:/FYP_UE/FYP/Content/Bandit/Textures/BanBracers_Normal.uasset" 3807
"D:/FYP_UE/FYP/Content/Bandit/Textures/BanBracers_OcclusionRoughnessMetallic.uasset" 3808
"D:/FYP_UE/FYP/Content/Bandit/Textures/BanChaps_BaseColor.uasset" 3809
"D:/FYP_UE/FYP/Content/Bandit/Textures/BanChaps_Normal.uasset" 3810
"D:/FYP_UE/FYP/Content/Bandit/Textures/BanChaps_OcclusionRoughnessMetallic.uasset" 3811
"D:/FYP_UE/FYP/Content/Bandit/Textures/BanGunbelt_BaseColor.uasset" 3812
"D:/FYP_UE/FYP/Content/Bandit/Textures/BanGunbelt_Normal.uasset" 3813
"D:/FYP_UE/FYP/Content/Bandit/Textures/BanGunbelt_OcclusionRoughnessMetallic.uasset" 3814
"../../../Engine/Content/Functions/Engine_MaterialFunctions02/Texturing/ScreenAlignedPixelToPixelUVs.uasset" 3815
"../../../Engine/Content/Functions/Engine_MaterialFunctions02/Utility/DitherTemporalAA.uasset" 3816
"D:/FYP_UE/FYP/Content/Bandit/Textures/BanHair_Alpha.uasset" 3817
"D:/FYP_UE/FYP/Content/Bandit/Textures/BanHair_depth.uasset" 3818
"D:/FYP_UE/FYP/Content/Bandit/Textures/BanHair_dif.uasset" 3819
"D:/FYP_UE/FYP/Content/Bandit/Textures/BanHair_Normal.uasset" 3820
"D:/FYP_UE/FYP/Content/Bandit/Textures/BanHat_BaseColor.uasset" 3821
"D:/FYP_UE/FYP/Content/Bandit/Textures/BanHat_Normal.uasset" 3822
"D:/FYP_UE/FYP/Content/Bandit/Textures/BanHat_OcclusionRoughnessMetallic.uasset" 3823
"D:/FYP_UE/FYP/Content/Bandit/Textures/BanJacket_BaseColor.uasset" 3824
"D:/FYP_UE/FYP/Content/Bandit/Textures/BanJacket_Normal.uasset" 3825
"D:/FYP_UE/FYP/Content/Bandit/Textures/BanJacket_OcclusionRoughnessMetallic.uasset" 3826
"D:/FYP_UE/FYP/Content/Bandit/Textures/BanMaskup_BaseColor.uasset" 3827
"D:/FYP_UE/FYP/Content/Bandit/Textures/BanMaskup_Normal.uasset" 3828
"D:/FYP_UE/FYP/Content/Bandit/Textures/BanMaskup_OcclusionRoughnessMetallic.uasset" 3829
"D:/FYP_UE/FYP/Content/Bandit/Textures/BanPants_BaseColor.uasset" 3830
"D:/FYP_UE/FYP/Content/Bandit/Textures/BanPants_Normal.uasset" 3831
"D:/FYP_UE/FYP/Content/Bandit/Textures/BanPants_OcclusionRoughnessMetallic.uasset" 3832
"D:/FYP_UE/FYP/Content/Bandit/Textures/BanShirt_BaseColor.uasset" 3833
"D:/FYP_UE/FYP/Content/Bandit/Textures/BanShirt_Normal.uasset" 3834
"D:/FYP_UE/FYP/Content/Bandit/Textures/BanShirt_OcclusionRoughnessMetallic.uasset" 3835
"D:/FYP_UE/FYP/Content/Bandit/Textures/prettyJaw_BaseColor.uasset" 3836
"D:/FYP_UE/FYP/Content/Bandit/Textures/prettyJaw_Normal.uasset" 3837
"D:/FYP_UE/FYP/Content/Bandit/Textures/prettyJaw_OcclusionRoughnessMetallic.uasset" 3838
"D:/FYP_UE/FYP/Content/Bandit/Eyes/Materials/EyeRefractiveMtl.uasset" 3839
"D:/FYP_UE/FYP/Content/Bandit/Eyes/Textures/EpicQuadPanorama_CC.uasset" 3840
"D:/FYP_UE/FYP/Content/Bandit/Eyes/Textures/Example/Eye_Wet_Normal.uasset" 3841
"D:/FYP_UE/FYP/Content/Bandit/Eyes/Textures/Example/EyeIrisBaseColor_Example_2.uasset" 3842
"D:/FYP_UE/FYP/Content/Bandit/Eyes/Textures/Example/EyeScleraBaseColor_Example_2.uasset" 3843
"D:/FYP_UE/FYP/Content/Bandit/Materials/BanBodyMtl.uasset" 3844
"D:/FYP_UE/FYP/Content/Bandit/Materials/BanEyesShadowMtl.uasset" 3845
"D:/FYP_UE/FYP/Content/Realistic_Starter_VFX_Pack_Vol2/Textures/T_Splash_A.uasset" 3846
"../../../Engine/Content/Functions/Engine_MaterialFunctions02/Texturing/CustomRotator.uasset" 3847
"D:/FYP_UE/FYP/Content/Realistic_Starter_VFX_Pack_Vol2/Textures/T_Dirt_C.uasset" 3848
"D:/FYP_UE/FYP/Content/Realistic_Starter_VFX_Pack_Vol2/Textures/T_Smoke_B.uasset" 3849
"../../../Engine/Content/Functions/Engine_MaterialFunctions01/Density/ExponentialDensity.uasset" 3850
"../../../Engine/Content/Functions/Engine_MaterialFunctions01/Gradient/RadialGradientExponential.uasset" 3851
"../../../Engine/Content/Functions/Engine_MaterialFunctions01/Gradient/SphereGradient-2D.uasset" 3852
"D:/FYP_UE/FYP/Content/Realistic_Starter_VFX_Pack_Vol2/Textures/T_NoiseNormal_B.uasset" 3853
"D:/FYP_UE/FYP/Content/Realistic_Starter_VFX_Pack_Vol2/Textures/T_Epxlosion_B_color.uasset" 3854
"D:/FYP_UE/FYP/Content/Realistic_Starter_VFX_Pack_Vol2/Textures/T_Epxlosion_B_packed.uasset" 3855
"D:/FYP_UE/FYP/Content/Realistic_Starter_VFX_Pack_Vol2/Textures/T_Impact.uasset" 3856
"D:/FYP_UE/FYP/Content/Realistic_Starter_VFX_Pack_Vol2/Textures/T_Rocks.uasset" 3857
"D:/FYP_UE/FYP/Content/Realistic_Starter_VFX_Pack_Vol2/Textures/T_Rocks_NM.uasset" 3858
"D:/FYP_UE/FYP/Content/Realistic_Starter_VFX_Pack_Vol2/Textures/T_Smoke_Wisp.uasset" 3859
"D:/FYP_UE/FYP/Content/Realistic_Starter_VFX_Pack_Vol2/Materials/M_Glow_C.uasset" 3860
"D:/FYP_UE/FYP/Content/Realistic_Starter_VFX_Pack_Vol2/Textures/T_Flare_A.uasset" 3861
"D:/FYP_UE/FYP/Content/ThirdPerson/Knife/textures/Knife_AO.uasset" 3862
"D:/FYP_UE/FYP/Content/ThirdPerson/Knife/textures/Knife_BaseColor.uasset" 3863
"D:/FYP_UE/FYP/Content/ThirdPerson/Knife/textures/Knife_Metallic.uasset" 3864
"D:/FYP_UE/FYP/Content/ThirdPerson/Knife/textures/Knife_Normal.uasset" 3865
"D:/FYP_UE/FYP/Content/ThirdPerson/Knife/textures/Knife_Roughness.uasset" 3866
"D:/FYP_UE/FYP/Content/ThirdPerson/Pistol/textures/G17_lambert10_BaseColor.uasset" 3867
"D:/FYP_UE/FYP/Content/ThirdPerson/Pistol/textures/G17_lambert10_Emissive.uasset" 3868
"D:/FYP_UE/FYP/Content/ThirdPerson/Pistol/textures/G17_lambert10_Metalness.uasset" 3869
"D:/FYP_UE/FYP/Content/ThirdPerson/Pistol/textures/G17_lambert10_Normal.uasset" 3870
"D:/FYP_UE/FYP/Content/ThirdPerson/Pistol/textures/G17_lambert10_Roughness.uasset" 3871
"D:/FYP_UE/FYP/Content/ThirdPerson/Pistol/textures/internal_ground_ao_texture.uasset" 3872
"D:/FYP_UE/FYP/Content/ThirdPerson/UI/Font/Impacted2_0.uasset" 3873
"../../../Engine/Content/EngineSounds/Master.uasset" 3874
"D:/FYP_UE/FYP/Content/ThirdPerson/SFX/MasterVolume.uasset" 3875
"D:/FYP_UE/FYP/Content/ThirdPerson/UI/Font/DCC_-_Ash_Font.uasset" 3876
"D:/FYP_UE/FYP/Content/ThirdPerson/M_Minimap.uasset" 3877
"D:/FYP_UE/FYP/Content/ThirdPerson/Animations/Enemy_Anim/Crouch_Torch_Idle_01_Anim1.uasset" 3878
"D:/FYP_UE/FYP/Content/ThirdPerson/Animations/Enemy_Anim/Dying_Anim2.uasset" 3879
"D:/FYP_UE/FYP/Content/ThirdPerson/Animations/Enemy_Anim/Falling_Back_Death_Anim2.uasset" 3880
"D:/FYP_UE/FYP/Content/ThirdPerson/Animations/Enemy_Anim/Injured_Idle_Anim1.uasset" 3881
"D:/FYP_UE/FYP/Content/ThirdPerson/Animations/Enemy_Anim/MM_Fall_Loop.uasset" 3882
"D:/FYP_UE/FYP/Content/ThirdPerson/Animations/Enemy_Anim/MM_Idle.uasset" 3883
"D:/FYP_UE/FYP/Content/ThirdPerson/Animations/Enemy_Anim/MM_Jump.uasset" 3884
"D:/FYP_UE/FYP/Content/ThirdPerson/Animations/Enemy_Anim/MM_Land.uasset" 3885
"D:/FYP_UE/FYP/Content/ThirdPerson/Animations/Enemy_Anim/Pistol_Idle_DryFirePose1.uasset" 3886
"D:/FYP_UE/FYP/Content/ThirdPerson/Animations/Enemy_Anim/BS_Idle_Walk_Run.uasset" 3887
"D:/FYP_UE/FYP/Content/ThirdPerson/Animations/Enemy_Anim/BS_Limping_Idle_Walk.uasset" 3888
"D:/FYP_UE/FYP/Content/Modern_Insurgent_7/Mesh/SKM_Insurgent_Skeleton.uasset" 3889
"D:/FYP_UE/FYP/Content/ThirdPerson/Animations/Enemy_Anim/Looking_Around_Anim2.uasset" 3890
"D:/FYP_UE/FYP/Content/ThirdPerson/Animations/Enemy_Anim/MM_Pistol_DryFire.uasset" 3891
"D:/FYP_UE/FYP/Content/ThirdPerson/AI/BT_Enemy.uasset" 3892
"D:/FYP_UE/FYP/Content/ThirdPerson/AI/BB_Enemy.uasset" 3893
"D:/FYP_UE/FYP/Content/Characters/Mannequins/Anims/Unarmed/test_e.uasset" 3894
"D:/FYP_UE/FYP/Content/Characters/Mannequins/Meshes/SKM_Quinn_Simple.uasset" 3895
"D:/FYP_UE/FYP/Content/Modern_Insurgent_7/Materials/ArmorSmall_Materials/M_ArmorSmall_Source.uasset" 3896
"D:/FYP_UE/FYP/Content/Modern_Insurgent_7/Materials/Beret_Materials/M_Beret_Source.uasset" 3897
"D:/FYP_UE/FYP/Content/Modern_Insurgent_7/Materials/Body_Materials/M_Body_Source.uasset" 3898
"D:/FYP_UE/FYP/Content/Modern_Insurgent_7/Materials/Body_Materials/M_Eye_Source.uasset" 3899
"D:/FYP_UE/FYP/Content/Modern_Insurgent_7/Materials/Body_Materials/M_Face_Source.uasset" 3900
"D:/FYP_UE/FYP/Content/Modern_Insurgent_7/Materials/PouchesEquipment_Materials/Holster_Materials/M_Holster_Source.uasset" 3901
"D:/FYP_UE/FYP/Content/Modern_Insurgent_7/Materials/PouchesEquipment_Materials/Holster_Materials/M_PistolMod_Source.uasset" 3902
"D:/FYP_UE/FYP/Content/Modern_Insurgent_7/Materials/BalaclavaClose_Materials/MI_BalaclavaClose_Camo4.uasset" 3903
"D:/FYP_UE/FYP/Content/Modern_Insurgent_7/Materials/PantsMilitary_Materials/MI_PantsMilitary_Camo4.uasset" 3904
"D:/FYP_UE/FYP/Content/Modern_Insurgent_7/Materials/Shoe_Materials/MI_Shoes_Black.uasset" 3905
"D:/FYP_UE/FYP/Content/Modern_Insurgent_7/Materials/Sweater_Materials/MI_Sweater_Black.uasset" 3906
"D:/FYP_UE/FYP/Content/Modern_Insurgent_7/Mesh/PA_Insurgent_PhysicsAsset.uasset" 3907
"D:/FYP_UE/FYP/Content/ThirdPerson/UI/Exclamation.uasset" 3908
"D:/FYP_UE/FYP/Content/ThirdPerson/UI/Question.uasset" 3909
"D:/FYP_UE/FYP/Content/UI_FlatIconsFreeSamplePack/128/T_Lock_1_128.uasset" 3910
"D:/FYP_UE/FYP/Content/UI_FlatIconsFreeSamplePack/256/T_Jog_1_256.uasset" 3911
"D:/FYP_UE/FYP/Content/UI_FlatIconsFreeSamplePack/512/T_Shield_512.uasset" 3912
"D:/FYP_UE/FYP/Content/UI_FlatIconsFreeSamplePack/512/T_Walk_1_512.uasset" 3913
"D:/FYP_UE/FYP/Content/UI_CrosshairFreePack/Textures/T_AH002.uasset" 3914
"D:/FYP_UE/FYP/Content/LevelPrototyping/Materials/M_FlatCol.uasset" 3915
"../../Plugins/Interchange/Assets/Content/gltf/MaterialInstances/MI_Default_Opaque_DS.uasset" 3916
"D:/FYP_UE/FYP/Content/ThirdPerson/Blueprints/document_file_folder/Textures/document_file_folder_texture_3.uasset" 3917
"D:/FYP_UE/FYP/Content/ThirdPerson/Blueprints/document_file_folder/Textures/document_file_folder_texture_4.uasset" 3918
"D:/FYP_UE/FYP/Content/ThirdPerson/Blueprints/document_file_folder/Textures/document_file_folder_texture_5.uasset" 3919
"D:/FYP_UE/FYP/Content/ThirdPerson/Blueprints/document_file_folder/Textures/document_file_folder_texture_0.uasset" 3920
"D:/FYP_UE/FYP/Content/ThirdPerson/Blueprints/document_file_folder/Textures/document_file_folder_texture_1.uasset" 3921
"D:/FYP_UE/FYP/Content/ThirdPerson/Blueprints/document_file_folder/Textures/document_file_folder_texture_2.uasset" 3922
"../../../Engine/Content/Functions/Engine_MaterialFunctions01/ImageAdjustment/DeriveHDRfromLDR.uasset" 3923
"../../../Engine/Content/Functions/Engine_MaterialFunctions01/Texturing/FlattenNormal.uasset" 3924
"../../../Engine/Content/Functions/Engine_MaterialFunctions02/HueShift.uasset" 3925
"../../../Engine/Content/Functions/Engine_MaterialFunctions02/TangentBasis.uasset" 3926
"../../../Engine/Content/Functions/MaterialLayerFunctions/MatLayerBlend_Standard.uasset" 3927
"D:/FYP_UE/FYP/Content/Bandit/Eyes/MaterialFunctions/EyeRefractionMtl.uasset" 3928
"D:/FYP_UE/FYP/Content/Bandit/Eyes/MaterialFunctions/YinULTEyeMtl.uasset" 3929
"D:/FYP_UE/FYP/Content/Bandit/Eyes/Textures/DecalMask_Radial03.uasset" 3930
"D:/FYP_UE/FYP/Content/Bandit/Eyes/Textures/Example/EYE_NORMALS.uasset" 3931
"D:/FYP_UE/FYP/Content/Bandit/Eyes/Textures/Example/EyeMidPlaneDisplacement_Example.uasset" 3932
"D:/FYP_UE/FYP/Content/Bandit/Eyes/Textures/Example/Sphere_EYE_NORMALS.uasset" 3933
"D:/FYP_UE/FYP/Content/Bandit/Eyes/Textures/Example/SSP_EyeInner_Profile.uasset" 3934
"D:/FYP_UE/FYP/Content/Bandit/Eyes/Textures/Swirly_Noise.uasset" 3935
"D:/FYP_UE/FYP/Content/Bandit/Materials/BanMtl_SSS.uasset" 3936
"D:/FYP_UE/FYP/Content/Bandit/Textures/BanBody_BaseColor.uasset" 3937
"D:/FYP_UE/FYP/Content/Bandit/Textures/BanBody_Normal.uasset" 3938
"D:/FYP_UE/FYP/Content/Bandit/Textures/BanBody_OcclusionRoughnessMetallic.uasset" 3939
"D:/FYP_UE/FYP/Content/Bandit/Textures/BanLashes_Shadows_Albedo.uasset" 3940
"D:/FYP_UE/FYP/Content/Realistic_Starter_VFX_Pack_Vol2/Textures/T_Spark_B.uasset" 3941
"D:/FYP_UE/FYP/Content/ThirdPerson/UI/Font/DCC_-_Ash.uasset" 3942
"D:/FYP_UE/FYP/Content/ThirdPerson/Animations/Enemy_Anim/MF_Unarmed_Jog_Bwd.uasset" 3943
"D:/FYP_UE/FYP/Content/ThirdPerson/Animations/Enemy_Anim/MF_Unarmed_Jog_Bwd_Left.uasset" 3944
"D:/FYP_UE/FYP/Content/ThirdPerson/Animations/Enemy_Anim/MF_Unarmed_Jog_Bwd_Right.uasset" 3945
"D:/FYP_UE/FYP/Content/ThirdPerson/Animations/Enemy_Anim/MF_Unarmed_Jog_Fwd.uasset" 3946
"D:/FYP_UE/FYP/Content/ThirdPerson/Animations/Enemy_Anim/MF_Unarmed_Jog_Fwd_Left.uasset" 3947
"D:/FYP_UE/FYP/Content/ThirdPerson/Animations/Enemy_Anim/MF_Unarmed_Jog_Fwd_Right.uasset" 3948
"D:/FYP_UE/FYP/Content/ThirdPerson/Animations/Enemy_Anim/MF_Unarmed_Jog_Left.uasset" 3949
"D:/FYP_UE/FYP/Content/ThirdPerson/Animations/Enemy_Anim/MF_Unarmed_Jog_Right.uasset" 3950
"D:/FYP_UE/FYP/Content/ThirdPerson/Animations/Enemy_Anim/MF_Unarmed_Walk_Bwd.uasset" 3951
"D:/FYP_UE/FYP/Content/ThirdPerson/Animations/Enemy_Anim/MF_Unarmed_Walk_Bwd_Left.uasset" 3952
"D:/FYP_UE/FYP/Content/ThirdPerson/Animations/Enemy_Anim/MF_Unarmed_Walk_Bwd_Right.uasset" 3953
"D:/FYP_UE/FYP/Content/ThirdPerson/Animations/Enemy_Anim/MF_Unarmed_Walk_Fwd.uasset" 3954
"D:/FYP_UE/FYP/Content/ThirdPerson/Animations/Enemy_Anim/MF_Unarmed_Walk_Fwd_Left.uasset" 3955
"D:/FYP_UE/FYP/Content/ThirdPerson/Animations/Enemy_Anim/MF_Unarmed_Walk_Fwd_Right.uasset" 3956
"D:/FYP_UE/FYP/Content/ThirdPerson/Animations/Enemy_Anim/MF_Unarmed_Walk_Left.uasset" 3957
"D:/FYP_UE/FYP/Content/ThirdPerson/Animations/Enemy_Anim/MF_Unarmed_Walk_Right.uasset" 3958
"D:/FYP_UE/FYP/Content/ThirdPerson/Animations/Enemy_Anim/Injured_Run_Anim1.uasset" 3959
"D:/FYP_UE/FYP/Content/ThirdPerson/Animations/Enemy_Anim/Injured_Run_Backwards_Anim1.uasset" 3960
"D:/FYP_UE/FYP/Content/ThirdPerson/Animations/Enemy_Anim/Injured_Walk_Anim1.uasset" 3961
"D:/FYP_UE/FYP/Content/ThirdPerson/Animations/Enemy_Anim/Injured_Walk_Backwards__1__Anim1.uasset" 3962
"D:/FYP_UE/FYP/Content/ThirdPerson/AI/BTS_DecideState.uasset" 3963
"D:/FYP_UE/FYP/Content/ThirdPerson/AI/BTService_SetConsiderations.uasset" 3964
"D:/FYP_UE/FYP/Content/ThirdPerson/AI/BTT_AttackPlayer.uasset" 3965
"D:/FYP_UE/FYP/Content/ThirdPerson/AI/BTT_ChasePlayer.uasset" 3966
"D:/FYP_UE/FYP/Content/ThirdPerson/AI/BTT_ClearFocusTarget.uasset" 3967
"D:/FYP_UE/FYP/Content/ThirdPerson/AI/BTT_ClearrBlackboardKey.uasset" 3968
"D:/FYP_UE/FYP/Content/ThirdPerson/AI/BTT_FindExit.uasset" 3969
"D:/FYP_UE/FYP/Content/ThirdPerson/AI/BTT_FindRandomPatrol.uasset" 3970
"D:/FYP_UE/FYP/Content/ThirdPerson/AI/BTT_FindVIPActor.uasset" 3971
"D:/FYP_UE/FYP/Content/ThirdPerson/AI/BTT_Gather.uasset" 3972
"D:/FYP_UE/FYP/Content/ThirdPerson/AI/BTT_LookingAround.uasset" 3973
"D:/FYP_UE/FYP/Content/ThirdPerson/AI/BTT_PathPatrol.uasset" 3974
"D:/FYP_UE/FYP/Content/ThirdPerson/AI/BTT_SetFocus.uasset" 3975
"D:/FYP_UE/FYP/Content/ThirdPerson/AI/BTTask_Cover.uasset" 3976
"D:/FYP_UE/FYP/Content/ThirdPerson/AI/EQS/EQS_FindAttack.uasset" 3977
"D:/FYP_UE/FYP/Content/ThirdPerson/AI/EQS/EQS_FindCover.uasset" 3978
"D:/FYP_UE/FYP/Content/ThirdPerson/AI/EQS/EQS_Retreat.uasset" 3979
"D:/FYP_UE/FYP/Content/ThirdPerson/AI/ThreatLevelEnum.uasset" 3980
"D:/FYP_UE/FYP/Content/Characters/Mannequins/Anims/Unarmed/Jump/MM_Fall_Loop.uasset" 3981
"D:/FYP_UE/FYP/Content/Characters/Mannequins/Anims/Unarmed/Jump/MM_Jump.uasset" 3982
"D:/FYP_UE/FYP/Content/Characters/Mannequins/Anims/Unarmed/Jump/MM_Land.uasset" 3983
"D:/FYP_UE/FYP/Content/Characters/Mannequins/Anims/Unarmed/MM_Idle.uasset" 3984
"D:/FYP_UE/FYP/Content/Limping/Injured_Idle_Anim1.uasset" 3985
"D:/FYP_UE/FYP/Content/ThirdPerson/Animations/AimPose.uasset" 3986
"D:/FYP_UE/FYP/Content/ThirdPerson/Animations/Crouch_Torch_Idle_01_Anim.uasset" 3987
"D:/FYP_UE/FYP/Content/ThirdPerson/Animations/Dying_Anim1.uasset" 3988
"D:/FYP_UE/FYP/Content/Characters/Mannequins/Anims/Unarmed/BS_Idle_Walk_Run.uasset" 3989
"D:/FYP_UE/FYP/Content/Characters/Mannequins/Anims/Unarmed/BS_Limping_Idle_Walk.uasset" 3990
"D:/FYP_UE/FYP/Content/Characters/Mannequins/Materials/Quinn/MI_Quinn_01.uasset" 3991
"D:/FYP_UE/FYP/Content/Characters/Mannequins/Materials/Quinn/MI_Quinn_02.uasset" 3992
"D:/FYP_UE/FYP/Content/Characters/Mannequins/Rigs/PA_Mannequin.uasset" 3993
"D:/FYP_UE/FYP/Content/Modern_Insurgent_7/Textures/SmallArmor_Textures/T_ArmorSmall_AO_MT_R.uasset" 3994
"D:/FYP_UE/FYP/Content/Modern_Insurgent_7/Textures/SmallArmor_Textures/T_ArmorSmall_BC.uasset" 3995
"D:/FYP_UE/FYP/Content/Modern_Insurgent_7/Textures/SmallArmor_Textures/T_ArmorSmall_N.uasset" 3996
"D:/FYP_UE/FYP/Content/Modern_Insurgent_7/Textures/Beret_Textures/T_Beret_AO_MT_R.uasset" 3997
"D:/FYP_UE/FYP/Content/Modern_Insurgent_7/Textures/Beret_Textures/T_Beret_BC.uasset" 3998
"D:/FYP_UE/FYP/Content/Modern_Insurgent_7/Textures/Beret_Textures/T_Beret_N.uasset" 3999
"D:/FYP_UE/FYP/Content/Modern_Insurgent_7/Textures/BodySkin_Textures/T_Body_AO_MT_R.uasset" 4000
"D:/FYP_UE/FYP/Content/Modern_Insurgent_7/Textures/BodySkin_Textures/T_Body_BC.uasset" 4001
"D:/FYP_UE/FYP/Content/Modern_Insurgent_7/Textures/BodySkin_Textures/T_Body_N.uasset" 4002
"D:/FYP_UE/FYP/Content/Modern_Insurgent_7/Textures/BodySkin_Textures/T_eye_AO_MT_R.uasset" 4003
"D:/FYP_UE/FYP/Content/Modern_Insurgent_7/Textures/BodySkin_Textures/T_eye_BC.uasset" 4004
"D:/FYP_UE/FYP/Content/Modern_Insurgent_7/Textures/BodySkin_Textures/T_eye_N.uasset" 4005
"D:/FYP_UE/FYP/Content/Modern_Insurgent_7/Textures/BodySkin_Textures/T_face_AO_MT_R.uasset" 4006
"D:/FYP_UE/FYP/Content/Modern_Insurgent_7/Textures/BodySkin_Textures/T_face_BC.uasset" 4007
"D:/FYP_UE/FYP/Content/Modern_Insurgent_7/Textures/BodySkin_Textures/T_face_N.uasset" 4008
"D:/FYP_UE/FYP/Content/Modern_Insurgent_7/Textures/Holster_Textures/T_Holster_AO_MT_R.uasset" 4009
"D:/FYP_UE/FYP/Content/Modern_Insurgent_7/Textures/Holster_Textures/T_Holster_BC.uasset" 4010
"D:/FYP_UE/FYP/Content/Modern_Insurgent_7/Textures/Holster_Textures/T_Holster_N.uasset" 4011
"D:/FYP_UE/FYP/Content/Modern_Insurgent_7/Textures/PistolMod_Textures/T_PistolMod_AO_MT_R.uasset" 4012
"D:/FYP_UE/FYP/Content/Modern_Insurgent_7/Textures/PistolMod_Textures/T_PistolMod_BC.uasset" 4013
"D:/FYP_UE/FYP/Content/Modern_Insurgent_7/Textures/PistolMod_Textures/T_PistolMod_N.uasset" 4014
"D:/FYP_UE/FYP/Content/Modern_Insurgent_7/Materials/BalaclavaClose_Materials/M_BalaclavaClose_Source.uasset" 4015
"D:/FYP_UE/FYP/Content/Modern_Insurgent_7/Textures/BalaclavaClose_Textures/T_BalaclavaClose_Camo4_BC.uasset" 4016
"D:/FYP_UE/FYP/Content/Modern_Insurgent_7/Materials/PantsMilitary_Materials/M_PantsMilitary_Source.uasset" 4017
"D:/FYP_UE/FYP/Content/Modern_Insurgent_7/Textures/PantsMilitary_Textures/T_PantsMilitary_Camo4_BC.uasset" 4018
"D:/FYP_UE/FYP/Content/Modern_Insurgent_7/Materials/Shoe_Materials/M_Shoes_Source.uasset" 4019
"D:/FYP_UE/FYP/Content/Modern_Insurgent_7/Textures/Shoes_Textures/T_Shoes_Black_BC.uasset" 4020
"D:/FYP_UE/FYP/Content/Modern_Insurgent_7/Materials/Sweater_Materials/M_Sweater_Source.uasset" 4021
"D:/FYP_UE/FYP/Content/Modern_Insurgent_7/Textures/Sweater_Textures/T_Sweater_Black_BC.uasset" 4022
"../../Plugins/Interchange/Assets/Content/gltf/M_Default.uasset" 4023
"D:/FYP_UE/FYP/Content/Bandit/Eyes/Textures/Yin_Corona_D.uasset" 4024
"D:/FYP_UE/FYP/Content/ThirdPerson/Blueprints/BP_MusicManager.uasset" 4025
"D:/FYP_UE/FYP/Content/ThirdPerson/Utility_Curve/CF_Attack_Distance.uasset" 4026
"D:/FYP_UE/FYP/Content/ThirdPerson/AI/EQS/Context_Player.uasset" 4027
"D:/FYP_UE/FYP/Content/Characters/Mannequins/Anims/Unarmed/Jog/MF_Unarmed_Jog_Bwd.uasset" 4028
"D:/FYP_UE/FYP/Content/Characters/Mannequins/Anims/Unarmed/Jog/MF_Unarmed_Jog_Bwd_Left.uasset" 4029
"D:/FYP_UE/FYP/Content/Characters/Mannequins/Anims/Unarmed/Jog/MF_Unarmed_Jog_Bwd_Right.uasset" 4030
"D:/FYP_UE/FYP/Content/Characters/Mannequins/Anims/Unarmed/Jog/MF_Unarmed_Jog_Fwd.uasset" 4031
"D:/FYP_UE/FYP/Content/Characters/Mannequins/Anims/Unarmed/Jog/MF_Unarmed_Jog_Fwd_Left.uasset" 4032
"D:/FYP_UE/FYP/Content/Characters/Mannequins/Anims/Unarmed/Jog/MF_Unarmed_Jog_Fwd_Right.uasset" 4033
"D:/FYP_UE/FYP/Content/Characters/Mannequins/Anims/Unarmed/Jog/MF_Unarmed_Jog_Left.uasset" 4034
"D:/FYP_UE/FYP/Content/Characters/Mannequins/Anims/Unarmed/Jog/MF_Unarmed_Jog_Right.uasset" 4035
"D:/FYP_UE/FYP/Content/Characters/Mannequins/Anims/Unarmed/Walk/MF_Unarmed_Walk_Bwd.uasset" 4036
"D:/FYP_UE/FYP/Content/Characters/Mannequins/Anims/Unarmed/Walk/MF_Unarmed_Walk_Bwd_Left.uasset" 4037
"D:/FYP_UE/FYP/Content/Characters/Mannequins/Anims/Unarmed/Walk/MF_Unarmed_Walk_Bwd_Right.uasset" 4038
"D:/FYP_UE/FYP/Content/Characters/Mannequins/Anims/Unarmed/Walk/MF_Unarmed_Walk_Fwd.uasset" 4039
"D:/FYP_UE/FYP/Content/Characters/Mannequins/Anims/Unarmed/Walk/MF_Unarmed_Walk_Fwd_Left.uasset" 4040
"D:/FYP_UE/FYP/Content/Characters/Mannequins/Anims/Unarmed/Walk/MF_Unarmed_Walk_Fwd_Right.uasset" 4041
"D:/FYP_UE/FYP/Content/Characters/Mannequins/Anims/Unarmed/Walk/MF_Unarmed_Walk_Left.uasset" 4042
"D:/FYP_UE/FYP/Content/Characters/Mannequins/Anims/Unarmed/Walk/MF_Unarmed_Walk_Right.uasset" 4043
"D:/FYP_UE/FYP/Content/Limping/Injured_Run_Anim1.uasset" 4044
"D:/FYP_UE/FYP/Content/Limping/Injured_Run_Backwards_Anim1.uasset" 4045
"D:/FYP_UE/FYP/Content/Limping/Injured_Walk_Anim1.uasset" 4046
"D:/FYP_UE/FYP/Content/Limping/Injured_Walk_Backwards__1__Anim1.uasset" 4047
"D:/FYP_UE/FYP/Content/Characters/Mannequins/Materials/M_Mannequin.uasset" 4048
"D:/FYP_UE/FYP/Content/Characters/Mannequins/Textures/Quinn/T_Quinn_01_D.uasset" 4049
"D:/FYP_UE/FYP/Content/Characters/Mannequins/Textures/Quinn/T_Quinn_01_MRA.uasset" 4050
"D:/FYP_UE/FYP/Content/Characters/Mannequins/Textures/Quinn/T_Quinn_01_N.uasset" 4051
"D:/FYP_UE/FYP/Content/Characters/Mannequins/Textures/Quinn/T_Quinn_02_D.uasset" 4052
"D:/FYP_UE/FYP/Content/Characters/Mannequins/Textures/Quinn/T_Quinn_02_MRA.uasset" 4053
"D:/FYP_UE/FYP/Content/Characters/Mannequins/Textures/Quinn/T_Quinn_02_N.uasset" 4054
"D:/FYP_UE/FYP/Content/Modern_Insurgent_7/Textures/BalaclavaClose_Textures/T_BalaclavaClose_AO_MT_R.uasset" 4055
"D:/FYP_UE/FYP/Content/Modern_Insurgent_7/Textures/BalaclavaClose_Textures/T_BalaclavaClose_BC.uasset" 4056
"D:/FYP_UE/FYP/Content/Modern_Insurgent_7/Textures/BalaclavaClose_Textures/T_BalaclavaClose_N.uasset" 4057
"D:/FYP_UE/FYP/Content/Modern_Insurgent_7/Textures/PantsMilitary_Textures/T_PantsMilitary_AO_MT_R.uasset" 4058
"D:/FYP_UE/FYP/Content/Modern_Insurgent_7/Textures/PantsMilitary_Textures/T_PantsMilitary_BC.uasset" 4059
"D:/FYP_UE/FYP/Content/Modern_Insurgent_7/Textures/PantsMilitary_Textures/T_PantsMilitary_N.uasset" 4060
"D:/FYP_UE/FYP/Content/Modern_Insurgent_7/Textures/Shoes_Textures/T_Shoes_AO_MT_R.uasset" 4061
"D:/FYP_UE/FYP/Content/Modern_Insurgent_7/Textures/Shoes_Textures/T_Shoes_N.uasset" 4062
"D:/FYP_UE/FYP/Content/Modern_Insurgent_7/Textures/Shoes_Textures/T_Shoes_Tan_BC.uasset" 4063
"D:/FYP_UE/FYP/Content/Modern_Insurgent_7/Textures/Sweater_Textures/T_Sweater_AO_MT_R.uasset" 4064
"D:/FYP_UE/FYP/Content/Modern_Insurgent_7/Textures/Sweater_Textures/T_Sweater_Green_BC.uasset" 4065
"D:/FYP_UE/FYP/Content/Modern_Insurgent_7/Textures/Sweater_Textures/T_Sweater_N.uasset" 4066
"../../../Engine/Content/Functions/Engine_MaterialFunctions03/Math/RemapValueRange.uasset" 4067
"../../Plugins/Interchange/Assets/Content/Functions/MF_Iridescence.uasset" 4068
"../../Plugins/Interchange/Assets/Content/gltf/MaterialBodies/MF_Default_Body.uasset" 4069
"../../Plugins/Interchange/Assets/Content/gltf/MaterialFunctions/MF_BaseColor.uasset" 4070
"../../Plugins/Interchange/Assets/Content/gltf/MaterialFunctions/MF_Emissive.uasset" 4071
"../../Plugins/Interchange/Assets/Content/gltf/MaterialFunctions/MF_IOR.uasset" 4072
"../../Plugins/Interchange/Assets/Content/gltf/MaterialFunctions/MF_Iridescence.uasset" 4073
"../../Plugins/Interchange/Assets/Content/gltf/MaterialFunctions/MF_MetallicRoughness.uasset" 4074
"../../Plugins/Interchange/Assets/Content/gltf/MaterialFunctions/MF_Normals.uasset" 4075
"../../Plugins/Interchange/Assets/Content/gltf/MaterialFunctions/MF_Occlusion.uasset" 4076
"../../Plugins/Interchange/Assets/Content/gltf/MaterialFunctions/MF_RotateNormals_TS.uasset" 4077
"../../Plugins/Interchange/Assets/Content/gltf/MaterialFunctions/MF_RotateV2.uasset" 4078
"../../Plugins/Interchange/Assets/Content/gltf/MaterialFunctions/MF_ScaleNormal.uasset" 4079
"../../Plugins/Interchange/Assets/Content/gltf/MaterialFunctions/MF_Specular.uasset" 4080
"../../Plugins/Interchange/Assets/Content/gltf/MaterialFunctions/MF_SpecularAnisotropy.uasset" 4081
"../../Plugins/Interchange/Assets/Content/gltf/MaterialFunctions/MF_TransformUVs.uasset" 4082
"../../Plugins/Interchange/Assets/Content/gltf/Textures/T_Anisotropy_Direction_Linear.uasset" 4083
"../../Plugins/Interchange/Assets/Content/gltf/Textures/T_Generic_N.uasset" 4084
"../../Plugins/Interchange/Assets/Content/gltf/Textures/T_White_Linear.uasset" 4085
"../../Plugins/Interchange/Assets/Content/gltf/Textures/T_White_srgb.uasset" 4086
"../../Plugins/Interchange/Assets/Content/Utilities/New_LUT.uasset" 4087
"D:/FYP_UE/FYP/Content/ThirdPerson/SFX/Intense_Ambient.uasset" 4088
"D:/FYP_UE/FYP/Content/ThirdPerson/SFX/universfield-atmospheric-cinematic-soundscape-152493.uasset" 4089
"D:/FYP_UE/FYP/Content/Characters/Mannequins/Textures/Manny/T_Manny_01_BN.uasset" 4090
"D:/FYP_UE/FYP/Content/Characters/Mannequins/Textures/Manny/T_Manny_01_D.uasset" 4091
"D:/FYP_UE/FYP/Content/Characters/Mannequins/Textures/Manny/T_Manny_01_MRA.uasset" 4092
"D:/FYP_UE/FYP/Content/Characters/Mannequins/Textures/Shared/T_UE_Logo_M.uasset" 4093
"../../Plugins/Interchange/Assets/Content/Functions/MF_IridescenceNoLUT.uasset" 4094
"D:/FYP_UE/FYP/Content/ThirdPerson/MenuLevel.umap" 4095
"D:/FYP_UE/FYP/Content/ThirdPerson/Utility_Curve/CF_TotalScore.uasset" 4096
"D:/FYP_UE/FYP/Content/BP_MainMenuGameMode.uasset" 4097
"D:/FYP_UE/FYP/Content/PCKeyboardMouseIconPack/Textures/T_Keyboard3.uasset" 4098
"D:/FYP_UE/FYP/Content/ThirdPerson/UI/WB_MainMenu.uasset" 4099
"D:/FYP_UE/FYP/Content/PCKeyboardMouseIconPack/Textures/T_KeyboardShift.uasset" 4100
"D:/FYP_UE/FYP/Content/PCKeyboardMouseIconPack/Textures/T_KeyboardP.uasset" 4101
"D:/FYP_UE/FYP/Content/ThirdPerson/UI/WB_Tutorial.uasset" 4102
"D:/FYP_UE/FYP/Content/ThirdPerson/Menu.uasset" 4103
"D:/FYP_UE/FYP/Content/PCKeyboardMouseIconPack/Textures/T_KeyboardS.uasset" 4104
"D:/FYP_UE/FYP/Content/ThirdPerson/UI/WB_ExitTimer.uasset" 4105
"D:/FYP_UE/FYP/Content/PCKeyboardMouseIconPack/Textures/T_MouseScroll.uasset" 4106
"D:/FYP_UE/FYP/Content/PCKeyboardMouseIconPack/Textures/T_Keyboard1.uasset" 4107
"D:/FYP_UE/FYP/Content/PCKeyboardMouseIconPack/Textures/T_KeyboardD.uasset" 4108
"D:/FYP_UE/FYP/Content/PCKeyboardMouseIconPack/Textures/T_MouseRightClick.uasset" 4109
"D:/FYP_UE/FYP/Content/PCKeyboardMouseIconPack/Textures/T_KeyboardC.uasset" 4110
"D:/FYP_UE/FYP/Content/PCKeyboardMouseIconPack/Textures/T_KeyboardW.uasset" 4111
"D:/FYP_UE/FYP/Content/PCKeyboardMouseIconPack/Textures/T_KeyboardE.uasset" 4112
"D:/FYP_UE/FYP/Content/PCKeyboardMouseIconPack/Textures/T_Keyboard2.uasset" 4113
"D:/FYP_UE/FYP/Content/PCKeyboardMouseIconPack/Textures/T_MouseLeftClick.uasset" 4114
"D:/FYP_UE/FYP/Content/ThirdPerson/sparks.uasset" 4115
"D:/FYP_UE/FYP/Content/PCKeyboardMouseIconPack/Textures/T_MouseDefault.uasset" 4116
"D:/FYP_UE/FYP/Content/PCKeyboardMouseIconPack/Textures/T_KeyboardA.uasset" 4117
"D:/FYP_UE/FYP/Content/ThirdPerson/Blueprints/BP_ThirdPersonPlayerController.uasset" 4118
"D:/FYP_UE/FYP/Content/Input/IMC_Default.uasset" 4119
"../../../Engine/Content/MobileResources/HUD/VirtualJoystick_Thumb.uasset" 4120
"D:/FYP_UE/FYP/Content/Input/Touch/UI_Thumbstick.uasset" 4121
"D:/FYP_UE/FYP/Content/ThirdPerson/UI/BP_EndGame.uasset" 4122
"D:/FYP_UE/FYP/Content/ThirdPerson/Blueprints/BP_ThirdPersonGameMode.uasset" 4123
"../../../Engine/Content/MobileResources/HUD/VirtualJoystick_Background.uasset" 4124
"D:/FYP_UE/FYP/Content/Input/IMC_MouseLook.uasset" 4125
"D:/FYP_UE/FYP/Content/Input/Touch/UI_TouchSimple.uasset" 4126
"../../../Engine/Plugins/Interchange/Assets/Shaders/ThinFilmFunctions.usf" 4127
"/Game/PCKeyboardMouseIconPack/Textures/T_MouseScroll" 4128
"/Game/PCKeyboardMouseIconPack/Textures/T_MouseRightClick" 4129
"/Game/PCKeyboardMouseIconPack/Textures/T_MouseLeftClick" 4130
"/Game/PCKeyboardMouseIconPack/Textures/T_MouseDefault" 4131
"/Game/PCKeyboardMouseIconPack/Textures/T_KeyboardW" 4132
"/Game/PCKeyboardMouseIconPack/Textures/T_KeyboardShift" 4133
"/Game/PCKeyboardMouseIconPack/Textures/T_KeyboardS" 4134
"/Game/PCKeyboardMouseIconPack/Textures/T_KeyboardP" 4135
"/Game/PCKeyboardMouseIconPack/Textures/T_KeyboardE" 4136
"/Game/PCKeyboardMouseIconPack/Textures/T_KeyboardD" 4137
"/Game/PCKeyboardMouseIconPack/Textures/T_KeyboardC" 4138
"/Game/PCKeyboardMouseIconPack/Textures/T_KeyboardA" 4139
"/Game/PCKeyboardMouseIconPack/Textures/T_Keyboard3" 4140
"/Game/PCKeyboardMouseIconPack/Textures/T_Keyboard2" 4141
"/Game/PCKeyboardMouseIconPack/Textures/T_Keyboard1" 4142
"/Game/ThirdPerson/UI/WB_Tutorial" 4143
"/Game/BP_MainMenuGameMode" 4144
"/Game/ThirdPerson/MenuLevel" 4145
"/Game/ThirdPerson/UI/WB_ExitTimer" 4146
"/Game/ThirdPerson/Utility_Curve/CF_TotalScore" 4147
"/Game/ThirdPerson/UI/BP_EndGame" 4148
"/Engine/MobileResources/HUD/VirtualJoystick_Background" 4149
"/Game/Input/Touch/UI_Thumbstick" 4150
"/Game/Input/Touch/UI_TouchSimple" 4151
"/Game/Input/IMC_MouseLook" 4152
"/Game/Input/IMC_Default" 4153
"/Game/ThirdPerson/Blueprints/BP_ThirdPersonPlayerController" 4154
"/Game/ThirdPerson/Blueprints/BP_ThirdPersonGameMode" 4155
"../../../Engine/Content/EngineSounds/Submixes/MasterEQSubmixDefault.uasset" 4156
"../../../Engine/Content/EngineSounds/Submixes/MasterSubmixDefault.uasset" 4157
"D:/FYP_UE/FYP/Content/ThirdPerson/Lvl_ThirdPerson.umap" 4158
"../../../Engine/Content/EngineSounds/Submixes/MasterReverbSubmixDefault.uasset" 4159
"../../../Engine/Plugins/Interchange/Assets/Content/gltf/MaterialInstances/MI_Default_Mask_DS.uasset" 4160
"../../../Engine/Plugins/Interchange/Assets/Content/gltf/M_ClearCoat.uasset" 4161
"../../../Engine/Plugins/Interchange/Assets/Content/gltf/MaterialInstances/MI_Default_Blend_DS.uasset" 4162
"../../../Engine/Plugins/Interchange/Assets/Content/gltf/MaterialInstances/MI_Default_Blend.uasset" 4163
"../../../Engine/Plugins/Interchange/Assets/Content/gltf/MaterialInstances/MI_ClearCoat_Mask_DS.uasset" 4164
"D:/FYP_UE/FYP/Content/__ExternalActors__/ThirdPerson/Lvl_ThirdPerson/D/RI/R8L7GQXCHQGMMKBPTBJTNA.uasset" 4165
"../../../Engine/Content/EngineSounds/Submixes/MasterEQEffectPreset.uasset" 4166
"../../../Engine/Content/EngineSounds/Submixes/MasterReverbEffectPreset.uasset" 4167
"../../../Engine/Plugins/Interchange/Assets/Content/gltf/MaterialInstances/MI_ClearCoat_Blend_DS.uasset" 4168
"../../../Engine/Plugins/Interchange/Assets/Content/gltf/MaterialFunctions/MF_Sheen.uasset" 4169
"D:/FYP_UE/FYP/Content/__ExternalActors__/ThirdPerson/Lvl_ThirdPerson/8/V0/YY4MJOEPP6O8OLBZOZ5MTA.uasset" 4170
"../../../Engine/Plugins/Interchange/Assets/Content/gltf/MaterialInstances/MI_Default_Mask.uasset" 4171
"../../../Engine/Plugins/Interchange/Assets/Content/gltf/MaterialInstances/MI_ClearCoat_Blend.uasset" 4172
"D:/FYP_UE/FYP/Content/ThirdPerson/lll_LevelSequence.uasset" 4173
"../../../Engine/Plugins/Interchange/Assets/Content/gltf/MaterialBodies/MF_ClearCoat_Body.uasset" 4174
"../../../Engine/Plugins/Interchange/Assets/Content/gltf/MaterialInstances/MI_Default_Opaque.uasset" 4175
"../../../Engine/Plugins/Interchange/Assets/Content/gltf/MaterialInstances/MI_ClearCoat_Mask.uasset" 4176
"../../../Engine/Plugins/Interchange/Assets/Content/gltf/MaterialFunctions/MF_Clearcoat.uasset" 4177
"../../../Engine/Plugins/Interchange/Assets/Content/gltf/MaterialInstances/MI_ClearCoat_Opaque_DS.uasset" 4178
"../../../Engine/Plugins/Interchange/Assets/Content/gltf/MaterialInstances/MI_Sheen_Mask.uasset" 4179
"../../../Engine/Plugins/Interchange/Assets/Content/gltf/MaterialInstances/MI_Sheen_Mask_DS.uasset" 4180
"D:/FYP_UE/FYP/Content/__ExternalActors__/ThirdPerson/Lvl_ThirdPerson/4/7R/NC1UKZACA2GDWFBA3Q27BN.uasset" 4181
"../../../Engine/Plugins/Interchange/Assets/Content/gltf/MaterialInstances/MI_Sheen_Blend.uasset" 4182
"../../../Engine/Plugins/Interchange/Assets/Content/gltf/MaterialBodies/MF_Sheen_Body.uasset" 4183
"../../../Engine/Plugins/Interchange/Assets/Content/gltf/M_Sheen.uasset" 4184
"../../../Engine/Plugins/Interchange/Assets/Content/gltf/MaterialInstances/MI_Sheen_Opaque.uasset" 4185
"../../../Engine/Plugins/Interchange/Assets/Content/gltf/MaterialInstances/MI_ClearCoat_Opaque.uasset" 4186
"../../../Engine/Plugins/Interchange/Assets/Content/gltf/MaterialInstances/MI_Sheen_Opaque_DS.uasset" 4187
"/InterchangeAssets/gltf/MaterialInstances/MI_Sheen_Mask_DS" 4188
"/InterchangeAssets/gltf/MaterialInstances/MI_Sheen_Opaque_DS" 4189
"/InterchangeAssets/gltf/MaterialInstances/MI_Sheen_Blend" 4190
"/InterchangeAssets/gltf/MaterialInstances/MI_Sheen_Mask" 4191
"/InterchangeAssets/gltf/MaterialInstances/MI_Sheen_Opaque" 4192
"/InterchangeAssets/gltf/MaterialInstances/MI_Default_Blend_DS" 4193
"/InterchangeAssets/gltf/MaterialInstances/MI_Default_Mask_DS" 4194
"/InterchangeAssets/gltf/MaterialInstances/MI_Default_Blend" 4195
"/InterchangeAssets/gltf/MaterialInstances/MI_Default_Mask" 4196
"/InterchangeAssets/gltf/MaterialInstances/MI_Default_Opaque" 4197
"/InterchangeAssets/gltf/MaterialInstances/MI_ClearCoat_Blend_DS" 4198
"/InterchangeAssets/gltf/MaterialInstances/MI_ClearCoat_Mask_DS" 4199
"/InterchangeAssets/gltf/MaterialInstances/MI_ClearCoat_Opaque_DS" 4200
"/InterchangeAssets/gltf/MaterialInstances/MI_ClearCoat_Blend" 4201
"/InterchangeAssets/gltf/MaterialInstances/MI_ClearCoat_Mask" 4202
"/InterchangeAssets/gltf/MaterialInstances/MI_ClearCoat_Opaque" 4203
"/Engine/EngineSounds/Submixes/MasterReverbSubmixDefault" 4204
"/Game/ThirdPerson/Lvl_ThirdPerson" 4205
"../../../Engine/Plugins/Interchange/Assets/Content/gltf/MaterialInstances/MI_SpecularGlossiness_Blend.uasset" 4206
"../../../Engine/Plugins/Interchange/Assets/Content/gltf/MaterialInstances/MI_SpecularGlossiness_Mask_DS.uasset" 4207
"../../../Engine/Plugins/Interchange/Assets/Content/gltf/MaterialFunctions/MF_Temporal_Blur.uasset" 4208
"../../../Engine/Plugins/Interchange/Assets/Content/gltf/MaterialInstances/MI_SpecularGlossiness_Mask.uasset" 4209
"../../../Engine/Plugins/Interchange/Assets/Content/gltf/MaterialInstances/MI_SpecularGlossiness_Blend_DS.uasset" 4210
"../../../Engine/Plugins/Interchange/Assets/Content/gltf/MaterialBodies/MF_Transmission_Body.uasset" 4211
"../../../Engine/Plugins/Interchange/Assets/Content/gltf/MaterialFunctions/MF_PerceivedBrightness.uasset" 4212
"../../../Engine/Plugins/Interchange/Assets/Content/gltf/MaterialBodies/MF_SpecularGlossiness_Body.uasset" 4213
"../../../Engine/Plugins/Interchange/Assets/Content/gltf/MaterialFunctions/MF_Fresnel_DS.uasset" 4214
"../../../Engine/Plugins/Interchange/Assets/Content/gltf/MaterialFunctions/MF_Transmission.uasset" 4215
"../../../Engine/Plugins/Interchange/Assets/Content/gltf/MaterialInstances/MI_SpecularGlossiness_Opaque_DS.uasset" 4216
"../../../Engine/Plugins/Interchange/Assets/Content/gltf/M_SpecularGlossiness.uasset" 4217
"../../../Engine/Plugins/Interchange/Assets/Content/gltf/MaterialInstances/MI_Sheen_Blend_DS.uasset" 4218
"../../../Engine/Content/Functions/Engine_MaterialFunctions02/Math/AddComponents.uasset" 4219
"../../../Engine/Plugins/Interchange/Assets/Content/gltf/MaterialFunctions/MF_MaxComponentValue.uasset" 4220
"../../../Engine/Plugins/Interchange/Assets/Content/gltf/MaterialFunctions/MF_DiffuseSpecGloss.uasset" 4221
"../../../Engine/Plugins/Interchange/Assets/Content/gltf/MaterialFunctions/MF_SpecGlossToMetalRoughness.uasset" 4222
"D:/FYP_UE/FYP/Content/Bandit/Materials/BanHairMtl_Inst.uasset" 4223
"D:/FYP_UE/FYP/Content/Bandit/Textures/BanMaskdown_OcclusionRoughnessMetallic.uasset" 4224
"D:/FYP_UE/FYP/Content/Bandit/Weapon/Textures/Revolver_BaseColor.uasset" 4225
"../../../Engine/Plugins/Interchange/Assets/Content/gltf/MaterialInstances/MI_Transmission.uasset" 4226
"D:/FYP_UE/FYP/Content/Bandit/Mesh/BanditUnreal.uasset" 4227
"D:/FYP_UE/FYP/Content/Bandit/Materials/BanMaskdownMtl.uasset" 4228
"D:/FYP_UE/FYP/Content/Bandit/Textures/BanMaskdown_Normal.uasset" 4229
"D:/FYP_UE/FYP/Content/Bandit/Textures/BanMaskdown_BaseColor.uasset" 4230
"../../../Engine/Content/Functions/Engine_MaterialFunctions01/Volumetrics/BeersLaw.uasset" 4231
"/Game/__ExternalActors__/ThirdPerson/Lvl_ThirdPerson/0/0S/Q8JLB6DQVTBCH6Q0FCHFHZ" 4232
"../../../Engine/Plugins/Interchange/Assets/Content/gltf/MaterialInstances/MI_Transmission_DS.uasset" 4233
"../../../Engine/Plugins/Interchange/Assets/Content/gltf/M_Transmission.uasset" 4234
"D:/FYP_UE/FYP/Content/Bandit/Weapon/Materials/RevolverMtl.uasset" 4235
"../../../Engine/Plugins/Interchange/Assets/Content/gltf/MaterialInstances/MI_SpecularGlossiness_Opaque.uasset" 4236
"D:/FYP_UE/FYP/Content/__ExternalActors__/ThirdPerson/Lvl_ThirdPerson/0/0S/Q8JLB6DQVTBCH6Q0FCHFHZ.uasset" 4237
"D:/FYP_UE/FYP/Content/Bandit/Weapon/Textures/Revolver_OcclusionRoughnessMetallic.uasset" 4238
"D:/FYP_UE/FYP/Content/Bandit/Weapon/Textures/Revolver_Normal.uasset" 4239
"D:/FYP_UE/FYP/Content/__ExternalActors__/ThirdPerson/Lvl_ThirdPerson/3/Q9/HK2O1M5GS4W97XPMVVT3AQ.uasset" 4240
"D:/FYP_UE/FYP/Content/__ExternalActors__/ThirdPerson/Lvl_ThirdPerson/8/8A/7AVPXIIPARZVG7FYZ8SX08.uasset" 4241
"/Game/__ExternalActors__/ThirdPerson/Lvl_ThirdPerson/C/42/TXF8KE49PQ9RRK5SEY0MVK" 4242
"D:/FYP_UE/FYP/Content/__ExternalActors__/ThirdPerson/Lvl_ThirdPerson/C/42/TXF8KE49PQ9RRK5SEY0MVK.uasset" 4243
"D:/FYP_UE/FYP/Content/__ExternalActors__/ThirdPerson/Lvl_ThirdPerson/B/SL/379UAINEAM2W8NBVL2ZYII.uasset" 4244
"/Game/__ExternalActors__/ThirdPerson/Lvl_ThirdPerson/B/3I/SGMD06W3RDUSLW89220JNS" 4245
"D:/FYP_UE/FYP/Content/__ExternalActors__/ThirdPerson/Lvl_ThirdPerson/B/3I/SGMD06W3RDUSLW89220JNS.uasset" 4246
"D:/FYP_UE/FYP/Content/__ExternalActors__/ThirdPerson/Lvl_ThirdPerson/0/ON/Y4A4TUMT3NH2QJZFJ5JV64.uasset" 4247
"D:/FYP_UE/FYP/Content/__ExternalActors__/ThirdPerson/Lvl_ThirdPerson/C/OV/QG8FKIFJSWHY5EGHF7LU43.uasset" 4248
"/Game/__ExternalActors__/ThirdPerson/Lvl_ThirdPerson/7/KP/CNNT18IGJI3UAU2V9X8QBQ" 4249
"D:/FYP_UE/FYP/Content/__ExternalActors__/ThirdPerson/Lvl_ThirdPerson/7/KP/CNNT18IGJI3UAU2V9X8QBQ.uasset" 4250
"D:/FYP_UE/FYP/Content/__ExternalActors__/ThirdPerson/Lvl_ThirdPerson/5/NH/1P0QOVKT6WIYZY5TZAIVR7.uasset" 4251
"/Game/__ExternalActors__/ThirdPerson/Lvl_ThirdPerson/4/YN/MIFBGHBMZCRCCNJUA3YHQU" 4252
"D:/FYP_UE/FYP/Content/__ExternalActors__/ThirdPerson/Lvl_ThirdPerson/4/YN/MIFBGHBMZCRCCNJUA3YHQU.uasset" 4253
"D:/FYP_UE/FYP/Content/__ExternalActors__/ThirdPerson/Lvl_ThirdPerson/3/RZ/5YTHU6A8GQOY7V3XYD39P2.uasset" 4254
"/Game/__ExternalActors__/ThirdPerson/Lvl_ThirdPerson/1/XT/IA9STBD2KJOKC0IIMNS1J7" 4255
"D:/FYP_UE/FYP/Content/__ExternalActors__/ThirdPerson/Lvl_ThirdPerson/1/XT/IA9STBD2KJOKC0IIMNS1J7.uasset" 4256
"D:/FYP_UE/FYP/Content/__ExternalActors__/ThirdPerson/Lvl_ThirdPerson/B/YM/ER7CUBS9DFF8RZVX2KI96Q.uasset" 4257
"D:/FYP_UE/FYP/Content/__ExternalActors__/ThirdPerson/Lvl_ThirdPerson/1/UV/VNNUB8X3GA7NCYRSQ3P2ZR.uasset" 4258
"/Game/__ExternalActors__/ThirdPerson/Lvl_ThirdPerson/1/UE/JPKGKSVDDEK3EXVHIJMEQW" 4259
"D:/FYP_UE/FYP/Content/__ExternalActors__/ThirdPerson/Lvl_ThirdPerson/1/UE/JPKGKSVDDEK3EXVHIJMEQW.uasset" 4260
"D:/FYP_UE/FYP/Content/__ExternalActors__/ThirdPerson/Lvl_ThirdPerson/0/SY/EGTXT14MSX3VUDQ1CL7TCW.uasset" 4261
"D:/FYP_UE/FYP/Content/__ExternalActors__/ThirdPerson/Lvl_ThirdPerson/D/9E/P82355C9P6T4ZHJMXK8NXJ.uasset" 4262
"/Game/__ExternalActors__/ThirdPerson/Lvl_ThirdPerson/0/WM/JKUT48NI6IJ2HCIBR3INPO" 4263
"D:/FYP_UE/FYP/Content/__ExternalActors__/ThirdPerson/Lvl_ThirdPerson/0/WM/JKUT48NI6IJ2HCIBR3INPO.uasset" 4264
"D:/FYP_UE/FYP/Content/__ExternalActors__/ThirdPerson/Lvl_ThirdPerson/E/OC/G8LDB070CITP7ZL68SS4ZE.uasset" 4265
"D:/FYP_UE/FYP/Content/__ExternalActors__/ThirdPerson/Lvl_ThirdPerson/1/SE/I1SK1RT561KS51Y4CAG6IH.uasset" 4266
"/Game/__ExternalActors__/ThirdPerson/Lvl_ThirdPerson/0/56/390HCYW534X3FU4MHFWAV1" 4267
"D:/FYP_UE/FYP/Content/__ExternalActors__/ThirdPerson/Lvl_ThirdPerson/0/56/390HCYW534X3FU4MHFWAV1.uasset" 4268
"D:/FYP_UE/FYP/Content/IndustryPropsPack6/Meshes/SM_Hose01.uasset" 4269
"D:/FYP_UE/FYP/Content/IndustryPropsPack6/Materials/MI_Hose01_1.uasset" 4270
"D:/FYP_UE/FYP/Content/IndustryPropsPack6/Materials/BaseMaterial/M_base.uasset" 4271
"D:/FYP_UE/FYP/Content/IndustryPropsPack6/Textures/T_Hose_D.uasset" 4272
"D:/FYP_UE/FYP/Content/IndustryPropsPack6/Textures/T_Hose_N.uasset" 4273
"D:/FYP_UE/FYP/Content/IndustryPropsPack6/Textures/T_Hose_SRM.uasset" 4274
"../../../Engine/Content/Functions/Engine_MaterialFunctions01/ImageAdjustment/BlurSampleOffsets.uasset" 4275
"../../../Engine/Content/Functions/Engine_MaterialFunctions01/ImageAdjustment/CheapContrast_RGB.uasset" 4276
"../../../Engine/Content/Functions/Engine_MaterialFunctions02/Utility/BlendAngleCorrectedNormals.uasset" 4277
"D:/FYP_UE/FYP/Content/IndustryPropsPack6/Textures/BaseTextures/B_N.uasset" 4278
"D:/FYP_UE/FYP/Content/IndustryPropsPack6/Textures/BaseTextures/BB_D.uasset" 4279
"D:/FYP_UE/FYP/Content/IndustryPropsPack6/Textures/BaseTextures/BG_D.uasset" 4280
"D:/FYP_UE/FYP/Content/IndustryPropsPack6/Textures/BaseTextures/T_MASK1.uasset" 4281
"D:/FYP_UE/FYP/Content/IndustryPropsPack6/Textures/BaseTextures/T_MASK2.uasset" 4282
"../../../Engine/Content/EngineDebugMaterials/HeatmapGradient.uasset" 4283
"/Game/__ExternalActors__/ThirdPerson/Lvl_ThirdPerson/0/9L/O98H0629JJX2T7LIUSSUIQ" 4284
"D:/FYP_UE/FYP/Content/__ExternalActors__/ThirdPerson/Lvl_ThirdPerson/0/9L/O98H0629JJX2T7LIUSSUIQ.uasset" 4285
"/Game/__ExternalActors__/ThirdPerson/Lvl_ThirdPerson/0/EP/5VF3YT8Y2WVXA4Z6P7NDC3" 4286
"D:/FYP_UE/FYP/Content/__ExternalActors__/ThirdPerson/Lvl_ThirdPerson/0/EP/5VF3YT8Y2WVXA4Z6P7NDC3.uasset" 4287
"D:/FYP_UE/FYP/Content/Environment/SM_SM_4Walls_NoSteel.uasset" 4288
"D:/FYP_UE/FYP/Content/MOUT_Fabrication/Materials/Airfield/M_Wall_Tile.uasset" 4289
"D:/FYP_UE/FYP/Content/MOUT_Fabrication/Textures/Airfield/HangarSet/T_Hangar_Wall_BC.uasset" 4290
"D:/FYP_UE/FYP/Content/MOUT_Fabrication/Textures/Airfield/HangarSet/T_Hangar_Wall_NRM.uasset" 4291
"D:/FYP_UE/FYP/Content/MOUT_Fabrication/Textures/Airfield/HangarSet/T_Hangar_Wall_RMA.uasset" 4292
"/Game/__ExternalActors__/ThirdPerson/Lvl_ThirdPerson/0/KP/26OWQ9ENB4VUOB1MYP7W2X" 4293
"D:/FYP_UE/FYP/Content/__ExternalActors__/ThirdPerson/Lvl_ThirdPerson/0/KP/26OWQ9ENB4VUOB1MYP7W2X.uasset" 4294
"D:/FYP_UE/FYP/Content/Environment/SM_SM_5WallsMerge.uasset" 4295
"D:/FYP_UE/FYP/Content/MOUT_Fabrication/Materials/Airfield/Hangar_Trim_Mat.uasset" 4296
"D:/FYP_UE/FYP/Content/MOUT_Fabrication/Textures/Airfield/HangarSet/T_Hangar_Trim_BC.uasset" 4297
"D:/FYP_UE/FYP/Content/MOUT_Fabrication/Textures/Airfield/HangarSet/T_Hangar_Trim_NRM.uasset" 4298
"D:/FYP_UE/FYP/Content/MOUT_Fabrication/Textures/Airfield/HangarSet/T_Hangar_Trim_RMA.uasset" 4299
"/Game/__ExternalActors__/ThirdPerson/Lvl_ThirdPerson/0/M9/9IH2GD7L708KGIL1Z3GWIR" 4300
"D:/FYP_UE/FYP/Content/__ExternalActors__/ThirdPerson/Lvl_ThirdPerson/0/M9/9IH2GD7L708KGIL1Z3GWIR.uasset" 4301
"D:/FYP_UE/FYP/Content/ThirdPerson/LevelSequenceCinema.uasset" 4302
"/Game/__ExternalActors__/ThirdPerson/Lvl_ThirdPerson/0/MN/GJCHJ2DL9HESRFRP5IR18R" 4303
"D:/FYP_UE/FYP/Content/__ExternalActors__/ThirdPerson/Lvl_ThirdPerson/0/MN/GJCHJ2DL9HESRFRP5IR18R.uasset" 4304
"D:/FYP_UE/FYP/Content/Environment/SM_SM_6Walls_merge.uasset" 4305
"/Game/__ExternalActors__/ThirdPerson/Lvl_ThirdPerson/0/NR/JGTAYF8E5GSFW38TB12FMM" 4306
"D:/FYP_UE/FYP/Content/__ExternalActors__/ThirdPerson/Lvl_ThirdPerson/0/NR/JGTAYF8E5GSFW38TB12FMM.uasset" 4307
"/Game/__ExternalActors__/ThirdPerson/Lvl_ThirdPerson/0/W1/O56I9SL08MJ2YOWBL8OPUN" 4308
"D:/FYP_UE/FYP/Content/__ExternalActors__/ThirdPerson/Lvl_ThirdPerson/0/W1/O56I9SL08MJ2YOWBL8OPUN.uasset" 4309
"D:/FYP_UE/FYP/Content/Environment/SM_SM_2WallsMerge.uasset" 4310
"/Game/__ExternalActors__/ThirdPerson/Lvl_ThirdPerson/0/XV/14P8XABWJYTII4N781PQW4" 4311
"D:/FYP_UE/FYP/Content/__ExternalActors__/ThirdPerson/Lvl_ThirdPerson/0/XV/14P8XABWJYTII4N781PQW4.uasset" 4312
"/Game/__ExternalActors__/ThirdPerson/Lvl_ThirdPerson/1/6Q/XHQ58EIT2KFLFU6SFK61DG" 4313
"D:/FYP_UE/FYP/Content/__ExternalActors__/ThirdPerson/Lvl_ThirdPerson/1/6Q/XHQ58EIT2KFLFU6SFK61DG.uasset" 4314
"/Game/__ExternalActors__/ThirdPerson/Lvl_ThirdPerson/1/C0/AG8MV67MCW9EIYYUD7JB8M" 4315
"D:/FYP_UE/FYP/Content/__ExternalActors__/ThirdPerson/Lvl_ThirdPerson/1/C0/AG8MV67MCW9EIYYUD7JB8M.uasset" 4316
"/Game/__ExternalActors__/ThirdPerson/Lvl_ThirdPerson/1/G5/ZWALVP9T89NPVWYG94TO1P" 4317
"D:/FYP_UE/FYP/Content/__ExternalActors__/ThirdPerson/Lvl_ThirdPerson/1/G5/ZWALVP9T89NPVWYG94TO1P.uasset" 4318
"/Game/__ExternalActors__/ThirdPerson/Lvl_ThirdPerson/2/0Z/FRMTJJZUDQLQBOCM8B8MNG" 4319
"D:/FYP_UE/FYP/Content/__ExternalActors__/ThirdPerson/Lvl_ThirdPerson/2/0Z/FRMTJJZUDQLQBOCM8B8MNG.uasset" 4320
"/Game/__ExternalActors__/ThirdPerson/Lvl_ThirdPerson/2/4E/ZMLOSYC4JYC6SHZPLTQT6Y" 4321
"D:/FYP_UE/FYP/Content/__ExternalActors__/ThirdPerson/Lvl_ThirdPerson/2/4E/ZMLOSYC4JYC6SHZPLTQT6Y.uasset" 4322
"/Game/__ExternalActors__/ThirdPerson/Lvl_ThirdPerson/2/AD/F2AY306XQQHZKVM826OS5M" 4323
"D:/FYP_UE/FYP/Content/__ExternalActors__/ThirdPerson/Lvl_ThirdPerson/2/AD/F2AY306XQQHZKVM826OS5M.uasset" 4324
"D:/FYP_UE/FYP/Content/Environment/SM_SM_LongWalls.uasset" 4325
"/Game/__ExternalActors__/ThirdPerson/Lvl_ThirdPerson/2/DN/JPRTFCU3YCBRDTZ5J1BQUR" 4326
"D:/FYP_UE/FYP/Content/__ExternalActors__/ThirdPerson/Lvl_ThirdPerson/2/DN/JPRTFCU3YCBRDTZ5J1BQUR.uasset" 4327
"/Game/__ExternalActors__/ThirdPerson/Lvl_ThirdPerson/2/FD/0LZO5TW6VSUD2B7T8X8AEN" 4328
"D:/FYP_UE/FYP/Content/__ExternalActors__/ThirdPerson/Lvl_ThirdPerson/2/FD/0LZO5TW6VSUD2B7T8X8AEN.uasset" 4329
"D:/FYP_UE/FYP/Content/IndustryPropsPack6/Meshes/SM_Box03.uasset" 4330
"D:/FYP_UE/FYP/Content/IndustryPropsPack6/Materials/MI_Box01_2.uasset" 4331
"D:/FYP_UE/FYP/Content/IndustryPropsPack6/Materials/MI_Tarp01_1.uasset" 4332
"D:/FYP_UE/FYP/Content/IndustryPropsPack6/Textures/T_Box01_D.uasset" 4333
"D:/FYP_UE/FYP/Content/IndustryPropsPack6/Textures/T_Box01_N.uasset" 4334
"D:/FYP_UE/FYP/Content/IndustryPropsPack6/Textures/T_Box01_SRM.uasset" 4335
"D:/FYP_UE/FYP/Content/IndustryPropsPack6/Textures/T_Tarp01_D.uasset" 4336
"D:/FYP_UE/FYP/Content/IndustryPropsPack6/Textures/T_Tarp01_N.uasset" 4337
"D:/FYP_UE/FYP/Content/IndustryPropsPack6/Textures/T_Tarp01_SRM.uasset" 4338
"/Game/__ExternalActors__/ThirdPerson/Lvl_ThirdPerson/2/FZ/ZOK8C9YRN6FCVYDOFZHMD7" 4339
"D:/FYP_UE/FYP/Content/__ExternalActors__/ThirdPerson/Lvl_ThirdPerson/2/FZ/ZOK8C9YRN6FCVYDOFZHMD7.uasset" 4340
"/Game/__ExternalActors__/ThirdPerson/Lvl_ThirdPerson/2/K2/LMVE5FD26QET8E8506W8MS" 4341
"D:/FYP_UE/FYP/Content/__ExternalActors__/ThirdPerson/Lvl_ThirdPerson/2/K2/LMVE5FD26QET8E8506W8MS.uasset" 4342
"/Game/__ExternalActors__/ThirdPerson/Lvl_ThirdPerson/2/PY/XNBJPDO938Y1CDGIHJ003S" 4343
"D:/FYP_UE/FYP/Content/__ExternalActors__/ThirdPerson/Lvl_ThirdPerson/2/PY/XNBJPDO938Y1CDGIHJ003S.uasset" 4344
"D:/FYP_UE/FYP/Content/MOUT_Fabrication/Blueprints/Buildings/MOUT4_Var/BP_MoutFab_04g.uasset" 4345
"D:/FYP_UE/FYP/Content/MOUT_Fabrication/Meshes/MOUTFabrications/ModularAssets/ContainerKit/FloorAndCeiling/SM_ContainerCeiling_IntWood_01.uasset" 4346
"D:/FYP_UE/FYP/Content/MOUT_Fabrication/Meshes/MOUTFabrications/ModularAssets/ContainerKit/FloorAndCeiling/SM_ContainerFloor_01.uasset" 4347
"D:/FYP_UE/FYP/Content/MOUT_Fabrication/Meshes/MOUTFabrications/ModularAssets/ContainerKit/Pillars/SM_ContainerCornerPillar_01a.uasset" 4348
"D:/FYP_UE/FYP/Content/MOUT_Fabrication/Meshes/MOUTFabrications/ModularAssets/ContainerKit/Walls/SM_ContainerDoor_01b.uasset" 4349
"D:/FYP_UE/FYP/Content/MOUT_Fabrication/Meshes/MOUTFabrications/ModularAssets/ContainerKit/Walls/SM_ContainerWIndow_01b.uasset" 4350
"D:/FYP_UE/FYP/Content/MOUT_Fabrication/Materials/MOUTFabrications/ContainerMaterials/M_IntWood.uasset" 4351
"D:/FYP_UE/FYP/Content/MOUT_Fabrication/Materials/MOUTFabrications/ContainerMaterials/LayeredMaterials/MI_YellowCorrugated.uasset" 4352
"D:/FYP_UE/FYP/Content/MOUT_Fabrication/Materials/MOUTFabrications/ContainerMaterials/LayeredMaterials/MI_YellowCorrugated_ContainerSupport.uasset" 4353
"D:/FYP_UE/FYP/Content/MOUT_Fabrication/Materials/MOUTFabrications/ContainerMaterials/LayeredMaterials/MI_YellowCorrugated_ContainerFrames.uasset" 4354
"D:/FYP_UE/FYP/Content/MOUT_Fabrication/Textures/MOUTFabrications/ContainerTextures/T_IntWood/T_IntWood_BC.uasset" 4355
"D:/FYP_UE/FYP/Content/MOUT_Fabrication/Textures/MOUTFabrications/ContainerTextures/T_IntWood/T_IntWood_NRM.uasset" 4356
"D:/FYP_UE/FYP/Content/MOUT_Fabrication/Textures/MOUTFabrications/ContainerTextures/T_IntWood/T_IntWood_ORM.uasset" 4357
"D:/FYP_UE/FYP/Content/MOUT_Fabrication/Materials/MOUTFabrications/ContainerMaterials/LayeredMaterials/MM_SimpleMaterial.uasset" 4358
"D:/FYP_UE/FYP/Content/MOUT_Fabrication/Materials/MOUTFabrications/ContainerMaterials/LayeredMaterials/MM_MaterialLayerBlend_VertexPaint.uasset" 4359
"D:/FYP_UE/FYP/Content/MOUT_Fabrication/Materials/MOUTFabrications/ContainerMaterials/LayeredMaterials/MI_MasterLayer.uasset" 4360
"D:/FYP_UE/FYP/Content/MOUT_Fabrication/Textures/MOUTFabrications/ContainerTextures/00_white.uasset" 4361
"D:/FYP_UE/FYP/Content/MOUT_Fabrication/Textures/MOUTFabrications/ContainerTextures/Masks/T_YellowCorrugated_Mask.uasset" 4362
"D:/FYP_UE/FYP/Content/MOUT_Fabrication/Textures/MOUTFabrications/ContainerTextures/T_BareMetalRusty_BaseColor.uasset" 4363
"D:/FYP_UE/FYP/Content/MOUT_Fabrication/Textures/MOUTFabrications/ContainerTextures/T_BareMetalRusty_OcclusionRoughnessMetallic.uasset" 4364
"D:/FYP_UE/FYP/Content/MOUT_Fabrication/Textures/MOUTFabrications/ContainerTextures/T_Dust_BaseColor.uasset" 4365
"D:/FYP_UE/FYP/Content/MOUT_Fabrication/Textures/MOUTFabrications/ContainerTextures/T_Dust_OcclusionRoughnessMetallic.uasset" 4366
"D:/FYP_UE/FYP/Content/MOUT_Fabrication/Textures/MOUTFabrications/ContainerTextures/T_Rust_BaseColor.uasset" 4367
"D:/FYP_UE/FYP/Content/MOUT_Fabrication/Textures/MOUTFabrications/ContainerTextures/T_Rust_OcclusionRoughnessMetallic.uasset" 4368
"D:/FYP_UE/FYP/Content/MOUT_Fabrication/Textures/MOUTFabrications/ContainerTextures/T_YellowCorrugated_Mask.uasset" 4369
"D:/FYP_UE/FYP/Content/MOUT_Fabrication/Textures/MOUTFabrications/ContainerTextures/T_YellowPaint_BaseColor.uasset" 4370
"D:/FYP_UE/FYP/Content/MOUT_Fabrication/Textures/MOUTFabrications/ContainerTextures/T_YellowPaint_OcclusionRoughnessMetallic.uasset" 4371
"D:/FYP_UE/FYP/Content/MOUT_Fabrication/Materials/MOUTFabrications/ContainerMaterials/LayeredMaterials/MI_YellowCorrugated_ContainerLock.uasset" 4372
"D:/FYP_UE/FYP/Content/MOUT_Fabrication/Textures/MOUTFabrications/ContainerTextures/Masks/T_ContainerLock_Mask.uasset" 4373
"D:/FYP_UE/FYP/Content/MOUT_Fabrication/Textures/MOUTFabrications/ContainerTextures/Masks/T_YellowCorrugatedSupport_Mask.uasset" 4374
"D:/FYP_UE/FYP/Content/MOUT_Fabrication/Textures/MOUTFabrications/ContainerTextures/Masks/T_YellowCorrugatedFrames_Mask.uasset" 4375
"D:/FYP_UE/FYP/Content/MOUT_Fabrication/Materials/MOUTFabrications/ContainerMaterials/LayeredMaterials/MM_MasterLayer.uasset" 4376
"/Game/__ExternalActors__/ThirdPerson/Lvl_ThirdPerson/2/RS/MAO0RFX5NU8LOTKJ5RNNQQ" 4377
"D:/FYP_UE/FYP/Content/__ExternalActors__/ThirdPerson/Lvl_ThirdPerson/2/RS/MAO0RFX5NU8LOTKJ5RNNQQ.uasset" 4378
"D:/FYP_UE/FYP/Content/__ExternalActors__/ThirdPerson/Lvl_ThirdPerson/B/Z8/F5YSFKPD3A829CK1KWEPUB.uasset" 4379
"/Game/__ExternalActors__/ThirdPerson/Lvl_ThirdPerson/3/0N/NTRPN55OWWUSD03K29ZOSH" 4380
"D:/FYP_UE/FYP/Content/__ExternalActors__/ThirdPerson/Lvl_ThirdPerson/3/0N/NTRPN55OWWUSD03K29ZOSH.uasset" 4381
"../../../Engine/Content/EngineSky/VolumetricClouds/m_SimpleVolumetricCloud_Inst.uasset" 4382
"../../../Engine/Content/EngineSky/VolumetricClouds/m_SimpleVolumetricCloud.uasset" 4383
"../../../Engine/Content/EngineSky/VolumetricClouds/T_CloudMask.uasset" 4384
"../../../Engine/Content/EngineSky/VolumetricClouds/T_CloudPattern.uasset" 4385
"../../../Engine/Content/EngineSky/VolumetricClouds/T_Profile_08.uasset" 4386
"../../../Engine/Content/EngineSky/VolumetricClouds/VT_PerlinWorley_Balanced.uasset" 4387
"../../../Engine/Content/Functions/Engine_MaterialFunctions01/Units/Km-to-Cm.uasset" 4388
"../../../Engine/Content/Functions/Engine_MaterialFunctions02/Utility/BreakOutFloat4Components.uasset" 4389
"../../../Engine/Content/Functions/Engine_MaterialFunctions02/Utility/MakeFloat4.uasset" 4390
"../../../Engine/Content/EngineSky/VolumetricClouds/VT_Lightning.uasset" 4391
"/Game/__ExternalActors__/ThirdPerson/Lvl_ThirdPerson/3/1V/4WXO5SKKP37CG67YMBQXAM" 4392
"D:/FYP_UE/FYP/Content/__ExternalActors__/ThirdPerson/Lvl_ThirdPerson/3/1V/4WXO5SKKP37CG67YMBQXAM.uasset" 4393
"D:/FYP_UE/FYP/Content/Environment/SM_SM_Boxes.uasset" 4394
"/Game/__ExternalActors__/ThirdPerson/Lvl_ThirdPerson/3/6O/3DM8NLGKAIHHV7G0GXUPEM" 4395
"D:/FYP_UE/FYP/Content/__ExternalActors__/ThirdPerson/Lvl_ThirdPerson/3/6O/3DM8NLGKAIHHV7G0GXUPEM.uasset" 4396
"D:/FYP_UE/FYP/Content/IndustryPropsPack6/Meshes/SM_WaterTank01.uasset" 4397
"D:/FYP_UE/FYP/Content/IndustryPropsPack6/Materials/MI_WaterTank01.uasset" 4398
"D:/FYP_UE/FYP/Content/IndustryPropsPack6/Textures/T_WaterTank01_D.uasset" 4399
"D:/FYP_UE/FYP/Content/IndustryPropsPack6/Textures/T_WaterTank01_N.uasset" 4400
"D:/FYP_UE/FYP/Content/IndustryPropsPack6/Textures/T_WaterTank01_SRM.uasset" 4401
"/Game/__ExternalActors__/ThirdPerson/Lvl_ThirdPerson/3/QW/04QZR8KQLHUJ4RUM1M3DZB" 4402
"D:/FYP_UE/FYP/Content/__ExternalActors__/ThirdPerson/Lvl_ThirdPerson/3/QW/04QZR8KQLHUJ4RUM1M3DZB.uasset" 4403
"/Game/__ExternalActors__/ThirdPerson/Lvl_ThirdPerson/4/1H/ARS9FC1QLP0N6YY1GXAL0W" 4404
"D:/FYP_UE/FYP/Content/__ExternalActors__/ThirdPerson/Lvl_ThirdPerson/4/1H/ARS9FC1QLP0N6YY1GXAL0W.uasset" 4405
"D:/FYP_UE/FYP/Content/Environment/SM_SM_SingleWall.uasset" 4406
"/Game/__ExternalActors__/ThirdPerson/Lvl_ThirdPerson/4/9Z/H5OYRYW1049BXCQCKOB5KI" 4407
"D:/FYP_UE/FYP/Content/__ExternalActors__/ThirdPerson/Lvl_ThirdPerson/4/9Z/H5OYRYW1049BXCQCKOB5KI.uasset" 4408
"/Game/__ExternalActors__/ThirdPerson/Lvl_ThirdPerson/4/DG/K1RHF9CR5POFLWTJ8HD17W" 4409
"D:/FYP_UE/FYP/Content/__ExternalActors__/ThirdPerson/Lvl_ThirdPerson/4/DG/K1RHF9CR5POFLWTJ8HD17W.uasset" 4410
"/Game/__ExternalActors__/ThirdPerson/Lvl_ThirdPerson/4/GM/LE0UUBUK1PMZZBK6CZCQDZ" 4411
"D:/FYP_UE/FYP/Content/__ExternalActors__/ThirdPerson/Lvl_ThirdPerson/4/GM/LE0UUBUK1PMZZBK6CZCQDZ.uasset" 4412
"/Game/__ExternalActors__/ThirdPerson/Lvl_ThirdPerson/4/NT/W5GYSXP21TX63NYQB7SQMQ" 4413
"D:/FYP_UE/FYP/Content/__ExternalActors__/ThirdPerson/Lvl_ThirdPerson/4/NT/W5GYSXP21TX63NYQB7SQMQ.uasset" 4414
"/Game/__ExternalActors__/ThirdPerson/Lvl_ThirdPerson/4/YL/9K2SJ6XJYXZMLNGCL4T3LO" 4415
"D:/FYP_UE/FYP/Content/__ExternalActors__/ThirdPerson/Lvl_ThirdPerson/4/YL/9K2SJ6XJYXZMLNGCL4T3LO.uasset" 4416
"/Game/__ExternalActors__/ThirdPerson/Lvl_ThirdPerson/5/0N/7SXILP933SDRQ4NRNOXRU0" 4417
"D:/FYP_UE/FYP/Content/__ExternalActors__/ThirdPerson/Lvl_ThirdPerson/5/0N/7SXILP933SDRQ4NRNOXRU0.uasset" 4418
"/Game/__ExternalActors__/ThirdPerson/Lvl_ThirdPerson/5/15/UFRSFNLKPGCS83DF09XMG0" 4419
"D:/FYP_UE/FYP/Content/__ExternalActors__/ThirdPerson/Lvl_ThirdPerson/5/15/UFRSFNLKPGCS83DF09XMG0.uasset" 4420
"/Game/__ExternalActors__/ThirdPerson/Lvl_ThirdPerson/5/LE/F95CA8LU0KQ26HNAN1ZTIX" 4421
"D:/FYP_UE/FYP/Content/__ExternalActors__/ThirdPerson/Lvl_ThirdPerson/5/LE/F95CA8LU0KQ26HNAN1ZTIX.uasset" 4422
"D:/FYP_UE/FYP/Content/MOUT_Fabrication/Blueprints/Sky/BP_Sky_02.uasset" 4423
"D:/FYP_UE/FYP/Content/MOUT_Fabrication/Materials/Sky/M_Sky_Night_01.uasset" 4424
"../../../Engine/Content/EngineSky/SM_SkySphere.uasset" 4425
"D:/FYP_UE/FYP/Content/MOUT_Fabrication/Materials/Sky/M_Sky_Day_01.uasset" 4426
"D:/FYP_UE/FYP/Content/MOUT_Fabrication/Textures/Sky/T_NightSky_HDRI.uasset" 4427
"D:/FYP_UE/FYP/Content/MOUT_Fabrication/Textures/Sky/T_SaySky_HDRI.uasset" 4428
"../../../Engine/Content/EngineSky/M_Sky_Panning_Clouds2.uasset" 4429
"../../../Engine/Content/EngineSky/T_Sky_Blue.uasset" 4430
"../../../Engine/Content/EngineSky/T_Sky_Clouds_M.uasset" 4431
"../../../Engine/Content/EngineSky/T_Sky_Stars.uasset" 4432
"/Game/__ExternalActors__/ThirdPerson/Lvl_ThirdPerson/5/NJ/Y7V2P1PVDFQ7X5W1VJ3SYA" 4433
"D:/FYP_UE/FYP/Content/__ExternalActors__/ThirdPerson/Lvl_ThirdPerson/5/NJ/Y7V2P1PVDFQ7X5W1VJ3SYA.uasset" 4434
"/Game/__ExternalActors__/ThirdPerson/Lvl_ThirdPerson/5/S7/QNOJBGBIHAW580Q740THJN" 4435
"D:/FYP_UE/FYP/Content/__ExternalActors__/ThirdPerson/Lvl_ThirdPerson/5/S7/QNOJBGBIHAW580Q740THJN.uasset" 4436
"/Game/__ExternalActors__/ThirdPerson/Lvl_ThirdPerson/5/SP/5Z0YXJGXKVI9RI4641Z8VS" 4437
"D:/FYP_UE/FYP/Content/__ExternalActors__/ThirdPerson/Lvl_ThirdPerson/5/SP/5Z0YXJGXKVI9RI4641Z8VS.uasset" 4438
"/Game/__ExternalActors__/ThirdPerson/Lvl_ThirdPerson/5/Z8/9UMQS5GACD0L25M9IZXNSF" 4439
"D:/FYP_UE/FYP/Content/__ExternalActors__/ThirdPerson/Lvl_ThirdPerson/5/Z8/9UMQS5GACD0L25M9IZXNSF.uasset" 4440
"/Game/__ExternalActors__/ThirdPerson/Lvl_ThirdPerson/6/0X/BBQ8QFYC9SOAS5DYMESMDL" 4441
"D:/FYP_UE/FYP/Content/__ExternalActors__/ThirdPerson/Lvl_ThirdPerson/6/0X/BBQ8QFYC9SOAS5DYMESMDL.uasset" 4442
"/Game/__ExternalActors__/ThirdPerson/Lvl_ThirdPerson/6/1F/67JWCEILC7CE5BYHT8KTQH" 4443
"D:/FYP_UE/FYP/Content/__ExternalActors__/ThirdPerson/Lvl_ThirdPerson/6/1F/67JWCEILC7CE5BYHT8KTQH.uasset" 4444
"/Game/__ExternalActors__/ThirdPerson/Lvl_ThirdPerson/6/3J/Z7RW3D23JZWEPVDYBKLGCI" 4445
"D:/FYP_UE/FYP/Content/__ExternalActors__/ThirdPerson/Lvl_ThirdPerson/6/3J/Z7RW3D23JZWEPVDYBKLGCI.uasset" 4446
"/Game/__ExternalActors__/ThirdPerson/Lvl_ThirdPerson/6/AO/V6DFCX99R1AMDDXX90Z51R" 4447
"D:/FYP_UE/FYP/Content/__ExternalActors__/ThirdPerson/Lvl_ThirdPerson/6/AO/V6DFCX99R1AMDDXX90Z51R.uasset" 4448
"/Game/__ExternalActors__/ThirdPerson/Lvl_ThirdPerson/6/B5/ZA6FZJ9N991U5U10IYAUZP" 4449
"D:/FYP_UE/FYP/Content/__ExternalActors__/ThirdPerson/Lvl_ThirdPerson/6/B5/ZA6FZJ9N991U5U10IYAUZP.uasset" 4450
"/Game/__ExternalActors__/ThirdPerson/Lvl_ThirdPerson/6/C4/C96Q0R319TD2JCY6JZOME1" 4451
"D:/FYP_UE/FYP/Content/__ExternalActors__/ThirdPerson/Lvl_ThirdPerson/6/C4/C96Q0R319TD2JCY6JZOME1.uasset" 4452
"/Game/__ExternalActors__/ThirdPerson/Lvl_ThirdPerson/6/KO/OR5OI4ET8HRF9PO355KWLP" 4453
"D:/FYP_UE/FYP/Content/__ExternalActors__/ThirdPerson/Lvl_ThirdPerson/6/KO/OR5OI4ET8HRF9PO355KWLP.uasset" 4454
"D:/FYP_UE/FYP/Content/MOUT_Fabrication/Meshes/Airfield/HangarAssets/SM_Hangar_Sliding_Door_01.uasset" 4455
"/Game/__ExternalActors__/ThirdPerson/Lvl_ThirdPerson/6/LQ/BODFSYEUXEXT3J578ZJZCX" 4456
"D:/FYP_UE/FYP/Content/__ExternalActors__/ThirdPerson/Lvl_ThirdPerson/6/LQ/BODFSYEUXEXT3J578ZJZCX.uasset" 4457
"/Game/__ExternalActors__/ThirdPerson/Lvl_ThirdPerson/7/3X/HB8ZQPLGVXOGFBD3SG3I1R" 4458
"D:/FYP_UE/FYP/Content/__ExternalActors__/ThirdPerson/Lvl_ThirdPerson/7/3X/HB8ZQPLGVXOGFBD3SG3I1R.uasset" 4459
"/Game/__ExternalActors__/ThirdPerson/Lvl_ThirdPerson/7/F0/HSYZOPUJWAJ15AMOL1FHH1" 4460
"D:/FYP_UE/FYP/Content/__ExternalActors__/ThirdPerson/Lvl_ThirdPerson/7/F0/HSYZOPUJWAJ15AMOL1FHH1.uasset" 4461
"/Game/__ExternalActors__/ThirdPerson/Lvl_ThirdPerson/7/KO/RWWA47S32LM9Y4YMCXY1N8" 4462
"D:/FYP_UE/FYP/Content/__ExternalActors__/ThirdPerson/Lvl_ThirdPerson/7/KO/RWWA47S32LM9Y4YMCXY1N8.uasset" 4463
"/Game/__ExternalActors__/ThirdPerson/Lvl_ThirdPerson/7/LQ/13FJQGT4YO09E3DWGLI7GR" 4464
"D:/FYP_UE/FYP/Content/__ExternalActors__/ThirdPerson/Lvl_ThirdPerson/7/LQ/13FJQGT4YO09E3DWGLI7GR.uasset" 4465
"D:/FYP_UE/FYP/Content/MOUT_Fabrication/Meshes/Airfield/HangarAssets/SM_Hangar_Frame_02.uasset" 4466
"/Game/__ExternalActors__/ThirdPerson/Lvl_ThirdPerson/7/MS/HGF5TIZU29MNOA193S9JA1" 4467
"D:/FYP_UE/FYP/Content/__ExternalActors__/ThirdPerson/Lvl_ThirdPerson/7/MS/HGF5TIZU29MNOA193S9JA1.uasset" 4468
"/Game/__ExternalActors__/ThirdPerson/Lvl_ThirdPerson/7/P1/XLWUD0RPCXVOAGN9F1RK23" 4469
"D:/FYP_UE/FYP/Content/__ExternalActors__/ThirdPerson/Lvl_ThirdPerson/7/P1/XLWUD0RPCXVOAGN9F1RK23.uasset" 4470
"/Game/__ExternalActors__/ThirdPerson/Lvl_ThirdPerson/7/P2/OWELZ00Y87Y02JNO632K81" 4471
"D:/FYP_UE/FYP/Content/__ExternalActors__/ThirdPerson/Lvl_ThirdPerson/7/P2/OWELZ00Y87Y02JNO632K81.uasset" 4472
"/Game/__ExternalActors__/ThirdPerson/Lvl_ThirdPerson/7/WD/PF303E3NLT3UOXVTBRB5VF" 4473
"D:/FYP_UE/FYP/Content/__ExternalActors__/ThirdPerson/Lvl_ThirdPerson/7/WD/PF303E3NLT3UOXVTBRB5VF.uasset" 4474
"/Game/__ExternalActors__/ThirdPerson/Lvl_ThirdPerson/7/X9/H9EBDQX95TIBBNGAS029MX" 4475
"D:/FYP_UE/FYP/Content/__ExternalActors__/ThirdPerson/Lvl_ThirdPerson/7/X9/H9EBDQX95TIBBNGAS029MX.uasset" 4476
"/Game/__ExternalActors__/ThirdPerson/Lvl_ThirdPerson/7/XG/IL6JRLYECS7PXBOFJQ6S3O" 4477
"D:/FYP_UE/FYP/Content/__ExternalActors__/ThirdPerson/Lvl_ThirdPerson/7/XG/IL6JRLYECS7PXBOFJQ6S3O.uasset" 4478
"/Game/__ExternalActors__/ThirdPerson/Lvl_ThirdPerson/7/XW/W56BVZKPGSOYULKVNXZI5O" 4479
"D:/FYP_UE/FYP/Content/__ExternalActors__/ThirdPerson/Lvl_ThirdPerson/7/XW/W56BVZKPGSOYULKVNXZI5O.uasset" 4480
"/Game/__ExternalActors__/ThirdPerson/Lvl_ThirdPerson/8/DE/ZG9JPVAICN7DBEV2NKZIG6" 4481
"D:/FYP_UE/FYP/Content/__ExternalActors__/ThirdPerson/Lvl_ThirdPerson/8/DE/ZG9JPVAICN7DBEV2NKZIG6.uasset" 4482
"/Game/__ExternalActors__/ThirdPerson/Lvl_ThirdPerson/8/G2/MDX53C0LDM9643CUONCMTD" 4483
"D:/FYP_UE/FYP/Content/__ExternalActors__/ThirdPerson/Lvl_ThirdPerson/8/G2/MDX53C0LDM9643CUONCMTD.uasset" 4484
"/Game/__ExternalActors__/ThirdPerson/Lvl_ThirdPerson/8/KG/259GG3BGOB2ETPMXV73V5O" 4485
"D:/FYP_UE/FYP/Content/__ExternalActors__/ThirdPerson/Lvl_ThirdPerson/8/KG/259GG3BGOB2ETPMXV73V5O.uasset" 4486
"/Game/__ExternalActors__/ThirdPerson/Lvl_ThirdPerson/8/LS/8TONN9AV1SQRA3YP59020T" 4487
"D:/FYP_UE/FYP/Content/__ExternalActors__/ThirdPerson/Lvl_ThirdPerson/8/LS/8TONN9AV1SQRA3YP59020T.uasset" 4488
"/Game/__ExternalActors__/ThirdPerson/Lvl_ThirdPerson/8/N3/9KM5CZ1ZGXFIP1YPF5CQ0L" 4489
"D:/FYP_UE/FYP/Content/__ExternalActors__/ThirdPerson/Lvl_ThirdPerson/8/N3/9KM5CZ1ZGXFIP1YPF5CQ0L.uasset" 4490
"/Game/__ExternalActors__/ThirdPerson/Lvl_ThirdPerson/8/T2/7L90FMM1XTLQLTBVPAY8EJ" 4491
"D:/FYP_UE/FYP/Content/__ExternalActors__/ThirdPerson/Lvl_ThirdPerson/8/T2/7L90FMM1XTLQLTBVPAY8EJ.uasset" 4492
"/Game/__ExternalActors__/ThirdPerson/Lvl_ThirdPerson/8/TK/46LZR0TCWE2GCSXJICKKWY" 4493
"D:/FYP_UE/FYP/Content/__ExternalActors__/ThirdPerson/Lvl_ThirdPerson/8/TK/46LZR0TCWE2GCSXJICKKWY.uasset" 4494
"/Game/__ExternalActors__/ThirdPerson/Lvl_ThirdPerson/8/VS/XX060WNO6GEZU5BZQCLZPP" 4495
"D:/FYP_UE/FYP/Content/__ExternalActors__/ThirdPerson/Lvl_ThirdPerson/8/VS/XX060WNO6GEZU5BZQCLZPP.uasset" 4496
"/Game/__ExternalActors__/ThirdPerson/Lvl_ThirdPerson/9/1T/ZCA1X9RH6VU3YBE98AC4PU" 4497
"D:/FYP_UE/FYP/Content/__ExternalActors__/ThirdPerson/Lvl_ThirdPerson/9/1T/ZCA1X9RH6VU3YBE98AC4PU.uasset" 4498
"/Game/__ExternalActors__/ThirdPerson/Lvl_ThirdPerson/9/5G/29Z6AXUGZPZ0CXHLK2DICG" 4499
"D:/FYP_UE/FYP/Content/__ExternalActors__/ThirdPerson/Lvl_ThirdPerson/9/5G/29Z6AXUGZPZ0CXHLK2DICG.uasset" 4500
"/Game/__ExternalActors__/ThirdPerson/Lvl_ThirdPerson/9/8R/5Q8MF4CLYEK3DD8PO6GOTA" 4501
"D:/FYP_UE/FYP/Content/__ExternalActors__/ThirdPerson/Lvl_ThirdPerson/9/8R/5Q8MF4CLYEK3DD8PO6GOTA.uasset" 4502
"/Game/__ExternalActors__/ThirdPerson/Lvl_ThirdPerson/9/DI/XPBWOL125XBKFRCVEWSW1I" 4503
"D:/FYP_UE/FYP/Content/__ExternalActors__/ThirdPerson/Lvl_ThirdPerson/9/DI/XPBWOL125XBKFRCVEWSW1I.uasset" 4504
"/Game/__ExternalActors__/ThirdPerson/Lvl_ThirdPerson/9/MA/JZ45YW1VPEXP6D8U8E4RW4" 4505
"D:/FYP_UE/FYP/Content/__ExternalActors__/ThirdPerson/Lvl_ThirdPerson/9/MA/JZ45YW1VPEXP6D8U8E4RW4.uasset" 4506
"/Game/__ExternalActors__/ThirdPerson/Lvl_ThirdPerson/A/0S/1UIWD12VINAH1E8SNUMWZX" 4507
"D:/FYP_UE/FYP/Content/__ExternalActors__/ThirdPerson/Lvl_ThirdPerson/A/0S/1UIWD12VINAH1E8SNUMWZX.uasset" 4508
"/Game/__ExternalActors__/ThirdPerson/Lvl_ThirdPerson/A/1T/O5FO828736CGKVBA51KN5Y" 4509
"D:/FYP_UE/FYP/Content/__ExternalActors__/ThirdPerson/Lvl_ThirdPerson/A/1T/O5FO828736CGKVBA51KN5Y.uasset" 4510
"/Game/__ExternalActors__/ThirdPerson/Lvl_ThirdPerson/A/GT/SI46MC4OB0KJY2S7D155GP" 4511
"D:/FYP_UE/FYP/Content/__ExternalActors__/ThirdPerson/Lvl_ThirdPerson/A/GT/SI46MC4OB0KJY2S7D155GP.uasset" 4512
"/Game/__ExternalActors__/ThirdPerson/Lvl_ThirdPerson/A/H8/TIGXB2QJZSITCTUUCD0IEZ" 4513
"D:/FYP_UE/FYP/Content/__ExternalActors__/ThirdPerson/Lvl_ThirdPerson/A/H8/TIGXB2QJZSITCTUUCD0IEZ.uasset" 4514
"/Game/__ExternalActors__/ThirdPerson/Lvl_ThirdPerson/A/HW/TATLSVSBARRI8UOLZEQVQQ" 4515
"D:/FYP_UE/FYP/Content/__ExternalActors__/ThirdPerson/Lvl_ThirdPerson/A/HW/TATLSVSBARRI8UOLZEQVQQ.uasset" 4516
"/Game/__ExternalActors__/ThirdPerson/Lvl_ThirdPerson/A/J6/QYZI5OWKZJNKEPQLIJFQJY" 4517
"D:/FYP_UE/FYP/Content/__ExternalActors__/ThirdPerson/Lvl_ThirdPerson/A/J6/QYZI5OWKZJNKEPQLIJFQJY.uasset" 4518
"/Game/__ExternalActors__/ThirdPerson/Lvl_ThirdPerson/A/JT/R68FLP9Q0QOJ7NZ1Y3BQB2" 4519
"D:/FYP_UE/FYP/Content/__ExternalActors__/ThirdPerson/Lvl_ThirdPerson/A/JT/R68FLP9Q0QOJ7NZ1Y3BQB2.uasset" 4520
"/Game/__ExternalActors__/ThirdPerson/Lvl_ThirdPerson/A/OB/BJXR82578RFQ1GQD6CB966" 4521
"D:/FYP_UE/FYP/Content/__ExternalActors__/ThirdPerson/Lvl_ThirdPerson/A/OB/BJXR82578RFQ1GQD6CB966.uasset" 4522
"/Game/__ExternalActors__/ThirdPerson/Lvl_ThirdPerson/B/0F/SD0K2L5QNAG9BPHTCD7R6L" 4523
"D:/FYP_UE/FYP/Content/__ExternalActors__/ThirdPerson/Lvl_ThirdPerson/B/0F/SD0K2L5QNAG9BPHTCD7R6L.uasset" 4524
"/Game/__ExternalActors__/ThirdPerson/Lvl_ThirdPerson/B/7S/LC7ZYE1D0UJA9V4FIP90G6" 4525
"D:/FYP_UE/FYP/Content/__ExternalActors__/ThirdPerson/Lvl_ThirdPerson/B/7S/LC7ZYE1D0UJA9V4FIP90G6.uasset" 4526
"/Game/__ExternalActors__/ThirdPerson/Lvl_ThirdPerson/B/H2/RHRKI29MI44HN5KVKO7J83" 4527
"D:/FYP_UE/FYP/Content/__ExternalActors__/ThirdPerson/Lvl_ThirdPerson/B/H2/RHRKI29MI44HN5KVKO7J83.uasset" 4528
"D:/FYP_UE/FYP/Content/MOUT_Fabrication/Meshes/Airfield/HangarAssets/SM_Hangar_Wall.uasset" 4529
"/Game/__ExternalActors__/ThirdPerson/Lvl_ThirdPerson/B/NU/8GKM5W3NCIPLA7G9JSPSXH" 4530
"D:/FYP_UE/FYP/Content/__ExternalActors__/ThirdPerson/Lvl_ThirdPerson/B/NU/8GKM5W3NCIPLA7G9JSPSXH.uasset" 4531
"/Game/__ExternalActors__/ThirdPerson/Lvl_ThirdPerson/B/QG/ULVZUJ7URTMMECTPFB2W96" 4532
"D:/FYP_UE/FYP/Content/__ExternalActors__/ThirdPerson/Lvl_ThirdPerson/B/QG/ULVZUJ7URTMMECTPFB2W96.uasset" 4533
"D:/FYP_UE/FYP/Content/MOUT_Fabrication/Blueprints/Buildings/MOUT7_Var/BP_MoutFab_07d.uasset" 4534
"D:/FYP_UE/FYP/Content/MOUT_Fabrication/Meshes/MOUTFabrications/ModularAssets/ContainerKit/Walls/SM_ContainerWall_01a.uasset" 4535
"/Game/__ExternalActors__/ThirdPerson/Lvl_ThirdPerson/C/9J/97PSIQVJ1EW9TTY726WYQ2" 4536
"D:/FYP_UE/FYP/Content/__ExternalActors__/ThirdPerson/Lvl_ThirdPerson/C/9J/97PSIQVJ1EW9TTY726WYQ2.uasset" 4537
"/Game/__ExternalActors__/ThirdPerson/Lvl_ThirdPerson/C/9P/N0BODHM6MQN83YNRM7982I" 4538
"D:/FYP_UE/FYP/Content/__ExternalActors__/ThirdPerson/Lvl_ThirdPerson/C/9P/N0BODHM6MQN83YNRM7982I.uasset" 4539
"/Game/__ExternalActors__/ThirdPerson/Lvl_ThirdPerson/C/C5/3GJPO07CE36KCBY3T37LOH" 4540
"D:/FYP_UE/FYP/Content/__ExternalActors__/ThirdPerson/Lvl_ThirdPerson/C/C5/3GJPO07CE36KCBY3T37LOH.uasset" 4541
"/Game/__ExternalActors__/ThirdPerson/Lvl_ThirdPerson/C/CW/REO4NGU71FTUIVJM0FPMB0" 4542
"D:/FYP_UE/FYP/Content/__ExternalActors__/ThirdPerson/Lvl_ThirdPerson/C/CW/REO4NGU71FTUIVJM0FPMB0.uasset" 4543
"/Game/__ExternalActors__/ThirdPerson/Lvl_ThirdPerson/C/EE/HZ5WNBFZRJYQPUA6X8TVVT" 4544
"D:/FYP_UE/FYP/Content/__ExternalActors__/ThirdPerson/Lvl_ThirdPerson/C/EE/HZ5WNBFZRJYQPUA6X8TVVT.uasset" 4545
"/Game/__ExternalActors__/ThirdPerson/Lvl_ThirdPerson/C/IM/7WYX479T1M50DTMLPHZV2D" 4546
"D:/FYP_UE/FYP/Content/__ExternalActors__/ThirdPerson/Lvl_ThirdPerson/C/IM/7WYX479T1M50DTMLPHZV2D.uasset" 4547
"D:/FYP_UE/FYP/Content/Environment/Floor_Stand1.uasset" 4548
"D:/FYP_UE/FYP/Content/Environment/M_Stand.uasset" 4549
"D:/FYP_UE/FYP/Content/Environment/Floor_Stand_M_Stand_BaseColor.uasset" 4550
"D:/FYP_UE/FYP/Content/Environment/Floor_Stand_M_Stand_Normal.uasset" 4551
"D:/FYP_UE/FYP/Content/Environment/Floor_Stand_M_Stand_Roughness.uasset" 4552
"/Game/__ExternalActors__/ThirdPerson/Lvl_ThirdPerson/C/SX/FTWBM5F0E9JY3SLHHJM2P4" 4553
"D:/FYP_UE/FYP/Content/__ExternalActors__/ThirdPerson/Lvl_ThirdPerson/C/SX/FTWBM5F0E9JY3SLHHJM2P4.uasset" 4554
"/Game/__ExternalActors__/ThirdPerson/Lvl_ThirdPerson/C/SZ/ICM7DLJFPETEGUHHQC1NSH" 4555
"D:/FYP_UE/FYP/Content/__ExternalActors__/ThirdPerson/Lvl_ThirdPerson/C/SZ/ICM7DLJFPETEGUHHQC1NSH.uasset" 4556
"/Game/__ExternalActors__/ThirdPerson/Lvl_ThirdPerson/C/UK/V8R7NPKRD5Q623DSVD9UBL" 4557
"D:/FYP_UE/FYP/Content/__ExternalActors__/ThirdPerson/Lvl_ThirdPerson/C/UK/V8R7NPKRD5Q623DSVD9UBL.uasset" 4558
"/Game/__ExternalActors__/ThirdPerson/Lvl_ThirdPerson/D/2A/45DJHX3GAH8OY6XYFJU300" 4559
"D:/FYP_UE/FYP/Content/__ExternalActors__/ThirdPerson/Lvl_ThirdPerson/D/2A/45DJHX3GAH8OY6XYFJU300.uasset" 4560
"/Game/__ExternalActors__/ThirdPerson/Lvl_ThirdPerson/D/79/74BKM9091NPF7MTRL3TDVO" 4561
"D:/FYP_UE/FYP/Content/__ExternalActors__/ThirdPerson/Lvl_ThirdPerson/D/79/74BKM9091NPF7MTRL3TDVO.uasset" 4562
"/Game/__ExternalActors__/ThirdPerson/Lvl_ThirdPerson/D/AY/KLCRMXKI9WR2P0GDY96C36" 4563
"D:/FYP_UE/FYP/Content/__ExternalActors__/ThirdPerson/Lvl_ThirdPerson/D/AY/KLCRMXKI9WR2P0GDY96C36.uasset" 4564
"/Game/__ExternalActors__/ThirdPerson/Lvl_ThirdPerson/D/IN/WE5T47P75G5YFZY0IDOMHB" 4565
"D:/FYP_UE/FYP/Content/__ExternalActors__/ThirdPerson/Lvl_ThirdPerson/D/IN/WE5T47P75G5YFZY0IDOMHB.uasset" 4566
"/Game/__ExternalActors__/ThirdPerson/Lvl_ThirdPerson/D/JG/2SHMS3A25IA8AUCMIR0YRI" 4567
"D:/FYP_UE/FYP/Content/__ExternalActors__/ThirdPerson/Lvl_ThirdPerson/D/JG/2SHMS3A25IA8AUCMIR0YRI.uasset" 4568
"/Game/__ExternalActors__/ThirdPerson/Lvl_ThirdPerson/D/K5/NQBPXM7AM8N39CBW4ZT57P" 4569
"D:/FYP_UE/FYP/Content/__ExternalActors__/ThirdPerson/Lvl_ThirdPerson/D/K5/NQBPXM7AM8N39CBW4ZT57P.uasset" 4570
"D:/FYP_UE/FYP/Content/MOUT_Fabrication/Materials/Airfield/Hangar_Floor_Mat.uasset" 4571
"../../../Engine/Content/MapTemplates/SM_Template_Map_Floor.uasset" 4572
"D:/FYP_UE/FYP/Content/MOUT_Fabrication/Textures/Airfield/HangarSet/T_Hangar_Floor_BC.uasset" 4573
"D:/FYP_UE/FYP/Content/MOUT_Fabrication/Textures/Airfield/HangarSet/T_Hangar_Floor_NRM.uasset" 4574
"D:/FYP_UE/FYP/Content/MOUT_Fabrication/Textures/Airfield/HangarSet/T_Hangar_Floor_RMA.uasset" 4575
"/Game/__ExternalActors__/ThirdPerson/Lvl_ThirdPerson/D/KR/F0UBNUHHAIYXFDSSRPK7U9" 4576
"D:/FYP_UE/FYP/Content/__ExternalActors__/ThirdPerson/Lvl_ThirdPerson/D/KR/F0UBNUHHAIYXFDSSRPK7U9.uasset" 4577
"/Game/__ExternalActors__/ThirdPerson/Lvl_ThirdPerson/D/QL/YB6EXRNTS6RVVXHLPCWO71" 4578
"D:/FYP_UE/FYP/Content/__ExternalActors__/ThirdPerson/Lvl_ThirdPerson/D/QL/YB6EXRNTS6RVVXHLPCWO71.uasset" 4579
"/Game/__ExternalActors__/ThirdPerson/Lvl_ThirdPerson/D/RE/0ECCDJCDTN4IFHMJ7MV2K1" 4580
"D:/FYP_UE/FYP/Content/__ExternalActors__/ThirdPerson/Lvl_ThirdPerson/D/RE/0ECCDJCDTN4IFHMJ7MV2K1.uasset" 4581
"/Game/__ExternalActors__/ThirdPerson/Lvl_ThirdPerson/D/WC/4INSA4MHUSJRNW29VEXP3U" 4582
"D:/FYP_UE/FYP/Content/__ExternalActors__/ThirdPerson/Lvl_ThirdPerson/D/WC/4INSA4MHUSJRNW29VEXP3U.uasset" 4583
"/Game/__ExternalActors__/ThirdPerson/Lvl_ThirdPerson/E/1G/Y7QHTXP279OFIYD9O7PUTW" 4584
"D:/FYP_UE/FYP/Content/__ExternalActors__/ThirdPerson/Lvl_ThirdPerson/E/1G/Y7QHTXP279OFIYD9O7PUTW.uasset" 4585
"/Game/__ExternalActors__/ThirdPerson/Lvl_ThirdPerson/E/3W/JYJZJ9JD0E79VOZN6HZ7SA" 4586
"D:/FYP_UE/FYP/Content/__ExternalActors__/ThirdPerson/Lvl_ThirdPerson/E/3W/JYJZJ9JD0E79VOZN6HZ7SA.uasset" 4587
"/Game/__ExternalActors__/ThirdPerson/Lvl_ThirdPerson/E/5L/F5UM2IUPUF3JKTDEV44VQ7" 4588
"D:/FYP_UE/FYP/Content/__ExternalActors__/ThirdPerson/Lvl_ThirdPerson/E/5L/F5UM2IUPUF3JKTDEV44VQ7.uasset" 4589
"/Game/__ExternalActors__/ThirdPerson/Lvl_ThirdPerson/E/96/RFQP83S9K0LC7IW8CXS6C0" 4590
"D:/FYP_UE/FYP/Content/__ExternalActors__/ThirdPerson/Lvl_ThirdPerson/E/96/RFQP83S9K0LC7IW8CXS6C0.uasset" 4591
"/Game/__ExternalActors__/ThirdPerson/Lvl_ThirdPerson/E/KX/B7RPTVI85V6ODIJD1OBRBX" 4592
"D:/FYP_UE/FYP/Content/__ExternalActors__/ThirdPerson/Lvl_ThirdPerson/E/KX/B7RPTVI85V6ODIJD1OBRBX.uasset" 4593
"D:/FYP_UE/FYP/Content/IndustryPropsPack6/Meshes/SM_CartonGarbage09.uasset" 4594
"D:/FYP_UE/FYP/Content/IndustryPropsPack6/Materials/MI_Cartonbox01_1.uasset" 4595
"D:/FYP_UE/FYP/Content/IndustryPropsPack6/Textures/T_Cartonbox01_D.uasset" 4596
"D:/FYP_UE/FYP/Content/IndustryPropsPack6/Textures/T_Cartonbox01_N.uasset" 4597
"D:/FYP_UE/FYP/Content/IndustryPropsPack6/Textures/T_Cartonbox01_SRM.uasset" 4598
"/Game/__ExternalActors__/ThirdPerson/Lvl_ThirdPerson/E/ON/M3F8D6DA93XRL5G1LC2WTJ" 4599
"D:/FYP_UE/FYP/Content/__ExternalActors__/ThirdPerson/Lvl_ThirdPerson/E/ON/M3F8D6DA93XRL5G1LC2WTJ.uasset" 4600
"/Game/__ExternalActors__/ThirdPerson/Lvl_ThirdPerson/E/QD/8HO09C0RDTCJYVVKCGB4JM" 4601
"D:/FYP_UE/FYP/Content/__ExternalActors__/ThirdPerson/Lvl_ThirdPerson/E/QD/8HO09C0RDTCJYVVKCGB4JM.uasset" 4602
"/Game/__ExternalActors__/ThirdPerson/Lvl_ThirdPerson/E/QR/M0CKTYSQ9EH1RS3CL24CPM" 4603
"D:/FYP_UE/FYP/Content/__ExternalActors__/ThirdPerson/Lvl_ThirdPerson/E/QR/M0CKTYSQ9EH1RS3CL24CPM.uasset" 4604
"/Game/__ExternalActors__/ThirdPerson/Lvl_ThirdPerson/E/UW/TVM70CSVAR4O6WCWBMGWB0" 4605
"D:/FYP_UE/FYP/Content/__ExternalActors__/ThirdPerson/Lvl_ThirdPerson/E/UW/TVM70CSVAR4O6WCWBMGWB0.uasset" 4606
"/Game/__ExternalActors__/ThirdPerson/Lvl_ThirdPerson/F/20/ZC36YJJ3SCY6XWCU5Z4KOQ" 4607
"D:/FYP_UE/FYP/Content/__ExternalActors__/ThirdPerson/Lvl_ThirdPerson/F/20/ZC36YJJ3SCY6XWCU5Z4KOQ.uasset" 4608
"/Game/__ExternalActors__/ThirdPerson/Lvl_ThirdPerson/F/4G/TYFCMQ9MC435YW6FZBF5FS" 4609
"D:/FYP_UE/FYP/Content/__ExternalActors__/ThirdPerson/Lvl_ThirdPerson/F/4G/TYFCMQ9MC435YW6FZBF5FS.uasset" 4610
"/Engine/EditorResources/EmptyActor" 4611
"../../../Engine/Content/EditorResources/EmptyActor.uasset" 4612
"/Engine/Functions/Engine_MaterialFunctions01/Volumetrics/BeersLaw" 4613
"/Game/Bandit/Mesh/BanditUnreal" 4614
"/InterchangeAssets/gltf/MaterialInstances/MI_SpecularGlossiness_Blend_DS" 4615
"/InterchangeAssets/gltf/MaterialInstances/MI_SpecularGlossiness_Mask_DS" 4616
"/InterchangeAssets/gltf/MaterialInstances/MI_SpecularGlossiness_Opaque_DS" 4617
"/InterchangeAssets/gltf/MaterialInstances/MI_SpecularGlossiness_Blend" 4618
"/InterchangeAssets/gltf/MaterialInstances/MI_SpecularGlossiness_Mask" 4619
"/InterchangeAssets/gltf/MaterialInstances/MI_SpecularGlossiness_Opaque" 4620
"/InterchangeAssets/gltf/MaterialInstances/MI_Transmission_DS" 4621
"/InterchangeAssets/gltf/MaterialInstances/MI_Transmission" 4622
"/InterchangeAssets/gltf/MaterialInstances/MI_Sheen_Blend_DS" 4623
"../../../Engine/Content/Functions/Substrate/MF_SchlickInternal.uasset" 4624
"D:/FYP_UE/FYP/Content/Modern_Insurgent_7/Materials/Shoe_Materials/MI_Shoes_Green.uasset" 4625
"../../../Engine/Plugins/Interchange/Assets/Content/gltf/MaterialInstances/MI_Unlit_Opaque.uasset" 4626
"../../../Engine/Plugins/Interchange/Assets/Content/gltf/MaterialInstances/MI_Unlit_Blend_DS.uasset" 4627
"../../../Engine/Plugins/Interchange/Assets/Content/gltf/MaterialInstances/MI_Unlit_Mask.uasset" 4628
"../../../Engine/Plugins/Interchange/Assets/Content/gltf/MaterialInstances/MI_Unlit_Blend.uasset" 4629
"D:/FYP_UE/FYP/Content/Modern_Insurgent_7/Textures/PantsMilitary_Textures/T_PantsMilitary_Camo6_BC.uasset" 4630
"../../../Engine/Plugins/Interchange/Assets/Content/Functions/MX_OpenPBR_Opaque.uasset" 4631
"../../../Engine/Plugins/Interchange/Assets/Content/gltf/MaterialInstances/MI_Unlit_Mask_DS.uasset" 4632
"../../../Engine/Plugins/Interchange/Assets/Content/gltf/MaterialInstances/MI_Unlit_Opaque_DS.uasset" 4633
"../../../Engine/Plugins/Interchange/Assets/Content/gltf/M_Unlit.uasset" 4634
"../../../Engine/Plugins/Interchange/Assets/Content/gltf/MaterialBodies/MF_Unlit_Body.uasset" 4635
"../../../Engine/Plugins/Interchange/Assets/Content/Functions/MX_TransmissionSurface.uasset" 4636
"D:/FYP_UE/FYP/Content/Modern_Insurgent_7/Textures/Shoes_Textures/T_Shoes_Green_BC.uasset" 4637
"../../../Engine/Plugins/Interchange/Assets/Content/Functions/MX_StandardSurface.uasset" 4638
"../../../Engine/Plugins/Interchange/Assets/Content/Functions/MX_Transmission.uasset" 4639
"../../../Engine/Plugins/Interchange/Assets/Content/Functions/MF_OrenNayerView.uasset" 4640
"D:/FYP_UE/FYP/Content/Modern_Insurgent_7/Materials/PantsMilitary_Materials/MI_PantsMilitary_Camo6.uasset" 4641
"../../../Engine/Plugins/Interchange/Assets/Content/Functions/MX_OpenPBR_Translucent.uasset" 4642
"D:/FYP_UE/FYP/Content/Modern_Insurgent_7/Materials/ArmorSmall_Materials/MI_ArmorSmall_Tan.uasset" 4643
"../../../Engine/Plugins/Animation/ControlRig/Content/Controls/ControlRig_Arrow4_1mm.uasset" 4644
"../../../Engine/Plugins/Animation/ControlRig/Content/Controls/ControlRig_Sphere_solid.uasset" 4645
"../../../Engine/Plugins/Animation/ControlRig/Content/Controls/ControlRig_Arrow2_solid.uasset" 4646
"../../../Engine/Plugins/Animation/ControlRig/Content/Controls/ControlRig_Arrow4_3mm.uasset" 4647
"../../../Engine/Plugins/Animation/ControlRig/Content/Controls/ControlRig_Arrow2_1mm.uasset" 4648
"../../../Engine/Plugins/Animation/ControlRig/Content/Controls/ControlRig_Arrow_1mm.uasset" 4649
"../../../Engine/Plugins/Animation/ControlRig/Content/Controls/ControlRig_Arrow_solid.uasset" 4650
"../../../Engine/Plugins/Animation/ControlRig/Content/Controls/ControlRig_Arrow_3mm.uasset" 4651
"../../../Engine/Plugins/Animation/ControlRig/Content/Controls/ControlRig_Arrow2_3mm.uasset" 4652
"../../../Engine/Plugins/Animation/ControlRig/Content/Controls/ControlRig_Arrow4_solid.uasset" 4653
"D:/FYP_UE/FYP/Content/Modern_Insurgent_7/Mesh/SK_Insurgent_P7.uasset" 4654
"D:/FYP_UE/FYP/Content/Modern_Insurgent_7/Textures/SmallArmor_Textures/T_ArmorSmall_Tan_BC.uasset" 4655
"/ControlRig/Controls/ControlRig_Arrow_solid" 4656
"/ControlRig/Controls/ControlRig_Arrow_3mm" 4657
"/ControlRig/Controls/ControlRig_Arrow_1mm" 4658
"/ControlRig/Controls/ControlRig_Arrow4_solid" 4659
"/ControlRig/Controls/ControlRig_Arrow4_3mm" 4660
"/ControlRig/Controls/ControlRig_Arrow4_1mm" 4661
"/ControlRig/Controls/ControlRig_Arrow2_solid" 4662
"/ControlRig/Controls/ControlRig_Arrow2_3mm" 4663
"/ControlRig/Controls/ControlRig_Arrow2_1mm" 4664
"/ControlRig/Controls/ControlRig_Sphere_solid" 4665
"/InterchangeAssets/Functions/MX_OpenPBR_Opaque" 4666
"/Game/Modern_Insurgent_7/Mesh/SK_Insurgent_P7" 4667
"/InterchangeAssets/gltf/MaterialInstances/MI_Unlit_Blend_DS" 4668
"/InterchangeAssets/gltf/MaterialInstances/MI_Unlit_Mask_DS" 4669
"/InterchangeAssets/gltf/MaterialInstances/MI_Unlit_Opaque_DS" 4670
"/InterchangeAssets/gltf/MaterialInstances/MI_Unlit_Blend" 4671
"/InterchangeAssets/gltf/MaterialInstances/MI_Unlit_Mask" 4672
"/InterchangeAssets/gltf/MaterialInstances/MI_Unlit_Opaque" 4673
"/InterchangeAssets/Functions/MX_OpenPBR_Translucent" 4674
"../../../Engine/Plugins/Animation/ControlRig/Content/Controls/ControlRig_Diamond_1mm.uasset" 4675
"../../../Engine/Plugins/Animation/ControlRig/Content/Controls/ControlRig_Circle_solid.uasset" 4676
"../../../Engine/Plugins/Animation/ControlRig/Content/Controls/ControlRig_Circle_1mm.uasset" 4677
"../../../Engine/Plugins/Animation/ControlRig/Content/Controls/ControlRig_Box_3mm.uasset" 4678
"../../../Engine/Plugins/Animation/ControlRig/Content/Controls/ControlRig_Circle_3mm.uasset" 4679
"../../../Engine/Plugins/Animation/ControlRig/Content/Controls/ControlRig_Box_solid.uasset" 4680
"../../../Engine/Plugins/Animation/ControlRig/Content/Controls/ControlRig_Diamond_solid.uasset" 4681
"../../../Engine/Plugins/Animation/ControlRig/Content/Controls/ControlRig_Box_1mm.uasset" 4682
"../../../Engine/Plugins/Animation/ControlRig/Content/Controls/ControlRig_Diamond_3mm.uasset" 4683
"/ControlRig/Controls/ControlRig_Diamond_solid" 4684
"/ControlRig/Controls/ControlRig_Diamond_3mm" 4685
"/ControlRig/Controls/ControlRig_Diamond_1mm" 4686
"/ControlRig/Controls/ControlRig_Circle_solid" 4687
"/ControlRig/Controls/ControlRig_Circle_3mm" 4688
"/ControlRig/Controls/ControlRig_Circle_1mm" 4689
"/ControlRig/Controls/ControlRig_Box_solid" 4690
"/ControlRig/Controls/ControlRig_Box_3mm" 4691
"/ControlRig/Controls/ControlRig_Box_1mm" 4692
"../../../Engine/Plugins/Animation/ControlRig/Content/Controls/ControlRig_Hexagon_1mm.uasset" 4693
"../../../Engine/Plugins/Animation/ControlRig/Content/Controls/ControlRig_HalfCircle_3mm.uasset" 4694
"../../../Engine/Plugins/Animation/ControlRig/Content/Controls/ControlRig_Octagon_solid.uasset" 4695
"../../../Engine/Plugins/Animation/ControlRig/Content/Controls/ControlRig_HalfCircle_solid.uasset" 4696
"../../../Engine/Plugins/Animation/ControlRig/Content/Controls/ControlRig_Octagon_1mm.uasset" 4697
"../../../Engine/Plugins/Animation/ControlRig/Content/Controls/ControlRig_HalfCircle_1mm.uasset" 4698
"../../../Engine/Plugins/Animation/ControlRig/Content/Controls/ControlRig_Octagon_3mm.uasset" 4699
"../../../Engine/Plugins/Animation/ControlRig/Content/Controls/ControlRig_Hexagon_solid.uasset" 4700
"../../../Engine/Plugins/Animation/ControlRig/Content/Controls/ControlRig_Pyramid_1mm.uasset" 4701
"../../../Engine/Plugins/Animation/ControlRig/Content/Controls/ControlRig_Hexagon_3mm.uasset" 4702
"/ControlRig/Controls/ControlRig_Pyramid_1mm" 4703
"/ControlRig/Controls/ControlRig_Octagon_solid" 4704
"/ControlRig/Controls/ControlRig_Octagon_3mm" 4705
"/ControlRig/Controls/ControlRig_Octagon_1mm" 4706
"/ControlRig/Controls/ControlRig_Hexagon_solid" 4707
"/ControlRig/Controls/ControlRig_Hexagon_3mm" 4708
"/ControlRig/Controls/ControlRig_Hexagon_1mm" 4709
"/ControlRig/Controls/ControlRig_HalfCircle_solid" 4710
"/ControlRig/Controls/ControlRig_HalfCircle_3mm" 4711
"/ControlRig/Controls/ControlRig_HalfCircle_1mm" 4712
"../../../Engine/Plugins/Animation/ControlRig/Content/Controls/ControlRig_Star4_solid.uasset" 4713
"../../../Engine/Plugins/Animation/ControlRig/Content/Controls/ControlRig_Wedge_1mm.uasset" 4714
"../../../Engine/Plugins/Animation/ControlRig/Content/Controls/ControlRig_Wedge_3mm.uasset" 4715
"../../../Engine/Plugins/Animation/ControlRig/Content/Controls/ControlRig_RoundedTriangle_solid.uasset" 4716
"../../../Engine/Plugins/Animation/ControlRig/Content/Controls/ControlRig_RoundedSquare_1mm.uasset" 4717
"../../../Engine/Content/Maps/Entry.umap" 4718
"../../../Engine/Plugins/Animation/ControlRig/Content/Controls/ControlRig_Triangle_solid.uasset" 4719
"../../../Engine/Plugins/Animation/ControlRig/Content/Controls/ControlRig_Star4_1mm.uasset" 4720
"../../../Engine/Plugins/Animation/ControlRig/Content/Controls/ControlRig_Triangle_1mm.uasset" 4721
"../../../Engine/Plugins/Animation/ControlRig/Content/Controls/ControlRig_RoundedTriangle_1mm.uasset" 4722
"../../../Engine/Plugins/Animation/ControlRig/Content/Controls/ControlRig_Star4_3mm.uasset" 4723
"../../../Engine/Plugins/Animation/ControlRig/Content/Controls/ControlRig_Triangle_3mm.uasset" 4724
"../../../Engine/Plugins/Animation/ControlRig/Content/Controls/ControlRig_Sphere_1mm.uasset" 4725
"../../../Engine/Plugins/Animation/ControlRig/Content/Controls/ControlRig_QuarterCircle_solid.uasset" 4726
"../../../Engine/Plugins/Animation/ControlRig/Content/Controls/ControlRig_Square_1mm.uasset" 4727
"../../../Engine/Plugins/Animation/ControlRig/Content/Controls/ControlRig_Square_3mm.uasset" 4728
"../../../Engine/Content/Maps/Entry_BuiltData.uasset" 4729
"../../../Engine/Plugins/Animation/ControlRig/Content/Controls/ControlRig_Wedge_solid.uasset" 4730
"../../../Engine/Plugins/Animation/ControlRig/Content/Controls/ControlRig_QuarterCircle_1mm.uasset" 4731
"../../../Engine/Plugins/Animation/ControlRig/Content/Controls/ControlRig_Pyramid_solid.uasset" 4732
"../../../Engine/Plugins/Animation/ControlRig/Content/Controls/ControlRig_Square_solid.uasset" 4733
"../../../Engine/Plugins/Animation/ControlRig/Content/Controls/ControlRig_Pyramid_3mm.uasset" 4734
"../../../Engine/Plugins/Animation/ControlRig/Content/Controls/ControlRig_RoundedTriangle_3mm.uasset" 4735
"../../../Engine/Plugins/Animation/ControlRig/Content/Controls/ControlRig_RoundedSquare_solid.uasset" 4736
"../../../Engine/Plugins/Animation/ControlRig/Content/Controls/ControlRig_Sphere_3mm.uasset" 4737
"/Engine/Maps/Entry" 4738
"/ControlRig/Controls/ControlRig_Wedge_solid" 4739
"/ControlRig/Controls/ControlRig_Wedge_3mm" 4740
"/ControlRig/Controls/ControlRig_Wedge_1mm" 4741
"/ControlRig/Controls/ControlRig_Triangle_solid" 4742
"/ControlRig/Controls/ControlRig_Triangle_3mm" 4743
"/ControlRig/Controls/ControlRig_Triangle_1mm" 4744
"/ControlRig/Controls/ControlRig_Star4_solid" 4745
"/ControlRig/Controls/ControlRig_Star4_3mm" 4746
"/ControlRig/Controls/ControlRig_Star4_1mm" 4747
"/ControlRig/Controls/ControlRig_Square_solid" 4748
"/ControlRig/Controls/ControlRig_Square_3mm" 4749
"/ControlRig/Controls/ControlRig_Square_1mm" 4750
"/ControlRig/Controls/ControlRig_Sphere_3mm" 4751
"/ControlRig/Controls/ControlRig_Sphere_1mm" 4752
"/ControlRig/Controls/ControlRig_RoundedTriangle_solid" 4753
"../../../Engine/Plugins/Animation/ControlRig/Content/Controls/ControlRig_QuarterCircle_3mm.uasset" 4754
"../../../Engine/Plugins/Animation/ControlRig/Content/Controls/ControlRig_RoundedSquare_3mm.uasset" 4755
"/ControlRig/Controls/ControlRig_RoundedTriangle_3mm" 4756
"/ControlRig/Controls/ControlRig_RoundedTriangle_1mm" 4757
"/ControlRig/Controls/ControlRig_RoundedSquare_solid" 4758
"/ControlRig/Controls/ControlRig_RoundedSquare_1mm" 4759
"/ControlRig/Controls/ControlRig_QuarterCircle_solid" 4760
"/ControlRig/Controls/ControlRig_QuarterCircle_1mm" 4761
"/ControlRig/Controls/ControlRig_Pyramid_solid" 4762
"/ControlRig/Controls/ControlRig_Pyramid_3mm" 4763
"/ControlRig/Controls/ControlRig_RoundedSquare_3mm" 4764
"/ControlRig/Controls/ControlRig_QuarterCircle_3mm" 4765
"../../../Engine/Content/EditorMaterials/PreviewShadowIndicatorMaterial.uasset" 4766
"../../../Engine/Content/EngineMaterials/Substrate/GLints/dict_16_192_64_0p5_0p02_0000_0011.uasset" 4767
"../../../Engine/Content/EngineMaterials/Substrate/GLints/dict_16_192_64_0p5_0p02_0000_0007.uasset" 4768
"../../../Engine/Content/EngineMaterials/Substrate/GLints/dict_16_192_64_0p5_0p02_0001_0003.uasset" 4769
"../../../Engine/Content/EngineMaterials/Substrate/GLints/dict_16_192_64_0p5_0p02_0000_0012.uasset" 4770
"../../../Engine/Content/EngineMaterials/Substrate/GLints/dict_16_192_64_0p5_0p02_0000_0009.uasset" 4771
"../../../Engine/Content/EngineMaterials/Substrate/GLints/dict_16_192_64_0p5_0p02_0001_0004.uasset" 4772
"../../../Engine/Content/EngineMaterials/Substrate/GLints/dict_16_192_64_0p5_0p02_0000_0003.uasset" 4773
"../../../Engine/Content/EngineMaterials/Substrate/GLints/dict_16_192_64_0p5_0p02_0000_0014.uasset" 4774
"../../../Engine/Content/EngineMaterials/Substrate/GLints/dict_16_192_64_0p5_0p02_0000_0004.uasset" 4775
"../../../Engine/Content/EngineMaterials/Substrate/GLints/dict_16_192_64_0p5_0p02_0000_0002.uasset" 4776
"../../../Engine/Content/EngineMaterials/Substrate/GLints/dict_16_192_64_0p5_0p02_0000_0013.uasset" 4777
"../../../Engine/Content/EngineMaterials/Substrate/GLints/dict_16_192_64_0p5_0p02_0000_0000.uasset" 4778
"../../../Engine/Content/EngineMaterials/Substrate/GLints/dict_16_192_64_0p5_0p02_0000_0006.uasset" 4779
"../../../Engine/Content/EngineMaterials/Substrate/GLints/dict_16_192_64_0p5_0p02_0001_0002.uasset" 4780
"../../../Engine/Content/EngineMaterials/Substrate/GLints/dict_16_192_64_0p5_0p02_0001_0000.uasset" 4781
"../../../Engine/Content/EngineMaterials/Substrate/GLints/dict_16_192_64_0p5_0p02_0001_0007.uasset" 4782
"../../../Engine/Content/EngineMaterials/Substrate/GLints/dict_16_192_64_0p5_0p02_0001_0012.uasset" 4783
"../../../Engine/Content/EngineMaterials/Substrate/GLints/dict_16_192_64_0p5_0p02_0001_0008.uasset" 4784
"../../../Engine/Content/EngineMaterials/Substrate/GLints/dict_16_192_64_0p5_0p02_0000_0015.uasset" 4785
"../../../Engine/Content/EngineMaterials/Substrate/GLints/dict_16_192_64_0p5_0p02_0001_0010.uasset" 4786
"../../../Engine/Content/EngineMaterials/Substrate/GLints/dict_16_192_64_0p5_0p02_0001_0009.uasset" 4787
"../../../Engine/Content/EngineMaterials/Substrate/GLints/dict_16_192_64_0p5_0p02_0001_0013.uasset" 4788
"../../../Engine/Content/EngineMaterials/Substrate/GLints/dict_16_192_64_0p5_0p02_0001_0005.uasset" 4789
"../../../Engine/Content/EngineMaterials/Substrate/GLints/dict_16_192_64_0p5_0p02_0000_0008.uasset" 4790
"../../../Engine/Content/EngineMaterials/Substrate/GLints/dict_16_192_64_0p5_0p02_0000_0001.uasset" 4791
"../../../Engine/Content/EditorMaterials/PreviewShadowIndicator.uasset" 4792
"../../../Engine/Content/EngineMaterials/Substrate/GLints/dict_16_192_64_0p5_0p02_0000_0005.uasset" 4793
"../../../Engine/Content/EngineMaterials/Substrate/GLints/dict_16_192_64_0p5_0p02_0000_0010.uasset" 4794
"../../../Engine/Content/EngineMaterials/Substrate/GLints/dict_16_192_64_0p5_0p02_0001_0011.uasset" 4795
"../../../Engine/Content/EngineMaterials/Substrate/GLints/dict_16_192_64_0p5_0p02_0001_0001.uasset" 4796
"../../../Engine/Content/EngineMaterials/Substrate/GLints/dict_16_192_64_0p5_0p02_0001_0006.uasset" 4797
"/Engine/EngineMaterials/Substrate/GLints/dict_16_192_64_0p5_0p02_0001_0013" 4798
"/Engine/EngineMaterials/Substrate/GLints/dict_16_192_64_0p5_0p02_0001_0012" 4799
"/Engine/EngineMaterials/Substrate/GLints/dict_16_192_64_0p5_0p02_0001_0011" 4800
"/Engine/EngineMaterials/Substrate/GLints/dict_16_192_64_0p5_0p02_0001_0010" 4801
"/Engine/EngineMaterials/Substrate/GLints/dict_16_192_64_0p5_0p02_0001_0009" 4802
"/Engine/EngineMaterials/Substrate/GLints/dict_16_192_64_0p5_0p02_0001_0008" 4803
"/Engine/EngineMaterials/Substrate/GLints/dict_16_192_64_0p5_0p02_0001_0007" 4804
"/Engine/EngineMaterials/Substrate/GLints/dict_16_192_64_0p5_0p02_0001_0006" 4805
"/Engine/EngineMaterials/Substrate/GLints/dict_16_192_64_0p5_0p02_0001_0005" 4806
"/Engine/EngineMaterials/Substrate/GLints/dict_16_192_64_0p5_0p02_0001_0004" 4807
"/Engine/EngineMaterials/Substrate/GLints/dict_16_192_64_0p5_0p02_0001_0003" 4808
"/Engine/EngineMaterials/Substrate/GLints/dict_16_192_64_0p5_0p02_0001_0002" 4809
"/Engine/EngineMaterials/Substrate/GLints/dict_16_192_64_0p5_0p02_0001_0001" 4810
"/Engine/EngineMaterials/Substrate/GLints/dict_16_192_64_0p5_0p02_0001_0000" 4811
"/Engine/EngineMaterials/Substrate/GLints/dict_16_192_64_0p5_0p02_0000_0015" 4812
"/Engine/EngineMaterials/Substrate/GLints/dict_16_192_64_0p5_0p02_0000_0014" 4813
"/Engine/EngineMaterials/Substrate/GLints/dict_16_192_64_0p5_0p02_0000_0013" 4814
"/Engine/EngineMaterials/Substrate/GLints/dict_16_192_64_0p5_0p02_0000_0012" 4815
"/Engine/EngineMaterials/Substrate/GLints/dict_16_192_64_0p5_0p02_0000_0011" 4816
"/Engine/EngineMaterials/Substrate/GLints/dict_16_192_64_0p5_0p02_0000_0010" 4817
"/Engine/EngineMaterials/Substrate/GLints/dict_16_192_64_0p5_0p02_0000_0009" 4818
"/Engine/EngineMaterials/Substrate/GLints/dict_16_192_64_0p5_0p02_0000_0008" 4819
"/Engine/EngineMaterials/Substrate/GLints/dict_16_192_64_0p5_0p02_0000_0007" 4820
"/Engine/EngineMaterials/Substrate/GLints/dict_16_192_64_0p5_0p02_0000_0006" 4821
"/Engine/EngineMaterials/Substrate/GLints/dict_16_192_64_0p5_0p02_0000_0005" 4822
"/Engine/EditorMaterials/PreviewShadowIndicatorMaterial" 4823
"/Engine/EngineMaterials/Substrate/GLints/dict_16_192_64_0p5_0p02_0000_0004" 4824
"/Engine/EngineMaterials/Substrate/GLints/dict_16_192_64_0p5_0p02_0000_0003" 4825
"/Engine/EngineMaterials/Substrate/GLints/dict_16_192_64_0p5_0p02_0000_0002" 4826
"/Engine/EngineMaterials/Substrate/GLints/dict_16_192_64_0p5_0p02_0000_0001" 4827
"/Engine/EngineMaterials/Substrate/GLints/dict_16_192_64_0p5_0p02_0000_0000" 4828
"../../../Engine/Content/EngineMaterials/Substrate/GLints/dict_16_192_64_0p5_0p02_0002_0015.uasset" 4829
"../../../Engine/Content/EngineMaterials/Substrate/GLints/dict_16_192_64_0p5_0p02_0002_0008.uasset" 4830
"../../../Engine/Content/EngineMaterials/Substrate/GLints/dict_16_192_64_0p5_0p02_0002_0014.uasset" 4831
"../../../Engine/Content/EngineMaterials/Substrate/GLints/dict_16_192_64_0p5_0p02_0002_0011.uasset" 4832
"../../../Engine/Content/EngineMaterials/Substrate/GLints/dict_16_192_64_0p5_0p02_0001_0014.uasset" 4833
"../../../Engine/Content/EngineMaterials/Substrate/GLints/dict_16_192_64_0p5_0p02_0001_0015.uasset" 4834
"../../../Engine/Content/EngineMaterials/Substrate/GLints/dict_16_192_64_0p5_0p02_0002_0010.uasset" 4835
"../../../Engine/Content/EngineMaterials/Substrate/GLints/dict_16_192_64_0p5_0p02_0002_0006.uasset" 4836
"../../../Engine/Content/EngineMaterials/Substrate/GLints/dict_16_192_64_0p5_0p02_0002_0004.uasset" 4837
"../../../Engine/Content/EngineMaterials/Substrate/GLints/dict_16_192_64_0p5_0p02_0002_0009.uasset" 4838
"../../../Engine/Content/EngineMaterials/Substrate/GLints/dict_16_192_64_0p5_0p02_0003_0000.uasset" 4839
"../../../Engine/Content/EngineMaterials/Substrate/GLints/dict_16_192_64_0p5_0p02_0002_0000.uasset" 4840
"../../../Engine/Content/EngineMaterials/Substrate/GLints/dict_16_192_64_0p5_0p02_0002_0012.uasset" 4841
"../../../Engine/Content/EngineMaterials/Substrate/GLints/dict_16_192_64_0p5_0p02_0003_0001.uasset" 4842
"../../../Engine/Content/EngineMaterials/Substrate/GLints/dict_16_192_64_0p5_0p02_0003_0003.uasset" 4843
"../../../Engine/Content/EngineMaterials/Substrate/GLints/dict_16_192_64_0p5_0p02_0003_0002.uasset" 4844
"../../../Engine/Content/EngineMaterials/Substrate/GLints/dict_16_192_64_0p5_0p02_0003_0004.uasset" 4845
"../../../Engine/Content/EngineMaterials/Substrate/GLints/dict_16_192_64_0p5_0p02_0002_0007.uasset" 4846
"../../../Engine/Content/EngineMaterials/Substrate/GLints/dict_16_192_64_0p5_0p02_0003_0006.uasset" 4847
"../../../Engine/Content/EngineMaterials/Substrate/GLints/dict_16_192_64_0p5_0p02_0003_0010.uasset" 4848
"../../../Engine/Content/EngineMaterials/Substrate/GLints/dict_16_192_64_0p5_0p02_0003_0007.uasset" 4849
"../../../Engine/Content/EngineMaterials/Substrate/GLints/dict_16_192_64_0p5_0p02_0002_0002.uasset" 4850
"../../../Engine/Content/EngineMaterials/Substrate/GLints/dict_16_192_64_0p5_0p02_0003_0012.uasset" 4851
"../../../Engine/Content/EngineMaterials/Substrate/GLints/dict_16_192_64_0p5_0p02_0003_0013.uasset" 4852
"../../../Engine/Content/EngineMaterials/Substrate/GLints/dict_16_192_64_0p5_0p02_0003_0009.uasset" 4853
"../../../Engine/Content/EngineMaterials/Substrate/GLints/dict_16_192_64_0p5_0p02_0003_0011.uasset" 4854
"../../../Engine/Content/EngineMaterials/Substrate/GLints/dict_16_192_64_0p5_0p02_0003_0008.uasset" 4855
"../../../Engine/Content/EngineMaterials/Substrate/GLints/dict_16_192_64_0p5_0p02_0003_0005.uasset" 4856
"../../../Engine/Content/EngineMaterials/Substrate/GLints/dict_16_192_64_0p5_0p02_0002_0001.uasset" 4857
"../../../Engine/Content/EngineMaterials/Substrate/GLints/dict_16_192_64_0p5_0p02_0002_0005.uasset" 4858
"../../../Engine/Content/EngineMaterials/Substrate/GLints/dict_16_192_64_0p5_0p02_0002_0003.uasset" 4859
"../../../Engine/Content/EngineMaterials/Substrate/GLints/dict_16_192_64_0p5_0p02_0002_0013.uasset" 4860
"../../../Engine/Plugins/Animation/DeformerGraph/Shaders/Private/DataInterfaceCustomComputeKernel.ush" 4861
"../../../Engine/Plugins/Animation/DeformerGraph/Shaders/Private/DataInterfaceCloth.ush" 4862
"../../../Engine/Plugins/Animation/DeformerGraph/Shaders/Private/DataInterfaceSkinnedMeshRead.ush" 4863
"../../../Engine/Plugins/Animation/DeformerGraph/Shaders/Private/DataInterfaceSkeleton.ush" 4864
"../../../Engine/Plugins/Animation/DeformerGraph/Shaders/Private/DataInterfaceSkeletonCommon.ush" 4865
"../../../Engine/Plugins/Animation/DeformerGraph/Shaders/Private/DataInterfaceMorphTarget.ush" 4866
"../../../Engine/Plugins/Animation/DeformerGraph/Shaders/Private/DataInterfaceSkinnedMeshWrite.ush" 4867
"../../../Engine/Plugins/Animation/DeformerGraph/Shaders/Private/DataInterfaceRawBuffer.ush" 4868
"../../../Engine/Plugins/Runtime/ComputeFramework/Shaders/Private/BufferAlias.ush" 4869
"../../../Engine/Plugins/Animation/DeformerGraph/Shaders/Private/DataInterfaceSkinnedMesh.ush" 4870
"../../../Engine/Plugins/Animation/DeformerGraph/Shaders/Private/DataInterfaceHalfEdge.ush" 4871
"/Engine/EngineMaterials/Substrate/GLints/dict_16_192_64_0p5_0p02_0003_0013" 4872
"/Engine/EngineMaterials/Substrate/GLints/dict_16_192_64_0p5_0p02_0003_0012" 4873
"/Engine/EngineMaterials/Substrate/GLints/dict_16_192_64_0p5_0p02_0003_0011" 4874
"/Engine/EngineMaterials/Substrate/GLints/dict_16_192_64_0p5_0p02_0003_0010" 4875
"/Engine/EngineMaterials/Substrate/GLints/dict_16_192_64_0p5_0p02_0003_0009" 4876
"/Engine/EngineMaterials/Substrate/GLints/dict_16_192_64_0p5_0p02_0003_0008" 4877
"/Engine/EngineMaterials/Substrate/GLints/dict_16_192_64_0p5_0p02_0003_0007" 4878
"/Engine/EngineMaterials/Substrate/GLints/dict_16_192_64_0p5_0p02_0003_0006" 4879
"/Engine/EngineMaterials/Substrate/GLints/dict_16_192_64_0p5_0p02_0003_0005" 4880
"/Engine/EngineMaterials/Substrate/GLints/dict_16_192_64_0p5_0p02_0003_0004" 4881
"/Engine/EngineMaterials/Substrate/GLints/dict_16_192_64_0p5_0p02_0003_0003" 4882
"/Engine/EngineMaterials/Substrate/GLints/dict_16_192_64_0p5_0p02_0003_0002" 4883
"/Engine/EngineMaterials/Substrate/GLints/dict_16_192_64_0p5_0p02_0003_0001" 4884
"/Engine/EngineMaterials/Substrate/GLints/dict_16_192_64_0p5_0p02_0003_0000" 4885
"/Engine/EngineMaterials/Substrate/GLints/dict_16_192_64_0p5_0p02_0002_0015" 4886
"/Engine/EngineMaterials/Substrate/GLints/dict_16_192_64_0p5_0p02_0002_0014" 4887
"/Engine/EngineMaterials/Substrate/GLints/dict_16_192_64_0p5_0p02_0002_0013" 4888
"/Engine/EngineMaterials/Substrate/GLints/dict_16_192_64_0p5_0p02_0002_0012" 4889
"/Engine/EngineMaterials/Substrate/GLints/dict_16_192_64_0p5_0p02_0002_0011" 4890
"/Engine/EngineMaterials/Substrate/GLints/dict_16_192_64_0p5_0p02_0002_0010" 4891
"/Engine/EngineMaterials/Substrate/GLints/dict_16_192_64_0p5_0p02_0002_0009" 4892
"/Engine/EngineMaterials/Substrate/GLints/dict_16_192_64_0p5_0p02_0002_0008" 4893
"/Engine/EngineMaterials/Substrate/GLints/dict_16_192_64_0p5_0p02_0002_0007" 4894
"/Engine/EngineMaterials/Substrate/GLints/dict_16_192_64_0p5_0p02_0002_0006" 4895
"/Engine/EngineMaterials/Substrate/GLints/dict_16_192_64_0p5_0p02_0002_0005" 4896
"/Engine/EngineMaterials/Substrate/GLints/dict_16_192_64_0p5_0p02_0002_0004" 4897
"/Engine/EngineMaterials/Substrate/GLints/dict_16_192_64_0p5_0p02_0002_0003" 4898
"/Engine/EngineMaterials/Substrate/GLints/dict_16_192_64_0p5_0p02_0002_0002" 4899
"/Engine/EngineMaterials/Substrate/GLints/dict_16_192_64_0p5_0p02_0002_0001" 4900
"/Engine/EngineMaterials/Substrate/GLints/dict_16_192_64_0p5_0p02_0002_0000" 4901
"/Engine/EngineMaterials/Substrate/GLints/dict_16_192_64_0p5_0p02_0001_0015" 4902
"/Engine/EngineMaterials/Substrate/GLints/dict_16_192_64_0p5_0p02_0001_0014" 4903
"../../../Engine/Content/EngineMaterials/Substrate/GLints/dict_16_192_64_0p5_0p02_0004_0001.uasset" 4904
"../../../Engine/Content/EngineMaterials/Substrate/GLints/dict_16_192_64_0p5_0p02_0004_0008.uasset" 4905
"../../../Engine/Content/EngineMaterials/Substrate/GLints/dict_16_192_64_0p5_0p02_0004_0011.uasset" 4906
"../../../Engine/Content/EngineMaterials/Substrate/GLints/dict_16_192_64_0p5_0p02_0004_0005.uasset" 4907
"../../../Engine/Content/EngineMaterials/Substrate/GLints/dict_16_192_64_0p5_0p02_0005_0003.uasset" 4908
"../../../Engine/Content/EngineMaterials/Substrate/GLints/dict_16_192_64_0p5_0p02_0005_0002.uasset" 4909
"../../../Engine/Content/EngineMaterials/Substrate/GLints/dict_16_192_64_0p5_0p02_0003_0015.uasset" 4910
"../../../Engine/Content/EngineMaterials/Substrate/GLints/dict_16_192_64_0p5_0p02_0005_0001.uasset" 4911
"../../../Engine/Content/EngineMaterials/Substrate/GLints/dict_16_192_64_0p5_0p02_0004_0015.uasset" 4912
"../../../Engine/Content/EngineMaterials/Substrate/GLints/dict_16_192_64_0p5_0p02_0004_0012.uasset" 4913
"../../../Engine/Content/EngineMaterials/Substrate/GLints/dict_16_192_64_0p5_0p02_0004_0006.uasset" 4914
"../../../Engine/Content/EngineMaterials/Substrate/GLints/dict_16_192_64_0p5_0p02_0004_0000.uasset" 4915
"../../../Engine/Content/EngineMaterials/Substrate/GLints/dict_16_192_64_0p5_0p02_0004_0003.uasset" 4916
"../../../Engine/Content/EngineMaterials/Substrate/GLints/dict_16_192_64_0p5_0p02_0004_0009.uasset" 4917
"../../../Engine/Content/EngineMaterials/Substrate/GLints/dict_16_192_64_0p5_0p02_0004_0004.uasset" 4918
"../../../Engine/Content/EngineMaterials/Substrate/GLints/dict_16_192_64_0p5_0p02_0005_0000.uasset" 4919
"../../../Engine/Content/EngineMaterials/Substrate/GLints/dict_16_192_64_0p5_0p02_0003_0014.uasset" 4920
"../../../Engine/Content/EngineMaterials/Substrate/GLints/dict_16_192_64_0p5_0p02_0004_0013.uasset" 4921
"../../../Engine/Content/EngineMaterials/Substrate/GLints/dict_16_192_64_0p5_0p02_0005_0006.uasset" 4922
"../../../Engine/Content/EngineMaterials/Substrate/GLints/dict_16_192_64_0p5_0p02_0005_0004.uasset" 4923
"../../../Engine/Content/EngineMaterials/Substrate/GLints/dict_16_192_64_0p5_0p02_0005_0007.uasset" 4924
"../../../Engine/Content/EngineMaterials/Substrate/GLints/dict_16_192_64_0p5_0p02_0005_0005.uasset" 4925
"../../../Engine/Content/EngineMaterials/Substrate/GLints/dict_16_192_64_0p5_0p02_0005_0008.uasset" 4926
"../../../Engine/Content/EngineMaterials/Substrate/GLints/dict_16_192_64_0p5_0p02_0005_0009.uasset" 4927
"/Engine/EngineMaterials/Substrate/GLints/dict_16_192_64_0p5_0p02_0005_0009" 4928
"/Engine/EngineMaterials/Substrate/GLints/dict_16_192_64_0p5_0p02_0005_0008" 4929
"/Engine/EngineMaterials/Substrate/GLints/dict_16_192_64_0p5_0p02_0005_0007" 4930
"/Engine/EngineMaterials/Substrate/GLints/dict_16_192_64_0p5_0p02_0005_0006" 4931
"/Engine/EngineMaterials/Substrate/GLints/dict_16_192_64_0p5_0p02_0005_0005" 4932
"/Engine/EngineMaterials/Substrate/GLints/dict_16_192_64_0p5_0p02_0005_0004" 4933
"/Engine/EngineMaterials/Substrate/GLints/dict_16_192_64_0p5_0p02_0005_0003" 4934
"/Engine/EngineMaterials/Substrate/GLints/dict_16_192_64_0p5_0p02_0005_0002" 4935
"/Engine/EngineMaterials/Substrate/GLints/dict_16_192_64_0p5_0p02_0005_0001" 4936
"/Engine/EngineMaterials/Substrate/GLints/dict_16_192_64_0p5_0p02_0005_0000" 4937
"/Engine/EngineMaterials/Substrate/GLints/dict_16_192_64_0p5_0p02_0004_0015" 4938
"/Engine/EngineMaterials/Substrate/GLints/dict_16_192_64_0p5_0p02_0004_0013" 4939
"/Engine/EngineMaterials/Substrate/GLints/dict_16_192_64_0p5_0p02_0004_0012" 4940
"/Engine/EngineMaterials/Substrate/GLints/dict_16_192_64_0p5_0p02_0004_0011" 4941
"/Engine/EngineMaterials/Substrate/GLints/dict_16_192_64_0p5_0p02_0004_0009" 4942
"/Engine/EngineMaterials/Substrate/GLints/dict_16_192_64_0p5_0p02_0004_0008" 4943
"/Engine/EngineMaterials/Substrate/GLints/dict_16_192_64_0p5_0p02_0004_0006" 4944
"/Engine/EngineMaterials/Substrate/GLints/dict_16_192_64_0p5_0p02_0004_0005" 4945
"/Engine/EngineMaterials/Substrate/GLints/dict_16_192_64_0p5_0p02_0004_0004" 4946
"/Engine/EngineMaterials/Substrate/GLints/dict_16_192_64_0p5_0p02_0004_0003" 4947
"/Engine/EngineMaterials/Substrate/GLints/dict_16_192_64_0p5_0p02_0004_0001" 4948
"/Engine/EngineMaterials/Substrate/GLints/dict_16_192_64_0p5_0p02_0004_0000" 4949
"/Engine/EngineMaterials/Substrate/GLints/dict_16_192_64_0p5_0p02_0003_0015" 4950
"/Engine/EngineMaterials/Substrate/GLints/dict_16_192_64_0p5_0p02_0003_0014" 4951
"../../../Engine/Content/EngineMaterials/Substrate/GLints/dict_16_192_64_0p5_0p02_0005_0012.uasset" 4952
"../../../Engine/Content/EngineMaterials/Substrate/GLints/dict_16_192_64_0p5_0p02_0006_0006.uasset" 4953
"../../../Engine/Content/EngineMaterials/Substrate/GLints/dict_16_192_64_0p5_0p02_0006_0000.uasset" 4954
"../../../Engine/Content/EngineMaterials/Substrate/GLints/dict_16_192_64_0p5_0p02_0005_0015.uasset" 4955
"../../../Engine/Content/EngineMaterials/Substrate/GLints/dict_16_192_64_0p5_0p02_0006_0004.uasset" 4956
"../../../Engine/Content/EngineMaterials/Substrate/GLints/dict_16_192_64_0p5_0p02_0006_0001.uasset" 4957
"../../../Engine/Content/EngineMaterials/Substrate/GLints/dict_16_192_64_0p5_0p02_0006_0007.uasset" 4958
"../../../Engine/Content/EngineMaterials/Substrate/GLints/dict_16_192_64_0p5_0p02_0006_0010.uasset" 4959
"../../../Engine/Content/EngineMaterials/Substrate/GLints/dict_16_192_64_0p5_0p02_0006_0009.uasset" 4960
"../../../Engine/Content/EngineMaterials/Substrate/GLints/dict_16_192_64_0p5_0p02_0006_0002.uasset" 4961
"../../../Engine/Content/EngineMaterials/Substrate/GLints/dict_16_192_64_0p5_0p02_0006_0008.uasset" 4962
"../../../Engine/Content/EngineMaterials/Substrate/GLints/dict_16_192_64_0p5_0p02_0005_0014.uasset" 4963
"../../../Engine/Content/EngineMaterials/Substrate/GLints/dict_16_192_64_0p5_0p02_0006_0012.uasset" 4964
"../../../Engine/Content/EngineMaterials/Substrate/GLints/dict_16_192_64_0p5_0p02_0006_0013.uasset" 4965
"../../../Engine/Content/EngineMaterials/Substrate/GLints/dict_16_192_64_0p5_0p02_0006_0014.uasset" 4966
"../../../Engine/Content/EngineMaterials/Substrate/GLints/dict_16_192_64_0p5_0p02_0006_0015.uasset" 4967
"../../../Engine/Content/EngineMaterials/Substrate/GLints/dict_16_192_64_0p5_0p02_0007_0000.uasset" 4968
"../../../Engine/Content/EngineMaterials/Substrate/GLints/dict_16_192_64_0p5_0p02_0007_0003.uasset" 4969
"../../../Engine/Content/EngineMaterials/Substrate/GLints/dict_16_192_64_0p5_0p02_0007_0001.uasset" 4970
"../../../Engine/Content/EngineMaterials/Substrate/GLints/dict_16_192_64_0p5_0p02_0007_0005.uasset" 4971
"../../../Engine/Content/EngineMaterials/Substrate/GLints/dict_16_192_64_0p5_0p02_0004_0002.uasset" 4972
"../../../Engine/Content/EngineMaterials/Substrate/GLints/dict_16_192_64_0p5_0p02_0004_0010.uasset" 4973
"../../../Engine/Content/EngineMaterials/Substrate/GLints/dict_16_192_64_0p5_0p02_0004_0014.uasset" 4974
"../../../Engine/Content/EngineMaterials/Substrate/GLints/dict_16_192_64_0p5_0p02_0004_0007.uasset" 4975
"../../../Engine/Content/EngineMaterials/Substrate/GLints/dict_16_192_64_0p5_0p02_0007_0004.uasset" 4976
"../../../Engine/Content/EngineMaterials/Substrate/GLints/dict_16_192_64_0p5_0p02_0005_0010.uasset" 4977
"../../../Engine/Content/EngineMaterials/Substrate/GLints/dict_16_192_64_0p5_0p02_0005_0011.uasset" 4978
"/Engine/EngineMaterials/Substrate/GLints/dict_16_192_64_0p5_0p02_0005_0012" 4979
"../../../Engine/Content/EngineMaterials/Substrate/GLints/dict_16_192_64_0p5_0p02_0007_0006.uasset" 4980
"../../../Engine/Content/EngineMaterials/Substrate/GLints/dict_16_192_64_0p5_0p02_0006_0005.uasset" 4981
"/Engine/EngineMaterials/Substrate/GLints/dict_16_192_64_0p5_0p02_0005_0011" 4982
"../../../Engine/Content/EngineMaterials/Substrate/GLints/dict_16_192_64_0p5_0p02_0006_0011.uasset" 4983
"/Engine/EngineMaterials/Substrate/GLints/dict_16_192_64_0p5_0p02_0005_0010" 4984
"/Engine/EngineMaterials/Substrate/GLints/dict_16_192_64_0p5_0p02_0007_0005" 4985
"/Engine/EngineMaterials/Substrate/GLints/dict_16_192_64_0p5_0p02_0007_0004" 4986
"/Engine/EngineMaterials/Substrate/GLints/dict_16_192_64_0p5_0p02_0007_0003" 4987
"/Engine/EngineMaterials/Substrate/GLints/dict_16_192_64_0p5_0p02_0007_0001" 4988
"/Engine/EngineMaterials/Substrate/GLints/dict_16_192_64_0p5_0p02_0007_0000" 4989
"/Engine/EngineMaterials/Substrate/GLints/dict_16_192_64_0p5_0p02_0006_0015" 4990
"/Engine/EngineMaterials/Substrate/GLints/dict_16_192_64_0p5_0p02_0006_0014" 4991
"/Engine/EngineMaterials/Substrate/GLints/dict_16_192_64_0p5_0p02_0006_0013" 4992
"/Engine/EngineMaterials/Substrate/GLints/dict_16_192_64_0p5_0p02_0006_0012" 4993
"/Engine/EngineMaterials/Substrate/GLints/dict_16_192_64_0p5_0p02_0004_0014" 4994
"/Engine/EngineMaterials/Substrate/GLints/dict_16_192_64_0p5_0p02_0006_0010" 4995
"/Engine/EngineMaterials/Substrate/GLints/dict_16_192_64_0p5_0p02_0006_0009" 4996
"/Engine/EngineMaterials/Substrate/GLints/dict_16_192_64_0p5_0p02_0006_0008" 4997
"/Engine/EngineMaterials/Substrate/GLints/dict_16_192_64_0p5_0p02_0004_0010" 4998
"/Engine/EngineMaterials/Substrate/GLints/dict_16_192_64_0p5_0p02_0006_0007" 4999
"/Engine/EngineMaterials/Substrate/GLints/dict_16_192_64_0p5_0p02_0006_0006" 5000
"/Engine/EngineMaterials/Substrate/GLints/dict_16_192_64_0p5_0p02_0004_0007" 5001
"/Engine/EngineMaterials/Substrate/GLints/dict_16_192_64_0p5_0p02_0006_0004" 5002
"/Engine/EngineMaterials/Substrate/GLints/dict_16_192_64_0p5_0p02_0006_0002" 5003
"/Engine/EngineMaterials/Substrate/GLints/dict_16_192_64_0p5_0p02_0004_0002" 5004
"/Engine/EngineMaterials/Substrate/GLints/dict_16_192_64_0p5_0p02_0006_0001" 5005
"/Engine/EngineMaterials/Substrate/GLints/dict_16_192_64_0p5_0p02_0006_0000" 5006
"/Engine/EngineMaterials/Substrate/GLints/dict_16_192_64_0p5_0p02_0005_0015" 5007
"/Engine/EngineMaterials/Substrate/GLints/dict_16_192_64_0p5_0p02_0005_0014" 5008
"../../../Engine/Content/EngineMaterials/Substrate/GLints/dict_16_192_64_0p5_0p02_0007_0009.uasset" 5009
"../../../Engine/Content/EngineMaterials/Substrate/GLints/dict_16_192_64_0p5_0p02_0008_0000.uasset" 5010
"../../../Engine/Content/EngineMaterials/Substrate/GLints/dict_16_192_64_0p5_0p02_0008_0004.uasset" 5011
"../../../Engine/Content/EngineMaterials/Substrate/GLints/dict_16_192_64_0p5_0p02_0008_0005.uasset" 5012
"../../../Engine/Content/EngineMaterials/Substrate/GLints/dict_16_192_64_0p5_0p02_0008_0006.uasset" 5013
"../../../Engine/Content/EngineMaterials/Substrate/GLints/dict_16_192_64_0p5_0p02_0007_0007.uasset" 5014
"../../../Engine/Content/EngineMaterials/Substrate/GLints/dict_16_192_64_0p5_0p02_0007_0011.uasset" 5015
"../../../Engine/Content/EngineMaterials/Substrate/GLints/dict_16_192_64_0p5_0p02_0007_0014.uasset" 5016
"../../../Engine/Content/EngineMaterials/Substrate/GLints/dict_16_192_64_0p5_0p02_0007_0013.uasset" 5017
"../../../Engine/Content/EngineMaterials/Substrate/GLints/dict_16_192_64_0p5_0p02_0007_0008.uasset" 5018
"../../../Engine/Content/EngineMaterials/Substrate/GLints/dict_16_192_64_0p5_0p02_0008_0003.uasset" 5019
"../../../Engine/Content/EngineMaterials/Substrate/GLints/dict_16_192_64_0p5_0p02_0008_0007.uasset" 5020
"../../../Engine/Content/EngineMaterials/Substrate/GLints/dict_16_192_64_0p5_0p02_0008_0008.uasset" 5021
"../../../Engine/Content/EngineMaterials/Substrate/GLints/dict_16_192_64_0p5_0p02_0008_0002.uasset" 5022
"../../../Engine/Content/EngineMaterials/Substrate/GLints/dict_16_192_64_0p5_0p02_0008_0001.uasset" 5023
"../../../Engine/Content/EngineMaterials/Substrate/GLints/dict_16_192_64_0p5_0p02_0007_0015.uasset" 5024
"../../../Engine/Content/EngineMaterials/Substrate/GLints/dict_16_192_64_0p5_0p02_0008_0014.uasset" 5025
"../../../Engine/Content/EngineMaterials/Substrate/GLints/dict_16_192_64_0p5_0p02_0008_0011.uasset" 5026
"../../../Engine/Content/EngineMaterials/Substrate/GLints/dict_16_192_64_0p5_0p02_0008_0012.uasset" 5027
"../../../Engine/Content/EngineMaterials/Substrate/GLints/dict_16_192_64_0p5_0p02_0009_0000.uasset" 5028
"../../../Engine/Content/EngineMaterials/Substrate/GLints/dict_16_192_64_0p5_0p02_0008_0013.uasset" 5029
"../../../Engine/Content/EngineMaterials/Substrate/GLints/dict_16_192_64_0p5_0p02_0008_0009.uasset" 5030
"../../../Engine/Content/EngineMaterials/Substrate/GLints/dict_16_192_64_0p5_0p02_0008_0015.uasset" 5031
"/Engine/EngineMaterials/Substrate/GLints/dict_16_192_64_0p5_0p02_0007_0006" 5032
"/Engine/EngineMaterials/Substrate/GLints/dict_16_192_64_0p5_0p02_0006_0011" 5033
"/Engine/EngineMaterials/Substrate/GLints/dict_16_192_64_0p5_0p02_0006_0005" 5034
"../../../Engine/Content/EngineMaterials/Substrate/GLints/dict_16_192_64_0p5_0p02_0008_0010.uasset" 5035
"../../../Engine/Content/EngineMaterials/Substrate/GLints/dict_16_192_64_0p5_0p02_0006_0003.uasset" 5036
"../../../Engine/Content/EngineMaterials/Substrate/GLints/dict_16_192_64_0p5_0p02_0009_0001.uasset" 5037
"../../../Engine/Content/EngineMaterials/Substrate/GLints/dict_16_192_64_0p5_0p02_0009_0003.uasset" 5038
"../../../Engine/Content/EngineMaterials/Substrate/GLints/dict_16_192_64_0p5_0p02_0009_0002.uasset" 5039
"/Engine/EngineMaterials/Substrate/GLints/dict_16_192_64_0p5_0p02_0009_0000" 5040
"/Engine/EngineMaterials/Substrate/GLints/dict_16_192_64_0p5_0p02_0008_0015" 5041
"/Engine/EngineMaterials/Substrate/GLints/dict_16_192_64_0p5_0p02_0008_0014" 5042
"/Engine/EngineMaterials/Substrate/GLints/dict_16_192_64_0p5_0p02_0008_0013" 5043
"/Engine/EngineMaterials/Substrate/GLints/dict_16_192_64_0p5_0p02_0008_0012" 5044
"/Engine/EngineMaterials/Substrate/GLints/dict_16_192_64_0p5_0p02_0008_0011" 5045
"/Engine/EngineMaterials/Substrate/GLints/dict_16_192_64_0p5_0p02_0008_0010" 5046
"/Engine/EngineMaterials/Substrate/GLints/dict_16_192_64_0p5_0p02_0008_0009" 5047
"/Engine/EngineMaterials/Substrate/GLints/dict_16_192_64_0p5_0p02_0008_0008" 5048
"/Engine/EngineMaterials/Substrate/GLints/dict_16_192_64_0p5_0p02_0008_0007" 5049
"/Engine/EngineMaterials/Substrate/GLints/dict_16_192_64_0p5_0p02_0008_0006" 5050
"/Engine/EngineMaterials/Substrate/GLints/dict_16_192_64_0p5_0p02_0008_0005" 5051
"/Engine/EngineMaterials/Substrate/GLints/dict_16_192_64_0p5_0p02_0008_0004" 5052
"../../../Engine/Content/EngineMaterials/Substrate/GLints/dict_16_192_64_0p5_0p02_0007_0012.uasset" 5053
"/Engine/EngineMaterials/Substrate/GLints/dict_16_192_64_0p5_0p02_0008_0003" 5054
"/Engine/EngineMaterials/Substrate/GLints/dict_16_192_64_0p5_0p02_0008_0002" 5055
"/Engine/EngineMaterials/Substrate/GLints/dict_16_192_64_0p5_0p02_0008_0001" 5056
"/Engine/EngineMaterials/Substrate/GLints/dict_16_192_64_0p5_0p02_0008_0000" 5057
"/Engine/EngineMaterials/Substrate/GLints/dict_16_192_64_0p5_0p02_0007_0015" 5058
"/Engine/EngineMaterials/Substrate/GLints/dict_16_192_64_0p5_0p02_0007_0014" 5059
"/Engine/EngineMaterials/Substrate/GLints/dict_16_192_64_0p5_0p02_0007_0013" 5060
"/Engine/EngineMaterials/Substrate/GLints/dict_16_192_64_0p5_0p02_0007_0011" 5061
"/Engine/EngineMaterials/Substrate/GLints/dict_16_192_64_0p5_0p02_0007_0009" 5062
"/Engine/EngineMaterials/Substrate/GLints/dict_16_192_64_0p5_0p02_0007_0008" 5063
"/Engine/EngineMaterials/Substrate/GLints/dict_16_192_64_0p5_0p02_0007_0007" 5064
"/Engine/EngineMaterials/Substrate/GLints/dict_16_192_64_0p5_0p02_0009_0003" 5065
"/Engine/EngineMaterials/Substrate/GLints/dict_16_192_64_0p5_0p02_0009_0002" 5066
"/Engine/EngineMaterials/Substrate/GLints/dict_16_192_64_0p5_0p02_0009_0001" 5067
"../../../Engine/Content/EngineMaterials/Substrate/GLints/dict_16_192_64_0p5_0p02_0007_0010.uasset" 5068
"/Engine/EngineMaterials/Substrate/GLints/dict_16_192_64_0p5_0p02_0006_0003" 5069
"/Engine/EngineMaterials/Substrate/GLints/dict_16_192_64_0p5_0p02_0007_0012" 5070
"/Engine/EngineMaterials/Substrate/GLints/dict_16_192_64_0p5_0p02_0007_0010" 5071
"../../../Engine/Content/EngineMaterials/Substrate/GLints/dict_16_192_64_0p5_0p02_0010_0005.uasset" 5072
"../../../Engine/Content/EngineMaterials/Substrate/GLints/dict_16_192_64_0p5_0p02_0009_0004.uasset" 5073
"../../../Engine/Content/EngineMaterials/Substrate/GLints/dict_16_192_64_0p5_0p02_0009_0014.uasset" 5074
"../../../Engine/Content/EngineMaterials/Substrate/GLints/dict_16_192_64_0p5_0p02_0009_0005.uasset" 5075
"../../../Engine/Content/EngineMaterials/Substrate/GLints/dict_16_192_64_0p5_0p02_0009_0009.uasset" 5076
"../../../Engine/Content/EngineMaterials/Substrate/GLints/dict_16_192_64_0p5_0p02_0010_0004.uasset" 5077
"../../../Engine/Content/EngineMaterials/Substrate/GLints/dict_16_192_64_0p5_0p02_0009_0010.uasset" 5078
"../../../Engine/Content/EngineMaterials/Substrate/GLints/dict_16_192_64_0p5_0p02_0010_0000.uasset" 5079
"../../../Engine/Content/EngineMaterials/Substrate/GLints/dict_16_192_64_0p5_0p02_0010_0006.uasset" 5080
"../../../Engine/Content/EngineMaterials/Substrate/GLints/dict_16_192_64_0p5_0p02_0010_0003.uasset" 5081
"../../../Engine/Content/EngineMaterials/Substrate/GLints/dict_16_192_64_0p5_0p02_0009_0007.uasset" 5082
"../../../Engine/Content/EngineMaterials/Substrate/GLints/dict_16_192_64_0p5_0p02_0010_0001.uasset" 5083
"../../../Engine/Content/EngineMaterials/Substrate/GLints/dict_16_192_64_0p5_0p02_0007_0002.uasset" 5084
"../../../Engine/Content/EngineMaterials/Substrate/GLints/dict_16_192_64_0p5_0p02_0010_0002.uasset" 5085
"/Engine/EngineMaterials/Substrate/GLints/dict_16_192_64_0p5_0p02_0007_0002" 5086
"../../../Engine/Content/EngineMaterials/Substrate/GLints/dict_16_192_64_0p5_0p02_0009_0013.uasset" 5087
"../../../Engine/Content/EngineMaterials/Substrate/GLints/dict_16_192_64_0p5_0p02_0009_0011.uasset" 5088
"/Engine/EngineMaterials/Substrate/GLints/dict_16_192_64_0p5_0p02_0010_0006" 5089
"/Engine/EngineMaterials/Substrate/GLints/dict_16_192_64_0p5_0p02_0010_0005" 5090
"/Engine/EngineMaterials/Substrate/GLints/dict_16_192_64_0p5_0p02_0010_0004" 5091
"/Engine/EngineMaterials/Substrate/GLints/dict_16_192_64_0p5_0p02_0010_0003" 5092
"/Engine/EngineMaterials/Substrate/GLints/dict_16_192_64_0p5_0p02_0010_0001" 5093
"/Engine/EngineMaterials/Substrate/GLints/dict_16_192_64_0p5_0p02_0010_0000" 5094
"/Engine/EngineMaterials/Substrate/GLints/dict_16_192_64_0p5_0p02_0009_0014" 5095
"../../../Engine/Content/EngineMaterials/Substrate/GLints/dict_16_192_64_0p5_0p02_0009_0012.uasset" 5096
"../../../Engine/Content/EngineMaterials/Substrate/GLints/dict_16_192_64_0p5_0p02_0009_0006.uasset" 5097
"/Engine/EngineMaterials/Substrate/GLints/dict_16_192_64_0p5_0p02_0009_0010" 5098
"../../../Engine/Content/EngineMaterials/Substrate/GLints/dict_16_192_64_0p5_0p02_0010_0007.uasset" 5099
"/Engine/EngineMaterials/Substrate/GLints/dict_16_192_64_0p5_0p02_0009_0009" 5100
"/Engine/EngineMaterials/Substrate/GLints/dict_16_192_64_0p5_0p02_0009_0007" 5101
"/Engine/EngineMaterials/Substrate/GLints/dict_16_192_64_0p5_0p02_0009_0005" 5102
"/Engine/EngineMaterials/Substrate/GLints/dict_16_192_64_0p5_0p02_0009_0004" 5103
"/Engine/EngineMaterials/Substrate/GLints/dict_16_192_64_0p5_0p02_0010_0007" 5104
"/Engine/EngineMaterials/Substrate/GLints/dict_16_192_64_0p5_0p02_0010_0002" 5105
"/Engine/EngineMaterials/Substrate/GLints/dict_16_192_64_0p5_0p02_0009_0013" 5106
"/Engine/EngineMaterials/Substrate/GLints/dict_16_192_64_0p5_0p02_0009_0012" 5107
"/Engine/EngineMaterials/Substrate/GLints/dict_16_192_64_0p5_0p02_0009_0011" 5108
"../../../Engine/Content/EngineMaterials/Substrate/GLints/dict_16_192_64_0p5_0p02_0009_0015.uasset" 5109
"/Engine/EngineMaterials/Substrate/GLints/dict_16_192_64_0p5_0p02_0009_0006" 5110
"/Engine/EngineMaterials/Substrate/GLints/dict_16_192_64_0p5_0p02_0009_0015" 5111
"../../../Engine/Content/EngineMaterials/Substrate/GLints/dict_16_192_64_0p5_0p02_0010_0012.uasset" 5112
"../../../Engine/Content/EngineMaterials/Substrate/GLints/dict_16_192_64_0p5_0p02_0010_0011.uasset" 5113
"../../../Engine/Content/EngineMaterials/Substrate/GLints/dict_16_192_64_0p5_0p02_0010_0015.uasset" 5114
"../../../Engine/Content/EngineMaterials/Substrate/GLints/dict_16_192_64_0p5_0p02_0010_0013.uasset" 5115
"../../../Engine/Content/EngineMaterials/Substrate/GLints/dict_16_192_64_0p5_0p02_0010_0014.uasset" 5116
"../../../Engine/Content/EngineMaterials/Substrate/GLints/dict_16_192_64_0p5_0p02_0011_0002.uasset" 5117
"../../../Engine/Content/EngineMaterials/Substrate/GLints/dict_16_192_64_0p5_0p02_0011_0007.uasset" 5118
"../../../Engine/Content/EngineMaterials/Substrate/GLints/dict_16_192_64_0p5_0p02_0011_0004.uasset" 5119
"../../../Engine/Content/EngineMaterials/Substrate/GLints/dict_16_192_64_0p5_0p02_0011_0009.uasset" 5120
"../../../Engine/Content/EngineMaterials/Substrate/GLints/dict_16_192_64_0p5_0p02_0011_0006.uasset" 5121
"../../../Engine/Content/EngineMaterials/Substrate/GLints/dict_16_192_64_0p5_0p02_0011_0011.uasset" 5122
"../../../Engine/Content/EngineMaterials/Substrate/GLints/dict_16_192_64_0p5_0p02_0011_0010.uasset" 5123
"../../../Engine/Content/EngineMaterials/Substrate/GLints/dict_16_192_64_0p5_0p02_0011_0014.uasset" 5124
"../../../Engine/Content/EngineMaterials/Substrate/GLints/dict_16_192_64_0p5_0p02_0005_0013.uasset" 5125
"../../../Engine/Content/EngineMaterials/Substrate/GLints/dict_16_192_64_0p5_0p02_0011_0012.uasset" 5126
"../../../Engine/Content/EngineMaterials/Substrate/GLints/dict_16_192_64_0p5_0p02_0011_0008.uasset" 5127
"../../../Engine/Content/EngineMaterials/Substrate/GLints/dict_16_192_64_0p5_0p02_0011_0000.uasset" 5128
"../../../Engine/Content/EngineMaterials/Substrate/GLints/dict_16_192_64_0p5_0p02_0011_0003.uasset" 5129
"../../../Engine/Content/EngineMaterials/Substrate/GLints/dict_16_192_64_0p5_0p02_0012_0003.uasset" 5130
"../../../Engine/Content/EngineMaterials/Substrate/GLints/dict_16_192_64_0p5_0p02_0012_0002.uasset" 5131
"../../../Engine/Content/EngineMaterials/Substrate/GLints/dict_16_192_64_0p5_0p02_0012_0001.uasset" 5132
"../../../Engine/Content/EngineMaterials/Substrate/GLints/dict_16_192_64_0p5_0p02_0012_0004.uasset" 5133
"../../../Engine/Content/EngineMaterials/Substrate/GLints/dict_16_192_64_0p5_0p02_0012_0005.uasset" 5134
"../../../Engine/Content/EngineMaterials/Substrate/GLints/dict_16_192_64_0p5_0p02_0011_0015.uasset" 5135
"../../../Engine/Content/EngineMaterials/Substrate/GLints/dict_16_192_64_0p5_0p02_0010_0010.uasset" 5136
"../../../Engine/Content/EngineMaterials/Substrate/GLints/dict_16_192_64_0p5_0p02_0009_0008.uasset" 5137
"../../../Engine/Content/EngineMaterials/Substrate/GLints/dict_16_192_64_0p5_0p02_0010_0008.uasset" 5138
"../../../Engine/Content/EngineMaterials/Substrate/GLints/dict_16_192_64_0p5_0p02_0010_0009.uasset" 5139
"../../../Engine/Content/EngineMaterials/Substrate/GLints/dict_16_192_64_0p5_0p02_0011_0001.uasset" 5140
"../../../Engine/Content/EngineMaterials/Substrate/GLints/dict_16_192_64_0p5_0p02_0011_0013.uasset" 5141
"../../../Engine/Content/EngineMaterials/Substrate/GLints/dict_16_192_64_0p5_0p02_0011_0005.uasset" 5142
"../../../Engine/Content/EngineMaterials/Substrate/GLints/dict_16_192_64_0p5_0p02_0012_0000.uasset" 5143
"/Engine/EngineMaterials/Substrate/GLints/dict_16_192_64_0p5_0p02_0005_0013" 5144
"/Engine/EngineMaterials/Substrate/GLints/dict_16_192_64_0p5_0p02_0011_0000" 5145
"/Engine/EngineMaterials/Substrate/GLints/dict_16_192_64_0p5_0p02_0010_0011" 5146
"/Engine/EngineMaterials/Substrate/GLints/dict_16_192_64_0p5_0p02_0010_0010" 5147
"/Engine/EngineMaterials/Substrate/GLints/dict_16_192_64_0p5_0p02_0010_0009" 5148
"/Engine/EngineMaterials/Substrate/GLints/dict_16_192_64_0p5_0p02_0010_0008" 5149
"/Engine/EngineMaterials/Substrate/GLints/dict_16_192_64_0p5_0p02_0012_0004" 5150
"/Engine/EngineMaterials/Substrate/GLints/dict_16_192_64_0p5_0p02_0011_0014" 5151
"/Engine/EngineMaterials/Substrate/GLints/dict_16_192_64_0p5_0p02_0011_0013" 5152
"/Engine/EngineMaterials/Substrate/GLints/dict_16_192_64_0p5_0p02_0011_0012" 5153
"/Engine/EngineMaterials/Substrate/GLints/dict_16_192_64_0p5_0p02_0011_0011" 5154
"/Engine/EngineMaterials/Substrate/GLints/dict_16_192_64_0p5_0p02_0011_0010" 5155
"/Engine/EngineMaterials/Substrate/GLints/dict_16_192_64_0p5_0p02_0012_0003" 5156
"/Engine/EngineMaterials/Substrate/GLints/dict_16_192_64_0p5_0p02_0011_0009" 5157
"/Engine/EngineMaterials/Substrate/GLints/dict_16_192_64_0p5_0p02_0010_0015" 5158
"/Engine/EngineMaterials/Substrate/GLints/dict_16_192_64_0p5_0p02_0011_0008" 5159
"/Engine/EngineMaterials/Substrate/GLints/dict_16_192_64_0p5_0p02_0012_0005" 5160
"/Engine/EngineMaterials/Substrate/GLints/dict_16_192_64_0p5_0p02_0011_0007" 5161
"/Engine/EngineMaterials/Substrate/GLints/dict_16_192_64_0p5_0p02_0012_0002" 5162
"/Engine/EngineMaterials/Substrate/GLints/dict_16_192_64_0p5_0p02_0012_0001" 5163
"/Engine/EngineMaterials/Substrate/GLints/dict_16_192_64_0p5_0p02_0012_0000" 5164
"/Engine/EngineMaterials/Substrate/GLints/dict_16_192_64_0p5_0p02_0011_0006" 5165
"/Engine/EngineMaterials/Substrate/GLints/dict_16_192_64_0p5_0p02_0011_0005" 5166
"/Engine/EngineMaterials/Substrate/GLints/dict_16_192_64_0p5_0p02_0010_0014" 5167
"/Engine/EngineMaterials/Substrate/GLints/dict_16_192_64_0p5_0p02_0009_0008" 5168
"/Engine/EngineMaterials/Substrate/GLints/dict_16_192_64_0p5_0p02_0010_0013" 5169
"/Engine/EngineMaterials/Substrate/GLints/dict_16_192_64_0p5_0p02_0010_0012" 5170
"/Engine/EngineMaterials/Substrate/GLints/dict_16_192_64_0p5_0p02_0011_0004" 5171
"/Engine/EngineMaterials/Substrate/GLints/dict_16_192_64_0p5_0p02_0011_0001" 5172
"/Engine/EngineMaterials/Substrate/GLints/dict_16_192_64_0p5_0p02_0011_0015" 5173
"/Engine/EngineMaterials/Substrate/GLints/dict_16_192_64_0p5_0p02_0011_0003" 5174
"/Engine/EngineMaterials/Substrate/GLints/dict_16_192_64_0p5_0p02_0011_0002" 5175
"../../../Engine/Content/EngineMaterials/Substrate/GLints/dict_16_192_64_0p5_0p02_0013_0004.uasset" 5176
"../../../Engine/Content/EngineMaterials/Substrate/GLints/dict_16_192_64_0p5_0p02_0012_0009.uasset" 5177
"../../../Engine/Content/EngineMaterials/Substrate/GLints/dict_16_192_64_0p5_0p02_0013_0007.uasset" 5178
"../../../Engine/Content/EngineMaterials/Substrate/GLints/dict_16_192_64_0p5_0p02_0013_0002.uasset" 5179
"../../../Engine/Content/EngineMaterials/Substrate/GLints/dict_16_192_64_0p5_0p02_0012_0013.uasset" 5180
"../../../Engine/Content/EngineMaterials/Substrate/GLints/dict_16_192_64_0p5_0p02_0013_0008.uasset" 5181
"../../../Engine/Content/EngineMaterials/Substrate/GLints/dict_16_192_64_0p5_0p02_0012_0015.uasset" 5182
"../../../Engine/Content/EngineMaterials/Substrate/GLints/dict_16_192_64_0p5_0p02_0013_0009.uasset" 5183
"../../../Engine/Content/EngineMaterials/Substrate/GLints/dict_16_192_64_0p5_0p02_0013_0010.uasset" 5184
"../../../Engine/Content/EngineMaterials/Substrate/GLints/dict_16_192_64_0p5_0p02_0013_0005.uasset" 5185
"../../../Engine/Content/EngineMaterials/Substrate/GLints/dict_16_192_64_0p5_0p02_0012_0007.uasset" 5186
"../../../Engine/Content/EngineMaterials/Substrate/GLints/dict_16_192_64_0p5_0p02_0013_0001.uasset" 5187
"../../../Engine/Content/EngineMaterials/Substrate/GLints/dict_16_192_64_0p5_0p02_0012_0012.uasset" 5188
"../../../Engine/Content/EngineMaterials/Substrate/GLints/dict_16_192_64_0p5_0p02_0013_0015.uasset" 5189
"../../../Engine/Content/EngineMaterials/Substrate/GLints/dict_16_192_64_0p5_0p02_0014_0000.uasset" 5190
"../../../Engine/Content/EngineMaterials/Substrate/GLints/dict_16_192_64_0p5_0p02_0013_0014.uasset" 5191
"../../../Engine/Content/EngineMaterials/Substrate/GLints/dict_16_192_64_0p5_0p02_0014_0002.uasset" 5192
"../../../Engine/Content/EngineMaterials/Substrate/GLints/dict_16_192_64_0p5_0p02_0013_0013.uasset" 5193
"../../../Engine/Content/EngineMaterials/Substrate/GLints/dict_16_192_64_0p5_0p02_0014_0003.uasset" 5194
"../../../Engine/Content/EngineMaterials/Substrate/GLints/dict_16_192_64_0p5_0p02_0014_0005.uasset" 5195
"../../../Engine/Content/EngineMaterials/Substrate/GLints/dict_16_192_64_0p5_0p02_0014_0004.uasset" 5196
"/Engine/EngineMaterials/Substrate/GLints/dict_16_192_64_0p5_0p02_0014_0005" 5197
"/Engine/EngineMaterials/Substrate/GLints/dict_16_192_64_0p5_0p02_0014_0004" 5198
"/Engine/EngineMaterials/Substrate/GLints/dict_16_192_64_0p5_0p02_0014_0003" 5199
"/Engine/EngineMaterials/Substrate/GLints/dict_16_192_64_0p5_0p02_0014_0002" 5200
"/Engine/EngineMaterials/Substrate/GLints/dict_16_192_64_0p5_0p02_0014_0000" 5201
"/Engine/EngineMaterials/Substrate/GLints/dict_16_192_64_0p5_0p02_0013_0015" 5202
"/Engine/EngineMaterials/Substrate/GLints/dict_16_192_64_0p5_0p02_0013_0014" 5203
"/Engine/EngineMaterials/Substrate/GLints/dict_16_192_64_0p5_0p02_0013_0013" 5204
"/Engine/EngineMaterials/Substrate/GLints/dict_16_192_64_0p5_0p02_0013_0010" 5205
"../../../Engine/Content/EngineMaterials/Substrate/GLints/dict_16_192_64_0p5_0p02_0013_0006.uasset" 5206
"../../../Engine/Content/EngineMaterials/Substrate/GLints/dict_16_192_64_0p5_0p02_0013_0012.uasset" 5207
"/Engine/EngineMaterials/Substrate/GLints/dict_16_192_64_0p5_0p02_0013_0009" 5208
"/Engine/EngineMaterials/Substrate/GLints/dict_16_192_64_0p5_0p02_0013_0008" 5209
"/Engine/EngineMaterials/Substrate/GLints/dict_16_192_64_0p5_0p02_0013_0007" 5210
"/Engine/EngineMaterials/Substrate/GLints/dict_16_192_64_0p5_0p02_0013_0005" 5211
"/Engine/EngineMaterials/Substrate/GLints/dict_16_192_64_0p5_0p02_0013_0004" 5212
"/Engine/EngineMaterials/Substrate/GLints/dict_16_192_64_0p5_0p02_0013_0002" 5213
"/Engine/EngineMaterials/Substrate/GLints/dict_16_192_64_0p5_0p02_0013_0001" 5214
"/Engine/EngineMaterials/Substrate/GLints/dict_16_192_64_0p5_0p02_0012_0015" 5215
"/Engine/EngineMaterials/Substrate/GLints/dict_16_192_64_0p5_0p02_0012_0013" 5216
"/Engine/EngineMaterials/Substrate/GLints/dict_16_192_64_0p5_0p02_0012_0012" 5217
"/Engine/EngineMaterials/Substrate/GLints/dict_16_192_64_0p5_0p02_0012_0009" 5218
"/Engine/EngineMaterials/Substrate/GLints/dict_16_192_64_0p5_0p02_0012_0007" 5219
"/Engine/EngineMaterials/Substrate/GLints/dict_16_192_64_0p5_0p02_0013_0012" 5220
"/Engine/EngineMaterials/Substrate/GLints/dict_16_192_64_0p5_0p02_0013_0006" 5221
"../../../Engine/Content/EngineMaterials/Substrate/GLints/dict_16_192_64_0p5_0p02_0014_0011.uasset" 5222
"../../../Engine/Content/EngineMaterials/Substrate/GLints/dict_16_192_64_0p5_0p02_0014_0014.uasset" 5223
"../../../Engine/Content/EngineMaterials/Substrate/GLints/dict_16_192_64_0p5_0p02_0014_0007.uasset" 5224
"../../../Engine/Content/EngineMaterials/Substrate/GLints/dict_16_192_64_0p5_0p02_0014_0009.uasset" 5225
"../../../Engine/Content/EngineMaterials/Substrate/GLints/dict_16_192_64_0p5_0p02_0014_0012.uasset" 5226
"../../../Engine/Content/EngineMaterials/Substrate/GLints/dict_16_192_64_0p5_0p02_0014_0015.uasset" 5227
"../../../Engine/Content/EngineMaterials/Substrate/GLints/dict_16_192_64_0p5_0p02_0014_0010.uasset" 5228
"../../../Engine/Content/EngineMaterials/Substrate/GLints/dict_16_192_64_0p5_0p02_0015_0000.uasset" 5229
"../../../Engine/Content/EngineMaterials/Substrate/GLints/dict_16_192_64_0p5_0p02_0014_0006.uasset" 5230
"../../../Engine/Content/EngineMaterials/Substrate/GLints/dict_16_192_64_0p5_0p02_0014_0001.uasset" 5231
"../../../Engine/Content/EngineMaterials/Substrate/GLints/dict_16_192_64_0p5_0p02_0015_0002.uasset" 5232
"../../../Engine/Content/EngineMaterials/Substrate/GLints/dict_16_192_64_0p5_0p02_0015_0001.uasset" 5233
"../../../Engine/Content/EngineMaterials/Substrate/GLints/dict_16_192_64_0p5_0p02_0015_0004.uasset" 5234
"../../../Engine/Content/EngineMaterials/Substrate/GLints/dict_16_192_64_0p5_0p02_0015_0006.uasset" 5235
"../../../Engine/Content/EngineMaterials/Substrate/GLints/dict_16_192_64_0p5_0p02_0015_0003.uasset" 5236
"../../../Engine/Content/EngineMaterials/Substrate/GLints/dict_16_192_64_0p5_0p02_0015_0007.uasset" 5237
"../../../Engine/Content/EngineMaterials/Substrate/GLints/dict_16_192_64_0p5_0p02_0015_0008.uasset" 5238
"../../../Engine/Content/EngineMaterials/Substrate/GLints/dict_16_192_64_0p5_0p02_0015_0009.uasset" 5239
"../../../Engine/Content/EngineMaterials/Substrate/GLints/dict_16_192_64_0p5_0p02_0015_0010.uasset" 5240
"../../../Engine/Content/EngineMaterials/Substrate/GLints/dict_16_192_64_0p5_0p02_0015_0005.uasset" 5241
"../../../Engine/Content/EngineMaterials/Substrate/GLints/dict_16_192_64_0p5_0p02_0015_0011.uasset" 5242
"/Engine/EngineMaterials/Substrate/GLints/dict_16_192_64_0p5_0p02_0015_0010" 5243
"../../../Engine/Content/EngineMaterials/Substrate/GLints/dict_16_192_64_0p5_0p02_0015_0012.uasset" 5244
"/Engine/EngineMaterials/Substrate/GLints/dict_16_192_64_0p5_0p02_0015_0009" 5245
"/Engine/EngineMaterials/Substrate/GLints/dict_16_192_64_0p5_0p02_0015_0008" 5246
"/Engine/EngineMaterials/Substrate/GLints/dict_16_192_64_0p5_0p02_0015_0007" 5247
"/Engine/EngineMaterials/Substrate/GLints/dict_16_192_64_0p5_0p02_0014_0001" 5248
"/Engine/EngineMaterials/Substrate/GLints/dict_16_192_64_0p5_0p02_0015_0006" 5249
"/Engine/EngineMaterials/Substrate/GLints/dict_16_192_64_0p5_0p02_0015_0005" 5250
"/Engine/EngineMaterials/Substrate/GLints/dict_16_192_64_0p5_0p02_0015_0004" 5251
"/Engine/EngineMaterials/Substrate/GLints/dict_16_192_64_0p5_0p02_0015_0003" 5252
"/Engine/EngineMaterials/Substrate/GLints/dict_16_192_64_0p5_0p02_0015_0002" 5253
"/Engine/EngineMaterials/Substrate/GLints/dict_16_192_64_0p5_0p02_0015_0001" 5254
"/Engine/EngineMaterials/Substrate/GLints/dict_16_192_64_0p5_0p02_0015_0000" 5255
"/Engine/EngineMaterials/Substrate/GLints/dict_16_192_64_0p5_0p02_0014_0015" 5256
"/Engine/EngineMaterials/Substrate/GLints/dict_16_192_64_0p5_0p02_0015_0011" 5257
"/Engine/EngineMaterials/Substrate/GLints/dict_16_192_64_0p5_0p02_0014_0014" 5258
"/Engine/EngineMaterials/Substrate/GLints/dict_16_192_64_0p5_0p02_0014_0012" 5259
"/Engine/EngineMaterials/Substrate/GLints/dict_16_192_64_0p5_0p02_0014_0011" 5260
"/Engine/EngineMaterials/Substrate/GLints/dict_16_192_64_0p5_0p02_0014_0010" 5261
"/Engine/EngineMaterials/Substrate/GLints/dict_16_192_64_0p5_0p02_0014_0009" 5262
"/Engine/EngineMaterials/Substrate/GLints/dict_16_192_64_0p5_0p02_0014_0007" 5263
"/Engine/EngineMaterials/Substrate/GLints/dict_16_192_64_0p5_0p02_0014_0006" 5264
"/Engine/EngineMaterials/Substrate/GLints/dict_16_192_64_0p5_0p02_0015_0012" 5265
"../../../Engine/Content/EngineMaterials/Substrate/GLints/dict_16_192_64_0p5_0p02_0012_0014.uasset" 5266
"../../../Engine/Content/EngineMaterials/Substrate/GLints/dict_16_192_64_0p5_0p02_0013_0003.uasset" 5267
"../../../Engine/Content/EngineMaterials/Substrate/GLints/dict_16_192_64_0p5_0p02_0016_0001.uasset" 5268
"../../../Engine/Content/EngineMaterials/Substrate/GLints/dict_16_192_64_0p5_0p02_0015_0015.uasset" 5269
"../../../Engine/Content/EngineMaterials/Substrate/GLints/dict_16_192_64_0p5_0p02_0015_0013.uasset" 5270
"../../../Engine/Content/EngineMaterials/Substrate/GLints/dict_16_192_64_0p5_0p02_0016_0002.uasset" 5271
"../../../Engine/Content/EngineMaterials/Substrate/GLints/dict_16_192_64_0p5_0p02_0015_0014.uasset" 5272
"../../../Engine/Content/EngineMaterials/Substrate/GLints/dict_16_192_64_0p5_0p02_0012_0006.uasset" 5273
"../../../Engine/Content/EngineMaterials/Substrate/GLints/dict_16_192_64_0p5_0p02_0016_0003.uasset" 5274
"../../../Engine/Content/EngineMaterials/Substrate/GLints/dict_16_192_64_0p5_0p02_0013_0011.uasset" 5275
"../../../Engine/Content/EngineMaterials/Substrate/GLints/dict_16_192_64_0p5_0p02_0016_0004.uasset" 5276
"../../../Engine/Content/EngineMaterials/Substrate/GLints/dict_16_192_64_0p5_0p02_0016_0006.uasset" 5277
"../../../Engine/Content/EngineMaterials/Substrate/GLints/dict_16_192_64_0p5_0p02_0016_0007.uasset" 5278
"../../../Engine/Content/EngineMaterials/Substrate/GLints/dict_16_192_64_0p5_0p02_0016_0009.uasset" 5279
"../../../Engine/Content/EngineMaterials/Substrate/GLints/dict_16_192_64_0p5_0p02_0016_0010.uasset" 5280
"../../../Engine/Content/EngineMaterials/Substrate/GLints/dict_16_192_64_0p5_0p02_0016_0008.uasset" 5281
"../../../Engine/Content/EngineMaterials/Substrate/GLints/dict_16_192_64_0p5_0p02_0016_0012.uasset" 5282
"../../../Engine/Content/EngineMaterials/Substrate/GLints/dict_16_192_64_0p5_0p02_0016_0013.uasset" 5283
"../../../Engine/Content/EngineMaterials/Substrate/GLints/dict_16_192_64_0p5_0p02_0016_0014.uasset" 5284
"../../../Engine/Content/EngineMaterials/Substrate/GLints/dict_16_192_64_0p5_0p02_0012_0011.uasset" 5285
"../../../Engine/Content/EngineMaterials/Substrate/GLints/dict_16_192_64_0p5_0p02_0012_0008.uasset" 5286
"../../../Engine/Content/EngineMaterials/Substrate/GLints/dict_16_192_64_0p5_0p02_0012_0010.uasset" 5287
"../../../Engine/Content/EngineMaterials/Substrate/GLints/dict_16_192_64_0p5_0p02_0016_0015.uasset" 5288
"../../../Engine/Content/EngineMaterials/Substrate/GLints/dict_16_192_64_0p5_0p02_0016_0005.uasset" 5289
"../../../Engine/Content/EngineMaterials/Substrate/GLints/dict_16_192_64_0p5_0p02_0017_0000.uasset" 5290
"../../../Engine/Content/EngineMaterials/Substrate/GLints/dict_16_192_64_0p5_0p02_0017_0001.uasset" 5291
"../../../Engine/Content/EngineMaterials/Substrate/GLints/dict_16_192_64_0p5_0p02_0017_0002.uasset" 5292
"../../../Engine/Content/EngineMaterials/Substrate/GLints/dict_16_192_64_0p5_0p02_0014_0013.uasset" 5293
"/Engine/EngineMaterials/Substrate/GLints/dict_16_192_64_0p5_0p02_0017_0001" 5294
"/Engine/EngineMaterials/Substrate/GLints/dict_16_192_64_0p5_0p02_0017_0000" 5295
"../../../Engine/Content/EngineMaterials/Substrate/GLints/dict_16_192_64_0p5_0p02_0013_0000.uasset" 5296
"/Engine/EngineMaterials/Substrate/GLints/dict_16_192_64_0p5_0p02_0016_0015" 5297
"/Engine/EngineMaterials/Substrate/GLints/dict_16_192_64_0p5_0p02_0016_0014" 5298
"/Engine/EngineMaterials/Substrate/GLints/dict_16_192_64_0p5_0p02_0016_0013" 5299
"/Engine/EngineMaterials/Substrate/GLints/dict_16_192_64_0p5_0p02_0016_0012" 5300
"/Engine/EngineMaterials/Substrate/GLints/dict_16_192_64_0p5_0p02_0016_0010" 5301
"/Engine/EngineMaterials/Substrate/GLints/dict_16_192_64_0p5_0p02_0016_0009" 5302
"/Engine/EngineMaterials/Substrate/GLints/dict_16_192_64_0p5_0p02_0017_0002" 5303
"/Engine/EngineMaterials/Substrate/GLints/dict_16_192_64_0p5_0p02_0013_0011" 5304
"/Engine/EngineMaterials/Substrate/GLints/dict_16_192_64_0p5_0p02_0016_0008" 5305
"/Engine/EngineMaterials/Substrate/GLints/dict_16_192_64_0p5_0p02_0016_0007" 5306
"/Engine/EngineMaterials/Substrate/GLints/dict_16_192_64_0p5_0p02_0016_0006" 5307
"/Engine/EngineMaterials/Substrate/GLints/dict_16_192_64_0p5_0p02_0016_0005" 5308
"/Engine/EngineMaterials/Substrate/GLints/dict_16_192_64_0p5_0p02_0016_0004" 5309
"/Engine/EngineMaterials/Substrate/GLints/dict_16_192_64_0p5_0p02_0016_0003" 5310
"/Engine/EngineMaterials/Substrate/GLints/dict_16_192_64_0p5_0p02_0014_0013" 5311
"/Engine/EngineMaterials/Substrate/GLints/dict_16_192_64_0p5_0p02_0013_0003" 5312
"/Engine/EngineMaterials/Substrate/GLints/dict_16_192_64_0p5_0p02_0016_0002" 5313
"/Engine/EngineMaterials/Substrate/GLints/dict_16_192_64_0p5_0p02_0016_0001" 5314
"../../../Engine/Content/EngineMaterials/Substrate/GLints/dict_16_192_64_0p5_0p02_0016_0011.uasset" 5315
"../../../Engine/Content/EngineMaterials/Substrate/GLints/dict_16_192_64_0p5_0p02_0016_0000.uasset" 5316
"/Engine/EngineMaterials/Substrate/GLints/dict_16_192_64_0p5_0p02_0012_0014" 5317
"/Engine/EngineMaterials/Substrate/GLints/dict_16_192_64_0p5_0p02_0015_0015" 5318
"/Engine/EngineMaterials/Substrate/GLints/dict_16_192_64_0p5_0p02_0012_0011" 5319
"/Engine/EngineMaterials/Substrate/GLints/dict_16_192_64_0p5_0p02_0012_0010" 5320
"/Engine/EngineMaterials/Substrate/GLints/dict_16_192_64_0p5_0p02_0015_0014" 5321
"/Engine/EngineMaterials/Substrate/GLints/dict_16_192_64_0p5_0p02_0012_0008" 5322
"/Engine/EngineMaterials/Substrate/GLints/dict_16_192_64_0p5_0p02_0015_0013" 5323
"/Engine/EngineMaterials/Substrate/GLints/dict_16_192_64_0p5_0p02_0012_0006" 5324
"/Engine/EngineMaterials/Substrate/GLints/dict_16_192_64_0p5_0p02_0016_0011" 5325
"/Engine/EngineMaterials/Substrate/GLints/dict_16_192_64_0p5_0p02_0013_0000" 5326
"/Engine/EngineMaterials/Substrate/GLints/dict_16_192_64_0p5_0p02_0016_0000" 5327
"../../../Engine/Content/EngineMaterials/Substrate/GLints/dict_16_192_64_0p5_0p02_0018_0000.uasset" 5328
"../../../Engine/Content/EngineMaterials/Substrate/GLints/dict_16_192_64_0p5_0p02_0018_0001.uasset" 5329
"../../../Engine/Content/EngineMaterials/Substrate/GLints/dict_16_192_64_0p5_0p02_0017_0015.uasset" 5330
"../../../Engine/Content/EngineMaterials/Substrate/GLints/dict_16_192_64_0p5_0p02_0017_0010.uasset" 5331
"../../../Engine/Content/EngineMaterials/Substrate/GLints/dict_16_192_64_0p5_0p02_0018_0002.uasset" 5332
"../../../Engine/Content/EngineMaterials/Substrate/GLints/dict_16_192_64_0p5_0p02_0017_0004.uasset" 5333
"../../../Engine/Content/EngineMaterials/Substrate/GLints/dict_16_192_64_0p5_0p02_0017_0005.uasset" 5334
"../../../Engine/Content/EngineMaterials/Substrate/GLints/dict_16_192_64_0p5_0p02_0017_0014.uasset" 5335
"../../../Engine/Content/EngineMaterials/Substrate/GLints/dict_16_192_64_0p5_0p02_0017_0009.uasset" 5336
"../../../Engine/Content/EngineMaterials/Substrate/GLints/dict_16_192_64_0p5_0p02_0018_0005.uasset" 5337
"../../../Engine/Content/EngineMaterials/Substrate/GLints/dict_16_192_64_0p5_0p02_0018_0004.uasset" 5338
"../../../Engine/Content/EngineMaterials/Substrate/GLints/dict_16_192_64_0p5_0p02_0017_0012.uasset" 5339
"../../../Engine/Content/EngineMaterials/Substrate/GLints/dict_16_192_64_0p5_0p02_0018_0006.uasset" 5340
"../../../Engine/Content/EngineMaterials/Substrate/GLints/dict_16_192_64_0p5_0p02_0017_0013.uasset" 5341
"../../../Engine/Content/EngineMaterials/Substrate/GLints/dict_16_192_64_0p5_0p02_0018_0003.uasset" 5342
"/Engine/EngineMaterials/Substrate/GLints/dict_16_192_64_0p5_0p02_0018_0006" 5343
"/Engine/EngineMaterials/Substrate/GLints/dict_16_192_64_0p5_0p02_0018_0005" 5344
"/Engine/EngineMaterials/Substrate/GLints/dict_16_192_64_0p5_0p02_0018_0004" 5345
"/Engine/EngineMaterials/Substrate/GLints/dict_16_192_64_0p5_0p02_0018_0003" 5346
"../../../Engine/Content/EngineMaterials/Substrate/GLints/dict_16_192_64_0p5_0p02_0018_0009.uasset" 5347
"../../../Engine/Content/EngineMaterials/Substrate/GLints/dict_16_192_64_0p5_0p02_0018_0008.uasset" 5348
"../../../Engine/Content/EngineMaterials/Substrate/GLints/dict_16_192_64_0p5_0p02_0018_0012.uasset" 5349
"/Engine/EngineMaterials/Substrate/GLints/dict_16_192_64_0p5_0p02_0018_0002" 5350
"../../../Engine/Content/EngineMaterials/Substrate/GLints/dict_16_192_64_0p5_0p02_0018_0013.uasset" 5351
"/Engine/EngineMaterials/Substrate/GLints/dict_16_192_64_0p5_0p02_0018_0001" 5352
"/Engine/EngineMaterials/Substrate/GLints/dict_16_192_64_0p5_0p02_0018_0000" 5353
"../../../Engine/Content/EngineMaterials/Substrate/GLints/dict_16_192_64_0p5_0p02_0018_0007.uasset" 5354
"../../../Engine/Content/EngineMaterials/Substrate/GLints/dict_16_192_64_0p5_0p02_0018_0014.uasset" 5355
"/Engine/EngineMaterials/Substrate/GLints/dict_16_192_64_0p5_0p02_0017_0015" 5356
"/Engine/EngineMaterials/Substrate/GLints/dict_16_192_64_0p5_0p02_0017_0014" 5357
"../../../Engine/Content/EngineMaterials/Substrate/GLints/dict_16_192_64_0p5_0p02_0018_0011.uasset" 5358
"../../../Engine/Content/EngineMaterials/Substrate/GLints/dict_16_192_64_0p5_0p02_0017_0011.uasset" 5359
"/Engine/EngineMaterials/Substrate/GLints/dict_16_192_64_0p5_0p02_0017_0013" 5360
"/Engine/EngineMaterials/Substrate/GLints/dict_16_192_64_0p5_0p02_0017_0012" 5361
"/Engine/EngineMaterials/Substrate/GLints/dict_16_192_64_0p5_0p02_0017_0010" 5362
"../../../Engine/Content/EngineMaterials/Substrate/GLints/dict_16_192_64_0p5_0p02_0018_0015.uasset" 5363
"../../../Engine/Content/EngineMaterials/Substrate/GLints/dict_16_192_64_0p5_0p02_0018_0010.uasset" 5364
"/Engine/EngineMaterials/Substrate/GLints/dict_16_192_64_0p5_0p02_0017_0009" 5365
"/Engine/EngineMaterials/Substrate/GLints/dict_16_192_64_0p5_0p02_0017_0005" 5366
"/Engine/EngineMaterials/Substrate/GLints/dict_16_192_64_0p5_0p02_0017_0004" 5367
"/Engine/EngineMaterials/Substrate/GLints/dict_16_192_64_0p5_0p02_0018_0014" 5368
"/Engine/EngineMaterials/Substrate/GLints/dict_16_192_64_0p5_0p02_0018_0013" 5369
"/Engine/EngineMaterials/Substrate/GLints/dict_16_192_64_0p5_0p02_0018_0012" 5370
"/Engine/EngineMaterials/Substrate/GLints/dict_16_192_64_0p5_0p02_0018_0011" 5371
"/Engine/EngineMaterials/Substrate/GLints/dict_16_192_64_0p5_0p02_0018_0010" 5372
"/Engine/EngineMaterials/Substrate/GLints/dict_16_192_64_0p5_0p02_0018_0009" 5373
"../../../Engine/Content/EngineMaterials/Substrate/GLints/dict_16_192_64_0p5_0p02_0019_0000.uasset" 5374
"../../../Engine/Content/EngineMaterials/Substrate/GLints/dict_16_192_64_0p5_0p02_0019_0001.uasset" 5375
"/Engine/EngineMaterials/Substrate/GLints/dict_16_192_64_0p5_0p02_0018_0008" 5376
"/Engine/EngineMaterials/Substrate/GLints/dict_16_192_64_0p5_0p02_0018_0007" 5377
"/Engine/EngineMaterials/Substrate/GLints/dict_16_192_64_0p5_0p02_0017_0011" 5378
"/Engine/EngineMaterials/Substrate/GLints/dict_16_192_64_0p5_0p02_0018_0015" 5379
"/Engine/EngineMaterials/Substrate/GLints/dict_16_192_64_0p5_0p02_0019_0001" 5380
"/Engine/EngineMaterials/Substrate/GLints/dict_16_192_64_0p5_0p02_0019_0000" 5381
"../../../Engine/Content/EngineMaterials/Substrate/GLints/dict_16_192_64_0p5_0p02_0019_0004.uasset" 5382
"../../../Engine/Content/EngineMaterials/Substrate/GLints/dict_16_192_64_0p5_0p02_0019_0007.uasset" 5383
"../../../Engine/Content/EngineMaterials/Substrate/GLints/dict_16_192_64_0p5_0p02_0019_0009.uasset" 5384
"../../../Engine/Content/EngineMaterials/Substrate/GLints/dict_16_192_64_0p5_0p02_0019_0012.uasset" 5385
"../../../Engine/Content/EngineMaterials/Substrate/GLints/dict_16_192_64_0p5_0p02_0019_0011.uasset" 5386
"../../../Engine/Content/EngineMaterials/Substrate/GLints/dict_16_192_64_0p5_0p02_0019_0005.uasset" 5387
"../../../Engine/Content/EngineMaterials/Substrate/GLints/dict_16_192_64_0p5_0p02_0019_0008.uasset" 5388
"../../../Engine/Content/EngineMaterials/Substrate/GLints/dict_16_192_64_0p5_0p02_0017_0007.uasset" 5389
"../../../Engine/Content/EngineMaterials/Substrate/GLints/dict_16_192_64_0p5_0p02_0019_0003.uasset" 5390
"../../../Engine/Content/EngineMaterials/Substrate/GLints/dict_16_192_64_0p5_0p02_0019_0013.uasset" 5391
"../../../Engine/Content/EngineMaterials/Substrate/GLints/dict_16_192_64_0p5_0p02_0019_0014.uasset" 5392
"../../../Engine/Content/EngineMaterials/Substrate/GLints/dict_16_192_64_0p5_0p02_0019_0015.uasset" 5393
"../../../Engine/Content/EngineMaterials/Substrate/GLints/dict_16_192_64_0p5_0p02_0020_0001.uasset" 5394
"../../../Engine/Content/EngineMaterials/Substrate/GLints/dict_16_192_64_0p5_0p02_0020_0005.uasset" 5395
"../../../Engine/Content/EngineMaterials/Substrate/GLints/dict_16_192_64_0p5_0p02_0020_0003.uasset" 5396
"../../../Engine/Content/EngineMaterials/Substrate/GLints/dict_16_192_64_0p5_0p02_0020_0002.uasset" 5397
"../../../Engine/Content/EngineMaterials/Substrate/GLints/dict_16_192_64_0p5_0p02_0020_0006.uasset" 5398
"../../../Engine/Content/EngineMaterials/Substrate/GLints/dict_16_192_64_0p5_0p02_0020_0008.uasset" 5399
"../../../Engine/Content/EngineMaterials/Substrate/GLints/dict_16_192_64_0p5_0p02_0020_0010.uasset" 5400
"../../../Engine/Content/EngineMaterials/Substrate/GLints/dict_16_192_64_0p5_0p02_0020_0009.uasset" 5401
"../../../Engine/Content/EngineMaterials/Substrate/GLints/dict_16_192_64_0p5_0p02_0019_0006.uasset" 5402
"../../../Engine/Content/EngineMaterials/Substrate/GLints/dict_16_192_64_0p5_0p02_0020_0011.uasset" 5403
"../../../Engine/Content/EngineMaterials/Substrate/GLints/dict_16_192_64_0p5_0p02_0020_0012.uasset" 5404
"../../../Engine/Content/EngineMaterials/Substrate/GLints/dict_16_192_64_0p5_0p02_0020_0000.uasset" 5405
"../../../Engine/Content/EngineMaterials/Substrate/GLints/dict_16_192_64_0p5_0p02_0020_0007.uasset" 5406
"../../../Engine/Content/EngineMaterials/Substrate/GLints/dict_16_192_64_0p5_0p02_0014_0008.uasset" 5407
"../../../Engine/Content/EngineMaterials/Substrate/GLints/dict_16_192_64_0p5_0p02_0017_0003.uasset" 5408
"../../../Engine/Content/EngineMaterials/Substrate/GLints/dict_16_192_64_0p5_0p02_0017_0006.uasset" 5409
"D:/FYP_UE/FYP/DerivedDataCache/VT/TEXTURE_7C16439390E24F1F9468894FB4D4BC55_VTCHUNK44B429B40BB45A070EB17C1259C28734996A2F49" 5410
"D:/FYP_UE/FYP/DerivedDataCache/VT/TEXTURE_7C16439390E24F1F9468894FB4D4BC55_VTCHUNK967C747FFC357A828288FA05D93CD5DCECDA891B" 5411
"../../../Engine/Content/EngineMaterials/Substrate/GLints/dict_16_192_64_0p5_0p02_0019_0010.uasset" 5412
"../../../Engine/Content/EngineMaterials/Substrate/GLints/dict_16_192_64_0p5_0p02_0020_0004.uasset" 5413
"D:/FYP_UE/FYP/DerivedDataCache/VT/TEXTURE_7C16439390E24F1F9468894FB4D4BC55_VTCHUNK02D4C3BCAD7DFA48AB32B8281FB06B8B83DB6275" 5414
"../../../Engine/Content/EngineMaterials/Substrate/GLints/dict_16_192_64_0p5_0p02_0017_0008.uasset" 5415
"../../../Engine/Content/EngineMaterials/Substrate/GLints/dict_16_192_64_0p5_0p02_0019_0002.uasset" 5416
"D:/FYP_UE/FYP/DerivedDataCache/VT/TEXTURE_7C16439390E24F1F9468894FB4D4BC55_VTCHUNKC0393DE8C5B4673D99D1BECB92AA8C1F72FEB491" 5417
"D:/FYP_UE/FYP/DerivedDataCache/VT/TEXTURE_7C16439390E24F1F9468894FB4D4BC55_VTCHUNK2A5F9F60441DA258D18B46D59C64D5BAD50E8EE3" 5418
"/Engine/EngineMaterials/Substrate/GLints/dict_16_192_64_0p5_0p02_0020_0010" 5419
"/Engine/EngineMaterials/Substrate/GLints/dict_16_192_64_0p5_0p02_0020_0009" 5420
"/Engine/EngineMaterials/Substrate/GLints/dict_16_192_64_0p5_0p02_0020_0008" 5421
"/Engine/EngineMaterials/Substrate/GLints/dict_16_192_64_0p5_0p02_0020_0007" 5422
"/Engine/EngineMaterials/Substrate/GLints/dict_16_192_64_0p5_0p02_0020_0006" 5423
"/Engine/EngineMaterials/Substrate/GLints/dict_16_192_64_0p5_0p02_0020_0005" 5424
"/Engine/EngineMaterials/Substrate/GLints/dict_16_192_64_0p5_0p02_0020_0012" 5425
"/Engine/EngineMaterials/Substrate/GLints/dict_16_192_64_0p5_0p02_0020_0004" 5426
"/Engine/EngineMaterials/Substrate/GLints/dict_16_192_64_0p5_0p02_0020_0003" 5427
"/Engine/EngineMaterials/Substrate/GLints/dict_16_192_64_0p5_0p02_0020_0000" 5428
"/Engine/EngineMaterials/Substrate/GLints/dict_16_192_64_0p5_0p02_0019_0015" 5429
"/Engine/EngineMaterials/Substrate/GLints/dict_16_192_64_0p5_0p02_0019_0014" 5430
"/Engine/EngineMaterials/Substrate/GLints/dict_16_192_64_0p5_0p02_0019_0013" 5431
"/Engine/EngineMaterials/Substrate/GLints/dict_16_192_64_0p5_0p02_0019_0012" 5432
"/Engine/EngineMaterials/Substrate/GLints/dict_16_192_64_0p5_0p02_0019_0011" 5433
"/Engine/EngineMaterials/Substrate/GLints/dict_16_192_64_0p5_0p02_0019_0010" 5434
"/Engine/EngineMaterials/Substrate/GLints/dict_16_192_64_0p5_0p02_0019_0009" 5435
"/Engine/EngineMaterials/Substrate/GLints/dict_16_192_64_0p5_0p02_0019_0008" 5436
"/Engine/EngineMaterials/Substrate/GLints/dict_16_192_64_0p5_0p02_0019_0007" 5437
"/Engine/EngineMaterials/Substrate/GLints/dict_16_192_64_0p5_0p02_0019_0006" 5438
"/Engine/EngineMaterials/Substrate/GLints/dict_16_192_64_0p5_0p02_0020_0002" 5439
"/Engine/EngineMaterials/Substrate/GLints/dict_16_192_64_0p5_0p02_0020_0011" 5440
"/Engine/EngineMaterials/Substrate/GLints/dict_16_192_64_0p5_0p02_0020_0001" 5441
"/Engine/EngineMaterials/Substrate/GLints/dict_16_192_64_0p5_0p02_0019_0005" 5442
"/Engine/EngineMaterials/Substrate/GLints/dict_16_192_64_0p5_0p02_0019_0004" 5443
"/Engine/EngineMaterials/Substrate/GLints/dict_16_192_64_0p5_0p02_0014_0008" 5444
"/Engine/EngineMaterials/Substrate/GLints/dict_16_192_64_0p5_0p02_0017_0008" 5445
"/Engine/EngineMaterials/Substrate/GLints/dict_16_192_64_0p5_0p02_0017_0007" 5446
"/Engine/EngineMaterials/Substrate/GLints/dict_16_192_64_0p5_0p02_0017_0006" 5447
"/Engine/EngineMaterials/Substrate/GLints/dict_16_192_64_0p5_0p02_0019_0003" 5448
"/Engine/EngineMaterials/Substrate/GLints/dict_16_192_64_0p5_0p02_0019_0002" 5449
"/Engine/EngineMaterials/Substrate/GLints/dict_16_192_64_0p5_0p02_0017_0003" 5450
"../../../Engine/Content/EngineMaterials/Substrate/GLints/dict_16_192_64_0p5_0p02_0021_0005.uasset" 5451
"/Engine/EngineMaterials/Substrate/GLints/dict_16_192_64_0p5_0p02_0021_0005" 5452
"../../../Engine/Content/EngineMaterials/Substrate/GLints/dict_16_192_64_0p5_0p02_0020_0014.uasset" 5453
"../../../Engine/Content/EngineMaterials/Substrate/GLints/dict_16_192_64_0p5_0p02_0021_0011.uasset" 5454
"../../../Engine/Content/EngineMaterials/Substrate/GLints/dict_16_192_64_0p5_0p02_0021_0013.uasset" 5455
"../../../Engine/Content/EngineMaterials/Substrate/GLints/dict_16_192_64_0p5_0p02_0021_0006.uasset" 5456
"../../../Engine/Content/EngineMaterials/Substrate/GLints/dict_16_192_64_0p5_0p02_0021_0008.uasset" 5457
"../../../Engine/Content/EngineMaterials/Substrate/GLints/dict_16_192_64_0p5_0p02_0021_0001.uasset" 5458
"../../../Engine/Content/EngineMaterials/Substrate/GLints/dict_16_192_64_0p5_0p02_0021_0014.uasset" 5459
"../../../Engine/Content/EngineMaterials/Substrate/GLints/dict_16_192_64_0p5_0p02_0021_0002.uasset" 5460
"../../../Engine/Content/EngineMaterials/Substrate/GLints/dict_16_192_64_0p5_0p02_0021_0010.uasset" 5461
"../../../Engine/Content/EngineMaterials/Substrate/GLints/dict_16_192_64_0p5_0p02_0021_0004.uasset" 5462
"../../../Engine/Content/EngineMaterials/Substrate/GLints/dict_16_192_64_0p5_0p02_0022_0001.uasset" 5463
"/Engine/EngineMaterials/Substrate/GLints/dict_16_192_64_0p5_0p02_0021_0014" 5464
"/Engine/EngineMaterials/Substrate/GLints/dict_16_192_64_0p5_0p02_0021_0013" 5465
"/Engine/EngineMaterials/Substrate/GLints/dict_16_192_64_0p5_0p02_0021_0011" 5466
"/Engine/EngineMaterials/Substrate/GLints/dict_16_192_64_0p5_0p02_0021_0010" 5467
"/Engine/EngineMaterials/Substrate/GLints/dict_16_192_64_0p5_0p02_0021_0008" 5468
"/Engine/EngineMaterials/Substrate/GLints/dict_16_192_64_0p5_0p02_0021_0006" 5469
"/Engine/EngineMaterials/Substrate/GLints/dict_16_192_64_0p5_0p02_0021_0004" 5470
"/Engine/EngineMaterials/Substrate/GLints/dict_16_192_64_0p5_0p02_0021_0002" 5471
"/Engine/EngineMaterials/Substrate/GLints/dict_16_192_64_0p5_0p02_0021_0001" 5472
"/Engine/EngineMaterials/Substrate/GLints/dict_16_192_64_0p5_0p02_0020_0014" 5473
"../../../Engine/Content/EngineMaterials/Substrate/GLints/dict_16_192_64_0p5_0p02_0022_0003.uasset" 5474
"/Engine/EngineMaterials/Substrate/GLints/dict_16_192_64_0p5_0p02_0022_0003" 5475
"/Engine/EngineMaterials/Substrate/GLints/dict_16_192_64_0p5_0p02_0022_0001" 5476
"../../../Engine/Content/EngineMaterials/Substrate/GLints/dict_16_192_64_0p5_0p02_0022_0002.uasset" 5477
"../../../Engine/Content/EngineMaterials/Substrate/GLints/dict_16_192_64_0p5_0p02_0022_0005.uasset" 5478
"../../../Engine/Content/EngineMaterials/Substrate/GLints/dict_16_192_64_0p5_0p02_0022_0012.uasset" 5479
"../../../Engine/Content/EngineMaterials/Substrate/GLints/dict_16_192_64_0p5_0p02_0022_0008.uasset" 5480
"../../../Engine/Content/EngineMaterials/Substrate/GLints/dict_16_192_64_0p5_0p02_0022_0011.uasset" 5481
"../../../Engine/Content/EngineMaterials/Substrate/GLints/dict_16_192_64_0p5_0p02_0022_0013.uasset" 5482
"../../../Engine/Content/EngineMaterials/Substrate/GLints/dict_16_192_64_0p5_0p02_0022_0014.uasset" 5483
"/Engine/EngineMaterials/Substrate/GLints/dict_16_192_64_0p5_0p02_0022_0012" 5484
"/Engine/EngineMaterials/Substrate/GLints/dict_16_192_64_0p5_0p02_0022_0011" 5485
"/Engine/EngineMaterials/Substrate/GLints/dict_16_192_64_0p5_0p02_0022_0008" 5486
"/Engine/EngineMaterials/Substrate/GLints/dict_16_192_64_0p5_0p02_0022_0005" 5487
"/Engine/EngineMaterials/Substrate/GLints/dict_16_192_64_0p5_0p02_0022_0002" 5488
"/Engine/EngineMaterials/Substrate/GLints/dict_16_192_64_0p5_0p02_0022_0013" 5489
"/Engine/EngineMaterials/Substrate/GLints/dict_16_192_64_0p5_0p02_0022_0014" 5490
"../../../Engine/Content/EngineMaterials/Substrate/GLints/dict_16_192_64_0p5_0p02_0023_0000.uasset" 5491
"../../../Engine/Content/EngineMaterials/Substrate/GLints/dict_16_192_64_0p5_0p02_0022_0015.uasset" 5492
"../../../Engine/Content/EngineMaterials/Substrate/GLints/dict_16_192_64_0p5_0p02_0022_0010.uasset" 5493
"/Engine/EngineMaterials/Substrate/GLints/dict_16_192_64_0p5_0p02_0022_0010" 5494
"/Engine/EngineMaterials/Substrate/GLints/dict_16_192_64_0p5_0p02_0023_0000" 5495
"/Engine/EngineMaterials/Substrate/GLints/dict_16_192_64_0p5_0p02_0022_0015" 5496
"../../../Engine/Content/EngineMaterials/Substrate/GLints/dict_16_192_64_0p5_0p02_0023_0001.uasset" 5497
"../../../Engine/Content/EngineMaterials/Substrate/GLints/dict_16_192_64_0p5_0p02_0023_0002.uasset" 5498
"../../../Engine/Content/EngineMaterials/Substrate/GLints/dict_16_192_64_0p5_0p02_0023_0004.uasset" 5499
"../../../Engine/Content/EngineMaterials/Substrate/GLints/dict_16_192_64_0p5_0p02_0023_0005.uasset" 5500
"../../../Engine/Content/EngineMaterials/Substrate/GLints/dict_16_192_64_0p5_0p02_0023_0008.uasset" 5501
"../../../Engine/Content/EngineMaterials/Substrate/GLints/dict_16_192_64_0p5_0p02_0023_0007.uasset" 5502
"/Engine/EngineMaterials/Substrate/GLints/dict_16_192_64_0p5_0p02_0023_0008" 5503
"/Engine/EngineMaterials/Substrate/GLints/dict_16_192_64_0p5_0p02_0023_0007" 5504
"/Engine/EngineMaterials/Substrate/GLints/dict_16_192_64_0p5_0p02_0023_0005" 5505
"/Engine/EngineMaterials/Substrate/GLints/dict_16_192_64_0p5_0p02_0023_0004" 5506
"/Engine/EngineMaterials/Substrate/GLints/dict_16_192_64_0p5_0p02_0023_0002" 5507
"/Engine/EngineMaterials/Substrate/GLints/dict_16_192_64_0p5_0p02_0023_0001" 5508
"../../../Engine/Content/EngineMaterials/Substrate/GLints/dict_16_192_64_0p5_0p02_0023_0010.uasset" 5509
"../../../Engine/Content/EngineMaterials/Substrate/GLints/dict_16_192_64_0p5_0p02_0023_0009.uasset" 5510
"../../../Engine/Content/EngineMaterials/Substrate/GLints/dict_16_192_64_0p5_0p02_0023_0011.uasset" 5511
"../../../Engine/Content/EngineMaterials/Substrate/GLints/dict_16_192_64_0p5_0p02_0023_0012.uasset" 5512
"../../../Engine/Content/EngineMaterials/Substrate/GLints/dict_16_192_64_0p5_0p02_0023_0013.uasset" 5513
"../../../Engine/Content/EngineMaterials/Substrate/GLints/dict_16_192_64_0p5_0p02_0023_0006.uasset" 5514
"../../../Engine/Content/EngineMaterials/Substrate/GLints/dict_16_192_64_0p5_0p02_0023_0014.uasset" 5515
"/Engine/EngineMaterials/Substrate/GLints/dict_16_192_64_0p5_0p02_0023_0014" 5516
"/Engine/EngineMaterials/Substrate/GLints/dict_16_192_64_0p5_0p02_0023_0013" 5517
"/Engine/EngineMaterials/Substrate/GLints/dict_16_192_64_0p5_0p02_0023_0009" 5518
"/Engine/EngineMaterials/Substrate/GLints/dict_16_192_64_0p5_0p02_0023_0012" 5519
"/Engine/EngineMaterials/Substrate/GLints/dict_16_192_64_0p5_0p02_0023_0006" 5520
"/Engine/EngineMaterials/Substrate/GLints/dict_16_192_64_0p5_0p02_0023_0011" 5521
"/Engine/EngineMaterials/Substrate/GLints/dict_16_192_64_0p5_0p02_0023_0010" 5522
"../../../Engine/Content/EngineMaterials/Substrate/GLints/dict_16_192_64_0p5_0p02_0023_0015.uasset" 5523
"../../../Engine/Content/EngineMaterials/Substrate/GLints/dict_16_192_64_0p5_0p02_0024_0001.uasset" 5524
"../../../Engine/Content/EngineMaterials/Substrate/GLints/dict_16_192_64_0p5_0p02_0024_0003.uasset" 5525
"../../../Engine/Content/EngineMaterials/Substrate/GLints/dict_16_192_64_0p5_0p02_0024_0000.uasset" 5526
"../../../Engine/Content/EngineMaterials/Substrate/GLints/dict_16_192_64_0p5_0p02_0024_0002.uasset" 5527
"../../../Engine/Content/EngineMaterials/Substrate/GLints/dict_16_192_64_0p5_0p02_0024_0005.uasset" 5528
"../../../Engine/Content/EngineMaterials/Substrate/GLints/dict_16_192_64_0p5_0p02_0021_0009.uasset" 5529
"../../../Engine/Content/EngineMaterials/Substrate/GLints/dict_16_192_64_0p5_0p02_0022_0000.uasset" 5530
"../../../Engine/Content/EngineMaterials/Substrate/GLints/dict_16_192_64_0p5_0p02_0021_0003.uasset" 5531
"../../../Engine/Content/EngineMaterials/Substrate/GLints/dict_16_192_64_0p5_0p02_0021_0000.uasset" 5532
"../../../Engine/Content/EngineMaterials/Substrate/GLints/dict_16_192_64_0p5_0p02_0021_0012.uasset" 5533
"/Engine/EngineMaterials/Substrate/GLints/dict_16_192_64_0p5_0p02_0024_0000" 5534
"/Engine/EngineMaterials/Substrate/GLints/dict_16_192_64_0p5_0p02_0023_0015" 5535
"../../../Engine/Content/EngineMaterials/Substrate/GLints/dict_16_192_64_0p5_0p02_0024_0008.uasset" 5536
"../../../Engine/Content/EngineMaterials/Substrate/GLints/dict_16_192_64_0p5_0p02_0024_0006.uasset" 5537
"../../../Engine/Content/EngineMaterials/Substrate/GLints/dict_16_192_64_0p5_0p02_0024_0007.uasset" 5538
"/Engine/EngineMaterials/Substrate/GLints/dict_16_192_64_0p5_0p02_0024_0003" 5539
"../../../Engine/Content/EngineMaterials/Substrate/GLints/dict_16_192_64_0p5_0p02_0024_0009.uasset" 5540
"/Engine/EngineMaterials/Substrate/GLints/dict_16_192_64_0p5_0p02_0022_0000" 5541
"/Engine/EngineMaterials/Substrate/GLints/dict_16_192_64_0p5_0p02_0021_0012" 5542
"/Engine/EngineMaterials/Substrate/GLints/dict_16_192_64_0p5_0p02_0021_0009" 5543
"/Engine/EngineMaterials/Substrate/GLints/dict_16_192_64_0p5_0p02_0024_0005" 5544
"/Engine/EngineMaterials/Substrate/GLints/dict_16_192_64_0p5_0p02_0021_0003" 5545
"/Engine/EngineMaterials/Substrate/GLints/dict_16_192_64_0p5_0p02_0024_0002" 5546
"/Engine/EngineMaterials/Substrate/GLints/dict_16_192_64_0p5_0p02_0024_0001" 5547
"/Engine/EngineMaterials/Substrate/GLints/dict_16_192_64_0p5_0p02_0021_0000" 5548
"/Engine/EngineMaterials/Substrate/GLints/dict_16_192_64_0p5_0p02_0024_0009" 5549
"/Engine/EngineMaterials/Substrate/GLints/dict_16_192_64_0p5_0p02_0024_0008" 5550
"/Engine/EngineMaterials/Substrate/GLints/dict_16_192_64_0p5_0p02_0024_0007" 5551
"/Engine/EngineMaterials/Substrate/GLints/dict_16_192_64_0p5_0p02_0024_0006" 5552
"../../../Engine/Content/EngineMaterials/Substrate/GLints/dict_16_192_64_0p5_0p02_0024_0011.uasset" 5553
"../../../Engine/Content/EngineMaterials/Substrate/GLints/dict_16_192_64_0p5_0p02_0024_0010.uasset" 5554
"../../../Engine/Content/EngineMaterials/Substrate/GLints/dict_16_192_64_0p5_0p02_0024_0012.uasset" 5555
"../../../Engine/Content/EngineMaterials/Substrate/GLints/dict_16_192_64_0p5_0p02_0020_0013.uasset" 5556
"../../../Engine/Content/EngineMaterials/Substrate/GLints/dict_16_192_64_0p5_0p02_0020_0015.uasset" 5557
"../../../Engine/Content/EngineMaterials/Substrate/GLints/dict_16_192_64_0p5_0p02_0025_0004.uasset" 5558
"../../../Engine/Content/EngineMaterials/Substrate/GLints/dict_16_192_64_0p5_0p02_0025_0002.uasset" 5559
"../../../Engine/Content/EngineMaterials/Substrate/GLints/dict_16_192_64_0p5_0p02_0024_0015.uasset" 5560
"../../../Engine/Content/EngineMaterials/Substrate/GLints/dict_16_192_64_0p5_0p02_0025_0005.uasset" 5561
"../../../Engine/Content/EngineMaterials/Substrate/GLints/dict_16_192_64_0p5_0p02_0025_0006.uasset" 5562
"/Engine/EngineMaterials/Substrate/GLints/dict_16_192_64_0p5_0p02_0024_0015" 5563
"../../../Engine/Content/EngineMaterials/Substrate/GLints/dict_16_192_64_0p5_0p02_0025_0001.uasset" 5564
"../../../Engine/Content/EngineMaterials/Substrate/GLints/dict_16_192_64_0p5_0p02_0025_0007.uasset" 5565
"/Engine/EngineMaterials/Substrate/GLints/dict_16_192_64_0p5_0p02_0024_0012" 5566
"/Engine/EngineMaterials/Substrate/GLints/dict_16_192_64_0p5_0p02_0025_0006" 5567
"/Engine/EngineMaterials/Substrate/GLints/dict_16_192_64_0p5_0p02_0025_0005" 5568
"/Engine/EngineMaterials/Substrate/GLints/dict_16_192_64_0p5_0p02_0024_0011" 5569
"/Engine/EngineMaterials/Substrate/GLints/dict_16_192_64_0p5_0p02_0025_0004" 5570
"/Engine/EngineMaterials/Substrate/GLints/dict_16_192_64_0p5_0p02_0025_0002" 5571
"/Engine/EngineMaterials/Substrate/GLints/dict_16_192_64_0p5_0p02_0020_0015" 5572
"/Engine/EngineMaterials/Substrate/GLints/dict_16_192_64_0p5_0p02_0024_0010" 5573
"/Engine/EngineMaterials/Substrate/GLints/dict_16_192_64_0p5_0p02_0020_0013" 5574
"/Engine/EngineMaterials/Substrate/GLints/dict_16_192_64_0p5_0p02_0025_0007" 5575
"../../../Engine/Content/EngineMaterials/Substrate/GLints/dict_16_192_64_0p5_0p02_0025_0008.uasset" 5576
"/Engine/EngineMaterials/Substrate/GLints/dict_16_192_64_0p5_0p02_0025_0001" 5577
"/Engine/EngineMaterials/Substrate/GLints/dict_16_192_64_0p5_0p02_0025_0008" 5578
"../../../Engine/Content/EngineMaterials/Substrate/GLints/dict_16_192_64_0p5_0p02_0025_0011.uasset" 5579
"../../../Engine/Content/EngineMaterials/Substrate/GLints/dict_16_192_64_0p5_0p02_0025_0012.uasset" 5580
"../../../Engine/Content/EngineMaterials/Substrate/GLints/dict_16_192_64_0p5_0p02_0025_0014.uasset" 5581
"../../../Engine/Content/EngineMaterials/Substrate/GLints/dict_16_192_64_0p5_0p02_0025_0009.uasset" 5582
"../../../Engine/Content/EngineMaterials/Substrate/GLints/dict_16_192_64_0p5_0p02_0025_0015.uasset" 5583
"../../../Engine/Content/EngineMaterials/Substrate/GLints/dict_16_192_64_0p5_0p02_0025_0010.uasset" 5584
"../../../Engine/Content/EngineMaterials/Substrate/GLints/dict_16_192_64_0p5_0p02_0026_0003.uasset" 5585
"../../../Engine/Content/EngineMaterials/Substrate/GLints/dict_16_192_64_0p5_0p02_0026_0001.uasset" 5586
"/Engine/EngineMaterials/Substrate/GLints/dict_16_192_64_0p5_0p02_0025_0011" 5587
"../../../Engine/Content/EngineMaterials/Substrate/GLints/dict_16_192_64_0p5_0p02_0026_0004.uasset" 5588
"../../../Engine/Content/EngineMaterials/Substrate/GLints/dict_16_192_64_0p5_0p02_0026_0005.uasset" 5589
"/Engine/EngineMaterials/Substrate/GLints/dict_16_192_64_0p5_0p02_0025_0010" 5590
"../../../Engine/Content/EngineMaterials/Substrate/GLints/dict_16_192_64_0p5_0p02_0026_0002.uasset" 5591
"/Engine/EngineMaterials/Substrate/GLints/dict_16_192_64_0p5_0p02_0025_0009" 5592
"/Engine/EngineMaterials/Substrate/GLints/dict_16_192_64_0p5_0p02_0025_0015" 5593
"/Engine/EngineMaterials/Substrate/GLints/dict_16_192_64_0p5_0p02_0025_0014" 5594
"/Engine/EngineMaterials/Substrate/GLints/dict_16_192_64_0p5_0p02_0025_0012" 5595
"/Engine/EngineMaterials/Substrate/GLints/dict_16_192_64_0p5_0p02_0026_0005" 5596
"/Engine/EngineMaterials/Substrate/GLints/dict_16_192_64_0p5_0p02_0026_0004" 5597
"/Engine/EngineMaterials/Substrate/GLints/dict_16_192_64_0p5_0p02_0026_0003" 5598
"/Engine/EngineMaterials/Substrate/GLints/dict_16_192_64_0p5_0p02_0026_0002" 5599
"/Engine/EngineMaterials/Substrate/GLints/dict_16_192_64_0p5_0p02_0026_0001" 5600
"../../../Engine/Content/EngineMaterials/Substrate/GLints/dict_16_192_64_0p5_0p02_0026_0007.uasset" 5601
"../../../Engine/Content/EngineMaterials/Substrate/GLints/dict_16_192_64_0p5_0p02_0026_0008.uasset" 5602
"../../../Engine/Content/EngineMaterials/Substrate/GLints/dict_16_192_64_0p5_0p02_0026_0006.uasset" 5603
"../../../Engine/Content/EngineMaterials/Substrate/GLints/dict_16_192_64_0p5_0p02_0026_0012.uasset" 5604
"../../../Engine/Content/EngineMaterials/Substrate/GLints/dict_16_192_64_0p5_0p02_0022_0007.uasset" 5605
"../../../Engine/Content/EngineMaterials/Substrate/GLints/dict_16_192_64_0p5_0p02_0026_0011.uasset" 5606
"../../../Engine/Content/EngineMaterials/Substrate/GLints/dict_16_192_64_0p5_0p02_0026_0009.uasset" 5607
"../../../Engine/Content/EngineMaterials/Substrate/GLints/dict_16_192_64_0p5_0p02_0026_0013.uasset" 5608
"/Engine/EngineMaterials/Substrate/GLints/dict_16_192_64_0p5_0p02_0022_0007" 5609
"/Engine/EngineMaterials/Substrate/GLints/dict_16_192_64_0p5_0p02_0026_0009" 5610
"/Engine/EngineMaterials/Substrate/GLints/dict_16_192_64_0p5_0p02_0026_0012" 5611
"/Engine/EngineMaterials/Substrate/GLints/dict_16_192_64_0p5_0p02_0026_0008" 5612
"/Engine/EngineMaterials/Substrate/GLints/dict_16_192_64_0p5_0p02_0026_0011" 5613
"/Engine/EngineMaterials/Substrate/GLints/dict_16_192_64_0p5_0p02_0026_0013" 5614
"/Engine/EngineMaterials/Substrate/GLints/dict_16_192_64_0p5_0p02_0026_0007" 5615
"/Engine/EngineMaterials/Substrate/GLints/dict_16_192_64_0p5_0p02_0026_0006" 5616
"../../../Engine/Content/EngineMaterials/Substrate/GLints/dict_16_192_64_0p5_0p02_0026_0014.uasset" 5617
"../../../Engine/Content/EngineMaterials/Substrate/GLints/dict_16_192_64_0p5_0p02_0027_0003.uasset" 5618
"../../../Engine/Content/EngineMaterials/Substrate/GLints/dict_16_192_64_0p5_0p02_0026_0015.uasset" 5619
"../../../Engine/Content/EngineMaterials/Substrate/GLints/dict_16_192_64_0p5_0p02_0027_0001.uasset" 5620
"../../../Engine/Content/EngineMaterials/Substrate/GLints/dict_16_192_64_0p5_0p02_0027_0004.uasset" 5621
"../../../Engine/Content/EngineMaterials/Substrate/GLints/dict_16_192_64_0p5_0p02_0027_0005.uasset" 5622
"../../../Engine/Content/EngineMaterials/Substrate/GLints/dict_16_192_64_0p5_0p02_0027_0002.uasset" 5623
"../../../Engine/Content/EngineMaterials/Substrate/GLints/dict_16_192_64_0p5_0p02_0026_0010.uasset" 5624
"../../../Engine/Content/EngineMaterials/Substrate/GLints/dict_16_192_64_0p5_0p02_0027_0006.uasset" 5625
"../../../Engine/Content/EngineMaterials/Substrate/GLints/dict_16_192_64_0p5_0p02_0027_0007.uasset" 5626
"/Engine/EngineMaterials/Substrate/GLints/dict_16_192_64_0p5_0p02_0027_0002" 5627
"/Engine/EngineMaterials/Substrate/GLints/dict_16_192_64_0p5_0p02_0027_0001" 5628
"/Engine/EngineMaterials/Substrate/GLints/dict_16_192_64_0p5_0p02_0026_0015" 5629
"../../../Engine/Content/EngineMaterials/Substrate/GLints/dict_16_192_64_0p5_0p02_0027_0009.uasset" 5630
"/Engine/EngineMaterials/Substrate/GLints/dict_16_192_64_0p5_0p02_0026_0014" 5631
"/Engine/EngineMaterials/Substrate/GLints/dict_16_192_64_0p5_0p02_0027_0006" 5632
"../../../Engine/Content/EngineMaterials/Substrate/GLints/dict_16_192_64_0p5_0p02_0023_0003.uasset" 5633
"/Engine/EngineMaterials/Substrate/GLints/dict_16_192_64_0p5_0p02_0027_0005" 5634
"/Engine/EngineMaterials/Substrate/GLints/dict_16_192_64_0p5_0p02_0026_0010" 5635
"/Engine/EngineMaterials/Substrate/GLints/dict_16_192_64_0p5_0p02_0027_0004" 5636
"/Engine/EngineMaterials/Substrate/GLints/dict_16_192_64_0p5_0p02_0027_0003" 5637
"/Engine/EngineMaterials/Substrate/GLints/dict_16_192_64_0p5_0p02_0027_0009" 5638
"/Engine/EngineMaterials/Substrate/GLints/dict_16_192_64_0p5_0p02_0023_0003" 5639
"/Engine/EngineMaterials/Substrate/GLints/dict_16_192_64_0p5_0p02_0027_0007" 5640
"../../../Engine/Content/EngineMaterials/Substrate/GLints/dict_16_192_64_0p5_0p02_0027_0011.uasset" 5641
"../../../Engine/Content/EngineMaterials/Substrate/GLints/dict_16_192_64_0p5_0p02_0027_0010.uasset" 5642
"../../../Engine/Content/EngineMaterials/Substrate/GLints/dict_16_192_64_0p5_0p02_0027_0008.uasset" 5643
"../../../Engine/Content/EngineMaterials/Substrate/GLints/dict_16_192_64_0p5_0p02_0027_0012.uasset" 5644
"../../../Engine/Content/EngineMaterials/Substrate/GLints/dict_16_192_64_0p5_0p02_0027_0015.uasset" 5645
"../../../Engine/Content/EngineMaterials/Substrate/GLints/dict_16_192_64_0p5_0p02_0027_0014.uasset" 5646
"../../../Engine/Content/EngineMaterials/Substrate/GLints/dict_16_192_64_0p5_0p02_0028_0000.uasset" 5647
"../../../Engine/Content/EngineMaterials/Substrate/GLints/dict_16_192_64_0p5_0p02_0028_0002.uasset" 5648
"../../../Engine/Content/EngineMaterials/Substrate/GLints/dict_16_192_64_0p5_0p02_0028_0001.uasset" 5649
"/Engine/EngineMaterials/Substrate/GLints/dict_16_192_64_0p5_0p02_0027_0015" 5650
"/Engine/EngineMaterials/Substrate/GLints/dict_16_192_64_0p5_0p02_0027_0014" 5651
"../../../Engine/Content/EngineMaterials/Substrate/GLints/dict_16_192_64_0p5_0p02_0028_0003.uasset" 5652
"/Engine/EngineMaterials/Substrate/GLints/dict_16_192_64_0p5_0p02_0027_0012" 5653
"../../../Engine/Content/EngineMaterials/Substrate/GLints/dict_16_192_64_0p5_0p02_0028_0004.uasset" 5654
"/Engine/EngineMaterials/Substrate/GLints/dict_16_192_64_0p5_0p02_0027_0011" 5655
"/Engine/EngineMaterials/Substrate/GLints/dict_16_192_64_0p5_0p02_0027_0010" 5656
"/Engine/EngineMaterials/Substrate/GLints/dict_16_192_64_0p5_0p02_0027_0008" 5657
"/Engine/EngineMaterials/Substrate/GLints/dict_16_192_64_0p5_0p02_0028_0002" 5658
"/Engine/EngineMaterials/Substrate/GLints/dict_16_192_64_0p5_0p02_0028_0000" 5659
"/Engine/EngineMaterials/Substrate/GLints/dict_16_192_64_0p5_0p02_0028_0004" 5660
"/Engine/EngineMaterials/Substrate/GLints/dict_16_192_64_0p5_0p02_0028_0003" 5661
"/Engine/EngineMaterials/Substrate/GLints/dict_16_192_64_0p5_0p02_0028_0001" 5662
"../../../Engine/Content/EngineMaterials/Substrate/GLints/dict_16_192_64_0p5_0p02_0028_0006.uasset" 5663
"/Engine/EngineMaterials/Substrate/GLints/dict_16_192_64_0p5_0p02_0028_0006" 5664
"../../../Engine/Content/EngineMaterials/Substrate/GLints/dict_16_192_64_0p5_0p02_0028_0007.uasset" 5665
"../../../Engine/Content/EngineMaterials/Substrate/GLints/dict_16_192_64_0p5_0p02_0028_0008.uasset" 5666
"../../../Engine/Content/EngineMaterials/Substrate/GLints/dict_16_192_64_0p5_0p02_0028_0009.uasset" 5667
"../../../Engine/Content/EngineMaterials/Substrate/GLints/dict_16_192_64_0p5_0p02_0024_0004.uasset" 5668
"../../../Engine/Content/EngineMaterials/Substrate/GLints/dict_16_192_64_0p5_0p02_0021_0015.uasset" 5669
"../../../Engine/Content/EngineMaterials/Substrate/GLints/dict_16_192_64_0p5_0p02_0028_0010.uasset" 5670
"../../../Engine/Content/EngineMaterials/Substrate/GLints/dict_16_192_64_0p5_0p02_0028_0011.uasset" 5671
"/Engine/EngineMaterials/Substrate/GLints/dict_16_192_64_0p5_0p02_0028_0008" 5672
"/Engine/EngineMaterials/Substrate/GLints/dict_16_192_64_0p5_0p02_0028_0007" 5673
"/Engine/EngineMaterials/Substrate/GLints/dict_16_192_64_0p5_0p02_0021_0015" 5674
"../../../Engine/Content/EngineMaterials/Substrate/GLints/dict_16_192_64_0p5_0p02_0028_0012.uasset" 5675
"/Engine/EngineMaterials/Substrate/GLints/dict_16_192_64_0p5_0p02_0028_0011" 5676
"/Engine/EngineMaterials/Substrate/GLints/dict_16_192_64_0p5_0p02_0028_0010" 5677
"/Engine/EngineMaterials/Substrate/GLints/dict_16_192_64_0p5_0p02_0028_0009" 5678
"/Engine/EngineMaterials/Substrate/GLints/dict_16_192_64_0p5_0p02_0024_0004" 5679
"/Engine/EngineMaterials/Substrate/GLints/dict_16_192_64_0p5_0p02_0028_0012" 5680
"../../../Engine/Content/EngineMaterials/Substrate/GLints/dict_16_192_64_0p5_0p02_0028_0013.uasset" 5681
"../../../Engine/Content/EngineMaterials/Substrate/GLints/dict_16_192_64_0p5_0p02_0028_0015.uasset" 5682
"../../../Engine/Content/EngineMaterials/Substrate/GLints/dict_16_192_64_0p5_0p02_0029_0000.uasset" 5683
"../../../Engine/Content/EngineMaterials/Substrate/GLints/dict_16_192_64_0p5_0p02_0029_0003.uasset" 5684
"../../../Engine/Content/EngineMaterials/Substrate/GLints/dict_16_192_64_0p5_0p02_0029_0004.uasset" 5685
"../../../Engine/Content/EngineMaterials/Substrate/GLints/dict_16_192_64_0p5_0p02_0029_0002.uasset" 5686
"../../../Engine/Content/EngineMaterials/Substrate/GLints/dict_16_192_64_0p5_0p02_0029_0005.uasset" 5687
"../../../Engine/Content/EngineMaterials/Substrate/GLints/dict_16_192_64_0p5_0p02_0029_0006.uasset" 5688
"/Engine/EngineMaterials/Substrate/GLints/dict_16_192_64_0p5_0p02_0029_0003" 5689
"/Engine/EngineMaterials/Substrate/GLints/dict_16_192_64_0p5_0p02_0029_0002" 5690
"/Engine/EngineMaterials/Substrate/GLints/dict_16_192_64_0p5_0p02_0029_0000" 5691
"/Engine/EngineMaterials/Substrate/GLints/dict_16_192_64_0p5_0p02_0028_0015" 5692
"../../../Engine/Content/EngineMaterials/Substrate/GLints/dict_16_192_64_0p5_0p02_0029_0007.uasset" 5693
"/Engine/EngineMaterials/Substrate/GLints/dict_16_192_64_0p5_0p02_0029_0006" 5694
"/Engine/EngineMaterials/Substrate/GLints/dict_16_192_64_0p5_0p02_0029_0005" 5695
"/Engine/EngineMaterials/Substrate/GLints/dict_16_192_64_0p5_0p02_0028_0013" 5696
"/Engine/EngineMaterials/Substrate/GLints/dict_16_192_64_0p5_0p02_0029_0004" 5697
"../../../Engine/Content/EngineMaterials/Substrate/GLints/dict_16_192_64_0p5_0p02_0021_0007.uasset" 5698
"/Engine/EngineMaterials/Substrate/GLints/dict_16_192_64_0p5_0p02_0029_0007" 5699
"/Engine/EngineMaterials/Substrate/GLints/dict_16_192_64_0p5_0p02_0021_0007" 5700
"../../../Engine/Content/EngineMaterials/Substrate/GLints/dict_16_192_64_0p5_0p02_0029_0008.uasset" 5701
"/Engine/EngineMaterials/Substrate/GLints/dict_16_192_64_0p5_0p02_0029_0008" 5702
"../../../Engine/Content/EngineMaterials/Substrate/GLints/dict_16_192_64_0p5_0p02_0029_0009.uasset" 5703
"../../../Engine/Content/EngineMaterials/Substrate/GLints/dict_16_192_64_0p5_0p02_0029_0012.uasset" 5704
"../../../Engine/Content/EngineMaterials/Substrate/GLints/dict_16_192_64_0p5_0p02_0029_0013.uasset" 5705
"../../../Engine/Content/EngineMaterials/Substrate/GLints/dict_16_192_64_0p5_0p02_0024_0014.uasset" 5706
"../../../Engine/Content/EngineMaterials/Substrate/GLints/dict_16_192_64_0p5_0p02_0024_0013.uasset" 5707
"../../../Engine/Content/EngineMaterials/Substrate/GLints/dict_16_192_64_0p5_0p02_0029_0011.uasset" 5708
"../../../Engine/Content/EngineMaterials/Substrate/GLints/dict_16_192_64_0p5_0p02_0029_0014.uasset" 5709
"../../../Engine/Content/EngineMaterials/Substrate/GLints/dict_16_192_64_0p5_0p02_0030_0000.uasset" 5710
"../../../Engine/Content/EngineMaterials/Substrate/GLints/dict_16_192_64_0p5_0p02_0025_0000.uasset" 5711
"/Engine/EngineMaterials/Substrate/GLints/dict_16_192_64_0p5_0p02_0029_0014" 5712
"../../../Engine/Content/EngineMaterials/Substrate/GLints/dict_16_192_64_0p5_0p02_0030_0001.uasset" 5713
"/Engine/EngineMaterials/Substrate/GLints/dict_16_192_64_0p5_0p02_0029_0013" 5714
"/Engine/EngineMaterials/Substrate/GLints/dict_16_192_64_0p5_0p02_0025_0000" 5715
"/Engine/EngineMaterials/Substrate/GLints/dict_16_192_64_0p5_0p02_0024_0014" 5716
"/Engine/EngineMaterials/Substrate/GLints/dict_16_192_64_0p5_0p02_0024_0013" 5717
"/Engine/EngineMaterials/Substrate/GLints/dict_16_192_64_0p5_0p02_0029_0012" 5718
"/Engine/EngineMaterials/Substrate/GLints/dict_16_192_64_0p5_0p02_0029_0011" 5719
"/Engine/EngineMaterials/Substrate/GLints/dict_16_192_64_0p5_0p02_0029_0009" 5720
"../../../Engine/Content/EngineMaterials/Substrate/GLints/dict_16_192_64_0p5_0p02_0030_0002.uasset" 5721
"/Engine/EngineMaterials/Substrate/GLints/dict_16_192_64_0p5_0p02_0030_0000" 5722
"/Engine/EngineMaterials/Substrate/GLints/dict_16_192_64_0p5_0p02_0030_0002" 5723
"/Engine/EngineMaterials/Substrate/GLints/dict_16_192_64_0p5_0p02_0030_0001" 5724
"../../../Engine/Content/EngineMaterials/Substrate/GLints/dict_16_192_64_0p5_0p02_0030_0007.uasset" 5725
"../../../Engine/Content/EngineMaterials/Substrate/GLints/dict_16_192_64_0p5_0p02_0030_0005.uasset" 5726
"../../../Engine/Content/EngineMaterials/Substrate/GLints/dict_16_192_64_0p5_0p02_0029_0015.uasset" 5727
"../../../Engine/Content/EngineMaterials/Substrate/GLints/dict_16_192_64_0p5_0p02_0030_0003.uasset" 5728
"../../../Engine/Content/EngineMaterials/Substrate/GLints/dict_16_192_64_0p5_0p02_0030_0010.uasset" 5729
"../../../Engine/Content/EngineMaterials/Substrate/GLints/dict_16_192_64_0p5_0p02_0030_0008.uasset" 5730
"../../../Engine/Content/EngineMaterials/Substrate/GLints/dict_16_192_64_0p5_0p02_0025_0013.uasset" 5731
"../../../Engine/Content/EngineMaterials/Substrate/GLints/dict_16_192_64_0p5_0p02_0030_0012.uasset" 5732
"/Engine/EngineMaterials/Substrate/GLints/dict_16_192_64_0p5_0p02_0030_0007" 5733
"../../../Engine/Content/EngineMaterials/Substrate/GLints/dict_16_192_64_0p5_0p02_0030_0011.uasset" 5734
"/Engine/EngineMaterials/Substrate/GLints/dict_16_192_64_0p5_0p02_0030_0005" 5735
"/Engine/EngineMaterials/Substrate/GLints/dict_16_192_64_0p5_0p02_0025_0013" 5736
"/Engine/EngineMaterials/Substrate/GLints/dict_16_192_64_0p5_0p02_0030_0008" 5737
"/Engine/EngineMaterials/Substrate/GLints/dict_16_192_64_0p5_0p02_0030_0012" 5738
"../../../Engine/Content/EngineMaterials/Substrate/GLints/dict_16_192_64_0p5_0p02_0030_0015.uasset" 5739
"/Engine/EngineMaterials/Substrate/GLints/dict_16_192_64_0p5_0p02_0030_0010" 5740
"/Engine/EngineMaterials/Substrate/GLints/dict_16_192_64_0p5_0p02_0030_0003" 5741
"/Engine/EngineMaterials/Substrate/GLints/dict_16_192_64_0p5_0p02_0029_0015" 5742
"/Engine/EngineMaterials/Substrate/GLints/dict_16_192_64_0p5_0p02_0030_0015" 5743
"/Engine/EngineMaterials/Substrate/GLints/dict_16_192_64_0p5_0p02_0030_0011" 5744
"../../../Engine/Content/EngineMaterials/Substrate/GLints/dict_16_192_64_0p5_0p02_0030_0014.uasset" 5745
"../../../Engine/Content/EngineMaterials/Substrate/GLints/dict_16_192_64_0p5_0p02_0030_0009.uasset" 5746
"../../../Engine/Content/EngineMaterials/Substrate/GLints/dict_16_192_64_0p5_0p02_0031_0000.uasset" 5747
"../../../Engine/Content/EngineMaterials/Substrate/GLints/dict_16_192_64_0p5_0p02_0031_0001.uasset" 5748
"../../../Engine/Content/EngineMaterials/Substrate/GLints/dict_16_192_64_0p5_0p02_0031_0004.uasset" 5749
"../../../Engine/Content/EngineMaterials/Substrate/GLints/dict_16_192_64_0p5_0p02_0031_0003.uasset" 5750
"../../../Engine/Content/EngineMaterials/Substrate/GLints/dict_16_192_64_0p5_0p02_0030_0013.uasset" 5751
"../../../Engine/Content/EngineMaterials/Substrate/GLints/dict_16_192_64_0p5_0p02_0031_0005.uasset" 5752
"../../../Engine/Content/EngineMaterials/Substrate/GLints/dict_16_192_64_0p5_0p02_0031_0006.uasset" 5753
"/Engine/EngineMaterials/Substrate/GLints/dict_16_192_64_0p5_0p02_0031_0003" 5754
"../../../Engine/Content/EngineMaterials/Substrate/GLints/dict_16_192_64_0p5_0p02_0031_0002.uasset" 5755
"/Engine/EngineMaterials/Substrate/GLints/dict_16_192_64_0p5_0p02_0031_0001" 5756
"/Engine/EngineMaterials/Substrate/GLints/dict_16_192_64_0p5_0p02_0031_0000" 5757
"/Engine/EngineMaterials/Substrate/GLints/dict_16_192_64_0p5_0p02_0030_0009" 5758
"/Engine/EngineMaterials/Substrate/GLints/dict_16_192_64_0p5_0p02_0030_0014" 5759
"/Engine/EngineMaterials/Substrate/GLints/dict_16_192_64_0p5_0p02_0030_0013" 5760
"/Engine/EngineMaterials/Substrate/GLints/dict_16_192_64_0p5_0p02_0031_0005" 5761
"../../../Engine/Content/EngineMaterials/Substrate/GLints/dict_16_192_64_0p5_0p02_0031_0009.uasset" 5762
"../../../Engine/Content/EngineMaterials/Substrate/GLints/dict_16_192_64_0p5_0p02_0031_0008.uasset" 5763
"../../../Engine/Content/EngineMaterials/Substrate/GLints/dict_16_192_64_0p5_0p02_0031_0011.uasset" 5764
"/Engine/EngineMaterials/Substrate/GLints/dict_16_192_64_0p5_0p02_0031_0004" 5765
"../../../Engine/Content/EngineMaterials/Substrate/GLints/dict_16_192_64_0p5_0p02_0022_0004.uasset" 5766
"../../../Engine/Content/EngineMaterials/Substrate/GLints/dict_16_192_64_0p5_0p02_0022_0009.uasset" 5767
"/Engine/EngineMaterials/Substrate/GLints/dict_16_192_64_0p5_0p02_0031_0006" 5768
"../../../Engine/Content/EngineMaterials/Substrate/GLints/dict_16_192_64_0p5_0p02_0031_0010.uasset" 5769
"/Engine/EngineMaterials/Substrate/GLints/dict_16_192_64_0p5_0p02_0031_0002" 5770
"/Engine/EngineMaterials/Substrate/GLints/dict_16_192_64_0p5_0p02_0022_0009" 5771
"/Engine/EngineMaterials/Substrate/GLints/dict_16_192_64_0p5_0p02_0022_0004" 5772
"/Engine/EngineMaterials/Substrate/GLints/dict_16_192_64_0p5_0p02_0031_0011" 5773
"../../../Engine/Content/EngineMaterials/Substrate/GLints/dict_16_192_64_0p5_0p02_0031_0013.uasset" 5774
"../../../Engine/Content/EngineMaterials/Substrate/GLints/dict_16_192_64_0p5_0p02_0031_0014.uasset" 5775
"/Engine/EngineMaterials/Substrate/GLints/dict_16_192_64_0p5_0p02_0031_0010" 5776
"/Engine/EngineMaterials/Substrate/GLints/dict_16_192_64_0p5_0p02_0031_0009" 5777
"/Engine/EngineMaterials/Substrate/GLints/dict_16_192_64_0p5_0p02_0031_0008" 5778
"/Engine/EngineMaterials/Substrate/GLints/dict_16_192_64_0p5_0p02_0031_0013" 5779
"/Engine/EngineMaterials/Substrate/GLints/dict_16_192_64_0p5_0p02_0031_0014" 5780
"../../../Engine/Content/EngineMaterials/Substrate/GLints/dict_16_192_64_0p5_0p02_0031_0012.uasset" 5781
"../../../Engine/Content/EngineMaterials/Substrate/GLints/dict_16_192_64_0p5_0p02_0027_0000.uasset" 5782
"../../../Engine/Content/EngineMaterials/Substrate/GLints/dict_16_192_64_0p5_0p02_0028_0014.uasset" 5783
"../../../Engine/Content/EngineMaterials/Substrate/GLints/dict_16_192_64_0p5_0p02_0032_0004.uasset" 5784
"../../../Engine/Content/EngineMaterials/Substrate/GLints/dict_16_192_64_0p5_0p02_0032_0005.uasset" 5785
"../../../Engine/Content/EngineMaterials/Substrate/GLints/dict_16_192_64_0p5_0p02_0032_0003.uasset" 5786
"../../../Engine/Content/EngineMaterials/Substrate/GLints/dict_16_192_64_0p5_0p02_0031_0015.uasset" 5787
"../../../Engine/Content/EngineMaterials/Substrate/GLints/dict_16_192_64_0p5_0p02_0032_0000.uasset" 5788
"/Engine/EngineMaterials/Substrate/GLints/dict_16_192_64_0p5_0p02_0027_0000" 5789
"../../../Engine/Content/EngineMaterials/Substrate/GLints/dict_16_192_64_0p5_0p02_0032_0002.uasset" 5790
"../../../Engine/Content/EngineMaterials/Substrate/GLints/dict_16_192_64_0p5_0p02_0032_0007.uasset" 5791
"/Engine/EngineMaterials/Substrate/GLints/dict_16_192_64_0p5_0p02_0031_0015" 5792
"/Engine/EngineMaterials/Substrate/GLints/dict_16_192_64_0p5_0p02_0032_0005" 5793
"/Engine/EngineMaterials/Substrate/GLints/dict_16_192_64_0p5_0p02_0032_0004" 5794
"../../../Engine/Content/EngineMaterials/Substrate/GLints/dict_16_192_64_0p5_0p02_0032_0006.uasset" 5795
"/Engine/EngineMaterials/Substrate/GLints/dict_16_192_64_0p5_0p02_0031_0012" 5796
"/Engine/EngineMaterials/Substrate/GLints/dict_16_192_64_0p5_0p02_0032_0003" 5797
"/Engine/EngineMaterials/Substrate/GLints/dict_16_192_64_0p5_0p02_0028_0014" 5798
"/Engine/EngineMaterials/Substrate/GLints/dict_16_192_64_0p5_0p02_0032_0000" 5799
"../../../Engine/Content/EngineMaterials/Substrate/GLints/dict_16_192_64_0p5_0p02_0032_0008.uasset" 5800
"/Engine/EngineMaterials/Substrate/GLints/dict_16_192_64_0p5_0p02_0032_0007" 5801
"/Engine/EngineMaterials/Substrate/GLints/dict_16_192_64_0p5_0p02_0032_0006" 5802
"/Engine/EngineMaterials/Substrate/GLints/dict_16_192_64_0p5_0p02_0032_0002" 5803
"/Engine/EngineMaterials/Substrate/GLints/dict_16_192_64_0p5_0p02_0032_0008" 5804
"../../../Engine/Content/EngineMaterials/Substrate/GLints/dict_16_192_64_0p5_0p02_0032_0012.uasset" 5805
"../../../Engine/Content/EngineMaterials/Substrate/GLints/dict_16_192_64_0p5_0p02_0032_0011.uasset" 5806
"../../../Engine/Content/EngineMaterials/Substrate/GLints/dict_16_192_64_0p5_0p02_0033_0001.uasset" 5807
"../../../Engine/Content/EngineMaterials/Substrate/GLints/dict_16_192_64_0p5_0p02_0033_0000.uasset" 5808
"../../../Engine/Content/EngineMaterials/Substrate/GLints/dict_16_192_64_0p5_0p02_0032_0015.uasset" 5809
"../../../Engine/Content/EngineMaterials/Substrate/GLints/dict_16_192_64_0p5_0p02_0033_0002.uasset" 5810
"/Engine/EngineMaterials/Substrate/GLints/dict_16_192_64_0p5_0p02_0033_0001" 5811
"../../../Engine/Content/EngineMaterials/Substrate/GLints/dict_16_192_64_0p5_0p02_0032_0013.uasset" 5812
"/Engine/EngineMaterials/Substrate/GLints/dict_16_192_64_0p5_0p02_0032_0012" 5813
"../../../Engine/Content/EngineMaterials/Substrate/GLints/dict_16_192_64_0p5_0p02_0033_0003.uasset" 5814
"/Engine/EngineMaterials/Substrate/GLints/dict_16_192_64_0p5_0p02_0032_0011" 5815
"/Engine/EngineMaterials/Substrate/GLints/dict_16_192_64_0p5_0p02_0033_0000" 5816
"/Engine/EngineMaterials/Substrate/GLints/dict_16_192_64_0p5_0p02_0032_0015" 5817
"/Engine/EngineMaterials/Substrate/GLints/dict_16_192_64_0p5_0p02_0032_0013" 5818
"/Engine/EngineMaterials/Substrate/GLints/dict_16_192_64_0p5_0p02_0033_0003" 5819
"/Engine/EngineMaterials/Substrate/GLints/dict_16_192_64_0p5_0p02_0033_0002" 5820
"../../../Engine/Content/EngineMaterials/Substrate/GLints/dict_16_192_64_0p5_0p02_0026_0000.uasset" 5821
"../../../Engine/Content/EngineMaterials/Substrate/GLints/dict_16_192_64_0p5_0p02_0033_0005.uasset" 5822
"../../../Engine/Content/EngineMaterials/Substrate/GLints/dict_16_192_64_0p5_0p02_0033_0006.uasset" 5823
"../../../Engine/Content/EngineMaterials/Substrate/GLints/dict_16_192_64_0p5_0p02_0033_0009.uasset" 5824
"../../../Engine/Content/EngineMaterials/Substrate/GLints/dict_16_192_64_0p5_0p02_0033_0007.uasset" 5825
"../../../Engine/Content/EngineMaterials/Substrate/GLints/dict_16_192_64_0p5_0p02_0033_0011.uasset" 5826
"../../../Engine/Content/EngineMaterials/Substrate/GLints/dict_16_192_64_0p5_0p02_0033_0010.uasset" 5827
"../../../Engine/Content/EngineMaterials/Substrate/GLints/dict_16_192_64_0p5_0p02_0033_0008.uasset" 5828
"/Engine/EngineMaterials/Substrate/GLints/dict_16_192_64_0p5_0p02_0033_0009" 5829
"/Engine/EngineMaterials/Substrate/GLints/dict_16_192_64_0p5_0p02_0033_0011" 5830
"/Engine/EngineMaterials/Substrate/GLints/dict_16_192_64_0p5_0p02_0033_0008" 5831
"/Engine/EngineMaterials/Substrate/GLints/dict_16_192_64_0p5_0p02_0033_0007" 5832
"/Engine/EngineMaterials/Substrate/GLints/dict_16_192_64_0p5_0p02_0033_0006" 5833
"/Engine/EngineMaterials/Substrate/GLints/dict_16_192_64_0p5_0p02_0033_0005" 5834
"/Engine/EngineMaterials/Substrate/GLints/dict_16_192_64_0p5_0p02_0033_0010" 5835
"/Engine/EngineMaterials/Substrate/GLints/dict_16_192_64_0p5_0p02_0026_0000" 5836
"../../../Engine/Content/EngineMaterials/Substrate/GLints/dict_16_192_64_0p5_0p02_0033_0013.uasset" 5837
"/Engine/EngineMaterials/Substrate/GLints/dict_16_192_64_0p5_0p02_0033_0013" 5838
"../../../Engine/Content/EngineMaterials/Substrate/GLints/dict_16_192_64_0p5_0p02_0033_0014.uasset" 5839
"../../../Engine/Content/EngineMaterials/Substrate/GLints/dict_16_192_64_0p5_0p02_0033_0015.uasset" 5840
"../../../Engine/Content/EngineMaterials/Substrate/GLints/dict_16_192_64_0p5_0p02_0034_0001.uasset" 5841
"../../../Engine/Content/EngineMaterials/Substrate/GLints/dict_16_192_64_0p5_0p02_0034_0002.uasset" 5842
"../../../Engine/Content/EngineMaterials/Substrate/GLints/dict_16_192_64_0p5_0p02_0034_0003.uasset" 5843
"/Engine/EngineMaterials/Substrate/GLints/dict_16_192_64_0p5_0p02_0034_0001" 5844
"../../../Engine/Content/EngineMaterials/Substrate/GLints/dict_16_192_64_0p5_0p02_0034_0004.uasset" 5845
"/Engine/EngineMaterials/Substrate/GLints/dict_16_192_64_0p5_0p02_0033_0015" 5846
"../../../Engine/Content/EngineMaterials/Substrate/GLints/dict_16_192_64_0p5_0p02_0034_0000.uasset" 5847
"/Engine/EngineMaterials/Substrate/GLints/dict_16_192_64_0p5_0p02_0034_0003" 5848
"/Engine/EngineMaterials/Substrate/GLints/dict_16_192_64_0p5_0p02_0033_0014" 5849
"/Engine/EngineMaterials/Substrate/GLints/dict_16_192_64_0p5_0p02_0034_0002" 5850
"/Engine/EngineMaterials/Substrate/GLints/dict_16_192_64_0p5_0p02_0034_0004" 5851
"/Engine/EngineMaterials/Substrate/GLints/dict_16_192_64_0p5_0p02_0034_0000" 5852
"../../../Engine/Content/EngineMaterials/Substrate/GLints/dict_16_192_64_0p5_0p02_0034_0005.uasset" 5853
"../../../Engine/Content/EngineMaterials/Substrate/GLints/dict_16_192_64_0p5_0p02_0034_0006.uasset" 5854
"../../../Engine/Content/EngineMaterials/Substrate/GLints/dict_16_192_64_0p5_0p02_0034_0007.uasset" 5855
"../../../Engine/Content/EngineMaterials/Substrate/GLints/dict_16_192_64_0p5_0p02_0034_0009.uasset" 5856
"../../../Engine/Content/EngineMaterials/Substrate/GLints/dict_16_192_64_0p5_0p02_0034_0010.uasset" 5857
"../../../Engine/Content/EngineMaterials/Substrate/GLints/dict_16_192_64_0p5_0p02_0034_0008.uasset" 5858
"../../../Engine/Content/EngineMaterials/Substrate/GLints/dict_16_192_64_0p5_0p02_0034_0014.uasset" 5859
"/Engine/EngineMaterials/Substrate/GLints/dict_16_192_64_0p5_0p02_0034_0005" 5860
"/Engine/EngineMaterials/Substrate/GLints/dict_16_192_64_0p5_0p02_0034_0010" 5861
"../../../Engine/Content/EngineMaterials/Substrate/GLints/dict_16_192_64_0p5_0p02_0034_0012.uasset" 5862
"/Engine/EngineMaterials/Substrate/GLints/dict_16_192_64_0p5_0p02_0034_0009" 5863
"/Engine/EngineMaterials/Substrate/GLints/dict_16_192_64_0p5_0p02_0034_0008" 5864
"../../../Engine/Content/EngineMaterials/Substrate/GLints/dict_16_192_64_0p5_0p02_0034_0011.uasset" 5865
"/Engine/EngineMaterials/Substrate/GLints/dict_16_192_64_0p5_0p02_0034_0007" 5866
"/Engine/EngineMaterials/Substrate/GLints/dict_16_192_64_0p5_0p02_0034_0006" 5867
"/Engine/EngineMaterials/Substrate/GLints/dict_16_192_64_0p5_0p02_0034_0014" 5868
"../../../Engine/Content/EngineMaterials/Substrate/GLints/dict_16_192_64_0p5_0p02_0034_0013.uasset" 5869
"/Engine/EngineMaterials/Substrate/GLints/dict_16_192_64_0p5_0p02_0034_0012" 5870
"/Engine/EngineMaterials/Substrate/GLints/dict_16_192_64_0p5_0p02_0034_0011" 5871
"/Engine/EngineMaterials/Substrate/GLints/dict_16_192_64_0p5_0p02_0034_0013" 5872
"../../../Engine/Content/EngineMaterials/Substrate/GLints/dict_16_192_64_0p5_0p02_0034_0015.uasset" 5873
"../../../Engine/Content/EngineMaterials/Substrate/GLints/dict_16_192_64_0p5_0p02_0035_0001.uasset" 5874
"../../../Engine/Content/EngineMaterials/Substrate/GLints/dict_16_192_64_0p5_0p02_0035_0000.uasset" 5875
"../../../Engine/Content/EngineMaterials/Substrate/GLints/dict_16_192_64_0p5_0p02_0035_0002.uasset" 5876
"../../../Engine/Content/EngineMaterials/Substrate/GLints/dict_16_192_64_0p5_0p02_0035_0003.uasset" 5877
"../../../Engine/Content/EngineMaterials/Substrate/GLints/dict_16_192_64_0p5_0p02_0035_0005.uasset" 5878
"../../../Engine/Content/EngineMaterials/Substrate/GLints/dict_16_192_64_0p5_0p02_0035_0006.uasset" 5879
"../../../Engine/Content/EngineMaterials/Substrate/GLints/dict_16_192_64_0p5_0p02_0035_0004.uasset" 5880
"/Engine/EngineMaterials/Substrate/GLints/dict_16_192_64_0p5_0p02_0035_0003" 5881
"/Engine/EngineMaterials/Substrate/GLints/dict_16_192_64_0p5_0p02_0035_0005" 5882
"/Engine/EngineMaterials/Substrate/GLints/dict_16_192_64_0p5_0p02_0035_0004" 5883
"/Engine/EngineMaterials/Substrate/GLints/dict_16_192_64_0p5_0p02_0035_0002" 5884
"/Engine/EngineMaterials/Substrate/GLints/dict_16_192_64_0p5_0p02_0035_0001" 5885
"/Engine/EngineMaterials/Substrate/GLints/dict_16_192_64_0p5_0p02_0035_0000" 5886
"/Engine/EngineMaterials/Substrate/GLints/dict_16_192_64_0p5_0p02_0034_0015" 5887
"/Engine/EngineMaterials/Substrate/GLints/dict_16_192_64_0p5_0p02_0035_0006" 5888
"../../../Engine/Content/EngineMaterials/Substrate/GLints/dict_16_192_64_0p5_0p02_0035_0007.uasset" 5889
"../../../Engine/Content/EngineMaterials/Substrate/GLints/dict_16_192_64_0p5_0p02_0035_0008.uasset" 5890
"../../../Engine/Content/EngineMaterials/Substrate/GLints/dict_16_192_64_0p5_0p02_0035_0010.uasset" 5891
"../../../Engine/Content/EngineMaterials/Substrate/GLints/dict_16_192_64_0p5_0p02_0035_0009.uasset" 5892
"../../../Engine/Content/EngineMaterials/Substrate/GLints/dict_16_192_64_0p5_0p02_0035_0011.uasset" 5893
"/Engine/EngineMaterials/Substrate/GLints/dict_16_192_64_0p5_0p02_0035_0011" 5894
"/Engine/EngineMaterials/Substrate/GLints/dict_16_192_64_0p5_0p02_0035_0010" 5895
"/Engine/EngineMaterials/Substrate/GLints/dict_16_192_64_0p5_0p02_0035_0009" 5896
"/Engine/EngineMaterials/Substrate/GLints/dict_16_192_64_0p5_0p02_0035_0008" 5897
"/Engine/EngineMaterials/Substrate/GLints/dict_16_192_64_0p5_0p02_0035_0007" 5898
"../../../Engine/Content/EngineMaterials/Substrate/GLints/dict_16_192_64_0p5_0p02_0035_0012.uasset" 5899
"../../../Engine/Content/EngineMaterials/Substrate/GLints/dict_16_192_64_0p5_0p02_0035_0014.uasset" 5900
"../../../Engine/Content/EngineMaterials/Substrate/GLints/dict_16_192_64_0p5_0p02_0035_0015.uasset" 5901
"../../../Engine/Content/EngineMaterials/Substrate/GLints/dict_16_192_64_0p5_0p02_0036_0000.uasset" 5902
"../../../Engine/Content/EngineMaterials/Substrate/GLints/dict_16_192_64_0p5_0p02_0035_0013.uasset" 5903
"../../../Engine/Content/EngineMaterials/Substrate/GLints/dict_16_192_64_0p5_0p02_0036_0002.uasset" 5904
"../../../Engine/Content/EngineMaterials/Substrate/GLints/dict_16_192_64_0p5_0p02_0036_0001.uasset" 5905
"../../../Engine/Content/EngineMaterials/Substrate/GLints/dict_16_192_64_0p5_0p02_0022_0006.uasset" 5906
"../../../Engine/Content/EngineMaterials/Substrate/GLints/dict_16_192_64_0p5_0p02_0036_0004.uasset" 5907
"/Engine/EngineMaterials/Substrate/GLints/dict_16_192_64_0p5_0p02_0035_0014" 5908
"/Engine/EngineMaterials/Substrate/GLints/dict_16_192_64_0p5_0p02_0035_0015" 5909
"/Engine/EngineMaterials/Substrate/GLints/dict_16_192_64_0p5_0p02_0022_0006" 5910
"/Engine/EngineMaterials/Substrate/GLints/dict_16_192_64_0p5_0p02_0035_0013" 5911
"/Engine/EngineMaterials/Substrate/GLints/dict_16_192_64_0p5_0p02_0035_0012" 5912
"/Engine/EngineMaterials/Substrate/GLints/dict_16_192_64_0p5_0p02_0036_0002" 5913
"/Engine/EngineMaterials/Substrate/GLints/dict_16_192_64_0p5_0p02_0036_0001" 5914
"/Engine/EngineMaterials/Substrate/GLints/dict_16_192_64_0p5_0p02_0036_0000" 5915
"/Engine/EngineMaterials/Substrate/GLints/dict_16_192_64_0p5_0p02_0036_0004" 5916
"../../../Engine/Content/EngineMaterials/Substrate/GLints/dict_16_192_64_0p5_0p02_0036_0006.uasset" 5917
"../../../Engine/Content/EngineMaterials/Substrate/GLints/dict_16_192_64_0p5_0p02_0036_0005.uasset" 5918
"../../../Engine/Content/EngineMaterials/Substrate/GLints/dict_16_192_64_0p5_0p02_0032_0009.uasset" 5919
"../../../Engine/Content/EngineMaterials/Substrate/GLints/dict_16_192_64_0p5_0p02_0036_0008.uasset" 5920
"../../../Engine/Content/EngineMaterials/Substrate/GLints/dict_16_192_64_0p5_0p02_0036_0009.uasset" 5921
"../../../Engine/Content/EngineMaterials/Substrate/GLints/dict_16_192_64_0p5_0p02_0036_0007.uasset" 5922
"../../../Engine/Content/EngineMaterials/Substrate/GLints/dict_16_192_64_0p5_0p02_0027_0013.uasset" 5923
"../../../Engine/Content/EngineMaterials/Substrate/GLints/dict_16_192_64_0p5_0p02_0036_0011.uasset" 5924
"../../../Engine/Content/EngineMaterials/Substrate/GLints/dict_16_192_64_0p5_0p02_0036_0010.uasset" 5925
"../../../Engine/Content/EngineMaterials/Substrate/GLints/dict_16_192_64_0p5_0p02_0036_0013.uasset" 5926
"../../../Engine/Content/EngineMaterials/Substrate/GLints/dict_16_192_64_0p5_0p02_0036_0012.uasset" 5927
"../../../Engine/Content/EngineMaterials/Substrate/GLints/dict_16_192_64_0p5_0p02_0037_0000.uasset" 5928
"../../../Engine/Content/EngineMaterials/Substrate/GLints/dict_16_192_64_0p5_0p02_0036_0015.uasset" 5929
"../../../Engine/Content/EngineMaterials/Substrate/GLints/dict_16_192_64_0p5_0p02_0029_0010.uasset" 5930
"../../../Engine/Content/EngineMaterials/Substrate/GLints/dict_16_192_64_0p5_0p02_0025_0003.uasset" 5931
"../../../Engine/Content/EngineMaterials/Substrate/GLints/dict_16_192_64_0p5_0p02_0037_0003.uasset" 5932
"../../../Engine/Content/EngineMaterials/Substrate/GLints/dict_16_192_64_0p5_0p02_0032_0001.uasset" 5933
"../../../Engine/Content/EngineMaterials/Substrate/GLints/dict_16_192_64_0p5_0p02_0037_0005.uasset" 5934
"../../../Engine/Content/EngineMaterials/Substrate/GLints/dict_16_192_64_0p5_0p02_0028_0005.uasset" 5935
"../../../Engine/Content/EngineMaterials/Substrate/GLints/dict_16_192_64_0p5_0p02_0030_0004.uasset" 5936
"../../../Engine/Content/EngineMaterials/Substrate/GLints/dict_16_192_64_0p5_0p02_0029_0001.uasset" 5937
"../../../Engine/Content/EngineMaterials/Substrate/GLints/dict_16_192_64_0p5_0p02_0037_0001.uasset" 5938
"../../../Engine/Content/EngineMaterials/Substrate/GLints/dict_16_192_64_0p5_0p02_0037_0004.uasset" 5939
"../../../Engine/Content/EngineMaterials/Substrate/GLints/dict_16_192_64_0p5_0p02_0031_0007.uasset" 5940
"../../../Engine/Content/EngineMaterials/Substrate/GLints/dict_16_192_64_0p5_0p02_0033_0004.uasset" 5941
"../../../Engine/Content/EngineMaterials/Substrate/GLints/dict_16_192_64_0p5_0p02_0033_0012.uasset" 5942
"/Engine/EngineMaterials/Substrate/GLints/dict_16_192_64_0p5_0p02_0037_0004" 5943
"/Engine/EngineMaterials/Substrate/GLints/dict_16_192_64_0p5_0p02_0036_0012" 5944
"/Engine/EngineMaterials/Substrate/GLints/dict_16_192_64_0p5_0p02_0037_0003" 5945
"/Engine/EngineMaterials/Substrate/GLints/dict_16_192_64_0p5_0p02_0033_0012" 5946
"/Engine/EngineMaterials/Substrate/GLints/dict_16_192_64_0p5_0p02_0036_0007" 5947
"/Engine/EngineMaterials/Substrate/GLints/dict_16_192_64_0p5_0p02_0036_0006" 5948
"/Engine/EngineMaterials/Substrate/GLints/dict_16_192_64_0p5_0p02_0037_0001" 5949
"/Engine/EngineMaterials/Substrate/GLints/dict_16_192_64_0p5_0p02_0037_0000" 5950
"/Engine/EngineMaterials/Substrate/GLints/dict_16_192_64_0p5_0p02_0036_0011" 5951
"/Engine/EngineMaterials/Substrate/GLints/dict_16_192_64_0p5_0p02_0027_0013" 5952
"/Engine/EngineMaterials/Substrate/GLints/dict_16_192_64_0p5_0p02_0036_0010" 5953
"/Engine/EngineMaterials/Substrate/GLints/dict_16_192_64_0p5_0p02_0028_0005" 5954
"/Engine/EngineMaterials/Substrate/GLints/dict_16_192_64_0p5_0p02_0029_0001" 5955
"/Engine/EngineMaterials/Substrate/GLints/dict_16_192_64_0p5_0p02_0036_0009" 5956
"/Engine/EngineMaterials/Substrate/GLints/dict_16_192_64_0p5_0p02_0036_0005" 5957
"/Engine/EngineMaterials/Substrate/GLints/dict_16_192_64_0p5_0p02_0030_0004" 5958
"/Engine/EngineMaterials/Substrate/GLints/dict_16_192_64_0p5_0p02_0033_0004" 5959
"/Engine/EngineMaterials/Substrate/GLints/dict_16_192_64_0p5_0p02_0029_0010" 5960
"/Engine/EngineMaterials/Substrate/GLints/dict_16_192_64_0p5_0p02_0037_0005" 5961
"/Engine/EngineMaterials/Substrate/GLints/dict_16_192_64_0p5_0p02_0032_0009" 5962
"/Engine/EngineMaterials/Substrate/GLints/dict_16_192_64_0p5_0p02_0031_0007" 5963
"../../../Engine/Content/EngineMaterials/Substrate/GLints/dict_16_192_64_0p5_0p02_0036_0003.uasset" 5964
"/Engine/EngineMaterials/Substrate/GLints/dict_16_192_64_0p5_0p02_0025_0003" 5965
"/Engine/EngineMaterials/Substrate/GLints/dict_16_192_64_0p5_0p02_0036_0008" 5966
"/Engine/EngineMaterials/Substrate/GLints/dict_16_192_64_0p5_0p02_0032_0001" 5967
"/Engine/EngineMaterials/Substrate/GLints/dict_16_192_64_0p5_0p02_0036_0015" 5968
"/Engine/EngineMaterials/Substrate/GLints/dict_16_192_64_0p5_0p02_0036_0013" 5969
"/Engine/EngineMaterials/Substrate/GLints/dict_16_192_64_0p5_0p02_0036_0003" 5970
"../../../Engine/Content/EngineMaterials/Substrate/GLints/dict_16_192_64_0p5_0p02_0032_0010.uasset" 5971
"/Engine/EngineMaterials/Substrate/GLints/dict_16_192_64_0p5_0p02_0032_0010" 5972
"../../../Engine/Content/EngineMaterials/Substrate/GLints/dict_16_192_64_0p5_0p02_0037_0012.uasset" 5973
"../../../Engine/Content/EngineMaterials/Substrate/GLints/dict_16_192_64_0p5_0p02_0037_0008.uasset" 5974
"../../../Engine/Content/EngineMaterials/Substrate/GLints/dict_16_192_64_0p5_0p02_0037_0013.uasset" 5975
"../../../Engine/Content/EngineMaterials/Substrate/GLints/dict_16_192_64_0p5_0p02_0038_0000.uasset" 5976
"../../../Engine/Content/EngineMaterials/Substrate/GLints/dict_16_192_64_0p5_0p02_0037_0010.uasset" 5977
"../../../Engine/Content/EngineMaterials/Substrate/GLints/dict_16_192_64_0p5_0p02_0030_0006.uasset" 5978
"/Engine/EngineMaterials/Substrate/GLints/dict_16_192_64_0p5_0p02_0030_0006" 5979
"/Engine/EngineMaterials/Substrate/GLints/dict_16_192_64_0p5_0p02_0038_0000" 5980
"/Engine/EngineMaterials/Substrate/GLints/dict_16_192_64_0p5_0p02_0037_0013" 5981
"/Engine/EngineMaterials/Substrate/GLints/dict_16_192_64_0p5_0p02_0037_0012" 5982
"/Engine/EngineMaterials/Substrate/GLints/dict_16_192_64_0p5_0p02_0037_0010" 5983
"/Engine/EngineMaterials/Substrate/GLints/dict_16_192_64_0p5_0p02_0037_0008" 5984
"../../../Engine/Content/EngineMaterials/Substrate/GLints/dict_16_192_64_0p5_0p02_0036_0014.uasset" 5985
"../../../Engine/Content/EngineMaterials/Substrate/GLints/dict_16_192_64_0p5_0p02_0038_0005.uasset" 5986
"/Engine/EngineMaterials/Substrate/GLints/dict_16_192_64_0p5_0p02_0038_0005" 5987
"/Engine/EngineMaterials/Substrate/GLints/dict_16_192_64_0p5_0p02_0036_0014" 5988
"../../../Engine/Content/EngineMaterials/Substrate/GLints/dict_16_192_64_0p5_0p02_0032_0014.uasset" 5989
"../../../Engine/Content/EngineMaterials/Substrate/GLints/dict_16_192_64_0p5_0p02_0037_0009.uasset" 5990
"/Engine/EngineMaterials/Substrate/GLints/dict_16_192_64_0p5_0p02_0032_0014" 5991
"../../../Engine/Content/EngineMaterials/Substrate/GLints/dict_16_192_64_0p5_0p02_0037_0014.uasset" 5992
"/Engine/EngineMaterials/Substrate/GLints/dict_16_192_64_0p5_0p02_0037_0009" 5993
"/Engine/EngineMaterials/Substrate/GLints/dict_16_192_64_0p5_0p02_0037_0014" 5994
"../../../Engine/Content/EngineMaterials/Substrate/GLints/dict_16_192_64_0p5_0p02_0038_0001.uasset" 5995
"../../../Engine/Content/EngineMaterials/Substrate/GLints/dict_16_192_64_0p5_0p02_0038_0010.uasset" 5996
"/Engine/EngineMaterials/Substrate/GLints/dict_16_192_64_0p5_0p02_0038_0010" 5997
"/Engine/EngineMaterials/Substrate/GLints/dict_16_192_64_0p5_0p02_0038_0001" 5998
"../../../Engine/Content/EngineMaterials/Substrate/GLints/dict_16_192_64_0p5_0p02_0037_0007.uasset" 5999
"../../../Engine/Content/EngineMaterials/Substrate/GLints/dict_16_192_64_0p5_0p02_0038_0009.uasset" 6000
"../../../Engine/Content/EngineMaterials/Substrate/GLints/dict_16_192_64_0p5_0p02_0039_0000.uasset" 6001
"../../../Engine/Content/EngineMaterials/Substrate/GLints/dict_16_192_64_0p5_0p02_0038_0015.uasset" 6002
"../../../Engine/Content/EngineMaterials/Substrate/GLints/dict_16_192_64_0p5_0p02_0038_0012.uasset" 6003
"../../../Engine/Content/EngineMaterials/Substrate/GLints/dict_16_192_64_0p5_0p02_0038_0013.uasset" 6004
"../../../Engine/Content/EngineMaterials/Substrate/GLints/dict_16_192_64_0p5_0p02_0038_0006.uasset" 6005
"../../../Engine/Content/EngineMaterials/Substrate/GLints/dict_16_192_64_0p5_0p02_0038_0007.uasset" 6006
"/Engine/EngineMaterials/Substrate/GLints/dict_16_192_64_0p5_0p02_0038_0015" 6007
"/Engine/EngineMaterials/Substrate/GLints/dict_16_192_64_0p5_0p02_0038_0013" 6008
"/Engine/EngineMaterials/Substrate/GLints/dict_16_192_64_0p5_0p02_0038_0012" 6009
"../../../Engine/Content/EngineMaterials/Substrate/GLints/dict_16_192_64_0p5_0p02_0038_0002.uasset" 6010
"../../../Engine/Content/EngineMaterials/Substrate/GLints/dict_16_192_64_0p5_0p02_0037_0011.uasset" 6011
"/Engine/EngineMaterials/Substrate/GLints/dict_16_192_64_0p5_0p02_0038_0009" 6012
"/Engine/EngineMaterials/Substrate/GLints/dict_16_192_64_0p5_0p02_0038_0007" 6013
"/Engine/EngineMaterials/Substrate/GLints/dict_16_192_64_0p5_0p02_0038_0006" 6014
"/Engine/EngineMaterials/Substrate/GLints/dict_16_192_64_0p5_0p02_0039_0000" 6015
"/Engine/EngineMaterials/Substrate/GLints/dict_16_192_64_0p5_0p02_0037_0007" 6016
"/Engine/EngineMaterials/Substrate/GLints/dict_16_192_64_0p5_0p02_0038_0002" 6017
"../../../Engine/Content/EngineMaterials/Substrate/GLints/dict_16_192_64_0p5_0p02_0039_0003.uasset" 6018
"/Engine/EngineMaterials/Substrate/GLints/dict_16_192_64_0p5_0p02_0037_0011" 6019
"/Engine/EngineMaterials/Substrate/GLints/dict_16_192_64_0p5_0p02_0039_0003" 6020
"../../../Engine/Content/EngineMaterials/Substrate/GLints/dict_16_192_64_0p5_0p02_0039_0006.uasset" 6021
"../../../Engine/Content/EngineMaterials/Substrate/GLints/dict_16_192_64_0p5_0p02_0038_0011.uasset" 6022
"../../../Engine/Content/EngineMaterials/Substrate/GLints/dict_16_192_64_0p5_0p02_0037_0015.uasset" 6023
"../../../Engine/Content/EngineMaterials/Substrate/GLints/dict_16_192_64_0p5_0p02_0039_0007.uasset" 6024
"../../../Engine/Content/EngineMaterials/Substrate/GLints/dict_16_192_64_0p5_0p02_0039_0008.uasset" 6025
"../../../Engine/Content/EngineMaterials/Substrate/GLints/dict_16_192_64_0p5_0p02_0037_0002.uasset" 6026
"../../../Engine/Content/EngineMaterials/Substrate/GLints/dict_16_192_64_0p5_0p02_0037_0006.uasset" 6027
"../../../Engine/Content/EngineMaterials/Substrate/GLints/dict_16_192_64_0p5_0p02_0039_0004.uasset" 6028
"../../../Engine/Content/EngineMaterials/Substrate/GLints/dict_16_192_64_0p5_0p02_0039_0013.uasset" 6029
"../../../Engine/Content/EngineMaterials/Substrate/GLints/dict_16_192_64_0p5_0p02_0039_0014.uasset" 6030
"/Engine/EngineMaterials/Substrate/GLints/dict_16_192_64_0p5_0p02_0038_0011" 6031
"../../../Engine/Content/EngineMaterials/Substrate/GLints/dict_16_192_64_0p5_0p02_0039_0012.uasset" 6032
"../../../Engine/Content/EngineMaterials/Substrate/GLints/dict_16_192_64_0p5_0p02_0039_0015.uasset" 6033
"/Engine/EngineMaterials/Substrate/GLints/dict_16_192_64_0p5_0p02_0037_0002" 6034
"/Engine/EngineMaterials/Substrate/GLints/dict_16_192_64_0p5_0p02_0039_0007" 6035
"../../../Engine/Content/EngineMaterials/Substrate/GLints/dict_16_192_64_0p5_0p02_0040_0002.uasset" 6036
"/Engine/EngineMaterials/Substrate/GLints/dict_16_192_64_0p5_0p02_0039_0014" 6037
"/Engine/EngineMaterials/Substrate/GLints/dict_16_192_64_0p5_0p02_0039_0006" 6038
"/Engine/EngineMaterials/Substrate/GLints/dict_16_192_64_0p5_0p02_0037_0015" 6039
"/Engine/EngineMaterials/Substrate/GLints/dict_16_192_64_0p5_0p02_0039_0004" 6040
"/Engine/EngineMaterials/Substrate/GLints/dict_16_192_64_0p5_0p02_0039_0008" 6041
"/Engine/EngineMaterials/Substrate/GLints/dict_16_192_64_0p5_0p02_0037_0006" 6042
"/Engine/EngineMaterials/Substrate/GLints/dict_16_192_64_0p5_0p02_0040_0002" 6043
"/Engine/EngineMaterials/Substrate/GLints/dict_16_192_64_0p5_0p02_0039_0013" 6044
"../../../Engine/Content/EngineMaterials/Substrate/GLints/dict_16_192_64_0p5_0p02_0040_0003.uasset" 6045
"/Engine/EngineMaterials/Substrate/GLints/dict_16_192_64_0p5_0p02_0039_0012" 6046
"/Engine/EngineMaterials/Substrate/GLints/dict_16_192_64_0p5_0p02_0039_0015" 6047
"/Engine/EngineMaterials/Substrate/GLints/dict_16_192_64_0p5_0p02_0040_0003" 6048
"../../../Engine/Content/EngineMaterials/Substrate/GLints/dict_16_192_64_0p5_0p02_0039_0010.uasset" 6049
"../../../Engine/Content/EngineMaterials/Substrate/GLints/dict_16_192_64_0p5_0p02_0040_0001.uasset" 6050
"../../../Engine/Content/EngineMaterials/Substrate/GLints/dict_16_192_64_0p5_0p02_0040_0008.uasset" 6051
"../../../Engine/Content/EngineMaterials/Substrate/GLints/dict_16_192_64_0p5_0p02_0040_0006.uasset" 6052
"../../../Engine/Content/EngineMaterials/Substrate/GLints/dict_16_192_64_0p5_0p02_0040_0004.uasset" 6053
"../../../Engine/Content/EngineMaterials/Substrate/GLints/dict_16_192_64_0p5_0p02_0040_0010.uasset" 6054
"../../../Engine/Content/EngineMaterials/Substrate/GLints/dict_16_192_64_0p5_0p02_0040_0011.uasset" 6055
"../../../Engine/Content/EngineMaterials/Substrate/GLints/dict_16_192_64_0p5_0p02_0040_0005.uasset" 6056
"/Engine/EngineMaterials/Substrate/GLints/dict_16_192_64_0p5_0p02_0040_0006" 6057
"/Engine/EngineMaterials/Substrate/GLints/dict_16_192_64_0p5_0p02_0040_0005" 6058
"/Engine/EngineMaterials/Substrate/GLints/dict_16_192_64_0p5_0p02_0040_0004" 6059
"/Engine/EngineMaterials/Substrate/GLints/dict_16_192_64_0p5_0p02_0040_0001" 6060
"/Engine/EngineMaterials/Substrate/GLints/dict_16_192_64_0p5_0p02_0040_0008" 6061
"/Engine/EngineMaterials/Substrate/GLints/dict_16_192_64_0p5_0p02_0039_0010" 6062
"/Engine/EngineMaterials/Substrate/GLints/dict_16_192_64_0p5_0p02_0040_0011" 6063
"/Engine/EngineMaterials/Substrate/GLints/dict_16_192_64_0p5_0p02_0040_0010" 6064
"../../../Engine/Content/EngineMaterials/Substrate/GLints/dict_16_192_64_0p5_0p02_0040_0014.uasset" 6065
"../../../Engine/Content/EngineMaterials/Substrate/GLints/dict_16_192_64_0p5_0p02_0040_0013.uasset" 6066
"../../../Engine/Content/EngineMaterials/Substrate/GLints/dict_16_192_64_0p5_0p02_0040_0015.uasset" 6067
"../../../Engine/Content/EngineMaterials/Substrate/GLints/dict_16_192_64_0p5_0p02_0041_0001.uasset" 6068
"../../../Engine/Content/EngineMaterials/Substrate/GLints/dict_16_192_64_0p5_0p02_0041_0002.uasset" 6069
"../../../Engine/Content/EngineMaterials/Substrate/GLints/dict_16_192_64_0p5_0p02_0041_0004.uasset" 6070
"/Engine/EngineMaterials/Substrate/GLints/dict_16_192_64_0p5_0p02_0041_0002" 6071
"/Engine/EngineMaterials/Substrate/GLints/dict_16_192_64_0p5_0p02_0041_0001" 6072
"/Engine/EngineMaterials/Substrate/GLints/dict_16_192_64_0p5_0p02_0040_0015" 6073
"/Engine/EngineMaterials/Substrate/GLints/dict_16_192_64_0p5_0p02_0040_0014" 6074
"../../../Engine/Content/EngineMaterials/Substrate/GLints/dict_16_192_64_0p5_0p02_0040_0012.uasset" 6075
"/Engine/EngineMaterials/Substrate/GLints/dict_16_192_64_0p5_0p02_0040_0013" 6076
"/Engine/EngineMaterials/Substrate/GLints/dict_16_192_64_0p5_0p02_0041_0004" 6077
"/Engine/EngineMaterials/Substrate/GLints/dict_16_192_64_0p5_0p02_0040_0012" 6078
"../../../Engine/Content/EngineMaterials/Substrate/GLints/dict_16_192_64_0p5_0p02_0041_0005.uasset" 6079
"/Engine/EngineMaterials/Substrate/GLints/dict_16_192_64_0p5_0p02_0041_0005" 6080
"../../../Engine/Content/EngineMaterials/Substrate/GLints/dict_16_192_64_0p5_0p02_0041_0009.uasset" 6081
"../../../Engine/Content/EngineMaterials/Substrate/GLints/dict_16_192_64_0p5_0p02_0041_0008.uasset" 6082
"../../../Engine/Content/EngineMaterials/Substrate/GLints/dict_16_192_64_0p5_0p02_0041_0010.uasset" 6083
"../../../Engine/Content/EngineMaterials/Substrate/GLints/dict_16_192_64_0p5_0p02_0041_0007.uasset" 6084
"/Engine/EngineMaterials/Substrate/GLints/dict_16_192_64_0p5_0p02_0041_0007" 6085
"/Engine/EngineMaterials/Substrate/GLints/dict_16_192_64_0p5_0p02_0041_0010" 6086
"/Engine/EngineMaterials/Substrate/GLints/dict_16_192_64_0p5_0p02_0041_0009" 6087
"/Engine/EngineMaterials/Substrate/GLints/dict_16_192_64_0p5_0p02_0041_0008" 6088
"../../../Engine/Content/EngineMaterials/Substrate/GLints/dict_16_192_64_0p5_0p02_0041_0012.uasset" 6089
"../../../Engine/Content/EngineMaterials/Substrate/GLints/dict_16_192_64_0p5_0p02_0041_0013.uasset" 6090
"/Engine/EngineMaterials/Substrate/GLints/dict_16_192_64_0p5_0p02_0041_0013" 6091
"/Engine/EngineMaterials/Substrate/GLints/dict_16_192_64_0p5_0p02_0041_0012" 6092
"../../../Engine/Content/EngineMaterials/Substrate/GLints/dict_16_192_64_0p5_0p02_0041_0014.uasset" 6093
"../../../Engine/Content/EngineMaterials/Substrate/GLints/dict_16_192_64_0p5_0p02_0041_0011.uasset" 6094
"../../../Engine/Content/EngineMaterials/Substrate/GLints/dict_16_192_64_0p5_0p02_0041_0015.uasset" 6095
"../../../Engine/Content/EngineMaterials/Substrate/GLints/dict_16_192_64_0p5_0p02_0041_0000.uasset" 6096
"../../../Engine/Content/EngineMaterials/Substrate/GLints/dict_16_192_64_0p5_0p02_0042_0001.uasset" 6097
"../../../Engine/Content/EngineMaterials/Substrate/GLints/dict_16_192_64_0p5_0p02_0042_0003.uasset" 6098
"/Engine/EngineMaterials/Substrate/GLints/dict_16_192_64_0p5_0p02_0041_0015" 6099
"/Engine/EngineMaterials/Substrate/GLints/dict_16_192_64_0p5_0p02_0041_0014" 6100
"/Engine/EngineMaterials/Substrate/GLints/dict_16_192_64_0p5_0p02_0041_0000" 6101
"/Engine/EngineMaterials/Substrate/GLints/dict_16_192_64_0p5_0p02_0042_0003" 6102
"/Engine/EngineMaterials/Substrate/GLints/dict_16_192_64_0p5_0p02_0041_0011" 6103
"/Engine/EngineMaterials/Substrate/GLints/dict_16_192_64_0p5_0p02_0042_0001" 6104
"../../../Engine/Content/EngineMaterials/Substrate/GLints/dict_16_192_64_0p5_0p02_0042_0002.uasset" 6105
"../../../Engine/Content/EngineMaterials/Substrate/GLints/dict_16_192_64_0p5_0p02_0042_0004.uasset" 6106
"../../../Engine/Content/EngineMaterials/Substrate/GLints/dict_16_192_64_0p5_0p02_0042_0005.uasset" 6107
"../../../Engine/Content/EngineMaterials/Substrate/GLints/dict_16_192_64_0p5_0p02_0042_0007.uasset" 6108
"../../../Engine/Content/EngineMaterials/Substrate/GLints/dict_16_192_64_0p5_0p02_0042_0008.uasset" 6109
"/Engine/EngineMaterials/Substrate/GLints/dict_16_192_64_0p5_0p02_0042_0005" 6110
"/Engine/EngineMaterials/Substrate/GLints/dict_16_192_64_0p5_0p02_0042_0004" 6111
"/Engine/EngineMaterials/Substrate/GLints/dict_16_192_64_0p5_0p02_0042_0007" 6112
"/Engine/EngineMaterials/Substrate/GLints/dict_16_192_64_0p5_0p02_0042_0002" 6113
"/Engine/EngineMaterials/Substrate/GLints/dict_16_192_64_0p5_0p02_0042_0008" 6114
"../../../Engine/Content/EngineMaterials/Substrate/GLints/dict_16_192_64_0p5_0p02_0042_0006.uasset" 6115
"../../../Engine/Content/EngineMaterials/Substrate/GLints/dict_16_192_64_0p5_0p02_0042_0011.uasset" 6116
"../../../Engine/Content/EngineMaterials/Substrate/GLints/dict_16_192_64_0p5_0p02_0042_0012.uasset" 6117
"../../../Engine/Content/EngineMaterials/Substrate/GLints/dict_16_192_64_0p5_0p02_0042_0013.uasset" 6118
"/Engine/EngineMaterials/Substrate/GLints/dict_16_192_64_0p5_0p02_0042_0011" 6119
"/Engine/EngineMaterials/Substrate/GLints/dict_16_192_64_0p5_0p02_0042_0006" 6120
"/Engine/EngineMaterials/Substrate/GLints/dict_16_192_64_0p5_0p02_0042_0013" 6121
"/Engine/EngineMaterials/Substrate/GLints/dict_16_192_64_0p5_0p02_0042_0012" 6122
"../../../Engine/Content/EngineMaterials/Substrate/GLints/dict_16_192_64_0p5_0p02_0039_0001.uasset" 6123
"../../../Engine/Content/EngineMaterials/Substrate/GLints/dict_16_192_64_0p5_0p02_0042_0015.uasset" 6124
"../../../Engine/Content/EngineMaterials/Substrate/GLints/dict_16_192_64_0p5_0p02_0039_0009.uasset" 6125
"../../../Engine/Content/EngineMaterials/Substrate/GLints/dict_16_192_64_0p5_0p02_0043_0000.uasset" 6126
"../../../Engine/Content/EngineMaterials/Substrate/GLints/dict_16_192_64_0p5_0p02_0039_0002.uasset" 6127
"/Engine/EngineMaterials/Substrate/GLints/dict_16_192_64_0p5_0p02_0043_0000" 6128
"/Engine/EngineMaterials/Substrate/GLints/dict_16_192_64_0p5_0p02_0039_0009" 6129
"/Engine/EngineMaterials/Substrate/GLints/dict_16_192_64_0p5_0p02_0042_0015" 6130
"../../../Engine/Content/EngineMaterials/Substrate/GLints/dict_16_192_64_0p5_0p02_0039_0011.uasset" 6131
"/Engine/EngineMaterials/Substrate/GLints/dict_16_192_64_0p5_0p02_0039_0001" 6132
"/Engine/EngineMaterials/Substrate/GLints/dict_16_192_64_0p5_0p02_0039_0002" 6133
"/Engine/EngineMaterials/Substrate/GLints/dict_16_192_64_0p5_0p02_0039_0011" 6134
"../../../Engine/Content/EngineMaterials/Substrate/GLints/dict_16_192_64_0p5_0p02_0043_0001.uasset" 6135
"../../../Engine/Content/EngineMaterials/Substrate/GLints/dict_16_192_64_0p5_0p02_0042_0014.uasset" 6136
"../../../Engine/Content/EngineMaterials/Substrate/GLints/dict_16_192_64_0p5_0p02_0043_0003.uasset" 6137
"../../../Engine/Content/EngineMaterials/Substrate/GLints/dict_16_192_64_0p5_0p02_0040_0000.uasset" 6138
"../../../Engine/Content/EngineMaterials/Substrate/GLints/dict_16_192_64_0p5_0p02_0038_0008.uasset" 6139
"../../../Engine/Content/EngineMaterials/Substrate/GLints/dict_16_192_64_0p5_0p02_0043_0004.uasset" 6140
"../../../Engine/Content/EngineMaterials/Substrate/GLints/dict_16_192_64_0p5_0p02_0043_0005.uasset" 6141
"/Engine/EngineMaterials/Substrate/GLints/dict_16_192_64_0p5_0p02_0043_0003" 6142
"../../../Engine/Content/EngineMaterials/Substrate/GLints/dict_16_192_64_0p5_0p02_0043_0008.uasset" 6143
"/Engine/EngineMaterials/Substrate/GLints/dict_16_192_64_0p5_0p02_0043_0001" 6144
"../../../Engine/Content/EngineMaterials/Substrate/GLints/dict_16_192_64_0p5_0p02_0040_0009.uasset" 6145
"/Engine/EngineMaterials/Substrate/GLints/dict_16_192_64_0p5_0p02_0038_0008" 6146
"/Engine/EngineMaterials/Substrate/GLints/dict_16_192_64_0p5_0p02_0043_0005" 6147
"/Engine/EngineMaterials/Substrate/GLints/dict_16_192_64_0p5_0p02_0042_0014" 6148
"../../../Engine/Content/EngineMaterials/Substrate/GLints/dict_16_192_64_0p5_0p02_0043_0010.uasset" 6149
"/Engine/EngineMaterials/Substrate/GLints/dict_16_192_64_0p5_0p02_0040_0000" 6150
"/Engine/EngineMaterials/Substrate/GLints/dict_16_192_64_0p5_0p02_0043_0004" 6151
"/Engine/EngineMaterials/Substrate/GLints/dict_16_192_64_0p5_0p02_0043_0008" 6152
"../../../Engine/Content/EngineMaterials/Substrate/GLints/dict_16_192_64_0p5_0p02_0043_0007.uasset" 6153
"/Engine/EngineMaterials/Substrate/GLints/dict_16_192_64_0p5_0p02_0043_0010" 6154
"/Engine/EngineMaterials/Substrate/GLints/dict_16_192_64_0p5_0p02_0040_0009" 6155
"/Engine/EngineMaterials/Substrate/GLints/dict_16_192_64_0p5_0p02_0043_0007" 6156
"../../../Engine/Content/EngineMaterials/Substrate/GLints/dict_16_192_64_0p5_0p02_0042_0000.uasset" 6157
"../../../Engine/Content/EngineMaterials/Substrate/GLints/dict_16_192_64_0p5_0p02_0043_0014.uasset" 6158
"../../../Engine/Content/EngineMaterials/Substrate/GLints/dict_16_192_64_0p5_0p02_0043_0011.uasset" 6159
"../../../Engine/Content/EngineMaterials/Substrate/GLints/dict_16_192_64_0p5_0p02_0043_0015.uasset" 6160
"../../../Engine/Content/EngineMaterials/Substrate/GLints/dict_16_192_64_0p5_0p02_0044_0001.uasset" 6161
"/Engine/EngineMaterials/Substrate/GLints/dict_16_192_64_0p5_0p02_0044_0001" 6162
"/Engine/EngineMaterials/Substrate/GLints/dict_16_192_64_0p5_0p02_0043_0011" 6163
"/Engine/EngineMaterials/Substrate/GLints/dict_16_192_64_0p5_0p02_0043_0015" 6164
"/Engine/EngineMaterials/Substrate/GLints/dict_16_192_64_0p5_0p02_0042_0000" 6165
"/Engine/EngineMaterials/Substrate/GLints/dict_16_192_64_0p5_0p02_0043_0014" 6166
"../../../Engine/Content/EngineMaterials/Substrate/GLints/dict_16_192_64_0p5_0p02_0044_0004.uasset" 6167
"../../../Engine/Content/EngineMaterials/Substrate/GLints/dict_16_192_64_0p5_0p02_0044_0003.uasset" 6168
"../../../Engine/Content/EngineMaterials/Substrate/GLints/dict_16_192_64_0p5_0p02_0044_0007.uasset" 6169
"../../../Engine/Content/EngineMaterials/Substrate/GLints/dict_16_192_64_0p5_0p02_0044_0006.uasset" 6170
"/Engine/EngineMaterials/Substrate/GLints/dict_16_192_64_0p5_0p02_0044_0007" 6171
"/Engine/EngineMaterials/Substrate/GLints/dict_16_192_64_0p5_0p02_0044_0006" 6172
"/Engine/EngineMaterials/Substrate/GLints/dict_16_192_64_0p5_0p02_0044_0004" 6173
"/Engine/EngineMaterials/Substrate/GLints/dict_16_192_64_0p5_0p02_0044_0003" 6174
"../../../Engine/Content/EngineMaterials/Substrate/GLints/dict_16_192_64_0p5_0p02_0042_0009.uasset" 6175
"../../../Engine/Content/EngineMaterials/Substrate/GLints/dict_16_192_64_0p5_0p02_0042_0010.uasset" 6176
"../../../Engine/Content/EngineMaterials/Substrate/GLints/dict_16_192_64_0p5_0p02_0038_0014.uasset" 6177
"../../../Engine/Content/EngineMaterials/Substrate/GLints/dict_16_192_64_0p5_0p02_0044_0008.uasset" 6178
"../../../Engine/Content/EngineMaterials/Substrate/GLints/dict_16_192_64_0p5_0p02_0044_0010.uasset" 6179
"../../../Engine/Content/EngineMaterials/Substrate/GLints/dict_16_192_64_0p5_0p02_0044_0011.uasset" 6180
"/Engine/EngineMaterials/Substrate/GLints/dict_16_192_64_0p5_0p02_0038_0014" 6181
"/Engine/EngineMaterials/Substrate/GLints/dict_16_192_64_0p5_0p02_0044_0008" 6182
"/Engine/EngineMaterials/Substrate/GLints/dict_16_192_64_0p5_0p02_0044_0011" 6183
"/Engine/EngineMaterials/Substrate/GLints/dict_16_192_64_0p5_0p02_0044_0010" 6184
"/Engine/EngineMaterials/Substrate/GLints/dict_16_192_64_0p5_0p02_0042_0010" 6185
"/Engine/EngineMaterials/Substrate/GLints/dict_16_192_64_0p5_0p02_0042_0009" 6186
"../../../Engine/Content/EngineMaterials/Substrate/GLints/dict_16_192_64_0p5_0p02_0044_0012.uasset" 6187
"../../../Engine/Content/EngineMaterials/Substrate/GLints/dict_16_192_64_0p5_0p02_0044_0015.uasset" 6188
"../../../Engine/Content/EngineMaterials/Substrate/GLints/dict_16_192_64_0p5_0p02_0045_0000.uasset" 6189
"../../../Engine/Content/EngineMaterials/Substrate/GLints/dict_16_192_64_0p5_0p02_0044_0014.uasset" 6190
"../../../Engine/Content/EngineMaterials/Substrate/GLints/dict_16_192_64_0p5_0p02_0045_0001.uasset" 6191
"/Engine/EngineMaterials/Substrate/GLints/dict_16_192_64_0p5_0p02_0044_0012" 6192
"/Engine/EngineMaterials/Substrate/GLints/dict_16_192_64_0p5_0p02_0045_0001" 6193
"/Engine/EngineMaterials/Substrate/GLints/dict_16_192_64_0p5_0p02_0045_0000" 6194
"/Engine/EngineMaterials/Substrate/GLints/dict_16_192_64_0p5_0p02_0044_0015" 6195
"/Engine/EngineMaterials/Substrate/GLints/dict_16_192_64_0p5_0p02_0044_0014" 6196
"../../../Engine/Content/EngineMaterials/Substrate/GLints/dict_16_192_64_0p5_0p02_0044_0009.uasset" 6197
"../../../Engine/Content/EngineMaterials/Substrate/GLints/dict_16_192_64_0p5_0p02_0044_0013.uasset" 6198
"../../../Engine/Content/EngineMaterials/Substrate/GLints/dict_16_192_64_0p5_0p02_0045_0003.uasset" 6199
"../../../Engine/Content/EngineMaterials/Substrate/GLints/dict_16_192_64_0p5_0p02_0045_0004.uasset" 6200
"../../../Engine/Content/EngineMaterials/Substrate/GLints/dict_16_192_64_0p5_0p02_0045_0006.uasset" 6201
"/Engine/EngineMaterials/Substrate/GLints/dict_16_192_64_0p5_0p02_0044_0009" 6202
"../../../Engine/Content/EngineMaterials/Substrate/GLints/dict_16_192_64_0p5_0p02_0045_0005.uasset" 6203
"/Engine/EngineMaterials/Substrate/GLints/dict_16_192_64_0p5_0p02_0044_0013" 6204
"/Engine/EngineMaterials/Substrate/GLints/dict_16_192_64_0p5_0p02_0045_0006" 6205
"/Engine/EngineMaterials/Substrate/GLints/dict_16_192_64_0p5_0p02_0045_0004" 6206
"/Engine/EngineMaterials/Substrate/GLints/dict_16_192_64_0p5_0p02_0045_0003" 6207
"/Engine/EngineMaterials/Substrate/GLints/dict_16_192_64_0p5_0p02_0045_0005" 6208
"../../../Engine/Content/EngineMaterials/Substrate/GLints/dict_16_192_64_0p5_0p02_0045_0009.uasset" 6209
"../../../Engine/Content/EngineMaterials/Substrate/GLints/dict_16_192_64_0p5_0p02_0045_0010.uasset" 6210
"../../../Engine/Content/EngineMaterials/Substrate/GLints/dict_16_192_64_0p5_0p02_0045_0008.uasset" 6211
"../../../Engine/Content/EngineMaterials/Substrate/GLints/dict_16_192_64_0p5_0p02_0045_0011.uasset" 6212
"../../../Engine/Content/EngineMaterials/Substrate/GLints/dict_16_192_64_0p5_0p02_0045_0013.uasset" 6213
"../../../Engine/Content/EngineMaterials/Substrate/GLints/dict_16_192_64_0p5_0p02_0045_0014.uasset" 6214
"/Engine/EngineMaterials/Substrate/GLints/dict_16_192_64_0p5_0p02_0045_0011" 6215
"/Engine/EngineMaterials/Substrate/GLints/dict_16_192_64_0p5_0p02_0045_0010" 6216
"/Engine/EngineMaterials/Substrate/GLints/dict_16_192_64_0p5_0p02_0045_0014" 6217
"/Engine/EngineMaterials/Substrate/GLints/dict_16_192_64_0p5_0p02_0045_0013" 6218
"/Engine/EngineMaterials/Substrate/GLints/dict_16_192_64_0p5_0p02_0045_0009" 6219
"/Engine/EngineMaterials/Substrate/GLints/dict_16_192_64_0p5_0p02_0045_0008" 6220
"../../../Engine/Content/EngineMaterials/Substrate/GLints/dict_16_192_64_0p5_0p02_0038_0004.uasset" 6221
"../../../Engine/Content/EngineMaterials/Substrate/GLints/dict_16_192_64_0p5_0p02_0045_0007.uasset" 6222
"../../../Engine/Content/EngineMaterials/Substrate/GLints/dict_16_192_64_0p5_0p02_0045_0002.uasset" 6223
"../../../Engine/Content/EngineMaterials/Substrate/GLints/dict_16_192_64_0p5_0p02_0046_0002.uasset" 6224
"../../../Engine/Content/EngineMaterials/Substrate/GLints/dict_16_192_64_0p5_0p02_0046_0001.uasset" 6225
"../../../Engine/Content/EngineMaterials/Substrate/GLints/dict_16_192_64_0p5_0p02_0046_0000.uasset" 6226
"../../../Engine/Content/EngineMaterials/Substrate/GLints/dict_16_192_64_0p5_0p02_0038_0003.uasset" 6227
"/Engine/EngineMaterials/Substrate/GLints/dict_16_192_64_0p5_0p02_0046_0001" 6228
"/Engine/EngineMaterials/Substrate/GLints/dict_16_192_64_0p5_0p02_0045_0002" 6229
"../../../Engine/Content/EngineMaterials/Substrate/GLints/dict_16_192_64_0p5_0p02_0046_0003.uasset" 6230
"/Engine/EngineMaterials/Substrate/GLints/dict_16_192_64_0p5_0p02_0046_0000" 6231
"/Engine/EngineMaterials/Substrate/GLints/dict_16_192_64_0p5_0p02_0038_0004" 6232
"/Engine/EngineMaterials/Substrate/GLints/dict_16_192_64_0p5_0p02_0038_0003" 6233
"/Engine/EngineMaterials/Substrate/GLints/dict_16_192_64_0p5_0p02_0045_0007" 6234
"/Engine/EngineMaterials/Substrate/GLints/dict_16_192_64_0p5_0p02_0046_0002" 6235
"/Engine/EngineMaterials/Substrate/GLints/dict_16_192_64_0p5_0p02_0046_0003" 6236
"../../../Engine/Content/EngineMaterials/Substrate/GLints/dict_16_192_64_0p5_0p02_0046_0009.uasset" 6237
"../../../Engine/Content/EngineMaterials/Substrate/GLints/dict_16_192_64_0p5_0p02_0046_0005.uasset" 6238
"../../../Engine/Content/EngineMaterials/Substrate/GLints/dict_16_192_64_0p5_0p02_0046_0008.uasset" 6239
"../../../Engine/Content/EngineMaterials/Substrate/GLints/dict_16_192_64_0p5_0p02_0046_0004.uasset" 6240
"../../../Engine/Content/EngineMaterials/Substrate/GLints/dict_16_192_64_0p5_0p02_0046_0010.uasset" 6241
"/Engine/EngineMaterials/Substrate/GLints/dict_16_192_64_0p5_0p02_0046_0005" 6242
"../../../Engine/Content/EngineMaterials/Substrate/GLints/dict_16_192_64_0p5_0p02_0046_0012.uasset" 6243
"../../../Engine/Content/EngineMaterials/Substrate/GLints/dict_16_192_64_0p5_0p02_0046_0011.uasset" 6244
"/Engine/EngineMaterials/Substrate/GLints/dict_16_192_64_0p5_0p02_0046_0004" 6245
"/Engine/EngineMaterials/Substrate/GLints/dict_16_192_64_0p5_0p02_0046_0010" 6246
"/Engine/EngineMaterials/Substrate/GLints/dict_16_192_64_0p5_0p02_0046_0009" 6247
"/Engine/EngineMaterials/Substrate/GLints/dict_16_192_64_0p5_0p02_0046_0008" 6248
"/Engine/EngineMaterials/Substrate/GLints/dict_16_192_64_0p5_0p02_0046_0012" 6249
"../../../Engine/Content/EngineMaterials/Substrate/GLints/dict_16_192_64_0p5_0p02_0046_0007.uasset" 6250
"../../../Engine/Content/EngineMaterials/Substrate/GLints/dict_16_192_64_0p5_0p02_0046_0014.uasset" 6251
"/Engine/EngineMaterials/Substrate/GLints/dict_16_192_64_0p5_0p02_0046_0011" 6252
"/Engine/EngineMaterials/Substrate/GLints/dict_16_192_64_0p5_0p02_0046_0007" 6253
"/Engine/EngineMaterials/Substrate/GLints/dict_16_192_64_0p5_0p02_0046_0014" 6254
"../../../Engine/Content/EngineMaterials/Substrate/GLints/dict_16_192_64_0p5_0p02_0043_0006.uasset" 6255
"../../../Engine/Content/EngineMaterials/Substrate/GLints/dict_16_192_64_0p5_0p02_0047_0002.uasset" 6256
"../../../Engine/Content/EngineMaterials/Substrate/GLints/dict_16_192_64_0p5_0p02_0047_0001.uasset" 6257
"../../../Engine/Content/EngineMaterials/Substrate/GLints/dict_16_192_64_0p5_0p02_0046_0015.uasset" 6258
"../../../Engine/Content/EngineMaterials/Substrate/GLints/dict_16_192_64_0p5_0p02_0047_0003.uasset" 6259
"/Engine/EngineMaterials/Substrate/GLints/dict_16_192_64_0p5_0p02_0047_0003" 6260
"/Engine/EngineMaterials/Substrate/GLints/dict_16_192_64_0p5_0p02_0047_0002" 6261
"/Engine/EngineMaterials/Substrate/GLints/dict_16_192_64_0p5_0p02_0047_0001" 6262
"../../../Engine/Content/EngineMaterials/Substrate/GLints/dict_16_192_64_0p5_0p02_0047_0004.uasset" 6263
"../../../Engine/Content/EngineMaterials/Substrate/GLints/dict_16_192_64_0p5_0p02_0047_0000.uasset" 6264
"/Engine/EngineMaterials/Substrate/GLints/dict_16_192_64_0p5_0p02_0043_0006" 6265
"/Engine/EngineMaterials/Substrate/GLints/dict_16_192_64_0p5_0p02_0046_0015" 6266
"/Engine/EngineMaterials/Substrate/GLints/dict_16_192_64_0p5_0p02_0047_0004" 6267
"/Engine/EngineMaterials/Substrate/GLints/dict_16_192_64_0p5_0p02_0047_0000" 6268
"../../../Engine/Content/EngineMaterials/Substrate/GLints/dict_16_192_64_0p5_0p02_0047_0005.uasset" 6269
"../../../Engine/Content/EngineMaterials/Substrate/GLints/dict_16_192_64_0p5_0p02_0047_0007.uasset" 6270
"../../../Engine/Content/EngineMaterials/Substrate/GLints/dict_16_192_64_0p5_0p02_0047_0009.uasset" 6271
"../../../Engine/Content/EngineMaterials/Substrate/GLints/dict_16_192_64_0p5_0p02_0047_0008.uasset" 6272
"../../../Engine/Content/EngineMaterials/Substrate/GLints/dict_16_192_64_0p5_0p02_0047_0011.uasset" 6273
"/Engine/EngineMaterials/Substrate/GLints/dict_16_192_64_0p5_0p02_0047_0009" 6274
"../../../Engine/Content/EngineMaterials/Substrate/GLints/dict_16_192_64_0p5_0p02_0047_0010.uasset" 6275
"/Engine/EngineMaterials/Substrate/GLints/dict_16_192_64_0p5_0p02_0047_0011" 6276
"/Engine/EngineMaterials/Substrate/GLints/dict_16_192_64_0p5_0p02_0047_0005" 6277
"/Engine/EngineMaterials/Substrate/GLints/dict_16_192_64_0p5_0p02_0047_0008" 6278
"/Engine/EngineMaterials/Substrate/GLints/dict_16_192_64_0p5_0p02_0047_0007" 6279
"/Engine/EngineMaterials/Substrate/GLints/dict_16_192_64_0p5_0p02_0047_0010" 6280
"../../../Engine/Content/EngineMaterials/Substrate/GLints/dict_16_192_64_0p5_0p02_0043_0009.uasset" 6281
"../../../Engine/Content/EngineMaterials/Substrate/GLints/dict_16_192_64_0p5_0p02_0047_0013.uasset" 6282
"../../../Engine/Content/EngineMaterials/Substrate/GLints/dict_16_192_64_0p5_0p02_0047_0014.uasset" 6283
"../../../Engine/Content/EngineMaterials/Substrate/GLints/dict_16_192_64_0p5_0p02_0047_0015.uasset" 6284
"/Engine/EngineMaterials/Substrate/GLints/dict_16_192_64_0p5_0p02_0047_0014" 6285
"/Engine/EngineMaterials/Substrate/GLints/dict_16_192_64_0p5_0p02_0043_0009" 6286
"/Engine/EngineMaterials/Substrate/GLints/dict_16_192_64_0p5_0p02_0047_0015" 6287
"../../../Engine/Content/EngineMaterials/Substrate/GLints/dict_16_192_64_0p5_0p02_0047_0012.uasset" 6288
"../../../Engine/Content/EngineMaterials/Substrate/GLints/dict_16_192_64_0p5_0p02_0048_0001.uasset" 6289
"../../../Engine/Content/EngineMaterials/Substrate/GLints/dict_16_192_64_0p5_0p02_0048_0003.uasset" 6290
"/Engine/EngineMaterials/Substrate/GLints/dict_16_192_64_0p5_0p02_0047_0013" 6291
"/Engine/EngineMaterials/Substrate/GLints/dict_16_192_64_0p5_0p02_0048_0003" 6292
"../../../Engine/Content/EngineMaterials/Substrate/GLints/dict_16_192_64_0p5_0p02_0048_0004.uasset" 6293
"/Engine/EngineMaterials/Substrate/GLints/dict_16_192_64_0p5_0p02_0047_0012" 6294
"/Engine/EngineMaterials/Substrate/GLints/dict_16_192_64_0p5_0p02_0048_0001" 6295
"/Engine/EngineMaterials/Substrate/GLints/dict_16_192_64_0p5_0p02_0048_0004" 6296
"../../../Engine/Content/EngineMaterials/Substrate/GLints/dict_16_192_64_0p5_0p02_0048_0000.uasset" 6297
"../../../Engine/Content/EngineMaterials/Substrate/GLints/dict_16_192_64_0p5_0p02_0048_0002.uasset" 6298
"../../../Engine/Content/EngineMaterials/Substrate/GLints/dict_16_192_64_0p5_0p02_0048_0006.uasset" 6299
"../../../Engine/Content/EngineMaterials/Substrate/GLints/dict_16_192_64_0p5_0p02_0048_0007.uasset" 6300
"../../../Engine/Content/EngineMaterials/Substrate/GLints/dict_16_192_64_0p5_0p02_0048_0005.uasset" 6301
"../../../Engine/Content/EngineMaterials/Substrate/GLints/dict_16_192_64_0p5_0p02_0048_0008.uasset" 6302
"../../../Engine/Content/EngineMaterials/Substrate/GLints/dict_16_192_64_0p5_0p02_0041_0003.uasset" 6303
"/Engine/EngineMaterials/Substrate/GLints/dict_16_192_64_0p5_0p02_0048_0005" 6304
"../../../Engine/Content/EngineMaterials/Substrate/GLints/dict_16_192_64_0p5_0p02_0048_0009.uasset" 6305
"/Engine/EngineMaterials/Substrate/GLints/dict_16_192_64_0p5_0p02_0048_0002" 6306
"/Engine/EngineMaterials/Substrate/GLints/dict_16_192_64_0p5_0p02_0048_0000" 6307
"/Engine/EngineMaterials/Substrate/GLints/dict_16_192_64_0p5_0p02_0048_0008" 6308
"../../../Engine/Content/EngineMaterials/Substrate/GLints/dict_16_192_64_0p5_0p02_0048_0010.uasset" 6309
"/Engine/EngineMaterials/Substrate/GLints/dict_16_192_64_0p5_0p02_0048_0007" 6310
"/Engine/EngineMaterials/Substrate/GLints/dict_16_192_64_0p5_0p02_0048_0006" 6311
"/Engine/EngineMaterials/Substrate/GLints/dict_16_192_64_0p5_0p02_0041_0003" 6312
"/Engine/EngineMaterials/Substrate/GLints/dict_16_192_64_0p5_0p02_0048_0010" 6313
"/Engine/EngineMaterials/Substrate/GLints/dict_16_192_64_0p5_0p02_0048_0009" 6314
"../../../Engine/Content/EngineMaterials/Substrate/GLints/dict_16_192_64_0p5_0p02_0048_0013.uasset" 6315
"../../../Engine/Content/EngineMaterials/Substrate/GLints/dict_16_192_64_0p5_0p02_0049_0001.uasset" 6316
"../../../Engine/Content/EngineMaterials/Substrate/GLints/dict_16_192_64_0p5_0p02_0049_0000.uasset" 6317
"../../../Engine/Content/EngineMaterials/Substrate/GLints/dict_16_192_64_0p5_0p02_0041_0006.uasset" 6318
"/Engine/EngineMaterials/Substrate/GLints/dict_16_192_64_0p5_0p02_0049_0001" 6319
"/Engine/EngineMaterials/Substrate/GLints/dict_16_192_64_0p5_0p02_0041_0006" 6320
"/Engine/EngineMaterials/Substrate/GLints/dict_16_192_64_0p5_0p02_0049_0000" 6321
"/Engine/EngineMaterials/Substrate/GLints/dict_16_192_64_0p5_0p02_0048_0013" 6322
"../../../Engine/Content/EngineMaterials/Substrate/GLints/dict_16_192_64_0p5_0p02_0049_0002.uasset" 6323
"../../../Engine/Content/EngineMaterials/Substrate/GLints/dict_16_192_64_0p5_0p02_0043_0012.uasset" 6324
"../../../Engine/Content/EngineMaterials/Substrate/GLints/dict_16_192_64_0p5_0p02_0049_0003.uasset" 6325
"../../../Engine/Content/EngineMaterials/Substrate/GLints/dict_16_192_64_0p5_0p02_0049_0004.uasset" 6326
"../../../Engine/Content/EngineMaterials/Substrate/GLints/dict_16_192_64_0p5_0p02_0044_0002.uasset" 6327
"../../../Engine/Content/EngineMaterials/Substrate/GLints/dict_16_192_64_0p5_0p02_0049_0005.uasset" 6328
"../../../Engine/Content/EngineMaterials/Substrate/GLints/dict_16_192_64_0p5_0p02_0044_0005.uasset" 6329
"../../../Engine/Content/EngineMaterials/Substrate/GLints/dict_16_192_64_0p5_0p02_0044_0000.uasset" 6330
"../../../Engine/Content/EngineMaterials/Substrate/GLints/dict_16_192_64_0p5_0p02_0040_0007.uasset" 6331
"../../../Engine/Content/EngineMaterials/Substrate/GLints/dict_16_192_64_0p5_0p02_0049_0010.uasset" 6332
"/Engine/EngineMaterials/Substrate/GLints/dict_16_192_64_0p5_0p02_0044_0002" 6333
"../../../Engine/Content/EngineMaterials/Substrate/GLints/dict_16_192_64_0p5_0p02_0049_0006.uasset" 6334
"/Engine/EngineMaterials/Substrate/GLints/dict_16_192_64_0p5_0p02_0043_0012" 6335
"/Engine/EngineMaterials/Substrate/GLints/dict_16_192_64_0p5_0p02_0049_0010" 6336
"/Engine/EngineMaterials/Substrate/GLints/dict_16_192_64_0p5_0p02_0049_0002" 6337
"/Engine/EngineMaterials/Substrate/GLints/dict_16_192_64_0p5_0p02_0044_0000" 6338
"/Engine/EngineMaterials/Substrate/GLints/dict_16_192_64_0p5_0p02_0049_0003" 6339
"/Engine/EngineMaterials/Substrate/GLints/dict_16_192_64_0p5_0p02_0044_0005" 6340
"../../../Engine/Content/EngineMaterials/Substrate/GLints/dict_16_192_64_0p5_0p02_0049_0009.uasset" 6341
"../../../Engine/Content/EngineMaterials/Substrate/GLints/dict_16_192_64_0p5_0p02_0049_0007.uasset" 6342
"/Engine/EngineMaterials/Substrate/GLints/dict_16_192_64_0p5_0p02_0040_0007" 6343
"/Engine/EngineMaterials/Substrate/GLints/dict_16_192_64_0p5_0p02_0049_0005" 6344
"/Engine/EngineMaterials/Substrate/GLints/dict_16_192_64_0p5_0p02_0049_0004" 6345
"/Engine/EngineMaterials/Substrate/GLints/dict_16_192_64_0p5_0p02_0049_0009" 6346
"/Engine/EngineMaterials/Substrate/GLints/dict_16_192_64_0p5_0p02_0049_0007" 6347
"/Engine/EngineMaterials/Substrate/GLints/dict_16_192_64_0p5_0p02_0049_0006" 6348
"../../../Engine/Content/EngineMaterials/Substrate/GLints/dict_16_192_64_0p5_0p02_0049_0008.uasset" 6349
"/Engine/EngineMaterials/Substrate/GLints/dict_16_192_64_0p5_0p02_0049_0008" 6350
"../../../Engine/Content/EngineMaterials/Substrate/GLints/dict_16_192_64_0p5_0p02_0049_0012.uasset" 6351
"../../../Engine/Content/EngineMaterials/Substrate/GLints/dict_16_192_64_0p5_0p02_0050_0000.uasset" 6352
"../../../Engine/Content/EngineMaterials/Substrate/GLints/dict_16_192_64_0p5_0p02_0045_0012.uasset" 6353
"../../../Engine/Content/EngineMaterials/Substrate/GLints/dict_16_192_64_0p5_0p02_0049_0013.uasset" 6354
"../../../Engine/Content/EngineMaterials/Substrate/GLints/dict_16_192_64_0p5_0p02_0050_0004.uasset" 6355
"../../../Engine/Content/EngineMaterials/Substrate/GLints/dict_16_192_64_0p5_0p02_0050_0001.uasset" 6356
"/Engine/EngineMaterials/Substrate/GLints/dict_16_192_64_0p5_0p02_0045_0012" 6357
"../../../Engine/Content/EngineMaterials/Substrate/GLints/dict_16_192_64_0p5_0p02_0050_0003.uasset" 6358
"/Engine/EngineMaterials/Substrate/GLints/dict_16_192_64_0p5_0p02_0050_0000" 6359
"/Engine/EngineMaterials/Substrate/GLints/dict_16_192_64_0p5_0p02_0049_0012" 6360
"/Engine/EngineMaterials/Substrate/GLints/dict_16_192_64_0p5_0p02_0050_0004" 6361
"/Engine/EngineMaterials/Substrate/GLints/dict_16_192_64_0p5_0p02_0050_0001" 6362
"/Engine/EngineMaterials/Substrate/GLints/dict_16_192_64_0p5_0p02_0049_0013" 6363
"/Engine/EngineMaterials/Substrate/GLints/dict_16_192_64_0p5_0p02_0050_0003" 6364
"../../../Engine/Content/EngineMaterials/Substrate/GLints/dict_16_192_64_0p5_0p02_0050_0006.uasset" 6365
"../../../Engine/Content/EngineMaterials/Substrate/GLints/dict_16_192_64_0p5_0p02_0050_0005.uasset" 6366
"../../../Engine/Content/EngineMaterials/Substrate/GLints/dict_16_192_64_0p5_0p02_0050_0007.uasset" 6367
"../../../Engine/Content/EngineMaterials/Substrate/GLints/dict_16_192_64_0p5_0p02_0050_0008.uasset" 6368
"../../../Engine/Content/EngineMaterials/Substrate/GLints/dict_16_192_64_0p5_0p02_0049_0011.uasset" 6369
"../../../Engine/Content/EngineMaterials/Substrate/GLints/dict_16_192_64_0p5_0p02_0050_0009.uasset" 6370
"../../../Engine/Content/EngineMaterials/Substrate/GLints/dict_16_192_64_0p5_0p02_0050_0010.uasset" 6371
"../../../Engine/Content/EngineMaterials/Substrate/GLints/dict_16_192_64_0p5_0p02_0050_0011.uasset" 6372
"/Engine/EngineMaterials/Substrate/GLints/dict_16_192_64_0p5_0p02_0050_0010" 6373
"/Engine/EngineMaterials/Substrate/GLints/dict_16_192_64_0p5_0p02_0050_0009" 6374
"/Engine/EngineMaterials/Substrate/GLints/dict_16_192_64_0p5_0p02_0050_0008" 6375
"/Engine/EngineMaterials/Substrate/GLints/dict_16_192_64_0p5_0p02_0050_0007" 6376
"/Engine/EngineMaterials/Substrate/GLints/dict_16_192_64_0p5_0p02_0050_0006" 6377
"/Engine/EngineMaterials/Substrate/GLints/dict_16_192_64_0p5_0p02_0050_0005" 6378
"/Engine/EngineMaterials/Substrate/GLints/dict_16_192_64_0p5_0p02_0049_0011" 6379
"/Engine/EngineMaterials/Substrate/GLints/dict_16_192_64_0p5_0p02_0050_0011" 6380
"../../../Engine/Content/EngineMaterials/Substrate/GLints/dict_16_192_64_0p5_0p02_0050_0012.uasset" 6381
"../../../Engine/Content/EngineMaterials/Substrate/GLints/dict_16_192_64_0p5_0p02_0051_0001.uasset" 6382
"../../../Engine/Content/EngineMaterials/Substrate/GLints/dict_16_192_64_0p5_0p02_0051_0002.uasset" 6383
"../../../Engine/Content/EngineMaterials/Substrate/GLints/dict_16_192_64_0p5_0p02_0051_0003.uasset" 6384
"/Engine/EngineMaterials/Substrate/GLints/dict_16_192_64_0p5_0p02_0051_0003" 6385
"/Engine/EngineMaterials/Substrate/GLints/dict_16_192_64_0p5_0p02_0051_0002" 6386
"/Engine/EngineMaterials/Substrate/GLints/dict_16_192_64_0p5_0p02_0051_0001" 6387
"../../../Engine/Content/EngineMaterials/Substrate/GLints/dict_16_192_64_0p5_0p02_0051_0004.uasset" 6388
"/Engine/EngineMaterials/Substrate/GLints/dict_16_192_64_0p5_0p02_0050_0012" 6389
"/Engine/EngineMaterials/Substrate/GLints/dict_16_192_64_0p5_0p02_0051_0004" 6390
"../../../Engine/Content/EngineMaterials/Substrate/GLints/dict_16_192_64_0p5_0p02_0043_0013.uasset" 6391
"../../../Engine/Content/EngineMaterials/Substrate/GLints/dict_16_192_64_0p5_0p02_0050_0013.uasset" 6392
"../../../Engine/Content/EngineMaterials/Substrate/GLints/dict_16_192_64_0p5_0p02_0051_0005.uasset" 6393
"../../../Engine/Content/EngineMaterials/Substrate/GLints/dict_16_192_64_0p5_0p02_0051_0006.uasset" 6394
"../../../Engine/Content/EngineMaterials/Substrate/GLints/dict_16_192_64_0p5_0p02_0051_0007.uasset" 6395
"../../../Engine/Content/EngineMaterials/Substrate/GLints/dict_16_192_64_0p5_0p02_0051_0008.uasset" 6396
"../../../Engine/Content/EngineMaterials/Substrate/GLints/dict_16_192_64_0p5_0p02_0048_0015.uasset" 6397
"../../../Engine/Content/EngineMaterials/Substrate/GLints/dict_16_192_64_0p5_0p02_0048_0014.uasset" 6398
"/Engine/EngineMaterials/Substrate/GLints/dict_16_192_64_0p5_0p02_0050_0013" 6399
"/Engine/EngineMaterials/Substrate/GLints/dict_16_192_64_0p5_0p02_0051_0008" 6400
"/Engine/EngineMaterials/Substrate/GLints/dict_16_192_64_0p5_0p02_0048_0015" 6401
"../../../Engine/Content/EngineMaterials/Substrate/GLints/dict_16_192_64_0p5_0p02_0051_0009.uasset" 6402
"/Engine/EngineMaterials/Substrate/GLints/dict_16_192_64_0p5_0p02_0051_0007" 6403
"/Engine/EngineMaterials/Substrate/GLints/dict_16_192_64_0p5_0p02_0051_0006" 6404
"../../../Engine/Content/EngineMaterials/Substrate/GLints/dict_16_192_64_0p5_0p02_0048_0012.uasset" 6405
"/Engine/EngineMaterials/Substrate/GLints/dict_16_192_64_0p5_0p02_0048_0014" 6406
"/Engine/EngineMaterials/Substrate/GLints/dict_16_192_64_0p5_0p02_0051_0005" 6407
"../../../Engine/Content/EngineMaterials/Substrate/GLints/dict_16_192_64_0p5_0p02_0051_0011.uasset" 6408
"/Engine/EngineMaterials/Substrate/GLints/dict_16_192_64_0p5_0p02_0043_0013" 6409
"../../../Engine/Content/EngineMaterials/Substrate/GLints/dict_16_192_64_0p5_0p02_0051_0010.uasset" 6410
"/Engine/EngineMaterials/Substrate/GLints/dict_16_192_64_0p5_0p02_0051_0011" 6411
"../../../Engine/Content/EngineMaterials/Substrate/GLints/dict_16_192_64_0p5_0p02_0051_0013.uasset" 6412
"../../../Engine/Content/EngineMaterials/Substrate/GLints/dict_16_192_64_0p5_0p02_0047_0006.uasset" 6413
"/Engine/EngineMaterials/Substrate/GLints/dict_16_192_64_0p5_0p02_0051_0010" 6414
"../../../Engine/Content/EngineMaterials/Substrate/GLints/dict_16_192_64_0p5_0p02_0051_0012.uasset" 6415
"/Engine/EngineMaterials/Substrate/GLints/dict_16_192_64_0p5_0p02_0051_0009" 6416
"/Engine/EngineMaterials/Substrate/GLints/dict_16_192_64_0p5_0p02_0048_0012" 6417
"/Engine/EngineMaterials/Substrate/GLints/dict_16_192_64_0p5_0p02_0051_0013" 6418
"/Engine/EngineMaterials/Substrate/GLints/dict_16_192_64_0p5_0p02_0051_0012" 6419
"/Engine/EngineMaterials/Substrate/GLints/dict_16_192_64_0p5_0p02_0047_0006" 6420
"../../../Engine/Content/EngineMaterials/Substrate/GLints/dict_16_192_64_0p5_0p02_0051_0014.uasset" 6421
"../../../Engine/Content/EngineMaterials/Substrate/GLints/dict_16_192_64_0p5_0p02_0051_0015.uasset" 6422
"../../../Engine/Content/EngineMaterials/Substrate/GLints/dict_16_192_64_0p5_0p02_0052_0006.uasset" 6423
"../../../Engine/Content/EngineMaterials/Substrate/GLints/dict_16_192_64_0p5_0p02_0052_0007.uasset" 6424
"../../../Engine/Content/EngineMaterials/Substrate/GLints/dict_16_192_64_0p5_0p02_0052_0001.uasset" 6425
"../../../Engine/Content/EngineMaterials/Substrate/GLints/dict_16_192_64_0p5_0p02_0052_0004.uasset" 6426
"../../../Engine/Content/EngineMaterials/Substrate/GLints/dict_16_192_64_0p5_0p02_0046_0013.uasset" 6427
"../../../Engine/Content/EngineMaterials/Substrate/GLints/dict_16_192_64_0p5_0p02_0052_0000.uasset" 6428
"/Engine/EngineMaterials/Substrate/GLints/dict_16_192_64_0p5_0p02_0046_0013" 6429
"/Engine/EngineMaterials/Substrate/GLints/dict_16_192_64_0p5_0p02_0052_0001" 6430
"/Engine/EngineMaterials/Substrate/GLints/dict_16_192_64_0p5_0p02_0052_0000" 6431
"/Engine/EngineMaterials/Substrate/GLints/dict_16_192_64_0p5_0p02_0051_0015" 6432
"/Engine/EngineMaterials/Substrate/GLints/dict_16_192_64_0p5_0p02_0052_0007" 6433
"/Engine/EngineMaterials/Substrate/GLints/dict_16_192_64_0p5_0p02_0051_0014" 6434
"/Engine/EngineMaterials/Substrate/GLints/dict_16_192_64_0p5_0p02_0052_0006" 6435
"/Engine/EngineMaterials/Substrate/GLints/dict_16_192_64_0p5_0p02_0052_0004" 6436
"../../../Engine/Content/EngineMaterials/Substrate/GLints/dict_16_192_64_0p5_0p02_0052_0008.uasset" 6437
"/Engine/EngineMaterials/Substrate/GLints/dict_16_192_64_0p5_0p02_0052_0008" 6438
"../../../Engine/Content/EngineMaterials/Substrate/GLints/dict_16_192_64_0p5_0p02_0052_0011.uasset" 6439
"../../../Engine/Content/EngineMaterials/Substrate/GLints/dict_16_192_64_0p5_0p02_0046_0006.uasset" 6440
"../../../Engine/Content/EngineMaterials/Substrate/GLints/dict_16_192_64_0p5_0p02_0052_0013.uasset" 6441
"../../../Engine/Content/EngineMaterials/Substrate/GLints/dict_16_192_64_0p5_0p02_0052_0010.uasset" 6442
"../../../Engine/Content/EngineMaterials/Substrate/GLints/dict_16_192_64_0p5_0p02_0052_0014.uasset" 6443
"../../../Engine/Content/EngineMaterials/Substrate/GLints/dict_16_192_64_0p5_0p02_0052_0015.uasset" 6444
"../../../Engine/Content/EngineMaterials/Substrate/GLints/dict_16_192_64_0p5_0p02_0052_0012.uasset" 6445
"../../../Engine/Content/EngineMaterials/Substrate/GLints/dict_16_192_64_0p5_0p02_0048_0011.uasset" 6446
"../../../Engine/Content/EngineMaterials/Substrate/GLints/dict_16_192_64_0p5_0p02_0053_0001.uasset" 6447
"/Engine/EngineMaterials/Substrate/GLints/dict_16_192_64_0p5_0p02_0046_0006" 6448
"/Engine/EngineMaterials/Substrate/GLints/dict_16_192_64_0p5_0p02_0053_0001" 6449
"../../../Engine/Content/EngineMaterials/Substrate/GLints/dict_16_192_64_0p5_0p02_0053_0000.uasset" 6450
"/Engine/EngineMaterials/Substrate/GLints/dict_16_192_64_0p5_0p02_0052_0014" 6451
"/Engine/EngineMaterials/Substrate/GLints/dict_16_192_64_0p5_0p02_0048_0011" 6452
"/Engine/EngineMaterials/Substrate/GLints/dict_16_192_64_0p5_0p02_0052_0013" 6453
"/Engine/EngineMaterials/Substrate/GLints/dict_16_192_64_0p5_0p02_0052_0010" 6454
"/Engine/EngineMaterials/Substrate/GLints/dict_16_192_64_0p5_0p02_0052_0012" 6455
"/Engine/EngineMaterials/Substrate/GLints/dict_16_192_64_0p5_0p02_0052_0015" 6456
"/Engine/EngineMaterials/Substrate/GLints/dict_16_192_64_0p5_0p02_0052_0011" 6457
"/Engine/EngineMaterials/Substrate/GLints/dict_16_192_64_0p5_0p02_0053_0000" 6458
"../../../Engine/Content/EngineMaterials/Substrate/GLints/dict_16_192_64_0p5_0p02_0053_0004.uasset" 6459
"../../../Engine/Content/EngineMaterials/Substrate/GLints/dict_16_192_64_0p5_0p02_0053_0003.uasset" 6460
"../../../Engine/Content/EngineMaterials/Substrate/GLints/dict_16_192_64_0p5_0p02_0053_0007.uasset" 6461
"../../../Engine/Content/EngineMaterials/Substrate/GLints/dict_16_192_64_0p5_0p02_0053_0006.uasset" 6462
"../../../Engine/Content/EngineMaterials/Substrate/GLints/dict_16_192_64_0p5_0p02_0053_0002.uasset" 6463
"../../../Engine/Content/EngineMaterials/Substrate/GLints/dict_16_192_64_0p5_0p02_0053_0009.uasset" 6464
"../../../Engine/Content/EngineMaterials/Substrate/GLints/dict_16_192_64_0p5_0p02_0053_0010.uasset" 6465
"../../../Engine/Content/EngineMaterials/Substrate/GLints/dict_16_192_64_0p5_0p02_0053_0005.uasset" 6466
"../../../Engine/Content/EngineMaterials/Substrate/GLints/dict_16_192_64_0p5_0p02_0053_0008.uasset" 6467
"../../../Engine/Content/EngineMaterials/Substrate/GLints/dict_16_192_64_0p5_0p02_0053_0011.uasset" 6468
"../../../Engine/Content/EngineMaterials/Substrate/GLints/dict_16_192_64_0p5_0p02_0053_0012.uasset" 6469
"/Engine/EngineMaterials/Substrate/GLints/dict_16_192_64_0p5_0p02_0053_0009" 6470
"/Engine/EngineMaterials/Substrate/GLints/dict_16_192_64_0p5_0p02_0053_0008" 6471
"/Engine/EngineMaterials/Substrate/GLints/dict_16_192_64_0p5_0p02_0053_0007" 6472
"/Engine/EngineMaterials/Substrate/GLints/dict_16_192_64_0p5_0p02_0053_0010" 6473
"/Engine/EngineMaterials/Substrate/GLints/dict_16_192_64_0p5_0p02_0053_0006" 6474
"/Engine/EngineMaterials/Substrate/GLints/dict_16_192_64_0p5_0p02_0053_0005" 6475
"/Engine/EngineMaterials/Substrate/GLints/dict_16_192_64_0p5_0p02_0053_0004" 6476
"../../../Engine/Content/EngineMaterials/Substrate/GLints/dict_16_192_64_0p5_0p02_0053_0013.uasset" 6477
"/Engine/EngineMaterials/Substrate/GLints/dict_16_192_64_0p5_0p02_0053_0003" 6478
"/Engine/EngineMaterials/Substrate/GLints/dict_16_192_64_0p5_0p02_0053_0002" 6479
"../../../Engine/Content/EngineMaterials/Substrate/GLints/dict_16_192_64_0p5_0p02_0043_0002.uasset" 6480
"/Engine/EngineMaterials/Substrate/GLints/dict_16_192_64_0p5_0p02_0053_0011" 6481
"/Engine/EngineMaterials/Substrate/GLints/dict_16_192_64_0p5_0p02_0043_0002" 6482
"../../../Engine/Content/EngineMaterials/Substrate/GLints/dict_16_192_64_0p5_0p02_0039_0005.uasset" 6483
"/Engine/EngineMaterials/Substrate/GLints/dict_16_192_64_0p5_0p02_0053_0013" 6484
"../../../Engine/Content/EngineMaterials/Substrate/GLints/dict_16_192_64_0p5_0p02_0054_0001.uasset" 6485
"/Engine/EngineMaterials/Substrate/GLints/dict_16_192_64_0p5_0p02_0053_0012" 6486
"/Engine/EngineMaterials/Substrate/GLints/dict_16_192_64_0p5_0p02_0054_0001" 6487
"../../../Engine/Content/EngineMaterials/Substrate/GLints/dict_16_192_64_0p5_0p02_0054_0000.uasset" 6488
"/Engine/EngineMaterials/Substrate/GLints/dict_16_192_64_0p5_0p02_0039_0005" 6489
"/Engine/EngineMaterials/Substrate/GLints/dict_16_192_64_0p5_0p02_0054_0000" 6490
"../../../Engine/Content/EngineMaterials/Substrate/GLints/dict_16_192_64_0p5_0p02_0053_0015.uasset" 6491
"../../../Engine/Content/EngineMaterials/Substrate/GLints/dict_16_192_64_0p5_0p02_0054_0003.uasset" 6492
"../../../Engine/Content/EngineMaterials/Substrate/GLints/dict_16_192_64_0p5_0p02_0054_0006.uasset" 6493
"../../../Engine/Content/EngineMaterials/Substrate/GLints/dict_16_192_64_0p5_0p02_0054_0005.uasset" 6494
"../../../Engine/Content/EngineMaterials/Substrate/GLints/dict_16_192_64_0p5_0p02_0054_0009.uasset" 6495
"../../../Engine/Content/EngineMaterials/Substrate/GLints/dict_16_192_64_0p5_0p02_0054_0010.uasset" 6496
"../../../Engine/Content/EngineMaterials/Substrate/GLints/dict_16_192_64_0p5_0p02_0054_0007.uasset" 6497
"../../../Engine/Content/EngineMaterials/Substrate/GLints/dict_16_192_64_0p5_0p02_0054_0004.uasset" 6498
"/Engine/EngineMaterials/Substrate/GLints/dict_16_192_64_0p5_0p02_0054_0003" 6499
"../../../Engine/Content/EngineMaterials/Substrate/GLints/dict_16_192_64_0p5_0p02_0054_0011.uasset" 6500
"/Engine/EngineMaterials/Substrate/GLints/dict_16_192_64_0p5_0p02_0054_0004" 6501
"../../../Engine/Content/EngineMaterials/Substrate/GLints/dict_16_192_64_0p5_0p02_0054_0002.uasset" 6502
"/Engine/EngineMaterials/Substrate/GLints/dict_16_192_64_0p5_0p02_0053_0015" 6503
"/Engine/EngineMaterials/Substrate/GLints/dict_16_192_64_0p5_0p02_0054_0010" 6504
"/Engine/EngineMaterials/Substrate/GLints/dict_16_192_64_0p5_0p02_0054_0009" 6505
"/Engine/EngineMaterials/Substrate/GLints/dict_16_192_64_0p5_0p02_0054_0007" 6506
"/Engine/EngineMaterials/Substrate/GLints/dict_16_192_64_0p5_0p02_0054_0006" 6507
"/Engine/EngineMaterials/Substrate/GLints/dict_16_192_64_0p5_0p02_0054_0005" 6508
"/Engine/EngineMaterials/Substrate/GLints/dict_16_192_64_0p5_0p02_0054_0002" 6509
"../../../Engine/Content/EngineMaterials/Substrate/GLints/dict_16_192_64_0p5_0p02_0054_0008.uasset" 6510
"/Engine/EngineMaterials/Substrate/GLints/dict_16_192_64_0p5_0p02_0054_0011" 6511
"/Engine/EngineMaterials/Substrate/GLints/dict_16_192_64_0p5_0p02_0054_0008" 6512
"../../../Engine/Content/EngineMaterials/Substrate/GLints/dict_16_192_64_0p5_0p02_0053_0014.uasset" 6513
"../../../Engine/Content/EngineMaterials/Substrate/GLints/dict_16_192_64_0p5_0p02_0055_0000.uasset" 6514
"../../../Engine/Content/EngineMaterials/Substrate/GLints/dict_16_192_64_0p5_0p02_0054_0013.uasset" 6515
"../../../Engine/Content/EngineMaterials/Substrate/GLints/dict_16_192_64_0p5_0p02_0055_0001.uasset" 6516
"../../../Engine/Content/EngineMaterials/Substrate/GLints/dict_16_192_64_0p5_0p02_0054_0014.uasset" 6517
"../../../Engine/Content/EngineMaterials/Substrate/GLints/dict_16_192_64_0p5_0p02_0055_0003.uasset" 6518
"../../../Engine/Content/EngineMaterials/Substrate/GLints/dict_16_192_64_0p5_0p02_0055_0002.uasset" 6519
"/Engine/EngineMaterials/Substrate/GLints/dict_16_192_64_0p5_0p02_0055_0001" 6520
"/Engine/EngineMaterials/Substrate/GLints/dict_16_192_64_0p5_0p02_0055_0003" 6521
"/Engine/EngineMaterials/Substrate/GLints/dict_16_192_64_0p5_0p02_0054_0014" 6522
"/Engine/EngineMaterials/Substrate/GLints/dict_16_192_64_0p5_0p02_0054_0013" 6523
"../../../Engine/Content/EngineMaterials/Substrate/GLints/dict_16_192_64_0p5_0p02_0055_0005.uasset" 6524
"../../../Engine/Content/EngineMaterials/Substrate/GLints/dict_16_192_64_0p5_0p02_0055_0008.uasset" 6525
"../../../Engine/Content/EngineMaterials/Substrate/GLints/dict_16_192_64_0p5_0p02_0055_0009.uasset" 6526
"/Engine/EngineMaterials/Substrate/GLints/dict_16_192_64_0p5_0p02_0053_0014" 6527
"/Engine/EngineMaterials/Substrate/GLints/dict_16_192_64_0p5_0p02_0055_0000" 6528
"../../../Engine/Content/EngineMaterials/Substrate/GLints/dict_16_192_64_0p5_0p02_0055_0010.uasset" 6529
"../../../Engine/Content/EngineMaterials/Substrate/GLints/dict_16_192_64_0p5_0p02_0055_0007.uasset" 6530
"/Engine/EngineMaterials/Substrate/GLints/dict_16_192_64_0p5_0p02_0055_0002" 6531
"/Engine/EngineMaterials/Substrate/GLints/dict_16_192_64_0p5_0p02_0055_0010" 6532
"/Engine/EngineMaterials/Substrate/GLints/dict_16_192_64_0p5_0p02_0055_0009" 6533
"/Engine/EngineMaterials/Substrate/GLints/dict_16_192_64_0p5_0p02_0055_0008" 6534
"../../../Engine/Content/EngineMaterials/Substrate/GLints/dict_16_192_64_0p5_0p02_0052_0009.uasset" 6535
"/Engine/EngineMaterials/Substrate/GLints/dict_16_192_64_0p5_0p02_0055_0007" 6536
"/Engine/EngineMaterials/Substrate/GLints/dict_16_192_64_0p5_0p02_0055_0005" 6537
"/Engine/EngineMaterials/Substrate/GLints/dict_16_192_64_0p5_0p02_0052_0009" 6538
"../../../Engine/Content/EngineMaterials/Substrate/GLints/dict_16_192_64_0p5_0p02_0055_0011.uasset" 6539
"../../../Engine/Content/EngineMaterials/Substrate/GLints/dict_16_192_64_0p5_0p02_0055_0013.uasset" 6540
"../../../Engine/Content/EngineMaterials/Substrate/GLints/dict_16_192_64_0p5_0p02_0055_0014.uasset" 6541
"../../../Engine/Content/EngineMaterials/Substrate/GLints/dict_16_192_64_0p5_0p02_0056_0000.uasset" 6542
"../../../Engine/Content/EngineMaterials/Substrate/GLints/dict_16_192_64_0p5_0p02_0055_0015.uasset" 6543
"../../../Engine/Content/EngineMaterials/Substrate/GLints/dict_16_192_64_0p5_0p02_0052_0005.uasset" 6544
"../../../Engine/Content/EngineMaterials/Substrate/GLints/dict_16_192_64_0p5_0p02_0052_0003.uasset" 6545
"/Engine/EngineMaterials/Substrate/GLints/dict_16_192_64_0p5_0p02_0055_0014" 6546
"../../../Engine/Content/EngineMaterials/Substrate/GLints/dict_16_192_64_0p5_0p02_0055_0012.uasset" 6547
"/Engine/EngineMaterials/Substrate/GLints/dict_16_192_64_0p5_0p02_0055_0011" 6548
"/Engine/EngineMaterials/Substrate/GLints/dict_16_192_64_0p5_0p02_0055_0013" 6549
"/Engine/EngineMaterials/Substrate/GLints/dict_16_192_64_0p5_0p02_0056_0000" 6550
"/Engine/EngineMaterials/Substrate/GLints/dict_16_192_64_0p5_0p02_0055_0015" 6551
"/Engine/EngineMaterials/Substrate/GLints/dict_16_192_64_0p5_0p02_0052_0005" 6552
"/Engine/EngineMaterials/Substrate/GLints/dict_16_192_64_0p5_0p02_0052_0003" 6553
"../../../Engine/Content/EngineMaterials/Substrate/GLints/dict_16_192_64_0p5_0p02_0056_0003.uasset" 6554
"/Engine/EngineMaterials/Substrate/GLints/dict_16_192_64_0p5_0p02_0055_0012" 6555
"/Engine/EngineMaterials/Substrate/GLints/dict_16_192_64_0p5_0p02_0056_0003" 6556
"../../../Engine/Content/EngineMaterials/Substrate/GLints/dict_16_192_64_0p5_0p02_0056_0005.uasset" 6557
"../../../Engine/Content/EngineMaterials/Substrate/GLints/dict_16_192_64_0p5_0p02_0056_0006.uasset" 6558
"../../../Engine/Content/EngineMaterials/Substrate/GLints/dict_16_192_64_0p5_0p02_0056_0007.uasset" 6559
"../../../Engine/Content/EngineMaterials/Substrate/GLints/dict_16_192_64_0p5_0p02_0056_0004.uasset" 6560
"../../../Engine/Content/EngineMaterials/Substrate/GLints/dict_16_192_64_0p5_0p02_0056_0008.uasset" 6561
"../../../Engine/Content/EngineMaterials/Substrate/GLints/dict_16_192_64_0p5_0p02_0050_0014.uasset" 6562
"../../../Engine/Content/EngineMaterials/Substrate/GLints/dict_16_192_64_0p5_0p02_0056_0011.uasset" 6563
"/Engine/EngineMaterials/Substrate/GLints/dict_16_192_64_0p5_0p02_0056_0006" 6564
"/Engine/EngineMaterials/Substrate/GLints/dict_16_192_64_0p5_0p02_0056_0005" 6565
"/Engine/EngineMaterials/Substrate/GLints/dict_16_192_64_0p5_0p02_0056_0004" 6566
"/Engine/EngineMaterials/Substrate/GLints/dict_16_192_64_0p5_0p02_0056_0011" 6567
"/Engine/EngineMaterials/Substrate/GLints/dict_16_192_64_0p5_0p02_0050_0014" 6568
"../../../Engine/Content/EngineMaterials/Substrate/GLints/dict_16_192_64_0p5_0p02_0056_0013.uasset" 6569
"../../../Engine/Content/EngineMaterials/Substrate/GLints/dict_16_192_64_0p5_0p02_0056_0012.uasset" 6570
"../../../Engine/Content/EngineMaterials/Substrate/GLints/dict_16_192_64_0p5_0p02_0056_0014.uasset" 6571
"../../../Engine/Content/EngineMaterials/Substrate/GLints/dict_16_192_64_0p5_0p02_0056_0015.uasset" 6572
"/Engine/EngineMaterials/Substrate/GLints/dict_16_192_64_0p5_0p02_0056_0008" 6573
"/Engine/EngineMaterials/Substrate/GLints/dict_16_192_64_0p5_0p02_0056_0007" 6574
"/Engine/EngineMaterials/Substrate/GLints/dict_16_192_64_0p5_0p02_0056_0012" 6575
"/Engine/EngineMaterials/Substrate/GLints/dict_16_192_64_0p5_0p02_0056_0015" 6576
"/Engine/EngineMaterials/Substrate/GLints/dict_16_192_64_0p5_0p02_0056_0014" 6577
"/Engine/EngineMaterials/Substrate/GLints/dict_16_192_64_0p5_0p02_0056_0013" 6578
"../../../Engine/Content/EngineMaterials/Substrate/GLints/dict_16_192_64_0p5_0p02_0051_0000.uasset" 6579
"../../../Engine/Content/EngineMaterials/Substrate/GLints/dict_16_192_64_0p5_0p02_0057_0002.uasset" 6580
"../../../Engine/Content/EngineMaterials/Substrate/GLints/dict_16_192_64_0p5_0p02_0057_0004.uasset" 6581
"../../../Engine/Content/EngineMaterials/Substrate/GLints/dict_16_192_64_0p5_0p02_0057_0006.uasset" 6582
"../../../Engine/Content/EngineMaterials/Substrate/GLints/dict_16_192_64_0p5_0p02_0057_0003.uasset" 6583
"../../../Engine/Content/EngineMaterials/Substrate/GLints/dict_16_192_64_0p5_0p02_0057_0001.uasset" 6584
"/Engine/EngineMaterials/Substrate/GLints/dict_16_192_64_0p5_0p02_0057_0002" 6585
"/Engine/EngineMaterials/Substrate/GLints/dict_16_192_64_0p5_0p02_0057_0004" 6586
"/Engine/EngineMaterials/Substrate/GLints/dict_16_192_64_0p5_0p02_0051_0000" 6587
"/Engine/EngineMaterials/Substrate/GLints/dict_16_192_64_0p5_0p02_0057_0006" 6588
"/Engine/EngineMaterials/Substrate/GLints/dict_16_192_64_0p5_0p02_0057_0003" 6589
"/Engine/EngineMaterials/Substrate/GLints/dict_16_192_64_0p5_0p02_0057_0001" 6590
"../../../Engine/Content/EngineMaterials/Substrate/GLints/dict_16_192_64_0p5_0p02_0057_0005.uasset" 6591
"../../../Engine/Content/EngineMaterials/Substrate/GLints/dict_16_192_64_0p5_0p02_0052_0002.uasset" 6592
"../../../Engine/Content/EngineMaterials/Substrate/GLints/dict_16_192_64_0p5_0p02_0057_0007.uasset" 6593
"../../../Engine/Content/EngineMaterials/Substrate/GLints/dict_16_192_64_0p5_0p02_0057_0012.uasset" 6594
"../../../Engine/Content/EngineMaterials/Substrate/GLints/dict_16_192_64_0p5_0p02_0057_0009.uasset" 6595
"../../../Engine/Content/EngineMaterials/Substrate/GLints/dict_16_192_64_0p5_0p02_0057_0010.uasset" 6596
"../../../Engine/Content/EngineMaterials/Substrate/GLints/dict_16_192_64_0p5_0p02_0057_0011.uasset" 6597
"/Engine/EngineMaterials/Substrate/GLints/dict_16_192_64_0p5_0p02_0057_0005" 6598
"../../../Engine/Content/EngineMaterials/Substrate/GLints/dict_16_192_64_0p5_0p02_0057_0013.uasset" 6599
"/Engine/EngineMaterials/Substrate/GLints/dict_16_192_64_0p5_0p02_0052_0002" 6600
"/Engine/EngineMaterials/Substrate/GLints/dict_16_192_64_0p5_0p02_0057_0012" 6601
"/Engine/EngineMaterials/Substrate/GLints/dict_16_192_64_0p5_0p02_0057_0011" 6602
"/Engine/EngineMaterials/Substrate/GLints/dict_16_192_64_0p5_0p02_0057_0010" 6603
"../../../Engine/Content/EngineMaterials/Substrate/GLints/dict_16_192_64_0p5_0p02_0050_0002.uasset" 6604
"/Engine/EngineMaterials/Substrate/GLints/dict_16_192_64_0p5_0p02_0057_0009" 6605
"/Engine/EngineMaterials/Substrate/GLints/dict_16_192_64_0p5_0p02_0057_0007" 6606
"../../../Engine/Content/EngineMaterials/Substrate/GLints/dict_16_192_64_0p5_0p02_0057_0014.uasset" 6607
"/Engine/EngineMaterials/Substrate/GLints/dict_16_192_64_0p5_0p02_0057_0014" 6608
"/Engine/EngineMaterials/Substrate/GLints/dict_16_192_64_0p5_0p02_0050_0002" 6609
"/Engine/EngineMaterials/Substrate/GLints/dict_16_192_64_0p5_0p02_0057_0013" 6610
"../../../Engine/Content/EngineMaterials/Substrate/GLints/dict_16_192_64_0p5_0p02_0057_0015.uasset" 6611
"../../../Engine/Content/EngineMaterials/Substrate/GLints/dict_16_192_64_0p5_0p02_0058_0000.uasset" 6612
"../../../Engine/Content/EngineMaterials/Substrate/GLints/dict_16_192_64_0p5_0p02_0058_0002.uasset" 6613
"../../../Engine/Content/EngineMaterials/Substrate/GLints/dict_16_192_64_0p5_0p02_0049_0014.uasset" 6614
"../../../Engine/Content/EngineMaterials/Substrate/GLints/dict_16_192_64_0p5_0p02_0058_0001.uasset" 6615
"../../../Engine/Content/EngineMaterials/Substrate/GLints/dict_16_192_64_0p5_0p02_0058_0004.uasset" 6616
"../../../Engine/Content/EngineMaterials/Substrate/GLints/dict_16_192_64_0p5_0p02_0058_0003.uasset" 6617
"../../../Engine/Content/EngineMaterials/Substrate/GLints/dict_16_192_64_0p5_0p02_0049_0015.uasset" 6618
"/Engine/EngineMaterials/Substrate/GLints/dict_16_192_64_0p5_0p02_0058_0004" 6619
"/Engine/EngineMaterials/Substrate/GLints/dict_16_192_64_0p5_0p02_0058_0003" 6620
"/Engine/EngineMaterials/Substrate/GLints/dict_16_192_64_0p5_0p02_0049_0015" 6621
"/Engine/EngineMaterials/Substrate/GLints/dict_16_192_64_0p5_0p02_0049_0014" 6622
"/Engine/EngineMaterials/Substrate/GLints/dict_16_192_64_0p5_0p02_0058_0000" 6623
"../../../Engine/Content/EngineMaterials/Substrate/GLints/dict_16_192_64_0p5_0p02_0058_0007.uasset" 6624
"../../../Engine/Content/EngineMaterials/Substrate/GLints/dict_16_192_64_0p5_0p02_0058_0008.uasset" 6625
"../../../Engine/Content/EngineMaterials/Substrate/GLints/dict_16_192_64_0p5_0p02_0058_0006.uasset" 6626
"../../../Engine/Content/EngineMaterials/Substrate/GLints/dict_16_192_64_0p5_0p02_0056_0010.uasset" 6627
"/Engine/EngineMaterials/Substrate/GLints/dict_16_192_64_0p5_0p02_0057_0015" 6628
"/Engine/EngineMaterials/Substrate/GLints/dict_16_192_64_0p5_0p02_0058_0002" 6629
"../../../Engine/Content/EngineMaterials/Substrate/GLints/dict_16_192_64_0p5_0p02_0058_0009.uasset" 6630
"/Engine/EngineMaterials/Substrate/GLints/dict_16_192_64_0p5_0p02_0058_0001" 6631
"../../../Engine/Content/EngineMaterials/Substrate/GLints/dict_16_192_64_0p5_0p02_0058_0011.uasset" 6632
"/Engine/EngineMaterials/Substrate/GLints/dict_16_192_64_0p5_0p02_0058_0011" 6633
"/Engine/EngineMaterials/Substrate/GLints/dict_16_192_64_0p5_0p02_0058_0006" 6634
"/Engine/EngineMaterials/Substrate/GLints/dict_16_192_64_0p5_0p02_0058_0009" 6635
"/Engine/EngineMaterials/Substrate/GLints/dict_16_192_64_0p5_0p02_0058_0008" 6636
"../../../Engine/Content/EngineMaterials/Substrate/GLints/dict_16_192_64_0p5_0p02_0058_0005.uasset" 6637
"/Engine/EngineMaterials/Substrate/GLints/dict_16_192_64_0p5_0p02_0056_0010" 6638
"/Engine/EngineMaterials/Substrate/GLints/dict_16_192_64_0p5_0p02_0058_0007" 6639
"/Engine/EngineMaterials/Substrate/GLints/dict_16_192_64_0p5_0p02_0058_0005" 6640
"../../../Engine/Content/EngineMaterials/Substrate/GLints/dict_16_192_64_0p5_0p02_0058_0013.uasset" 6641
"../../../Engine/Content/EngineMaterials/Substrate/GLints/dict_16_192_64_0p5_0p02_0058_0012.uasset" 6642
"../../../Engine/Content/EngineMaterials/Substrate/GLints/dict_16_192_64_0p5_0p02_0058_0010.uasset" 6643
"../../../Engine/Content/EngineMaterials/Substrate/GLints/dict_16_192_64_0p5_0p02_0058_0015.uasset" 6644
"../../../Engine/Content/EngineMaterials/Substrate/GLints/dict_16_192_64_0p5_0p02_0059_0000.uasset" 6645
"../../../Engine/Content/EngineMaterials/Substrate/GLints/dict_16_192_64_0p5_0p02_0058_0014.uasset" 6646
"../../../Engine/Content/EngineMaterials/Substrate/GLints/dict_16_192_64_0p5_0p02_0059_0003.uasset" 6647
"../../../Engine/Content/EngineMaterials/Substrate/GLints/dict_16_192_64_0p5_0p02_0059_0001.uasset" 6648
"../../../Engine/Content/EngineMaterials/Substrate/GLints/dict_16_192_64_0p5_0p02_0059_0004.uasset" 6649
"../../../Engine/Content/EngineMaterials/Substrate/GLints/dict_16_192_64_0p5_0p02_0054_0012.uasset" 6650
"/Engine/EngineMaterials/Substrate/GLints/dict_16_192_64_0p5_0p02_0058_0013" 6651
"/Engine/EngineMaterials/Substrate/GLints/dict_16_192_64_0p5_0p02_0058_0012" 6652
"/Engine/EngineMaterials/Substrate/GLints/dict_16_192_64_0p5_0p02_0058_0010" 6653
"/Engine/EngineMaterials/Substrate/GLints/dict_16_192_64_0p5_0p02_0054_0012" 6654
"../../../Engine/Content/EngineMaterials/Substrate/GLints/dict_16_192_64_0p5_0p02_0059_0007.uasset" 6655
"/Engine/EngineMaterials/Substrate/GLints/dict_16_192_64_0p5_0p02_0059_0004" 6656
"/Engine/EngineMaterials/Substrate/GLints/dict_16_192_64_0p5_0p02_0059_0003" 6657
"../../../Engine/Content/EngineMaterials/Substrate/GLints/dict_16_192_64_0p5_0p02_0059_0005.uasset" 6658
"/Engine/EngineMaterials/Substrate/GLints/dict_16_192_64_0p5_0p02_0059_0000" 6659
"/Engine/EngineMaterials/Substrate/GLints/dict_16_192_64_0p5_0p02_0058_0015" 6660
"/Engine/EngineMaterials/Substrate/GLints/dict_16_192_64_0p5_0p02_0058_0014" 6661
"/Engine/EngineMaterials/Substrate/GLints/dict_16_192_64_0p5_0p02_0059_0001" 6662
"/Engine/EngineMaterials/Substrate/GLints/dict_16_192_64_0p5_0p02_0059_0007" 6663
"/Engine/EngineMaterials/Substrate/GLints/dict_16_192_64_0p5_0p02_0059_0005" 6664
"../../../Engine/Content/EngineMaterials/Substrate/GLints/dict_16_192_64_0p5_0p02_0059_0009.uasset" 6665
"../../../Engine/Content/EngineMaterials/Substrate/GLints/dict_16_192_64_0p5_0p02_0059_0010.uasset" 6666
"../../../Engine/Content/EngineMaterials/Substrate/GLints/dict_16_192_64_0p5_0p02_0059_0014.uasset" 6667
"../../../Engine/Content/EngineMaterials/Substrate/GLints/dict_16_192_64_0p5_0p02_0059_0013.uasset" 6668
"../../../Engine/Content/EngineMaterials/Substrate/GLints/dict_16_192_64_0p5_0p02_0059_0011.uasset" 6669
"../../../Engine/Content/EngineMaterials/Substrate/GLints/dict_16_192_64_0p5_0p02_0059_0006.uasset" 6670
"../../../Engine/Content/EngineMaterials/Substrate/GLints/dict_16_192_64_0p5_0p02_0055_0004.uasset" 6671
"../../../Engine/Content/EngineMaterials/Substrate/GLints/dict_16_192_64_0p5_0p02_0059_0015.uasset" 6672
"../../../Engine/Content/EngineMaterials/Substrate/GLints/dict_16_192_64_0p5_0p02_0060_0004.uasset" 6673
"../../../Engine/Content/EngineMaterials/Substrate/GLints/dict_16_192_64_0p5_0p02_0060_0000.uasset" 6674
"/Engine/EngineMaterials/Substrate/GLints/dict_16_192_64_0p5_0p02_0059_0014" 6675
"/Engine/EngineMaterials/Substrate/GLints/dict_16_192_64_0p5_0p02_0059_0013" 6676
"/Engine/EngineMaterials/Substrate/GLints/dict_16_192_64_0p5_0p02_0055_0004" 6677
"/Engine/EngineMaterials/Substrate/GLints/dict_16_192_64_0p5_0p02_0059_0011" 6678
"/Engine/EngineMaterials/Substrate/GLints/dict_16_192_64_0p5_0p02_0059_0006" 6679
"/Engine/EngineMaterials/Substrate/GLints/dict_16_192_64_0p5_0p02_0059_0015" 6680
"/Engine/EngineMaterials/Substrate/GLints/dict_16_192_64_0p5_0p02_0059_0010" 6681
"/Engine/EngineMaterials/Substrate/GLints/dict_16_192_64_0p5_0p02_0059_0009" 6682
"../../../Engine/Content/EngineMaterials/Substrate/GLints/dict_16_192_64_0p5_0p02_0060_0005.uasset" 6683
"/Engine/EngineMaterials/Substrate/GLints/dict_16_192_64_0p5_0p02_0060_0005" 6684
"/Engine/EngineMaterials/Substrate/GLints/dict_16_192_64_0p5_0p02_0060_0004" 6685
"/Engine/EngineMaterials/Substrate/GLints/dict_16_192_64_0p5_0p02_0060_0000" 6686
"../../../Engine/Content/EngineMaterials/Substrate/GLints/dict_16_192_64_0p5_0p02_0060_0011.uasset" 6687
"../../../Engine/Content/EngineMaterials/Substrate/GLints/dict_16_192_64_0p5_0p02_0060_0006.uasset" 6688
"../../../Engine/Content/EngineMaterials/Substrate/GLints/dict_16_192_64_0p5_0p02_0060_0010.uasset" 6689
"../../../Engine/Content/EngineMaterials/Substrate/GLints/dict_16_192_64_0p5_0p02_0060_0007.uasset" 6690
"../../../Engine/Content/EngineMaterials/Substrate/GLints/dict_16_192_64_0p5_0p02_0060_0009.uasset" 6691
"../../../Engine/Content/EngineMaterials/Substrate/GLints/dict_16_192_64_0p5_0p02_0060_0001.uasset" 6692
"../../../Engine/Content/EngineMaterials/Substrate/GLints/dict_16_192_64_0p5_0p02_0055_0006.uasset" 6693
"../../../Engine/Content/EngineMaterials/Substrate/GLints/dict_16_192_64_0p5_0p02_0060_0012.uasset" 6694
"/Engine/EngineMaterials/Substrate/GLints/dict_16_192_64_0p5_0p02_0060_0009" 6695
"/Engine/EngineMaterials/Substrate/GLints/dict_16_192_64_0p5_0p02_0060_0007" 6696
"/Engine/EngineMaterials/Substrate/GLints/dict_16_192_64_0p5_0p02_0060_0011" 6697
"/Engine/EngineMaterials/Substrate/GLints/dict_16_192_64_0p5_0p02_0060_0006" 6698
"/Engine/EngineMaterials/Substrate/GLints/dict_16_192_64_0p5_0p02_0060_0010" 6699
"/Engine/EngineMaterials/Substrate/GLints/dict_16_192_64_0p5_0p02_0055_0006" 6700
"/Engine/EngineMaterials/Substrate/GLints/dict_16_192_64_0p5_0p02_0060_0001" 6701
"/Engine/EngineMaterials/Substrate/GLints/dict_16_192_64_0p5_0p02_0060_0012" 6702
"../../../Engine/Content/EngineMaterials/Substrate/GLints/dict_16_192_64_0p5_0p02_0060_0013.uasset" 6703
"../../../Engine/Content/EngineMaterials/Substrate/GLints/dict_16_192_64_0p5_0p02_0060_0015.uasset" 6704
"../../../Engine/Content/EngineMaterials/Substrate/GLints/dict_16_192_64_0p5_0p02_0056_0001.uasset" 6705
"../../../Engine/Content/EngineMaterials/Substrate/GLints/dict_16_192_64_0p5_0p02_0061_0000.uasset" 6706
"../../../Engine/Content/EngineMaterials/Substrate/GLints/dict_16_192_64_0p5_0p02_0050_0015.uasset" 6707
"../../../Engine/Content/EngineMaterials/Substrate/GLints/dict_16_192_64_0p5_0p02_0061_0004.uasset" 6708
"../../../Engine/Content/EngineMaterials/Substrate/GLints/dict_16_192_64_0p5_0p02_0061_0003.uasset" 6709
"../../../Engine/Content/EngineMaterials/Substrate/GLints/dict_16_192_64_0p5_0p02_0061_0002.uasset" 6710
"../../../Engine/Content/EngineMaterials/Substrate/GLints/dict_16_192_64_0p5_0p02_0056_0002.uasset" 6711
"/Engine/EngineMaterials/Substrate/GLints/dict_16_192_64_0p5_0p02_0061_0003" 6712
"/Engine/EngineMaterials/Substrate/GLints/dict_16_192_64_0p5_0p02_0061_0002" 6713
"/Engine/EngineMaterials/Substrate/GLints/dict_16_192_64_0p5_0p02_0061_0000" 6714
"/Engine/EngineMaterials/Substrate/GLints/dict_16_192_64_0p5_0p02_0060_0015" 6715
"/Engine/EngineMaterials/Substrate/GLints/dict_16_192_64_0p5_0p02_0056_0002" 6716
"/Engine/EngineMaterials/Substrate/GLints/dict_16_192_64_0p5_0p02_0056_0001" 6717
"/Engine/EngineMaterials/Substrate/GLints/dict_16_192_64_0p5_0p02_0060_0013" 6718
"/Engine/EngineMaterials/Substrate/GLints/dict_16_192_64_0p5_0p02_0050_0015" 6719
"/Engine/EngineMaterials/Substrate/GLints/dict_16_192_64_0p5_0p02_0061_0004" 6720
"../../../Engine/Content/EngineMaterials/Substrate/GLints/dict_16_192_64_0p5_0p02_0061_0005.uasset" 6721
"../../../Engine/Content/EngineMaterials/Substrate/GLints/dict_16_192_64_0p5_0p02_0061_0006.uasset" 6722
"../../../Engine/Content/EngineMaterials/Substrate/GLints/dict_16_192_64_0p5_0p02_0056_0009.uasset" 6723
"../../../Engine/Content/EngineMaterials/Substrate/GLints/dict_16_192_64_0p5_0p02_0061_0007.uasset" 6724
"../../../Engine/Content/EngineMaterials/Substrate/GLints/dict_16_192_64_0p5_0p02_0061_0010.uasset" 6725
"../../../Engine/Content/EngineMaterials/Substrate/GLints/dict_16_192_64_0p5_0p02_0061_0008.uasset" 6726
"../../../Engine/Content/EngineMaterials/Substrate/GLints/dict_16_192_64_0p5_0p02_0061_0012.uasset" 6727
"/Engine/EngineMaterials/Substrate/GLints/dict_16_192_64_0p5_0p02_0061_0012" 6728
"../../../Engine/Content/EngineMaterials/Substrate/GLints/dict_16_192_64_0p5_0p02_0061_0013.uasset" 6729
"/Engine/EngineMaterials/Substrate/GLints/dict_16_192_64_0p5_0p02_0061_0010" 6730
"/Engine/EngineMaterials/Substrate/GLints/dict_16_192_64_0p5_0p02_0061_0006" 6731
"../../../Engine/Content/EngineMaterials/Substrate/GLints/dict_16_192_64_0p5_0p02_0061_0015.uasset" 6732
"/Engine/EngineMaterials/Substrate/GLints/dict_16_192_64_0p5_0p02_0056_0009" 6733
"../../../Engine/Content/EngineMaterials/Substrate/GLints/dict_16_192_64_0p5_0p02_0061_0014.uasset" 6734
"/Engine/EngineMaterials/Substrate/GLints/dict_16_192_64_0p5_0p02_0061_0005" 6735
"/Engine/EngineMaterials/Substrate/GLints/dict_16_192_64_0p5_0p02_0061_0008" 6736
"../../../Engine/Content/EngineMaterials/Substrate/GLints/dict_16_192_64_0p5_0p02_0062_0002.uasset" 6737
"../../../Engine/Content/EngineMaterials/Substrate/GLints/dict_16_192_64_0p5_0p02_0061_0011.uasset" 6738
"/Engine/EngineMaterials/Substrate/GLints/dict_16_192_64_0p5_0p02_0061_0007" 6739
"/Engine/EngineMaterials/Substrate/GLints/dict_16_192_64_0p5_0p02_0061_0013" 6740
"/Engine/EngineMaterials/Substrate/GLints/dict_16_192_64_0p5_0p02_0061_0011" 6741
"/Engine/EngineMaterials/Substrate/GLints/dict_16_192_64_0p5_0p02_0062_0002" 6742
"/Engine/EngineMaterials/Substrate/GLints/dict_16_192_64_0p5_0p02_0061_0014" 6743
"/Engine/EngineMaterials/Substrate/GLints/dict_16_192_64_0p5_0p02_0061_0015" 6744
"../../../Engine/Content/EngineMaterials/Substrate/GLints/dict_16_192_64_0p5_0p02_0062_0003.uasset" 6745
"../../../Engine/Content/EngineMaterials/Substrate/GLints/dict_16_192_64_0p5_0p02_0057_0000.uasset" 6746
"../../../Engine/Content/EngineMaterials/Substrate/GLints/dict_16_192_64_0p5_0p02_0062_0004.uasset" 6747
"../../../Engine/Content/EngineMaterials/Substrate/GLints/dict_16_192_64_0p5_0p02_0062_0006.uasset" 6748
"../../../Engine/Content/EngineMaterials/Substrate/GLints/dict_16_192_64_0p5_0p02_0062_0007.uasset" 6749
"../../../Engine/Content/EngineMaterials/Substrate/GLints/dict_16_192_64_0p5_0p02_0062_0009.uasset" 6750
"/Engine/EngineMaterials/Substrate/GLints/dict_16_192_64_0p5_0p02_0062_0007" 6751
"/Engine/EngineMaterials/Substrate/GLints/dict_16_192_64_0p5_0p02_0062_0006" 6752
"/Engine/EngineMaterials/Substrate/GLints/dict_16_192_64_0p5_0p02_0062_0004" 6753
"/Engine/EngineMaterials/Substrate/GLints/dict_16_192_64_0p5_0p02_0062_0003" 6754
"/Engine/EngineMaterials/Substrate/GLints/dict_16_192_64_0p5_0p02_0057_0000" 6755
"/Engine/EngineMaterials/Substrate/GLints/dict_16_192_64_0p5_0p02_0062_0009" 6756
"../../../Engine/Content/EngineMaterials/Substrate/GLints/dict_16_192_64_0p5_0p02_0062_0005.uasset" 6757
"../../../Engine/Content/EngineMaterials/Substrate/GLints/dict_16_192_64_0p5_0p02_0062_0012.uasset" 6758
"../../../Engine/Content/EngineMaterials/Substrate/GLints/dict_16_192_64_0p5_0p02_0062_0011.uasset" 6759
"../../../Engine/Content/EngineMaterials/Substrate/GLints/dict_16_192_64_0p5_0p02_0045_0015.uasset" 6760
"../../../Engine/Content/EngineMaterials/Substrate/GLints/dict_16_192_64_0p5_0p02_0062_0010.uasset" 6761
"../../../Engine/Content/EngineMaterials/Substrate/GLints/dict_16_192_64_0p5_0p02_0062_0013.uasset" 6762
"../../../Engine/Content/EngineMaterials/Substrate/GLints/dict_16_192_64_0p5_0p02_0062_0014.uasset" 6763
"../../../Engine/Content/EngineMaterials/Substrate/GLints/dict_16_192_64_0p5_0p02_0061_0009.uasset" 6764
"../../../Engine/Content/EngineMaterials/Substrate/GLints/dict_16_192_64_0p5_0p02_0062_0015.uasset" 6765
"/Engine/EngineMaterials/Substrate/GLints/dict_16_192_64_0p5_0p02_0062_0014" 6766
"/Engine/EngineMaterials/Substrate/GLints/dict_16_192_64_0p5_0p02_0062_0005" 6767
"/Engine/EngineMaterials/Substrate/GLints/dict_16_192_64_0p5_0p02_0062_0013" 6768
"../../../Engine/Content/EngineMaterials/Substrate/GLints/dict_16_192_64_0p5_0p02_0063_0001.uasset" 6769
"/Engine/EngineMaterials/Substrate/GLints/dict_16_192_64_0p5_0p02_0061_0009" 6770
"../../../Engine/Content/EngineMaterials/Substrate/GLints/dict_16_192_64_0p5_0p02_0063_0005.uasset" 6771
"/Engine/EngineMaterials/Substrate/GLints/dict_16_192_64_0p5_0p02_0062_0012" 6772
"../../../Engine/Content/EngineMaterials/Substrate/GLints/dict_16_192_64_0p5_0p02_0063_0002.uasset" 6773
"../../../Engine/Content/EngineMaterials/Substrate/GLints/dict_16_192_64_0p5_0p02_0063_0006.uasset" 6774
"/Engine/EngineMaterials/Substrate/GLints/dict_16_192_64_0p5_0p02_0045_0015" 6775
"../../../Engine/Content/EngineMaterials/Substrate/GLints/dict_16_192_64_0p5_0p02_0063_0000.uasset" 6776
"/Engine/EngineMaterials/Substrate/GLints/dict_16_192_64_0p5_0p02_0062_0011" 6777
"/Engine/EngineMaterials/Substrate/GLints/dict_16_192_64_0p5_0p02_0062_0010" 6778
"/Engine/EngineMaterials/Substrate/GLints/dict_16_192_64_0p5_0p02_0062_0015" 6779
"/Engine/EngineMaterials/Substrate/GLints/dict_16_192_64_0p5_0p02_0063_0002" 6780
"/Engine/EngineMaterials/Substrate/GLints/dict_16_192_64_0p5_0p02_0063_0006" 6781
"/Engine/EngineMaterials/Substrate/GLints/dict_16_192_64_0p5_0p02_0063_0001" 6782
"/Engine/EngineMaterials/Substrate/GLints/dict_16_192_64_0p5_0p02_0063_0005" 6783
"/Engine/EngineMaterials/Substrate/GLints/dict_16_192_64_0p5_0p02_0063_0000" 6784
"../../../Engine/Content/EngineMaterials/Substrate/GLints/dict_16_192_64_0p5_0p02_0063_0003.uasset" 6785
"../../../Engine/Content/EngineMaterials/Substrate/GLints/dict_16_192_64_0p5_0p02_0063_0008.uasset" 6786
"../../../Engine/Content/EngineMaterials/Substrate/GLints/dict_16_192_64_0p5_0p02_0063_0009.uasset" 6787
"../../../Engine/Content/EngineMaterials/Substrate/GLints/dict_16_192_64_0p5_0p02_0063_0013.uasset" 6788
"../../../Engine/Content/EngineMaterials/Substrate/GLints/dict_16_192_64_0p5_0p02_0063_0011.uasset" 6789
"../../../Engine/Content/EngineMaterials/Substrate/GLints/dict_16_192_64_0p5_0p02_0063_0012.uasset" 6790
"../../../Engine/Content/EngineMaterials/Substrate/GLints/dict_16_192_64_0p5_0p02_0063_0015.uasset" 6791
"/Engine/EngineMaterials/Substrate/GLints/dict_16_192_64_0p5_0p02_0063_0003" 6792
"/Engine/EngineMaterials/Substrate/GLints/dict_16_192_64_0p5_0p02_0063_0009" 6793
"/Engine/EngineMaterials/Substrate/GLints/dict_16_192_64_0p5_0p02_0063_0008" 6794
"/Engine/EngineMaterials/Substrate/GLints/dict_16_192_64_0p5_0p02_0063_0015" 6795
"/Engine/EngineMaterials/Substrate/GLints/dict_16_192_64_0p5_0p02_0063_0013" 6796
"../../../Engine/Content/EngineMaterials/Substrate/GLints/dict_16_192_64_0p5_0p02_0063_0014.uasset" 6797
"/Engine/EngineMaterials/Substrate/GLints/dict_16_192_64_0p5_0p02_0063_0012" 6798
"/Engine/EngineMaterials/Substrate/GLints/dict_16_192_64_0p5_0p02_0063_0011" 6799
"/Engine/EngineMaterials/Substrate/GLints/dict_16_192_64_0p5_0p02_0063_0014" 6800
"../../../Engine/Content/EngineMaterials/Substrate/GLints/dict_16_192_64_0p5_0p02_0063_0010.uasset" 6801
"../../../Engine/Content/EngineMaterials/Substrate/GLints/AGlintTex2dArray.uasset" 6802
"../../../Engine/Content/EngineMaterials/Substrate/Glints2/dict_0000_0002.uasset" 6803
"../../../Engine/Content/EngineMaterials/Substrate/Glints2/dict_0000_0000.uasset" 6804
"../../../Engine/Content/EngineMaterials/Substrate/Glints2/dict_0000_0003.uasset" 6805
"../../../Engine/Content/EngineMaterials/Substrate/Glints2/dict_0000_0001.uasset" 6806
"/Engine/EngineMaterials/Substrate/Glints2/dict_0000_0001" 6807
"/Engine/EngineMaterials/Substrate/Glints2/dict_0000_0000" 6808
"/Engine/EngineMaterials/Substrate/Glints2/dict_0000_0003" 6809
"../../../Engine/Content/EngineMaterials/Substrate/GLints/dict_16_192_64_0p5_0p02_0059_0002.uasset" 6810
"/Engine/EngineMaterials/Substrate/Glints2/dict_0000_0002" 6811
"/Engine/EngineMaterials/Substrate/GLints/dict_16_192_64_0p5_0p02_0063_0010" 6812
"../../../Engine/Content/EngineMaterials/Substrate/GLints/dict_16_192_64_0p5_0p02_0054_0015.uasset" 6813
"/Engine/EngineMaterials/Substrate/GLints/dict_16_192_64_0p5_0p02_0054_0015" 6814
"/Engine/EngineMaterials/Substrate/GLints/dict_16_192_64_0p5_0p02_0059_0002" 6815
"../../../Engine/Content/EngineMaterials/Substrate/Glints2/dict_0000_0005.uasset" 6816
"../../../Engine/Content/EngineMaterials/Substrate/Glints2/dict_0000_0006.uasset" 6817
"../../../Engine/Content/EngineMaterials/Substrate/GLints/dict_16_192_64_0p5_0p02_0060_0003.uasset" 6818
"../../../Engine/Content/EngineMaterials/Substrate/Glints2/dict_0000_0007.uasset" 6819
"../../../Engine/Content/EngineMaterials/Substrate/Glints2/dict_0000_0004.uasset" 6820
"../../../Engine/Content/EngineMaterials/Substrate/Glints2/dict_0000_0008.uasset" 6821
"/Engine/EngineMaterials/Substrate/Glints2/dict_0000_0006" 6822
"../../../Engine/Content/EngineMaterials/Substrate/Glints2/dict_0000_0009.uasset" 6823
"/Engine/EngineMaterials/Substrate/Glints2/dict_0000_0005" 6824
"/Engine/EngineMaterials/Substrate/Glints2/dict_0000_0004" 6825
"/Engine/EngineMaterials/Substrate/Glints2/dict_0000_0008" 6826
"/Engine/EngineMaterials/Substrate/Glints2/dict_0000_0007" 6827
"/Engine/EngineMaterials/Substrate/GLints/dict_16_192_64_0p5_0p02_0060_0003" 6828
"/Engine/EngineMaterials/Substrate/Glints2/dict_0000_0009" 6829
"../../../Engine/Content/EngineMaterials/Substrate/Glints2/dict_0000_0014.uasset" 6830
"../../../Engine/Content/EngineMaterials/Substrate/Glints2/dict_0000_0016.uasset" 6831
"../../../Engine/Content/EngineMaterials/Substrate/GLints/dict_16_192_64_0p5_0p02_0060_0008.uasset" 6832
"../../../Engine/Content/EngineMaterials/Substrate/GLints/dict_16_192_64_0p5_0p02_0063_0007.uasset" 6833
"../../../Engine/Content/EngineMaterials/Substrate/GLints/dict_16_192_64_0p5_0p02_0060_0002.uasset" 6834
"../../../Engine/Content/EngineMaterials/Substrate/GLints/dict_16_192_64_0p5_0p02_0060_0014.uasset" 6835
"../../../Engine/Content/EngineMaterials/Substrate/Glints2/dict_0000_0019.uasset" 6836
"../../../Engine/Content/EngineMaterials/Substrate/Glints2/dict_0000_0018.uasset" 6837
"../../../Engine/Content/EngineMaterials/Substrate/Glints2/dict_0000_0017.uasset" 6838
"/Engine/EngineMaterials/Substrate/GLints/dict_16_192_64_0p5_0p02_0060_0008" 6839
"../../../Engine/Content/EngineMaterials/Substrate/Glints2/dict_0000_0011.uasset" 6840
"/Engine/EngineMaterials/Substrate/Glints2/dict_0000_0019" 6841
"/Engine/EngineMaterials/Substrate/Glints2/dict_0000_0018" 6842
"/Engine/EngineMaterials/Substrate/GLints/dict_16_192_64_0p5_0p02_0063_0007" 6843
"/Engine/EngineMaterials/Substrate/Glints2/dict_0000_0014" 6844
"../../../Engine/Content/EngineMaterials/Substrate/Glints2/dict_0000_0020.uasset" 6845
"/Engine/EngineMaterials/Substrate/GLints/dict_16_192_64_0p5_0p02_0060_0014" 6846
"/Engine/EngineMaterials/Substrate/Glints2/dict_0000_0017" 6847
"/Engine/EngineMaterials/Substrate/Glints2/dict_0000_0016" 6848
"/Engine/EngineMaterials/Substrate/GLints/dict_16_192_64_0p5_0p02_0060_0002" 6849
"/Engine/EngineMaterials/Substrate/Glints2/dict_0000_0011" 6850
"/Engine/EngineMaterials/Substrate/Glints2/dict_0000_0020" 6851
"../../../Engine/Content/EngineMaterials/Substrate/Glints2/dict_0000_0022.uasset" 6852
"../../../Engine/Content/EngineMaterials/Substrate/Glints2/dict_0000_0027.uasset" 6853
"../../../Engine/Content/EngineMaterials/Substrate/Glints2/dict_0000_0026.uasset" 6854
"../../../Engine/Content/EngineMaterials/Substrate/Glints2/dict_0000_0015.uasset" 6855
"../../../Engine/Content/EngineMaterials/Substrate/Glints2/dict_0000_0012.uasset" 6856
"../../../Engine/Content/EngineMaterials/Substrate/GLints/dict_16_192_64_0p5_0p02_0057_0008.uasset" 6857
"/Engine/EngineMaterials/Substrate/Glints2/dict_0000_0012" 6858
"/Engine/EngineMaterials/Substrate/Glints2/dict_0000_0027" 6859
"/Engine/EngineMaterials/Substrate/Glints2/dict_0000_0026" 6860
"/Engine/EngineMaterials/Substrate/GLints/dict_16_192_64_0p5_0p02_0057_0008" 6861
"/Engine/EngineMaterials/Substrate/Glints2/dict_0000_0022" 6862
"/Engine/EngineMaterials/Substrate/Glints2/dict_0000_0015" 6863
"../../../Engine/Content/EngineMaterials/Substrate/Glints2/dict_0000_0032.uasset" 6864
"../../../Engine/Content/EngineMaterials/Substrate/Glints2/dict_0000_0030.uasset" 6865
"../../../Engine/Content/EngineMaterials/Substrate/Glints2/dict_0000_0029.uasset" 6866
"../../../Engine/Content/EngineMaterials/Substrate/Glints2/dict_0000_0013.uasset" 6867
"../../../Engine/Content/EngineMaterials/Substrate/GLints/dict_16_192_64_0p5_0p02_0062_0000.uasset" 6868
"../../../Engine/Content/EngineMaterials/Substrate/GLints/dict_16_192_64_0p5_0p02_0062_0001.uasset" 6869
"../../../Engine/Content/EngineMaterials/Substrate/Glints2/dict_0000_0033.uasset" 6870
"../../../Engine/Content/EngineMaterials/Substrate/Glints2/dict_0000_0038.uasset" 6871
"/Engine/EngineMaterials/Substrate/Glints2/dict_0000_0013" 6872
"/Engine/EngineMaterials/Substrate/Glints2/dict_0000_0033" 6873
"/Engine/EngineMaterials/Substrate/Glints2/dict_0000_0032" 6874
"/Engine/EngineMaterials/Substrate/GLints/dict_16_192_64_0p5_0p02_0062_0001" 6875
"/Engine/EngineMaterials/Substrate/Glints2/dict_0000_0030" 6876
"../../../Engine/Content/EngineMaterials/Substrate/Glints2/dict_0000_0034.uasset" 6877
"/Engine/EngineMaterials/Substrate/Glints2/dict_0000_0029" 6878
"/Engine/EngineMaterials/Substrate/Glints2/dict_0000_0038" 6879
"/Engine/EngineMaterials/Substrate/GLints/dict_16_192_64_0p5_0p02_0062_0000" 6880
"/Engine/EngineMaterials/Substrate/Glints2/dict_0000_0034" 6881
"../../../Engine/Content/EngineMaterials/Substrate/Glints2/dict_0000_0039.uasset" 6882
"../../../Engine/Content/EngineMaterials/Substrate/Glints2/dict_0000_0037.uasset" 6883
"../../../Engine/Content/EngineMaterials/Substrate/GLints/dict_16_192_64_0p5_0p02_0062_0008.uasset" 6884
"../../../Engine/Content/EngineMaterials/Substrate/Glints2/dict_0000_0043.uasset" 6885
"../../../Engine/Content/EngineMaterials/Substrate/Glints2/dict_0000_0044.uasset" 6886
"../../../Engine/Content/EngineMaterials/Substrate/Glints2/dict_0000_0036.uasset" 6887
"../../../Engine/Content/EngineMaterials/Substrate/Glints2/dict_0000_0041.uasset" 6888
"/Engine/EngineMaterials/Substrate/Glints2/dict_0000_0037" 6889
"../../../Engine/Content/EngineMaterials/Substrate/Glints2/dict_0000_0045.uasset" 6890
"../../../Engine/Content/EngineMaterials/Substrate/Glints2/dict_0000_0047.uasset" 6891
"../../../Engine/Content/EngineMaterials/Substrate/Glints2/dict_0000_0046.uasset" 6892
"/Engine/EngineMaterials/Substrate/Glints2/dict_0000_0039" 6893
"/Engine/EngineMaterials/Substrate/Glints2/dict_0000_0036" 6894
"/Engine/EngineMaterials/Substrate/Glints2/dict_0000_0044" 6895
"../../../Engine/Content/EngineMaterials/Substrate/Glints2/dict_0000_0035.uasset" 6896
"../../../Engine/Content/EngineMaterials/Substrate/Glints2/dict_0000_0040.uasset" 6897
"/Engine/EngineMaterials/Substrate/Glints2/dict_0000_0043" 6898
"/Engine/EngineMaterials/Substrate/Glints2/dict_0000_0041" 6899
"/Engine/EngineMaterials/Substrate/GLints/dict_16_192_64_0p5_0p02_0062_0008" 6900
"/Engine/EngineMaterials/Substrate/Glints2/dict_0000_0045" 6901
"/Engine/EngineMaterials/Substrate/Glints2/dict_0000_0035" 6902
"/Engine/EngineMaterials/Substrate/Glints2/dict_0000_0047" 6903
"/Engine/EngineMaterials/Substrate/Glints2/dict_0000_0046" 6904
"/Engine/EngineMaterials/Substrate/Glints2/dict_0000_0040" 6905
"../../../Engine/Content/EngineMaterials/Substrate/Glints2/dict_0000_0049.uasset" 6906
"../../../Engine/Content/EngineMaterials/Substrate/Glints2/dict_0000_0050.uasset" 6907
"../../../Engine/Content/EngineMaterials/Substrate/Glints2/dict_0000_0048.uasset" 6908
"../../../Engine/Content/EngineMaterials/Substrate/Glints2/dict_0000_0024.uasset" 6909
"../../../Engine/Content/EngineMaterials/Substrate/Glints2/dict_0000_0025.uasset" 6910
"../../../Engine/Content/EngineMaterials/Substrate/Glints2/dict_0000_0053.uasset" 6911
"../../../Engine/Content/EngineMaterials/Substrate/Glints2/dict_0000_0051.uasset" 6912
"../../../Engine/Content/EngineMaterials/Substrate/Glints2/dict_0000_0052.uasset" 6913
"../../../Engine/Content/EngineMaterials/Substrate/Glints2/dict_0000_0055.uasset" 6914
"../../../Engine/Content/EngineMaterials/Substrate/Glints2/dict_0000_0057.uasset" 6915
"../../../Engine/Content/EngineMaterials/Substrate/Glints2/dict_0000_0056.uasset" 6916
"../../../Engine/Content/EngineMaterials/Substrate/Glints2/dict_0000_0054.uasset" 6917
"/Engine/EngineMaterials/Substrate/Glints2/dict_0000_0053" 6918
"../../../Engine/Content/EngineMaterials/Substrate/Glints2/dict_0000_0058.uasset" 6919
"/Engine/EngineMaterials/Substrate/Glints2/dict_0000_0054" 6920
"/Engine/EngineMaterials/Substrate/Glints2/dict_0000_0057" 6921
"../../../Engine/Content/EngineMaterials/Substrate/GLints/dict_16_192_64_0p5_0p02_0059_0008.uasset" 6922
"../../../Engine/Content/EngineMaterials/Substrate/Glints2/dict_0000_0059.uasset" 6923
"../../../Engine/Content/EngineMaterials/Substrate/Glints2/dict_0000_0023.uasset" 6924
"/Engine/EngineMaterials/Substrate/Glints2/dict_0000_0025" 6925
"/Engine/EngineMaterials/Substrate/Glints2/dict_0000_0052" 6926
"/Engine/EngineMaterials/Substrate/Glints2/dict_0000_0051" 6927
"/Engine/EngineMaterials/Substrate/Glints2/dict_0000_0050" 6928
"/Engine/EngineMaterials/Substrate/Glints2/dict_0000_0024" 6929
"/Engine/EngineMaterials/Substrate/Glints2/dict_0000_0049" 6930
"../../../Engine/Content/EngineMaterials/Substrate/Glints2/dict_0000_0062.uasset" 6931
"/Engine/EngineMaterials/Substrate/Glints2/dict_0000_0056" 6932
"../../../Engine/Content/EngineMaterials/Substrate/Glints2/dict_0000_0060.uasset" 6933
"/Engine/EngineMaterials/Substrate/Glints2/dict_0000_0048" 6934
"../../../Engine/Content/EngineMaterials/Substrate/Glints2/dict_0000_0063.uasset" 6935
"/Engine/EngineMaterials/Substrate/Glints2/dict_0000_0055" 6936
"/Engine/EngineMaterials/Substrate/Glints2/dict_0000_0060" 6937
"/Engine/EngineMaterials/Substrate/GLints/dict_16_192_64_0p5_0p02_0059_0008" 6938
"/Engine/EngineMaterials/Substrate/Glints2/dict_0000_0059" 6939
"/Engine/EngineMaterials/Substrate/Glints2/dict_0000_0058" 6940
"/Engine/EngineMaterials/Substrate/Glints2/dict_0000_0023" 6941
"/Engine/EngineMaterials/Substrate/Glints2/dict_0000_0063" 6942
"../../../Engine/Content/EngineMaterials/Substrate/Glints2/dict_0000_0066.uasset" 6943
"/Engine/EngineMaterials/Substrate/Glints2/dict_0000_0062" 6944
"/Engine/EngineMaterials/Substrate/Glints2/dict_0000_0066" 6945
"../../../Engine/Content/EngineMaterials/Substrate/Glints2/dict_0000_0065.uasset" 6946
"/Engine/EngineMaterials/Substrate/Glints2/dict_0000_0065" 6947
"../../../Engine/Content/EngineMaterials/Substrate/Glints2/dict_0000_0064.uasset" 6948
"../../../Engine/Content/EngineMaterials/Substrate/GLints/dict_16_192_64_0p5_0p02_0061_0001.uasset" 6949
"../../../Engine/Content/EngineMaterials/Substrate/Glints2/dict_0000_0072.uasset" 6950
"../../../Engine/Content/EngineMaterials/Substrate/Glints2/dict_0000_0074.uasset" 6951
"../../../Engine/Content/EngineMaterials/Substrate/Glints2/dict_0000_0068.uasset" 6952
"../../../Engine/Content/EngineMaterials/Substrate/Glints2/dict_0000_0076.uasset" 6953
"../../../Engine/Content/EngineMaterials/Substrate/Glints2/dict_0000_0069.uasset" 6954
"../../../Engine/Content/EngineMaterials/Substrate/Glints2/dict_0000_0073.uasset" 6955
"../../../Engine/Content/EngineMaterials/Substrate/Glints2/dict_0000_0010.uasset" 6956
"../../../Engine/Content/EngineMaterials/Substrate/Glints2/dict_0000_0077.uasset" 6957
"../../../Engine/Content/EngineMaterials/Substrate/Glints2/dict_0000_0075.uasset" 6958
"/Engine/EngineMaterials/Substrate/GLints/dict_16_192_64_0p5_0p02_0061_0001" 6959
"/Engine/EngineMaterials/Substrate/Glints2/dict_0000_0077" 6960
"/Engine/EngineMaterials/Substrate/Glints2/dict_0000_0076" 6961
"/Engine/EngineMaterials/Substrate/Glints2/dict_0000_0075" 6962
"/Engine/EngineMaterials/Substrate/Glints2/dict_0000_0010" 6963
"/Engine/EngineMaterials/Substrate/Glints2/dict_0000_0074" 6964
"/Engine/EngineMaterials/Substrate/Glints2/dict_0000_0073" 6965
"/Engine/EngineMaterials/Substrate/Glints2/dict_0000_0072" 6966
"/Engine/EngineMaterials/Substrate/Glints2/dict_0000_0069" 6967
"/Engine/EngineMaterials/Substrate/Glints2/dict_0000_0068" 6968
"/Engine/EngineMaterials/Substrate/Glints2/dict_0000_0064" 6969
"../../../Engine/Content/EngineMaterials/Substrate/Glints2/dict_0000_0082.uasset" 6970
"../../../Engine/Content/EngineMaterials/Substrate/Glints2/dict_0000_0086.uasset" 6971
"../../../Engine/Content/EngineMaterials/Substrate/Glints2/dict_0000_0084.uasset" 6972
"../../../Engine/Content/EngineMaterials/Substrate/Glints2/dict_0000_0083.uasset" 6973
"../../../Engine/Content/EngineMaterials/Substrate/Glints2/dict_0000_0081.uasset" 6974
"../../../Engine/Content/EngineMaterials/Substrate/Glints2/dict_0000_0089.uasset" 6975
"../../../Engine/Content/EngineMaterials/Substrate/GLints/dict_16_192_64_0p5_0p02_0059_0012.uasset" 6976
"../../../Engine/Content/EngineMaterials/Substrate/Glints2/dict_0000_0087.uasset" 6977
"../../../Engine/Content/EngineMaterials/Substrate/Glints2/dict_0000_0078.uasset" 6978
"/Engine/EngineMaterials/Substrate/Glints2/dict_0000_0086" 6979
"../../../Engine/Content/EngineMaterials/Substrate/Glints2/dict_0000_0091.uasset" 6980
"/Engine/EngineMaterials/Substrate/Glints2/dict_0000_0084" 6981
"/Engine/EngineMaterials/Substrate/Glints2/dict_0000_0083" 6982
"/Engine/EngineMaterials/Substrate/GLints/dict_16_192_64_0p5_0p02_0059_0012" 6983
"/Engine/EngineMaterials/Substrate/Glints2/dict_0000_0082" 6984
"/Engine/EngineMaterials/Substrate/Glints2/dict_0000_0081" 6985
"../../../Engine/Content/EngineMaterials/Substrate/Glints2/dict_0000_0088.uasset" 6986
"/Engine/EngineMaterials/Substrate/Glints2/dict_0000_0089" 6987
"/Engine/EngineMaterials/Substrate/Glints2/dict_0000_0078" 6988
"../../../Engine/Content/EngineMaterials/Substrate/Glints2/dict_0000_0092.uasset" 6989
"/Engine/EngineMaterials/Substrate/Glints2/dict_0000_0087" 6990
"/Engine/EngineMaterials/Substrate/Glints2/dict_0000_0091" 6991
"/Engine/EngineMaterials/Substrate/Glints2/dict_0000_0088" 6992
"/Engine/EngineMaterials/Substrate/Glints2/dict_0000_0092" 6993
"../../../Engine/Content/EngineMaterials/Substrate/Glints2/dict_0000_0090.uasset" 6994
"../../../Engine/Content/EngineMaterials/Substrate/Glints2/dict_0000_0094.uasset" 6995
"../../../Engine/Content/EngineMaterials/Substrate/Glints2/dict_0000_0093.uasset" 6996
"../../../Engine/Content/EngineMaterials/Substrate/Glints2/dict_0000_0085.uasset" 6997
"../../../Engine/Content/EngineMaterials/Substrate/Glints2/dict_0000_0095.uasset" 6998
"../../../Engine/Content/EngineMaterials/Substrate/Glints2/dict_0000_0100.uasset" 6999
"../../../Engine/Content/EngineMaterials/Substrate/Glints2/dict_0000_0101.uasset" 7000
"../../../Engine/Content/EngineMaterials/Substrate/Glints2/dict_0000_0099.uasset" 7001
"../../../Engine/Content/EngineMaterials/Substrate/Glints2/dict_0000_0097.uasset" 7002
"/Engine/EngineMaterials/Substrate/Glints2/dict_0000_0085" 7003
"/Engine/EngineMaterials/Substrate/Glints2/dict_0000_0101" 7004
"/Engine/EngineMaterials/Substrate/Glints2/dict_0000_0097" 7005
"/Engine/EngineMaterials/Substrate/Glints2/dict_0000_0095" 7006
"/Engine/EngineMaterials/Substrate/Glints2/dict_0000_0094" 7007
"/Engine/EngineMaterials/Substrate/Glints2/dict_0000_0093" 7008
"/Engine/EngineMaterials/Substrate/Glints2/dict_0000_0100" 7009
"/Engine/EngineMaterials/Substrate/Glints2/dict_0000_0090" 7010
"/Engine/EngineMaterials/Substrate/Glints2/dict_0000_0099" 7011
"../../../Engine/Content/EngineMaterials/Substrate/Glints2/dict_0000_0103.uasset" 7012
"../../../Engine/Content/EngineMaterials/Substrate/Glints2/dict_0000_0102.uasset" 7013
"../../../Engine/Content/EngineMaterials/Substrate/Glints2/dict_0000_0106.uasset" 7014
"../../../Engine/Content/EngineMaterials/Substrate/Glints2/dict_0000_0028.uasset" 7015
"../../../Engine/Content/EngineMaterials/Substrate/Glints2/dict_0000_0098.uasset" 7016
"../../../Engine/Content/EngineMaterials/Substrate/Glints2/dict_0000_0105.uasset" 7017
"../../../Engine/Content/EngineMaterials/Substrate/Glints2/dict_0000_0104.uasset" 7018
"../../../Engine/Content/EngineMaterials/Substrate/Glints2/dict_0000_0108.uasset" 7019
"../../../Engine/Content/EngineMaterials/Substrate/Glints2/dict_0000_0107.uasset" 7020
"../../../Engine/Content/EngineMaterials/Substrate/Glints2/dict_0000_0112.uasset" 7021
"/Engine/EngineMaterials/Substrate/Glints2/dict_0000_0105" 7022
"../../../Engine/Content/EngineMaterials/Substrate/Glints2/dict_0000_0109.uasset" 7023
"../../../Engine/Content/EngineMaterials/Substrate/Glints2/dict_0000_0111.uasset" 7024
"/Engine/EngineMaterials/Substrate/Glints2/dict_0000_0104" 7025
"/Engine/EngineMaterials/Substrate/Glints2/dict_0000_0103" 7026
"/Engine/EngineMaterials/Substrate/Glints2/dict_0000_0098" 7027
"/Engine/EngineMaterials/Substrate/Glints2/dict_0000_0102" 7028
"../../../Engine/Content/EngineMaterials/Substrate/Glints2/dict_0000_0114.uasset" 7029
"/Engine/EngineMaterials/Substrate/Glints2/dict_0000_0108" 7030
"../../../Engine/Content/EngineMaterials/Substrate/Glints2/dict_0000_0113.uasset" 7031
"/Engine/EngineMaterials/Substrate/Glints2/dict_0000_0028" 7032
"/Engine/EngineMaterials/Substrate/Glints2/dict_0000_0107" 7033
"/Engine/EngineMaterials/Substrate/Glints2/dict_0000_0112" 7034
"/Engine/EngineMaterials/Substrate/Glints2/dict_0000_0106" 7035
"../../../Engine/Content/EngineMaterials/Substrate/Glints2/dict_0000_0031.uasset" 7036
"../../../Engine/Content/EngineMaterials/Substrate/Glints2/dict_0000_0110.uasset" 7037
"/Engine/EngineMaterials/Substrate/Glints2/dict_0000_0109" 7038
"/Engine/EngineMaterials/Substrate/Glints2/dict_0000_0114" 7039
"/Engine/EngineMaterials/Substrate/Glints2/dict_0000_0110" 7040
"/Engine/EngineMaterials/Substrate/Glints2/dict_0000_0031" 7041
"/Engine/EngineMaterials/Substrate/Glints2/dict_0000_0113" 7042
"../../../Engine/Content/EngineMaterials/Substrate/Glints2/dict_0000_0119.uasset" 7043
"/Engine/EngineMaterials/Substrate/Glints2/dict_0000_0111" 7044
"/Engine/EngineMaterials/Substrate/Glints2/dict_0000_0119" 7045
"../../../Engine/Content/EngineMaterials/Substrate/Glints2/dict_0000_0118.uasset" 7046
"../../../Engine/Content/EngineMaterials/Substrate/Glints2/dict_0000_0121.uasset" 7047
"../../../Engine/Content/EngineMaterials/Substrate/Glints2/dict_0000_0124.uasset" 7048
"../../../Engine/Content/EngineMaterials/Substrate/Glints2/dict_0000_0123.uasset" 7049
"../../../Engine/Content/EngineMaterials/Substrate/Glints2/dict_0000_0120.uasset" 7050
"../../../Engine/Content/EngineMaterials/Substrate/Glints2/dict_0000_0122.uasset" 7051
"../../../Engine/Content/EngineMaterials/Substrate/Glints2/dict_0000_0127.uasset" 7052
"../../../Engine/Content/EngineMaterials/Substrate/Glints2/dict_0000_0125.uasset" 7053
"../../../Engine/Content/EngineMaterials/Substrate/Glints2/dict_0000_0126.uasset" 7054
"/Engine/EngineMaterials/Substrate/Glints2/dict_0000_0127" 7055
"/Engine/EngineMaterials/Substrate/Glints2/dict_0000_0126" 7056
"/Engine/EngineMaterials/Substrate/Glints2/dict_0000_0125" 7057
"/Engine/EngineMaterials/Substrate/Glints2/dict_0000_0124" 7058
"/Engine/EngineMaterials/Substrate/Glints2/dict_0000_0118" 7059
"/Engine/EngineMaterials/Substrate/Glints2/dict_0000_0123" 7060
"../../../Engine/Content/EngineMaterials/Substrate/Glints2/dict_0000_0128.uasset" 7061
"/Engine/EngineMaterials/Substrate/Glints2/dict_0000_0122" 7062
"/Engine/EngineMaterials/Substrate/Glints2/dict_0000_0121" 7063
"/Engine/EngineMaterials/Substrate/Glints2/dict_0000_0120" 7064
"/Engine/EngineMaterials/Substrate/Glints2/dict_0000_0128" 7065
"../../../Engine/Content/EngineMaterials/Substrate/Glints2/dict_0000_0130.uasset" 7066
"../../../Engine/Content/EngineMaterials/Substrate/Glints2/dict_0000_0133.uasset" 7067
"../../../Engine/Content/EngineMaterials/Substrate/Glints2/dict_0000_0131.uasset" 7068
"../../../Engine/Content/EngineMaterials/Substrate/Glints2/dict_0000_0132.uasset" 7069
"../../../Engine/Content/EngineMaterials/Substrate/Glints2/dict_0000_0136.uasset" 7070
"../../../Engine/Content/EngineMaterials/Substrate/Glints2/dict_0000_0137.uasset" 7071
"../../../Engine/Content/EngineMaterials/Substrate/Glints2/dict_0000_0134.uasset" 7072
"/Engine/EngineMaterials/Substrate/Glints2/dict_0000_0136" 7073
"/Engine/EngineMaterials/Substrate/Glints2/dict_0000_0134" 7074
"/Engine/EngineMaterials/Substrate/Glints2/dict_0000_0133" 7075
"/Engine/EngineMaterials/Substrate/Glints2/dict_0000_0132" 7076
"/Engine/EngineMaterials/Substrate/Glints2/dict_0000_0131" 7077
"/Engine/EngineMaterials/Substrate/Glints2/dict_0000_0130" 7078
"/Engine/EngineMaterials/Substrate/Glints2/dict_0000_0137" 7079
"../../../Engine/Content/EngineMaterials/Substrate/Glints2/dict_0000_0129.uasset" 7080
"../../../Engine/Content/EngineMaterials/Substrate/Glints2/dict_0000_0140.uasset" 7081
"../../../Engine/Content/EngineMaterials/Substrate/Glints2/dict_0000_0138.uasset" 7082
"../../../Engine/Content/EngineMaterials/Substrate/Glints2/dict_0000_0139.uasset" 7083
"../../../Engine/Content/EngineMaterials/Substrate/Glints2/dict_0000_0141.uasset" 7084
"../../../Engine/Content/EngineMaterials/Substrate/Glints2/dict_0000_0135.uasset" 7085
"../../../Engine/Content/EngineMaterials/Substrate/Glints2/dict_0000_0142.uasset" 7086
"../../../Engine/Content/EngineMaterials/Substrate/Glints2/dict_0000_0144.uasset" 7087
"../../../Engine/Content/EngineMaterials/Substrate/Glints2/dict_0000_0143.uasset" 7088
"../../../Engine/Content/EngineMaterials/Substrate/Glints2/dict_0000_0145.uasset" 7089
"../../../Engine/Content/EngineMaterials/Substrate/Glints2/dict_0000_0021.uasset" 7090
"/Engine/EngineMaterials/Substrate/Glints2/dict_0000_0135" 7091
"/Engine/EngineMaterials/Substrate/Glints2/dict_0000_0129" 7092
"/Engine/EngineMaterials/Substrate/Glints2/dict_0000_0145" 7093
"../../../Engine/Content/EngineMaterials/Substrate/Glints2/dict_0000_0147.uasset" 7094
"/Engine/EngineMaterials/Substrate/Glints2/dict_0000_0144" 7095
"/Engine/EngineMaterials/Substrate/Glints2/dict_0000_0143" 7096
"../../../Engine/Content/EngineMaterials/Substrate/Glints2/dict_0000_0148.uasset" 7097
"../../../Engine/Content/EngineMaterials/Substrate/Glints2/dict_0000_0149.uasset" 7098
"/Engine/EngineMaterials/Substrate/Glints2/dict_0000_0142" 7099
"../../../Engine/Content/EngineMaterials/Substrate/Glints2/dict_0000_0146.uasset" 7100
"/Engine/EngineMaterials/Substrate/Glints2/dict_0000_0141" 7101
"/Engine/EngineMaterials/Substrate/Glints2/dict_0000_0140" 7102
"/Engine/EngineMaterials/Substrate/Glints2/dict_0000_0139" 7103
"/Engine/EngineMaterials/Substrate/Glints2/dict_0000_0138" 7104
"/Engine/EngineMaterials/Substrate/Glints2/dict_0000_0021" 7105
"/Engine/EngineMaterials/Substrate/Glints2/dict_0000_0146" 7106
"/Engine/EngineMaterials/Substrate/Glints2/dict_0000_0149" 7107
"/Engine/EngineMaterials/Substrate/Glints2/dict_0000_0148" 7108
"/Engine/EngineMaterials/Substrate/Glints2/dict_0000_0147" 7109
"../../../Engine/Content/EngineMaterials/Substrate/Glints2/dict_0000_0153.uasset" 7110
"../../../Engine/Content/EngineMaterials/Substrate/Glints2/dict_0000_0151.uasset" 7111
"../../../Engine/Content/EngineMaterials/Substrate/Glints2/dict_0000_0152.uasset" 7112
"../../../Engine/Content/EngineMaterials/Substrate/Glints2/dict_0000_0158.uasset" 7113
"../../../Engine/Content/EngineMaterials/Substrate/Glints2/dict_0000_0155.uasset" 7114
"../../../Engine/Content/EngineMaterials/Substrate/Glints2/dict_0000_0159.uasset" 7115
"../../../Engine/Content/EngineMaterials/Substrate/Glints2/dict_0000_0067.uasset" 7116
"/Engine/EngineMaterials/Substrate/Glints2/dict_0000_0153" 7117
"/Engine/EngineMaterials/Substrate/Glints2/dict_0000_0159" 7118
"../../../Engine/Content/EngineMaterials/Substrate/Glints2/dict_0000_0160.uasset" 7119
"../../../Engine/Content/EngineMaterials/Substrate/Glints2/dict_0000_0156.uasset" 7120
"/Engine/EngineMaterials/Substrate/Glints2/dict_0000_0158" 7121
"/Engine/EngineMaterials/Substrate/Glints2/dict_0000_0152" 7122
"../../../Engine/Content/EngineMaterials/Substrate/Glints2/dict_0000_0079.uasset" 7123
"/Engine/EngineMaterials/Substrate/Glints2/dict_0000_0151" 7124
"../../../Engine/Content/EngineMaterials/Substrate/Glints2/dict_0000_0162.uasset" 7125
"/Engine/EngineMaterials/Substrate/Glints2/dict_0000_0155" 7126
"/Engine/EngineMaterials/Substrate/Glints2/dict_0000_0067" 7127
"../../../Engine/Content/EngineMaterials/Substrate/Glints2/dict_0000_0161.uasset" 7128
"/Engine/EngineMaterials/Substrate/Glints2/dict_0000_0162" 7129
"/Engine/EngineMaterials/Substrate/Glints2/dict_0000_0160" 7130
"../../../Engine/Content/EngineMaterials/Substrate/Glints2/dict_0000_0157.uasset" 7131
"/Engine/EngineMaterials/Substrate/Glints2/dict_0000_0156" 7132
"/Engine/EngineMaterials/Substrate/Glints2/dict_0000_0079" 7133
"/Engine/EngineMaterials/Substrate/Glints2/dict_0000_0161" 7134
"/Engine/EngineMaterials/Substrate/Glints2/dict_0000_0157" 7135
"../../../Engine/Content/EngineMaterials/Substrate/Glints2/dict_0000_0163.uasset" 7136
"../../../Engine/Content/EngineMaterials/Substrate/Glints2/dict_0000_0165.uasset" 7137
"../../../Engine/Content/EngineMaterials/Substrate/Glints2/dict_0000_0166.uasset" 7138
"../../../Engine/Content/EngineMaterials/Substrate/Glints2/dict_0000_0167.uasset" 7139
"../../../Engine/Content/EngineMaterials/Substrate/Glints2/dict_0000_0168.uasset" 7140
"../../../Engine/Content/EngineMaterials/Substrate/Glints2/dict_0000_0171.uasset" 7141
"../../../Engine/Content/EngineMaterials/Substrate/Glints2/dict_0000_0170.uasset" 7142
"/Engine/EngineMaterials/Substrate/Glints2/dict_0000_0163" 7143
"/Engine/EngineMaterials/Substrate/Glints2/dict_0000_0168" 7144
"../../../Engine/Content/EngineMaterials/Substrate/Glints2/dict_0000_0164.uasset" 7145
"/Engine/EngineMaterials/Substrate/Glints2/dict_0000_0171" 7146
"../../../Engine/Content/EngineMaterials/Substrate/Glints2/dict_0000_0173.uasset" 7147
"/Engine/EngineMaterials/Substrate/Glints2/dict_0000_0167" 7148
"/Engine/EngineMaterials/Substrate/Glints2/dict_0000_0166" 7149
"/Engine/EngineMaterials/Substrate/Glints2/dict_0000_0165" 7150
"/Engine/EngineMaterials/Substrate/Glints2/dict_0000_0164" 7151
"/Engine/EngineMaterials/Substrate/Glints2/dict_0000_0173" 7152
"../../../Engine/Content/EngineMaterials/Substrate/Glints2/dict_0000_0176.uasset" 7153
"/Engine/EngineMaterials/Substrate/Glints2/dict_0000_0170" 7154
"../../../Engine/Content/EngineMaterials/Substrate/Glints2/dict_0000_0174.uasset" 7155
"/Engine/EngineMaterials/Substrate/Glints2/dict_0000_0176" 7156
"/Engine/EngineMaterials/Substrate/Glints2/dict_0000_0174" 7157
"../../../Engine/Content/EngineMaterials/Substrate/Glints2/dict_0000_0177.uasset" 7158
"../../../Engine/Content/EngineMaterials/Substrate/Glints2/dict_0000_0180.uasset" 7159
"../../../Engine/Content/EngineMaterials/Substrate/Glints2/dict_0000_0178.uasset" 7160
"../../../Engine/Content/EngineMaterials/Substrate/Glints2/dict_0000_0179.uasset" 7161
"../../../Engine/Content/EngineMaterials/Substrate/Glints2/dict_0000_0175.uasset" 7162
"../../../Engine/Content/EngineMaterials/Substrate/GLints/dict_16_192_64_0p5_0p02_0063_0004.uasset" 7163
"../../../Engine/Content/EngineMaterials/Substrate/Glints2/dict_0000_0071.uasset" 7164
"../../../Engine/Content/EngineMaterials/Substrate/Glints2/dict_0000_0181.uasset" 7165
"../../../Engine/Content/EngineMaterials/Substrate/Glints2/dict_0000_0182.uasset" 7166
"/Engine/EngineMaterials/Substrate/Glints2/dict_0000_0175" 7167
"../../../Engine/Content/EngineMaterials/Substrate/Glints2/dict_0000_0169.uasset" 7168
"/Engine/EngineMaterials/Substrate/Glints2/dict_0000_0179" 7169
"/Engine/EngineMaterials/Substrate/Glints2/dict_0000_0181" 7170
"/Engine/EngineMaterials/Substrate/Glints2/dict_0000_0178" 7171
"/Engine/EngineMaterials/Substrate/GLints/AGlintTex2dArray" 7172
"../../../Engine/Content/EngineMaterials/Substrate/Glints2/dict_0000_0183.uasset" 7173
"../../../Engine/Content/EngineMaterials/Substrate/Glints2/dict_0000_0184.uasset" 7174
"../../../Engine/Content/EngineMaterials/Substrate/Glints2/dict_0000_0185.uasset" 7175
"../../../Engine/Content/EngineMaterials/Substrate/Glints2/dict_0000_0186.uasset" 7176
"../../../Engine/Content/EngineMaterials/Substrate/Glints2/dict_0000_0190.uasset" 7177
"../../../Engine/Content/EngineMaterials/Substrate/Glints2/dict_0000_0187.uasset" 7178
"../../../Engine/Content/EngineMaterials/Substrate/Glints2/dict_0000_0188.uasset" 7179
"../../../Engine/Content/EngineMaterials/Substrate/Glints2/dict_0000_0191.uasset" 7180
"../../../Engine/Content/EngineMaterials/Substrate/Glints2/dict_0000_0192.uasset" 7181
"/Engine/EngineMaterials/Substrate/Glints2/dict_0000_0180" 7182
"/Engine/EngineMaterials/Substrate/Glints2/dict_0000_0177" 7183
"/Engine/EngineMaterials/Substrate/Glints2/dict_0000_0071" 7184
"/Engine/EngineMaterials/Substrate/Glints2/dict_0000_0182" 7185
"/Engine/EngineMaterials/Substrate/Glints2/dict_0000_0190" 7186
"/Engine/EngineMaterials/Substrate/Glints2/dict_0000_0187" 7187
"/Engine/EngineMaterials/Substrate/Glints2/dict_0000_0186" 7188
"/Engine/EngineMaterials/Substrate/Glints2/dict_0000_0192" 7189
"/Engine/EngineMaterials/Substrate/Glints2/dict_0000_0185" 7190
"/Engine/EngineMaterials/Substrate/Glints2/dict_0000_0184" 7191
"/Engine/EngineMaterials/Substrate/Glints2/dict_0000_0188" 7192
"/Engine/EngineMaterials/Substrate/Glints2/dict_0000_0183" 7193
"/Engine/EngineMaterials/Substrate/Glints2/dict_0000_0169" 7194
"/Engine/EngineMaterials/Substrate/Glints2/dict_0000_0191" 7195
"../../../Engine/Content/EngineMaterials/Substrate/Glints2/dict_0000_0096.uasset" 7196
"../../../Engine/Content/EngineMaterials/Substrate/Glints2/dict_0000_0080.uasset" 7197
"/Engine/EngineMaterials/Substrate/Glints2/dict_0000_0096" 7198
"/Engine/EngineMaterials/Substrate/Glints2/dict_0000_0080" 7199
"../../../Engine/Content/EngineMaterials/Substrate/Glints2/dict_0000_0199.uasset" 7200
"../../../Engine/Content/EngineMaterials/Substrate/Glints2/dict_0000_0193.uasset" 7201
"../../../Engine/Content/EngineMaterials/Substrate/Glints2/dict_0000_0201.uasset" 7202
"../../../Engine/Content/EngineMaterials/Substrate/Glints2/dict_0000_0202.uasset" 7203
"../../../Engine/Content/EngineMaterials/Substrate/Glints2/dict_0000_0198.uasset" 7204
"../../../Engine/Content/EngineMaterials/Substrate/Glints2/dict_0000_0200.uasset" 7205
"../../../Engine/Content/EngineMaterials/Substrate/Glints2/dict_0000_0197.uasset" 7206
"../../../Engine/Content/EngineMaterials/Substrate/Glints2/dict_0000_0195.uasset" 7207
"../../../Engine/Content/EngineMaterials/Substrate/Glints2/dict_0000_0116.uasset" 7208
"../../../Engine/Content/EngineMaterials/Substrate/Glints2/dict_0000_0208.uasset" 7209
"../../../Engine/Content/EngineMaterials/Substrate/Glints2/dict_0000_0211.uasset" 7210
"/Engine/EngineMaterials/Substrate/Glints2/dict_0000_0211" 7211
"../../../Engine/Content/EngineMaterials/Substrate/Glints2/dict_0000_0070.uasset" 7212
"/Engine/EngineMaterials/Substrate/Glints2/dict_0000_0202" 7213
"/Engine/EngineMaterials/Substrate/Glints2/dict_0000_0201" 7214
"/Engine/EngineMaterials/Substrate/Glints2/dict_0000_0200" 7215
"../../../Engine/Content/EngineMaterials/Substrate/Glints2/dict_0000_0206.uasset" 7216
"/Engine/EngineMaterials/Substrate/Glints2/dict_0000_0199" 7217
"/Engine/EngineMaterials/Substrate/Glints2/dict_0000_0198" 7218
"/Engine/EngineMaterials/Substrate/Glints2/dict_0000_0116" 7219
"/Engine/EngineMaterials/Substrate/Glints2/dict_0000_0197" 7220
"../../../Engine/Content/EngineMaterials/Substrate/Glints2/dict_0000_0207.uasset" 7221
"/Engine/EngineMaterials/Substrate/Glints2/dict_0000_0208" 7222
"/Engine/EngineMaterials/Substrate/Glints2/dict_0000_0195" 7223
"/Engine/EngineMaterials/Substrate/Glints2/dict_0000_0193" 7224
"../../../Engine/Content/EngineMaterials/Substrate/Glints2/dict_0000_0117.uasset" 7225
"/Engine/EngineMaterials/Substrate/Glints2/dict_0000_0117" 7226
"/Engine/EngineMaterials/Substrate/Glints2/dict_0000_0207" 7227
"/Engine/EngineMaterials/Substrate/Glints2/dict_0000_0070" 7228
"/Engine/EngineMaterials/Substrate/Glints2/dict_0000_0206" 7229
"../../../Engine/Content/EngineMaterials/Substrate/Glints2/dict_0000_0154.uasset" 7230
"../../../Engine/Content/EngineMaterials/Substrate/Glints2/dict_0000_0214.uasset" 7231
"../../../Engine/Content/EngineMaterials/Substrate/Glints2/dict_0000_0215.uasset" 7232
"../../../Engine/Content/EngineMaterials/Substrate/Glints2/dict_0000_0216.uasset" 7233
"../../../Engine/Content/EngineMaterials/Substrate/Glints2/dict_0000_0219.uasset" 7234
"../../../Engine/Content/EngineMaterials/Substrate/Glints2/dict_0000_0218.uasset" 7235
"../../../Engine/Content/EngineMaterials/Substrate/Glints2/dict_0000_0217.uasset" 7236
"../../../Engine/Content/EngineMaterials/Substrate/Glints2/dict_0000_0210.uasset" 7237
"/Engine/EngineMaterials/Substrate/Glints2/dict_0000_0210" 7238
"/Engine/EngineMaterials/Substrate/Glints2/dict_0000_0214" 7239
"/Engine/EngineMaterials/Substrate/Glints2/dict_0000_0219" 7240
"/Engine/EngineMaterials/Substrate/Glints2/dict_0000_0218" 7241
"/Engine/EngineMaterials/Substrate/Glints2/dict_0000_0217" 7242
"/Engine/EngineMaterials/Substrate/Glints2/dict_0000_0216" 7243
"/Engine/EngineMaterials/Substrate/Glints2/dict_0000_0154" 7244
"/Engine/EngineMaterials/Substrate/Glints2/dict_0000_0215" 7245
"../../../Engine/Content/EngineMaterials/Substrate/Glints2/dict_0000_0221.uasset" 7246
"/Engine/EngineMaterials/Substrate/Glints2/dict_0000_0221" 7247
"../../../Engine/Content/EngineMaterials/Substrate/Glints2/dict_0000_0220.uasset" 7248
"../../../Engine/Content/EngineMaterials/Substrate/Glints2/dict_0000_0224.uasset" 7249
"../../../Engine/Content/EngineMaterials/Substrate/Glints2/dict_0000_0226.uasset" 7250
"../../../Engine/Content/EngineMaterials/Substrate/Glints2/dict_0000_0225.uasset" 7251
"../../../Engine/Content/EngineMaterials/Substrate/Glints2/dict_0000_0213.uasset" 7252
"../../../Engine/Content/EngineMaterials/Substrate/Glints2/dict_0000_0222.uasset" 7253
"../../../Engine/Content/EngineMaterials/Substrate/Glints2/dict_0000_0228.uasset" 7254
"/Engine/EngineMaterials/Substrate/Glints2/dict_0000_0225" 7255
"/Engine/EngineMaterials/Substrate/Glints2/dict_0000_0224" 7256
"/Engine/EngineMaterials/Substrate/Glints2/dict_0000_0222" 7257
"/Engine/EngineMaterials/Substrate/Glints2/dict_0000_0220" 7258
"/Engine/EngineMaterials/Substrate/Glints2/dict_0000_0228" 7259
"/Engine/EngineMaterials/Substrate/Glints2/dict_0000_0226" 7260
"/Engine/EngineMaterials/Substrate/Glints2/dict_0000_0213" 7261
"../../../Engine/Content/EngineMaterials/Substrate/Glints2/dict_0000_0234.uasset" 7262
"../../../Engine/Content/EngineMaterials/Substrate/Glints2/dict_0000_0231.uasset" 7263
"../../../Engine/Content/EngineMaterials/Substrate/Glints2/dict_0000_0223.uasset" 7264
"../../../Engine/Content/EngineMaterials/Substrate/Glints2/dict_0000_0229.uasset" 7265
"../../../Engine/Content/EngineMaterials/Substrate/Glints2/dict_0000_0232.uasset" 7266
"../../../Engine/Content/EngineMaterials/Substrate/Glints2/dict_0000_0227.uasset" 7267
"../../../Engine/Content/EngineMaterials/Substrate/Glints2/dict_0000_0233.uasset" 7268
"../../../Engine/Content/EngineMaterials/Substrate/Glints2/dict_0000_0230.uasset" 7269
"../../../Engine/Content/EngineMaterials/Substrate/Glints2/dict_0000_0235.uasset" 7270
"../../../Engine/Content/EngineMaterials/Substrate/Glints2/dict_0000_0240.uasset" 7271
"/Engine/EngineMaterials/Substrate/Glints2/dict_0000_0223" 7272
"../../../Engine/Content/EngineMaterials/Substrate/Glints2/dict_0000_0236.uasset" 7273
"/Engine/EngineMaterials/Substrate/Glints2/dict_0000_0229" 7274
"/Engine/EngineMaterials/Substrate/Glints2/dict_0000_0235" 7275
"/Engine/EngineMaterials/Substrate/Glints2/dict_0000_0234" 7276
"/Engine/EngineMaterials/Substrate/Glints2/dict_0000_0233" 7277
"/Engine/EngineMaterials/Substrate/Glints2/dict_0000_0232" 7278
"/Engine/EngineMaterials/Substrate/Glints2/dict_0000_0227" 7279
"/Engine/EngineMaterials/Substrate/Glints2/dict_0000_0240" 7280
"../../../Engine/Content/EngineMaterials/Substrate/Glints2/dict_0000_0196.uasset" 7281
"/Engine/EngineMaterials/Substrate/Glints2/dict_0000_0231" 7282
"../../../Engine/Content/EngineMaterials/Substrate/Glints2/dict_0000_0242.uasset" 7283
"/Engine/EngineMaterials/Substrate/Glints2/dict_0000_0230" 7284
"../../../Engine/Content/EngineMaterials/Substrate/Glints2/dict_0000_0239.uasset" 7285
"/Engine/EngineMaterials/Substrate/Glints2/dict_0000_0242" 7286
"/Engine/EngineMaterials/Substrate/Glints2/dict_0000_0236" 7287
"/Engine/EngineMaterials/Substrate/Glints2/dict_0000_0196" 7288
"/Engine/EngineMaterials/Substrate/Glints2/dict_0000_0239" 7289
"../../../Engine/Content/EngineMaterials/Substrate/Glints2/dict_0000_0241.uasset" 7290
"../../../Engine/Content/EngineMaterials/Substrate/Glints2/dict_0000_0244.uasset" 7291
"../../../Engine/Content/EngineMaterials/Substrate/Glints2/dict_0000_0209.uasset" 7292
"../../../Engine/Content/EngineMaterials/Substrate/Glints2/dict_0000_0245.uasset" 7293
"../../../Engine/Content/EngineMaterials/Substrate/Glints2/dict_0000_0212.uasset" 7294
"../../../Engine/Content/EngineMaterials/Substrate/Glints2/dict_0000_0246.uasset" 7295
"../../../Engine/Content/EngineMaterials/Substrate/Glints2/dict_0000_0249.uasset" 7296
"../../../Engine/Content/EngineMaterials/Substrate/Glints2/dict_0000_0205.uasset" 7297
"/Engine/EngineMaterials/Substrate/Glints2/dict_0000_0212" 7298
"../../../Engine/Content/EngineMaterials/Substrate/Glints2/dict_0000_0248.uasset" 7299
"/Engine/EngineMaterials/Substrate/Glints2/dict_0000_0245" 7300
"../../../Engine/Content/EngineMaterials/Substrate/Glints2/dict_0000_0247.uasset" 7301
"/Engine/EngineMaterials/Substrate/Glints2/dict_0000_0244" 7302
"/Engine/EngineMaterials/Substrate/Glints2/dict_0000_0209" 7303
"../../../Engine/Content/EngineMaterials/Substrate/Glints2/dict_0000_0250.uasset" 7304
"/Engine/EngineMaterials/Substrate/Glints2/dict_0000_0241" 7305
"/Engine/EngineMaterials/Substrate/Glints2/dict_0000_0249" 7306
"/Engine/EngineMaterials/Substrate/Glints2/dict_0000_0205" 7307
"/Engine/EngineMaterials/Substrate/Glints2/dict_0000_0246" 7308
"/Engine/EngineMaterials/Substrate/Glints2/dict_0000_0250" 7309
"../../../Engine/Content/EngineMaterials/Substrate/Glints2/dict_0000_0253.uasset" 7310
"/Engine/EngineMaterials/Substrate/Glints2/dict_0000_0248" 7311
"/Engine/EngineMaterials/Substrate/Glints2/dict_0000_0247" 7312
"../../../Engine/Content/EngineMaterials/Substrate/Glints2/dict_0000_0251.uasset" 7313
"/Engine/EngineMaterials/Substrate/Glints2/dict_0000_0253" 7314
"/Engine/EngineMaterials/Substrate/Glints2/dict_0000_0251" 7315
"../../../Engine/Content/EngineMaterials/Substrate/Glints2/dict_0000_0252.uasset" 7316
"../../../Engine/Content/EngineMaterials/Substrate/Glints2/dict_0001_0000.uasset" 7317
"../../../Engine/Content/EngineMaterials/Substrate/Glints2/dict_0000_0255.uasset" 7318
"../../../Engine/Content/EngineMaterials/Substrate/Glints2/dict_0001_0002.uasset" 7319
"../../../Engine/Content/EngineMaterials/Substrate/Glints2/dict_0001_0003.uasset" 7320
"../../../Engine/Content/EngineMaterials/Substrate/Glints2/dict_0001_0004.uasset" 7321
"../../../Engine/Content/EngineMaterials/Substrate/Glints2/dict_0001_0005.uasset" 7322
"../../../Engine/Content/EngineMaterials/Substrate/Glints2/dict_0001_0006.uasset" 7323
"../../../Engine/Content/EngineMaterials/Substrate/Glints2/dict_0001_0001.uasset" 7324
"../../../Engine/Content/EngineMaterials/Substrate/Glints2/dict_0000_0254.uasset" 7325
"/Engine/EngineMaterials/Substrate/Glints2/dict_0000_0255" 7326
"/Engine/EngineMaterials/Substrate/Glints2/dict_0001_0003" 7327
"/Engine/EngineMaterials/Substrate/Glints2/dict_0000_0254" 7328
"/Engine/EngineMaterials/Substrate/Glints2/dict_0001_0002" 7329
"/Engine/EngineMaterials/Substrate/Glints2/dict_0000_0252" 7330
"/Engine/EngineMaterials/Substrate/Glints2/dict_0001_0001" 7331
"/Engine/EngineMaterials/Substrate/Glints2/dict_0001_0006" 7332
"../../../Engine/Content/EngineMaterials/Substrate/Glints2/dict_0001_0007.uasset" 7333
"../../../Engine/Content/EngineMaterials/Substrate/Glints2/dict_0001_0008.uasset" 7334
"/Engine/EngineMaterials/Substrate/Glints2/dict_0001_0005" 7335
"/Engine/EngineMaterials/Substrate/Glints2/dict_0001_0004" 7336
"/Engine/EngineMaterials/Substrate/Glints2/dict_0001_0000" 7337
"/Engine/EngineMaterials/Substrate/Glints2/dict_0001_0008" 7338
"../../../Engine/Content/EngineMaterials/Substrate/Glints2/dict_0001_0010.uasset" 7339
"/Engine/EngineMaterials/Substrate/Glints2/dict_0001_0007" 7340
"/Engine/EngineMaterials/Substrate/Glints2/dict_0001_0010" 7341
"../../../Engine/Content/EngineMaterials/Substrate/Glints2/dict_0001_0011.uasset" 7342
"../../../Engine/Content/EngineMaterials/Substrate/Glints2/dict_0001_0013.uasset" 7343
"../../../Engine/Content/EngineMaterials/Substrate/Glints2/dict_0001_0012.uasset" 7344
"../../../Engine/Content/EngineMaterials/Substrate/Glints2/dict_0001_0014.uasset" 7345
"../../../Engine/Content/EngineMaterials/Substrate/Glints2/dict_0000_0172.uasset" 7346
"../../../Engine/Content/EngineMaterials/Substrate/Glints2/dict_0001_0019.uasset" 7347
"../../../Engine/Content/EngineMaterials/Substrate/Glints2/dict_0001_0018.uasset" 7348
"../../../Engine/Content/EngineMaterials/Substrate/Glints2/dict_0001_0009.uasset" 7349
"../../../Engine/Content/EngineMaterials/Substrate/Glints2/dict_0001_0020.uasset" 7350
"../../../Engine/Content/EngineMaterials/Substrate/Glints2/dict_0000_0189.uasset" 7351
"/Engine/EngineMaterials/Substrate/Glints2/dict_0001_0011" 7352
"../../../Engine/Content/EngineMaterials/Substrate/Glints2/dict_0001_0016.uasset" 7353
"/Engine/EngineMaterials/Substrate/Glints2/dict_0001_0009" 7354
"/Engine/EngineMaterials/Substrate/Glints2/dict_0000_0189" 7355
"/Engine/EngineMaterials/Substrate/Glints2/dict_0000_0172" 7356
"/Engine/EngineMaterials/Substrate/Glints2/dict_0001_0014" 7357
"/Engine/EngineMaterials/Substrate/Glints2/dict_0001_0020" 7358
"/Engine/EngineMaterials/Substrate/Glints2/dict_0001_0013" 7359
"../../../Engine/Content/EngineMaterials/Substrate/Glints2/dict_0001_0022.uasset" 7360
"../../../Engine/Content/EngineMaterials/Substrate/Glints2/dict_0001_0023.uasset" 7361
"/Engine/EngineMaterials/Substrate/Glints2/dict_0001_0019" 7362
"../../../Engine/Content/EngineMaterials/Substrate/Glints2/dict_0001_0015.uasset" 7363
"/Engine/EngineMaterials/Substrate/Glints2/dict_0001_0012" 7364
"/Engine/EngineMaterials/Substrate/Glints2/dict_0001_0018" 7365
"/Engine/EngineMaterials/Substrate/Glints2/dict_0001_0023" 7366
"../../../Engine/Content/EngineMaterials/Substrate/Glints2/dict_0001_0021.uasset" 7367
"/Engine/EngineMaterials/Substrate/Glints2/dict_0001_0016" 7368
"/Engine/EngineMaterials/Substrate/Glints2/dict_0001_0022" 7369
"/Engine/EngineMaterials/Substrate/Glints2/dict_0001_0015" 7370
"/Engine/EngineMaterials/Substrate/Glints2/dict_0001_0021" 7371
"../../../Engine/Content/EngineMaterials/Substrate/Glints2/dict_0001_0025.uasset" 7372
"../../../Engine/Content/EngineMaterials/Substrate/Glints2/dict_0001_0026.uasset" 7373
"../../../Engine/Content/EngineMaterials/Substrate/Glints2/dict_0001_0028.uasset" 7374
"../../../Engine/Content/EngineMaterials/Substrate/Glints2/dict_0001_0029.uasset" 7375
"../../../Engine/Content/EngineMaterials/Substrate/Glints2/dict_0001_0027.uasset" 7376
"../../../Engine/Content/EngineMaterials/Substrate/Glints2/dict_0001_0033.uasset" 7377
"../../../Engine/Content/EngineMaterials/Substrate/Glints2/dict_0001_0031.uasset" 7378
"../../../Engine/Content/EngineMaterials/Substrate/Glints2/dict_0001_0034.uasset" 7379
"../../../Engine/Content/EngineMaterials/Substrate/Glints2/dict_0001_0032.uasset" 7380
"../../../Engine/Content/EngineMaterials/Substrate/Glints2/dict_0000_0203.uasset" 7381
"/Engine/EngineMaterials/Substrate/Glints2/dict_0001_0029" 7382
"/Engine/EngineMaterials/Substrate/Glints2/dict_0001_0026" 7383
"/Engine/EngineMaterials/Substrate/Glints2/dict_0001_0028" 7384
"../../../Engine/Content/EngineMaterials/Substrate/Glints2/dict_0001_0035.uasset" 7385
"/Engine/EngineMaterials/Substrate/Glints2/dict_0001_0025" 7386
"/Engine/EngineMaterials/Substrate/Glints2/dict_0001_0027" 7387
"/Engine/EngineMaterials/Substrate/Glints2/dict_0001_0034" 7388
"/Engine/EngineMaterials/Substrate/Glints2/dict_0001_0033" 7389
"/Engine/EngineMaterials/Substrate/Glints2/dict_0001_0032" 7390
"../../../Engine/Content/EngineMaterials/Substrate/Glints2/dict_0001_0037.uasset" 7391
"/Engine/EngineMaterials/Substrate/Glints2/dict_0001_0031" 7392
"../../../Engine/Content/EngineMaterials/Substrate/Glints2/dict_0001_0036.uasset" 7393
"/Engine/EngineMaterials/Substrate/Glints2/dict_0001_0037" 7394
"/Engine/EngineMaterials/Substrate/Glints2/dict_0001_0035" 7395
"/Engine/EngineMaterials/Substrate/Glints2/dict_0000_0203" 7396
"/Engine/EngineMaterials/Substrate/Glints2/dict_0001_0036" 7397
"../../../Engine/Content/EngineMaterials/Substrate/Glints2/dict_0001_0030.uasset" 7398
"../../../Engine/Content/EngineMaterials/Substrate/Glints2/dict_0001_0040.uasset" 7399
"../../../Engine/Content/EngineMaterials/Substrate/Glints2/dict_0001_0043.uasset" 7400
"../../../Engine/Content/EngineMaterials/Substrate/Glints2/dict_0001_0042.uasset" 7401
"../../../Engine/Content/EngineMaterials/Substrate/Glints2/dict_0001_0045.uasset" 7402
"../../../Engine/Content/EngineMaterials/Substrate/Glints2/dict_0001_0044.uasset" 7403
"../../../Engine/Content/EngineMaterials/Substrate/Glints2/dict_0001_0046.uasset" 7404
"../../../Engine/Content/EngineMaterials/Substrate/Glints2/dict_0001_0039.uasset" 7405
"../../../Engine/Content/EngineMaterials/Substrate/Glints2/dict_0001_0038.uasset" 7406
"/Engine/EngineMaterials/Substrate/Glints2/dict_0001_0039" 7407
"/Engine/EngineMaterials/Substrate/Glints2/dict_0001_0043" 7408
"/Engine/EngineMaterials/Substrate/Glints2/dict_0001_0042" 7409
"/Engine/EngineMaterials/Substrate/Glints2/dict_0001_0040" 7410
"/Engine/EngineMaterials/Substrate/Glints2/dict_0001_0044" 7411
"/Engine/EngineMaterials/Substrate/Glints2/dict_0001_0046" 7412
"/Engine/EngineMaterials/Substrate/Glints2/dict_0001_0045" 7413
"/Engine/EngineMaterials/Substrate/Glints2/dict_0001_0030" 7414
"../../../Engine/Content/EngineMaterials/Substrate/Glints2/dict_0001_0047.uasset" 7415
"../../../Engine/Content/EngineMaterials/Substrate/Glints2/dict_0000_0150.uasset" 7416
"/Engine/EngineMaterials/Substrate/Glints2/dict_0001_0038" 7417
"/Engine/EngineMaterials/Substrate/Glints2/dict_0000_0150" 7418
"/Engine/EngineMaterials/Substrate/Glints2/dict_0001_0047" 7419
"../../../Engine/Content/EngineMaterials/Substrate/Glints2/dict_0001_0049.uasset" 7420
"../../../Engine/Content/EngineMaterials/Substrate/Glints2/dict_0001_0050.uasset" 7421
"../../../Engine/Content/EngineMaterials/Substrate/Glints2/dict_0001_0051.uasset" 7422
"../../../Engine/Content/EngineMaterials/Substrate/Glints2/dict_0001_0052.uasset" 7423
"../../../Engine/Content/EngineMaterials/Substrate/Glints2/dict_0001_0054.uasset" 7424
"../../../Engine/Content/EngineMaterials/Substrate/Glints2/dict_0001_0041.uasset" 7425
"../../../Engine/Content/EngineMaterials/Substrate/Glints2/dict_0001_0059.uasset" 7426
"/Engine/EngineMaterials/Substrate/Glints2/dict_0001_0052" 7427
"/Engine/EngineMaterials/Substrate/Glints2/dict_0001_0051" 7428
"/Engine/EngineMaterials/Substrate/Glints2/dict_0001_0050" 7429
"../../../Engine/Content/EngineMaterials/Substrate/Glints2/dict_0001_0061.uasset" 7430
"../../../Engine/Content/EngineMaterials/Substrate/Glints2/dict_0001_0060.uasset" 7431
"../../../Engine/Content/EngineMaterials/Substrate/Glints2/dict_0001_0057.uasset" 7432
"/Engine/EngineMaterials/Substrate/Glints2/dict_0001_0041" 7433
"/Engine/EngineMaterials/Substrate/Glints2/dict_0001_0049" 7434
"../../../Engine/Content/EngineMaterials/Substrate/Glints2/dict_0001_0053.uasset" 7435
"/Engine/EngineMaterials/Substrate/Glints2/dict_0001_0059" 7436
"/Engine/EngineMaterials/Substrate/Glints2/dict_0001_0054" 7437
"/Engine/EngineMaterials/Substrate/Glints2/dict_0001_0053" 7438
"/Engine/EngineMaterials/Substrate/Glints2/dict_0001_0057" 7439
"../../../Engine/Content/EngineMaterials/Substrate/Glints2/dict_0000_0042.uasset" 7440
"/Engine/EngineMaterials/Substrate/Glints2/dict_0001_0061" 7441
"/Engine/EngineMaterials/Substrate/Glints2/dict_0001_0060" 7442
"/Engine/EngineMaterials/Substrate/Glints2/dict_0000_0042" 7443
"../../../Engine/Content/EngineMaterials/Substrate/Glints2/dict_0001_0062.uasset" 7444
"../../../Engine/Content/EngineMaterials/Substrate/Glints2/dict_0001_0063.uasset" 7445
"../../../Engine/Content/EngineMaterials/Substrate/Glints2/dict_0001_0058.uasset" 7446
"../../../Engine/Content/EngineMaterials/Substrate/Glints2/dict_0000_0115.uasset" 7447
"../../../Engine/Content/EngineMaterials/Substrate/Glints2/dict_0001_0024.uasset" 7448
"../../../Engine/Content/EngineMaterials/Substrate/Glints2/dict_0001_0048.uasset" 7449
"../../../Engine/Content/EngineMaterials/Substrate/Glints2/dict_0001_0056.uasset" 7450
"../../../Engine/Content/EngineMaterials/Substrate/Glints2/dict_0001_0068.uasset" 7451
"../../../Engine/Content/EngineMaterials/Substrate/Glints2/dict_0001_0067.uasset" 7452
"../../../Engine/Content/EngineMaterials/Substrate/Glints2/dict_0001_0066.uasset" 7453
"../../../Engine/Content/EngineMaterials/Substrate/Glints2/dict_0001_0065.uasset" 7454
"../../../Engine/Content/EngineMaterials/Substrate/Glints2/dict_0001_0069.uasset" 7455
"/Engine/EngineMaterials/Substrate/Glints2/dict_0001_0065" 7456
"../../../Engine/Content/EngineMaterials/Substrate/Glints2/dict_0001_0055.uasset" 7457
"/Engine/EngineMaterials/Substrate/Glints2/dict_0001_0068" 7458
"../../../Engine/Content/EngineMaterials/Substrate/Glints2/dict_0001_0071.uasset" 7459
"/Engine/EngineMaterials/Substrate/Glints2/dict_0001_0056" 7460
"/Engine/EngineMaterials/Substrate/Glints2/dict_0001_0024" 7461
"../../../Engine/Content/EngineMaterials/Substrate/Glints2/dict_0001_0072.uasset" 7462
"/Engine/EngineMaterials/Substrate/Glints2/dict_0001_0063" 7463
"/Engine/EngineMaterials/Substrate/Glints2/dict_0000_0115" 7464
"/Engine/EngineMaterials/Substrate/Glints2/dict_0001_0062" 7465
"/Engine/EngineMaterials/Substrate/Glints2/dict_0001_0067" 7466
"../../../Engine/Content/EngineMaterials/Substrate/Glints2/dict_0001_0075.uasset" 7467
"/Engine/EngineMaterials/Substrate/Glints2/dict_0001_0048" 7468
"/Engine/EngineMaterials/Substrate/Glints2/dict_0001_0066" 7469
"/Engine/EngineMaterials/Substrate/Glints2/dict_0001_0058" 7470
"/Engine/EngineMaterials/Substrate/Glints2/dict_0001_0069" 7471
"../../../Engine/Content/EngineMaterials/Substrate/Glints2/dict_0001_0070.uasset" 7472
"/Engine/EngineMaterials/Substrate/Glints2/dict_0001_0075" 7473
"/Engine/EngineMaterials/Substrate/Glints2/dict_0001_0072" 7474
"/Engine/EngineMaterials/Substrate/Glints2/dict_0001_0055" 7475
"/Engine/EngineMaterials/Substrate/Glints2/dict_0001_0071" 7476
"../../../Engine/Content/EngineMaterials/Substrate/Glints2/dict_0001_0080.uasset" 7477
"/Engine/EngineMaterials/Substrate/Glints2/dict_0001_0070" 7478
"../../../Engine/Content/EngineMaterials/Substrate/Glints2/dict_0001_0078.uasset" 7479
"/Engine/EngineMaterials/Substrate/Glints2/dict_0001_0078" 7480
"/Engine/EngineMaterials/Substrate/Glints2/dict_0001_0080" 7481
"../../../Engine/Content/EngineMaterials/Substrate/Glints2/dict_0001_0079.uasset" 7482
"../../../Engine/Content/EngineMaterials/Substrate/Glints2/dict_0001_0081.uasset" 7483
"../../../Engine/Content/EngineMaterials/Substrate/Glints2/dict_0001_0084.uasset" 7484
"../../../Engine/Content/EngineMaterials/Substrate/Glints2/dict_0001_0082.uasset" 7485
"../../../Engine/Content/EngineMaterials/Substrate/Glints2/dict_0001_0085.uasset" 7486
"../../../Engine/Content/EngineMaterials/Substrate/Glints2/dict_0001_0083.uasset" 7487
"/Engine/EngineMaterials/Substrate/Glints2/dict_0001_0079" 7488
"/Engine/EngineMaterials/Substrate/Glints2/dict_0001_0085" 7489
"../../../Engine/Content/EngineMaterials/Substrate/Glints2/dict_0001_0089.uasset" 7490
"/Engine/EngineMaterials/Substrate/Glints2/dict_0001_0084" 7491
"/Engine/EngineMaterials/Substrate/Glints2/dict_0001_0083" 7492
"/Engine/EngineMaterials/Substrate/Glints2/dict_0001_0082" 7493
"/Engine/EngineMaterials/Substrate/Glints2/dict_0001_0081" 7494
"../../../Engine/Content/EngineMaterials/Substrate/Glints2/dict_0001_0090.uasset" 7495
"/Engine/EngineMaterials/Substrate/Glints2/dict_0001_0089" 7496
"/Engine/EngineMaterials/Substrate/Glints2/dict_0001_0090" 7497
"../../../Engine/Content/EngineMaterials/Substrate/Glints2/dict_0000_0061.uasset" 7498
"../../../Engine/Content/EngineMaterials/Substrate/Glints2/dict_0001_0088.uasset" 7499
"../../../Engine/Content/EngineMaterials/Substrate/Glints2/dict_0001_0093.uasset" 7500
"../../../Engine/Content/EngineMaterials/Substrate/Glints2/dict_0001_0087.uasset" 7501
"../../../Engine/Content/EngineMaterials/Substrate/Glints2/dict_0001_0096.uasset" 7502
"../../../Engine/Content/EngineMaterials/Substrate/Glints2/dict_0001_0091.uasset" 7503
"../../../Engine/Content/EngineMaterials/Substrate/Glints2/dict_0001_0094.uasset" 7504
"../../../Engine/Content/EngineMaterials/Substrate/Glints2/dict_0001_0095.uasset" 7505
"../../../Engine/Content/EngineMaterials/Substrate/Glints2/dict_0001_0097.uasset" 7506
"../../../Engine/Content/EngineMaterials/Substrate/Glints2/dict_0001_0099.uasset" 7507
"/Engine/EngineMaterials/Substrate/Glints2/dict_0000_0061" 7508
"/Engine/EngineMaterials/Substrate/Glints2/dict_0001_0091" 7509
"/Engine/EngineMaterials/Substrate/Glints2/dict_0001_0097" 7510
"/Engine/EngineMaterials/Substrate/Glints2/dict_0001_0088" 7511
"/Engine/EngineMaterials/Substrate/Glints2/dict_0001_0087" 7512
"/Engine/EngineMaterials/Substrate/Glints2/dict_0001_0096" 7513
"/Engine/EngineMaterials/Substrate/Glints2/dict_0001_0095" 7514
"/Engine/EngineMaterials/Substrate/Glints2/dict_0001_0094" 7515
"/Engine/EngineMaterials/Substrate/Glints2/dict_0001_0093" 7516
"/Engine/EngineMaterials/Substrate/Glints2/dict_0001_0099" 7517
"../../../Engine/Content/EngineMaterials/Substrate/Glints2/dict_0001_0102.uasset" 7518
"../../../Engine/Content/EngineMaterials/Substrate/Glints2/dict_0001_0077.uasset" 7519
"../../../Engine/Content/EngineMaterials/Substrate/Glints2/dict_0001_0098.uasset" 7520
"../../../Engine/Content/EngineMaterials/Substrate/Glints2/dict_0001_0103.uasset" 7521
"../../../Engine/Content/EngineMaterials/Substrate/Glints2/dict_0001_0100.uasset" 7522
"../../../Engine/Content/EngineMaterials/Substrate/Glints2/dict_0001_0105.uasset" 7523
"../../../Engine/Content/EngineMaterials/Substrate/Glints2/dict_0001_0104.uasset" 7524
"../../../Engine/Content/EngineMaterials/Substrate/Glints2/dict_0001_0106.uasset" 7525
"../../../Engine/Content/EngineMaterials/Substrate/Glints2/dict_0001_0074.uasset" 7526
"../../../Engine/Content/EngineMaterials/Substrate/Glints2/dict_0001_0107.uasset" 7527
"/Engine/EngineMaterials/Substrate/Glints2/dict_0001_0105" 7528
"/Engine/EngineMaterials/Substrate/Glints2/dict_0001_0074" 7529
"/Engine/EngineMaterials/Substrate/Glints2/dict_0001_0107" 7530
"/Engine/EngineMaterials/Substrate/Glints2/dict_0001_0106" 7531
"/Engine/EngineMaterials/Substrate/Glints2/dict_0001_0098" 7532
"/Engine/EngineMaterials/Substrate/Glints2/dict_0001_0077" 7533
"../../../Engine/Content/EngineMaterials/Substrate/Glints2/dict_0001_0108.uasset" 7534
"../../../Engine/Content/EngineMaterials/Substrate/Glints2/dict_0001_0111.uasset" 7535
"../../../Engine/Content/EngineMaterials/Substrate/Glints2/dict_0001_0110.uasset" 7536
"/Engine/EngineMaterials/Substrate/Glints2/dict_0001_0104" 7537
"/Engine/EngineMaterials/Substrate/Glints2/dict_0001_0103" 7538
"/Engine/EngineMaterials/Substrate/Glints2/dict_0001_0102" 7539
"/Engine/EngineMaterials/Substrate/Glints2/dict_0001_0100" 7540
"/Engine/EngineMaterials/Substrate/Glints2/dict_0001_0111" 7541
"/Engine/EngineMaterials/Substrate/Glints2/dict_0001_0110" 7542
"../../../Engine/Content/EngineMaterials/Substrate/Glints2/dict_0001_0112.uasset" 7543
"/Engine/EngineMaterials/Substrate/Glints2/dict_0001_0108" 7544
"/Engine/EngineMaterials/Substrate/Glints2/dict_0001_0112" 7545
"../../../Engine/Content/EngineMaterials/Substrate/Glints2/dict_0001_0114.uasset" 7546
"../../../Engine/Content/EngineMaterials/Substrate/Glints2/dict_0001_0113.uasset" 7547
"../../../Engine/Content/EngineMaterials/Substrate/Glints2/dict_0001_0115.uasset" 7548
"../../../Engine/Content/EngineMaterials/Substrate/Glints2/dict_0001_0117.uasset" 7549
"../../../Engine/Content/EngineMaterials/Substrate/Glints2/dict_0001_0120.uasset" 7550
"../../../Engine/Content/EngineMaterials/Substrate/Glints2/dict_0000_0237.uasset" 7551
"../../../Engine/Content/EngineMaterials/Substrate/Glints2/dict_0001_0101.uasset" 7552
"../../../Engine/Content/EngineMaterials/Substrate/Glints2/dict_0000_0238.uasset" 7553
"../../../Engine/Content/EngineMaterials/Substrate/Glints2/dict_0001_0119.uasset" 7554
"../../../Engine/Content/EngineMaterials/Substrate/Glints2/dict_0000_0243.uasset" 7555
"../../../Engine/Content/EngineMaterials/Substrate/Glints2/dict_0001_0124.uasset" 7556
"../../../Engine/Content/EngineMaterials/Substrate/Glints2/dict_0001_0122.uasset" 7557
"../../../Engine/Content/EngineMaterials/Substrate/Glints2/dict_0001_0123.uasset" 7558
"../../../Engine/Content/EngineMaterials/Substrate/Glints2/dict_0001_0121.uasset" 7559
"/Engine/EngineMaterials/Substrate/Glints2/dict_0001_0115" 7560
"../../../Engine/Content/EngineMaterials/Substrate/Glints2/dict_0001_0125.uasset" 7561
"/Engine/EngineMaterials/Substrate/Glints2/dict_0000_0237" 7562
"/Engine/EngineMaterials/Substrate/Glints2/dict_0001_0114" 7563
"/Engine/EngineMaterials/Substrate/Glints2/dict_0000_0243" 7564
"/Engine/EngineMaterials/Substrate/Glints2/dict_0000_0238" 7565
"/Engine/EngineMaterials/Substrate/Glints2/dict_0001_0124" 7566
"../../../Engine/Content/EngineMaterials/Substrate/Glints2/dict_0001_0118.uasset" 7567
"/Engine/EngineMaterials/Substrate/Glints2/dict_0001_0113" 7568
"/Engine/EngineMaterials/Substrate/Glints2/dict_0001_0117" 7569
"/Engine/EngineMaterials/Substrate/Glints2/dict_0001_0123" 7570
"/Engine/EngineMaterials/Substrate/Glints2/dict_0001_0122" 7571
"/Engine/EngineMaterials/Substrate/Glints2/dict_0001_0121" 7572
"/Engine/EngineMaterials/Substrate/Glints2/dict_0001_0120" 7573
"/Engine/EngineMaterials/Substrate/Glints2/dict_0001_0119" 7574
"/Engine/EngineMaterials/Substrate/Glints2/dict_0001_0101" 7575
"../../../Engine/Content/EngineMaterials/Substrate/Glints2/dict_0001_0130.uasset" 7576
"../../../Engine/Content/EngineMaterials/Substrate/Glints2/dict_0001_0017.uasset" 7577
"/Engine/EngineMaterials/Substrate/Glints2/dict_0001_0125" 7578
"/Engine/EngineMaterials/Substrate/Glints2/dict_0001_0130" 7579
"../../../Engine/Content/EngineMaterials/Substrate/Glints2/dict_0001_0126.uasset" 7580
"/Engine/EngineMaterials/Substrate/Glints2/dict_0001_0017" 7581
"/Engine/EngineMaterials/Substrate/Glints2/dict_0001_0118" 7582
"/Engine/EngineMaterials/Substrate/Glints2/dict_0001_0126" 7583
"../../../Engine/Content/EngineMaterials/Substrate/Glints2/dict_0001_0127.uasset" 7584
"/Engine/EngineMaterials/Substrate/Glints2/dict_0001_0127" 7585
"../../../Engine/Content/EngineMaterials/Substrate/Glints2/dict_0001_0128.uasset" 7586
"../../../Engine/Content/EngineMaterials/Substrate/Glints2/dict_0001_0129.uasset" 7587
"../../../Engine/Content/EngineMaterials/Substrate/Glints2/dict_0000_0194.uasset" 7588
"../../../Engine/Content/EngineMaterials/Substrate/Glints2/dict_0001_0140.uasset" 7589
"../../../Engine/Content/EngineMaterials/Substrate/Glints2/dict_0001_0134.uasset" 7590
"../../../Engine/Content/EngineMaterials/Substrate/Glints2/dict_0001_0138.uasset" 7591
"../../../Engine/Content/EngineMaterials/Substrate/Glints2/dict_0001_0139.uasset" 7592
"../../../Engine/Content/EngineMaterials/Substrate/Glints2/dict_0001_0137.uasset" 7593
"../../../Engine/Content/EngineMaterials/Substrate/Glints2/dict_0001_0141.uasset" 7594
"/Engine/EngineMaterials/Substrate/Glints2/dict_0001_0140" 7595
"../../../Engine/Content/EngineMaterials/Substrate/Glints2/dict_0001_0136.uasset" 7596
"../../../Engine/Content/EngineMaterials/Substrate/Glints2/dict_0001_0133.uasset" 7597
"/Engine/EngineMaterials/Substrate/Glints2/dict_0001_0139" 7598
"/Engine/EngineMaterials/Substrate/Glints2/dict_0001_0138" 7599
"/Engine/EngineMaterials/Substrate/Glints2/dict_0001_0129" 7600
"/Engine/EngineMaterials/Substrate/Glints2/dict_0001_0134" 7601
"/Engine/EngineMaterials/Substrate/Glints2/dict_0000_0194" 7602
"/Engine/EngineMaterials/Substrate/Glints2/dict_0001_0128" 7603
"/Engine/EngineMaterials/Substrate/Glints2/dict_0001_0141" 7604
"/Engine/EngineMaterials/Substrate/Glints2/dict_0001_0137" 7605
"/Engine/EngineMaterials/Substrate/Glints2/dict_0001_0136" 7606
"/Engine/EngineMaterials/Substrate/Glints2/dict_0001_0133" 7607
"../../../Engine/Content/EngineMaterials/Substrate/Glints2/dict_0001_0135.uasset" 7608
"../../../Engine/Content/EngineMaterials/Substrate/Glints2/dict_0001_0064.uasset" 7609
"../../../Engine/Content/EngineMaterials/Substrate/Glints2/dict_0001_0150.uasset" 7610
"../../../Engine/Content/EngineMaterials/Substrate/Glints2/dict_0001_0146.uasset" 7611
"../../../Engine/Content/EngineMaterials/Substrate/Glints2/dict_0001_0145.uasset" 7612
"../../../Engine/Content/EngineMaterials/Substrate/Glints2/dict_0001_0149.uasset" 7613
"../../../Engine/Content/EngineMaterials/Substrate/Glints2/dict_0001_0151.uasset" 7614
"/Engine/EngineMaterials/Substrate/Glints2/dict_0001_0151" 7615
"../../../Engine/Content/EngineMaterials/Substrate/Glints2/dict_0001_0152.uasset" 7616
"/Engine/EngineMaterials/Substrate/Glints2/dict_0001_0145" 7617
"/Engine/EngineMaterials/Substrate/Glints2/dict_0001_0150" 7618
"/Engine/EngineMaterials/Substrate/Glints2/dict_0001_0149" 7619
"/Engine/EngineMaterials/Substrate/Glints2/dict_0001_0064" 7620
"/Engine/EngineMaterials/Substrate/Glints2/dict_0001_0135" 7621
"/Engine/EngineMaterials/Substrate/Glints2/dict_0001_0146" 7622
"/Engine/EngineMaterials/Substrate/Glints2/dict_0001_0152" 7623
"../../../Engine/Content/EngineMaterials/Substrate/Glints2/dict_0001_0147.uasset" 7624
"../../../Engine/Content/EngineMaterials/Substrate/Glints2/dict_0001_0157.uasset" 7625
"../../../Engine/Content/EngineMaterials/Substrate/Glints2/dict_0001_0156.uasset" 7626
"../../../Engine/Content/EngineMaterials/Substrate/Glints2/dict_0001_0155.uasset" 7627
"../../../Engine/Content/EngineMaterials/Substrate/Glints2/dict_0001_0153.uasset" 7628
"../../../Engine/Content/EngineMaterials/Substrate/Glints2/dict_0001_0159.uasset" 7629
"../../../Engine/Content/EngineMaterials/Substrate/Glints2/dict_0001_0158.uasset" 7630
"../../../Engine/Content/EngineMaterials/Substrate/Glints2/dict_0001_0148.uasset" 7631
"../../../Engine/Content/EngineMaterials/Substrate/Glints2/dict_0001_0160.uasset" 7632
"../../../Engine/Content/EngineMaterials/Substrate/Glints2/dict_0001_0163.uasset" 7633
"../../../Engine/Content/EngineMaterials/Substrate/Glints2/dict_0001_0164.uasset" 7634
"../../../Engine/Content/EngineMaterials/Substrate/Glints2/dict_0001_0162.uasset" 7635
"/Engine/EngineMaterials/Substrate/Glints2/dict_0001_0162" 7636
"../../../Engine/Content/EngineMaterials/Substrate/Glints2/dict_0001_0073.uasset" 7637
"/Engine/EngineMaterials/Substrate/Glints2/dict_0001_0158" 7638
"../../../Engine/Content/EngineMaterials/Substrate/Glints2/dict_0001_0154.uasset" 7639
"/Engine/EngineMaterials/Substrate/Glints2/dict_0001_0157" 7640
"/Engine/EngineMaterials/Substrate/Glints2/dict_0001_0156" 7641
"/Engine/EngineMaterials/Substrate/Glints2/dict_0001_0148" 7642
"/Engine/EngineMaterials/Substrate/Glints2/dict_0001_0160" 7643
"../../../Engine/Content/EngineMaterials/Substrate/Glints2/dict_0000_0204.uasset" 7644
"/Engine/EngineMaterials/Substrate/Glints2/dict_0001_0155" 7645
"/Engine/EngineMaterials/Substrate/Glints2/dict_0001_0164" 7646
"/Engine/EngineMaterials/Substrate/Glints2/dict_0001_0159" 7647
"/Engine/EngineMaterials/Substrate/Glints2/dict_0001_0153" 7648
"/Engine/EngineMaterials/Substrate/Glints2/dict_0001_0147" 7649
"../../../Engine/Content/EngineMaterials/Substrate/Glints2/dict_0001_0166.uasset" 7650
"/Engine/EngineMaterials/Substrate/Glints2/dict_0001_0163" 7651
"/Engine/EngineMaterials/Substrate/Glints2/dict_0001_0166" 7652
"/Engine/EngineMaterials/Substrate/Glints2/dict_0001_0073" 7653
"../../../Engine/Content/EngineMaterials/Substrate/Glints2/dict_0001_0167.uasset" 7654
"/Engine/EngineMaterials/Substrate/Glints2/dict_0001_0154" 7655
"/Engine/EngineMaterials/Substrate/Glints2/dict_0000_0204" 7656
"/Engine/EngineMaterials/Substrate/Glints2/dict_0001_0167" 7657
"../../../Engine/Content/EngineMaterials/Substrate/Glints2/dict_0001_0161.uasset" 7658
"../../../Engine/Content/EngineMaterials/Substrate/Glints2/dict_0001_0169.uasset" 7659
"../../../Engine/Content/EngineMaterials/Substrate/Glints2/dict_0001_0144.uasset" 7660
"../../../Engine/Content/EngineMaterials/Substrate/Glints2/dict_0001_0076.uasset" 7661
"../../../Engine/Content/EngineMaterials/Substrate/Glints2/dict_0001_0170.uasset" 7662
"../../../Engine/Content/EngineMaterials/Substrate/Glints2/dict_0001_0172.uasset" 7663
"../../../Engine/Content/EngineMaterials/Substrate/Glints2/dict_0001_0171.uasset" 7664
"../../../Engine/Content/EngineMaterials/Substrate/Glints2/dict_0001_0175.uasset" 7665
"../../../Engine/Content/EngineMaterials/Substrate/Glints2/dict_0001_0176.uasset" 7666
"../../../Engine/Content/EngineMaterials/Substrate/Glints2/dict_0001_0177.uasset" 7667
"/Engine/EngineMaterials/Substrate/Glints2/dict_0001_0169" 7668
"../../../Engine/Content/EngineMaterials/Substrate/Glints2/dict_0001_0092.uasset" 7669
"../../../Engine/Content/EngineMaterials/Substrate/Glints2/dict_0001_0179.uasset" 7670
"../../../Engine/Content/EngineMaterials/Substrate/Glints2/dict_0001_0178.uasset" 7671
"/Engine/EngineMaterials/Substrate/Glints2/dict_0001_0144" 7672
"/Engine/EngineMaterials/Substrate/Glints2/dict_0001_0161" 7673
"/Engine/EngineMaterials/Substrate/Glints2/dict_0001_0177" 7674
"/Engine/EngineMaterials/Substrate/Glints2/dict_0001_0176" 7675
"../../../Engine/Content/EngineMaterials/Substrate/Glints2/dict_0001_0180.uasset" 7676
"/Engine/EngineMaterials/Substrate/Glints2/dict_0001_0175" 7677
"/Engine/EngineMaterials/Substrate/Glints2/dict_0001_0076" 7678
"/Engine/EngineMaterials/Substrate/Glints2/dict_0001_0170" 7679
"/Engine/EngineMaterials/Substrate/Glints2/dict_0001_0172" 7680
"/Engine/EngineMaterials/Substrate/Glints2/dict_0001_0171" 7681
"../../../Engine/Content/EngineMaterials/Substrate/Glints2/dict_0001_0182.uasset" 7682
"/Engine/EngineMaterials/Substrate/Glints2/dict_0001_0092" 7683
"/Engine/EngineMaterials/Substrate/Glints2/dict_0001_0180" 7684
"/Engine/EngineMaterials/Substrate/Glints2/dict_0001_0179" 7685
"/Engine/EngineMaterials/Substrate/Glints2/dict_0001_0178" 7686
"/Engine/EngineMaterials/Substrate/Glints2/dict_0001_0182" 7687
"../../../Engine/Content/EngineMaterials/Substrate/Glints2/dict_0001_0086.uasset" 7688
"../../../Engine/Content/EngineMaterials/Substrate/Glints2/dict_0001_0186.uasset" 7689
"../../../Engine/Content/EngineMaterials/Substrate/Glints2/dict_0001_0187.uasset" 7690
"../../../Engine/Content/EngineMaterials/Substrate/Glints2/dict_0001_0184.uasset" 7691
"../../../Engine/Content/EngineMaterials/Substrate/Glints2/dict_0001_0183.uasset" 7692
"../../../Engine/Content/EngineMaterials/Substrate/Glints2/dict_0001_0185.uasset" 7693
"../../../Engine/Content/EngineMaterials/Substrate/Glints2/dict_0001_0192.uasset" 7694
"../../../Engine/Content/EngineMaterials/Substrate/Glints2/dict_0001_0173.uasset" 7695
"/Engine/EngineMaterials/Substrate/Glints2/dict_0001_0187" 7696
"/Engine/EngineMaterials/Substrate/Glints2/dict_0001_0186" 7697
"/Engine/EngineMaterials/Substrate/Glints2/dict_0001_0185" 7698
"/Engine/EngineMaterials/Substrate/Glints2/dict_0001_0086" 7699
"/Engine/EngineMaterials/Substrate/Glints2/dict_0001_0192" 7700
"/Engine/EngineMaterials/Substrate/Glints2/dict_0001_0184" 7701
"/Engine/EngineMaterials/Substrate/Glints2/dict_0001_0183" 7702
"../../../Engine/Content/EngineMaterials/Substrate/Glints2/dict_0001_0190.uasset" 7703
"/Engine/EngineMaterials/Substrate/Glints2/dict_0001_0173" 7704
"/Engine/EngineMaterials/Substrate/Glints2/dict_0001_0190" 7705
"../../../Engine/Content/EngineMaterials/Substrate/Glints2/dict_0001_0189.uasset" 7706
"../../../Engine/Content/EngineMaterials/Substrate/Glints2/dict_0001_0195.uasset" 7707
"../../../Engine/Content/EngineMaterials/Substrate/Glints2/dict_0001_0194.uasset" 7708
"../../../Engine/Content/EngineMaterials/Substrate/Glints2/dict_0001_0191.uasset" 7709
"../../../Engine/Content/EngineMaterials/Substrate/Glints2/dict_0001_0198.uasset" 7710
"../../../Engine/Content/EngineMaterials/Substrate/Glints2/dict_0001_0188.uasset" 7711
"../../../Engine/Content/EngineMaterials/Substrate/Glints2/dict_0001_0193.uasset" 7712
"../../../Engine/Content/EngineMaterials/Substrate/Glints2/dict_0001_0197.uasset" 7713
"../../../Engine/Content/EngineMaterials/Substrate/Glints2/dict_0001_0200.uasset" 7714
"../../../Engine/Content/EngineMaterials/Substrate/Glints2/dict_0001_0199.uasset" 7715
"/Engine/EngineMaterials/Substrate/Glints2/dict_0001_0197" 7716
"../../../Engine/Content/EngineMaterials/Substrate/Glints2/dict_0001_0202.uasset" 7717
"/Engine/EngineMaterials/Substrate/Glints2/dict_0001_0200" 7718
"../../../Engine/Content/EngineMaterials/Substrate/Glints2/dict_0001_0204.uasset" 7719
"/Engine/EngineMaterials/Substrate/Glints2/dict_0001_0199" 7720
"/Engine/EngineMaterials/Substrate/Glints2/dict_0001_0198" 7721
"/Engine/EngineMaterials/Substrate/Glints2/dict_0001_0195" 7722
"/Engine/EngineMaterials/Substrate/Glints2/dict_0001_0194" 7723
"/Engine/EngineMaterials/Substrate/Glints2/dict_0001_0193" 7724
"/Engine/EngineMaterials/Substrate/Glints2/dict_0001_0191" 7725
"/Engine/EngineMaterials/Substrate/Glints2/dict_0001_0189" 7726
"/Engine/EngineMaterials/Substrate/Glints2/dict_0001_0188" 7727
"/Engine/EngineMaterials/Substrate/Glints2/dict_0001_0202" 7728
"../../../Engine/Content/EngineMaterials/Substrate/Glints2/dict_0001_0205.uasset" 7729
"../../../Engine/Content/EngineMaterials/Substrate/Glints2/dict_0001_0206.uasset" 7730
"/Engine/EngineMaterials/Substrate/Glints2/dict_0001_0204" 7731
"/Engine/EngineMaterials/Substrate/Glints2/dict_0001_0206" 7732
"/Engine/EngineMaterials/Substrate/Glints2/dict_0001_0205" 7733
"../../../Engine/Content/EngineMaterials/Substrate/Glints2/dict_0001_0207.uasset" 7734
"../../../Engine/Content/EngineMaterials/Substrate/Glints2/dict_0001_0209.uasset" 7735
"../../../Engine/Content/EngineMaterials/Substrate/Glints2/dict_0001_0208.uasset" 7736
"../../../Engine/Content/EngineMaterials/Substrate/Glints2/dict_0001_0211.uasset" 7737
"../../../Engine/Content/EngineMaterials/Substrate/Glints2/dict_0001_0201.uasset" 7738
"../../../Engine/Content/EngineMaterials/Substrate/Glints2/dict_0001_0210.uasset" 7739
"../../../Engine/Content/EngineMaterials/Substrate/Glints2/dict_0001_0215.uasset" 7740
"../../../Engine/Content/EngineMaterials/Substrate/Glints2/dict_0001_0212.uasset" 7741
"../../../Engine/Content/EngineMaterials/Substrate/Glints2/dict_0001_0214.uasset" 7742
"../../../Engine/Content/EngineMaterials/Substrate/Glints2/dict_0001_0213.uasset" 7743
"../../../Engine/Content/EngineMaterials/Substrate/Glints2/dict_0001_0109.uasset" 7744
"/Engine/EngineMaterials/Substrate/Glints2/dict_0001_0201" 7745
"/Engine/EngineMaterials/Substrate/Glints2/dict_0001_0209" 7746
"../../../Engine/Content/EngineMaterials/Substrate/Glints2/dict_0001_0216.uasset" 7747
"../../../Engine/Content/EngineMaterials/Substrate/Glints2/dict_0001_0217.uasset" 7748
"/Engine/EngineMaterials/Substrate/Glints2/dict_0001_0208" 7749
"/Engine/EngineMaterials/Substrate/Glints2/dict_0001_0207" 7750
"/Engine/EngineMaterials/Substrate/Glints2/dict_0001_0215" 7751
"/Engine/EngineMaterials/Substrate/Glints2/dict_0001_0109" 7752
"/Engine/EngineMaterials/Substrate/Glints2/dict_0001_0211" 7753
"/Engine/EngineMaterials/Substrate/Glints2/dict_0001_0214" 7754
"/Engine/EngineMaterials/Substrate/Glints2/dict_0001_0210" 7755
"/Engine/EngineMaterials/Substrate/Glints2/dict_0001_0213" 7756
"/Engine/EngineMaterials/Substrate/Glints2/dict_0001_0212" 7757
"/Engine/EngineMaterials/Substrate/Glints2/dict_0001_0217" 7758
"../../../Engine/Content/EngineMaterials/Substrate/Glints2/dict_0001_0219.uasset" 7759
"/Engine/EngineMaterials/Substrate/Glints2/dict_0001_0216" 7760
"/Engine/EngineMaterials/Substrate/Glints2/dict_0001_0219" 7761
"../../../Engine/Content/EngineMaterials/Substrate/Glints2/dict_0001_0218.uasset" 7762
"../../../Engine/Content/EngineMaterials/Substrate/Glints2/dict_0001_0116.uasset" 7763
"../../../Engine/Content/EngineMaterials/Substrate/Glints2/dict_0001_0223.uasset" 7764
"../../../Engine/Content/EngineMaterials/Substrate/Glints2/dict_0001_0222.uasset" 7765
"../../../Engine/Content/EngineMaterials/Substrate/Glints2/dict_0001_0224.uasset" 7766
"../../../Engine/Content/EngineMaterials/Substrate/Glints2/dict_0001_0225.uasset" 7767
"../../../Engine/Content/EngineMaterials/Substrate/Glints2/dict_0001_0227.uasset" 7768
"../../../Engine/Content/EngineMaterials/Substrate/Glints2/dict_0001_0229.uasset" 7769
"../../../Engine/Content/EngineMaterials/Substrate/Glints2/dict_0001_0131.uasset" 7770
"../../../Engine/Content/EngineMaterials/Substrate/Glints2/dict_0001_0232.uasset" 7771
"../../../Engine/Content/EngineMaterials/Substrate/Glints2/dict_0001_0233.uasset" 7772
"../../../Engine/Content/EngineMaterials/Substrate/Glints2/dict_0001_0230.uasset" 7773
"/Engine/EngineMaterials/Substrate/Glints2/dict_0001_0116" 7774
"/Engine/EngineMaterials/Substrate/Glints2/dict_0001_0223" 7775
"/Engine/EngineMaterials/Substrate/Glints2/dict_0001_0233" 7776
"../../../Engine/Content/EngineMaterials/Substrate/Glints2/dict_0001_0234.uasset" 7777
"/Engine/EngineMaterials/Substrate/Glints2/dict_0001_0131" 7778
"../../../Engine/Content/EngineMaterials/Substrate/Glints2/dict_0001_0235.uasset" 7779
"/Engine/EngineMaterials/Substrate/Glints2/dict_0001_0218" 7780
"/Engine/EngineMaterials/Substrate/Glints2/dict_0001_0225" 7781
"/Engine/EngineMaterials/Substrate/Glints2/dict_0001_0232" 7782
"/Engine/EngineMaterials/Substrate/Glints2/dict_0001_0224" 7783
"/Engine/EngineMaterials/Substrate/Glints2/dict_0001_0222" 7784
"/Engine/EngineMaterials/Substrate/Glints2/dict_0001_0230" 7785
"/Engine/EngineMaterials/Substrate/Glints2/dict_0001_0229" 7786
"/Engine/EngineMaterials/Substrate/Glints2/dict_0001_0227" 7787
"/Engine/EngineMaterials/Substrate/Glints2/dict_0001_0235" 7788
"/Engine/EngineMaterials/Substrate/Glints2/dict_0001_0234" 7789
"../../../Engine/Content/EngineMaterials/Substrate/Glints2/dict_0001_0236.uasset" 7790
"../../../Engine/Content/EngineMaterials/Substrate/Glints2/dict_0001_0237.uasset" 7791
"../../../Engine/Content/EngineMaterials/Substrate/Glints2/dict_0001_0239.uasset" 7792
"../../../Engine/Content/EngineMaterials/Substrate/Glints2/dict_0001_0132.uasset" 7793
"../../../Engine/Content/EngineMaterials/Substrate/Glints2/dict_0001_0242.uasset" 7794
"/Engine/EngineMaterials/Substrate/Glints2/dict_0001_0236" 7795
"../../../Engine/Content/EngineMaterials/Substrate/Glints2/dict_0001_0241.uasset" 7796
"/Engine/EngineMaterials/Substrate/Glints2/dict_0001_0239" 7797
"/Engine/EngineMaterials/Substrate/Glints2/dict_0001_0237" 7798
"/Engine/EngineMaterials/Substrate/Glints2/dict_0001_0242" 7799
"/Engine/EngineMaterials/Substrate/Glints2/dict_0001_0132" 7800
"/Engine/EngineMaterials/Substrate/Glints2/dict_0001_0241" 7801
"../../../Engine/Content/EngineMaterials/Substrate/Glints2/dict_0001_0244.uasset" 7802
"../../../Engine/Content/EngineMaterials/Substrate/Glints2/dict_0001_0246.uasset" 7803
"../../../Engine/Content/EngineMaterials/Substrate/Glints2/dict_0001_0245.uasset" 7804
"/Engine/EngineMaterials/Substrate/Glints2/dict_0001_0246" 7805
"/Engine/EngineMaterials/Substrate/Glints2/dict_0001_0244" 7806
"/Engine/EngineMaterials/Substrate/Glints2/dict_0001_0245" 7807
"../../../Engine/Content/EngineMaterials/Substrate/Glints2/dict_0001_0240.uasset" 7808
"../../../Engine/Content/EngineMaterials/Substrate/Glints2/dict_0001_0247.uasset" 7809
"../../../Engine/Content/EngineMaterials/Substrate/Glints2/dict_0001_0251.uasset" 7810
"../../../Engine/Content/EngineMaterials/Substrate/Glints2/dict_0001_0249.uasset" 7811
"../../../Engine/Content/EngineMaterials/Substrate/Glints2/dict_0001_0248.uasset" 7812
"../../../Engine/Content/EngineMaterials/Substrate/Glints2/dict_0001_0250.uasset" 7813
"../../../Engine/Content/EngineMaterials/Substrate/Glints2/dict_0001_0253.uasset" 7814
"/Engine/EngineMaterials/Substrate/Glints2/dict_0001_0251" 7815
"../../../Engine/Content/EngineMaterials/Substrate/Glints2/dict_0001_0252.uasset" 7816
"/Engine/EngineMaterials/Substrate/Glints2/dict_0001_0250" 7817
"/Engine/EngineMaterials/Substrate/Glints2/dict_0001_0253" 7818
"/Engine/EngineMaterials/Substrate/Glints2/dict_0001_0249" 7819
"/Engine/EngineMaterials/Substrate/Glints2/dict_0001_0248" 7820
"/Engine/EngineMaterials/Substrate/Glints2/dict_0001_0247" 7821
"/Engine/EngineMaterials/Substrate/Glints2/dict_0001_0240" 7822
"/Engine/EngineMaterials/Substrate/Glints2/dict_0001_0252" 7823
"../../../Engine/Content/EngineMaterials/Substrate/Glints2/dict_0001_0165.uasset" 7824
"../../../Engine/Content/EngineMaterials/Substrate/Glints2/dict_0001_0243.uasset" 7825
"../../../Engine/Content/EngineMaterials/Substrate/Glints2/dict_0001_0255.uasset" 7826
"../../../Engine/Content/EngineMaterials/Substrate/Glints2/dict_0002_0000.uasset" 7827
"../../../Engine/Content/EngineMaterials/Substrate/Glints2/dict_0002_0003.uasset" 7828
"../../../Engine/Content/EngineMaterials/Substrate/Glints2/dict_0001_0254.uasset" 7829
"../../../Engine/Content/EngineMaterials/Substrate/Glints2/dict_0002_0004.uasset" 7830
"../../../Engine/Content/EngineMaterials/Substrate/Glints2/dict_0001_0174.uasset" 7831
"../../../Engine/Content/EngineMaterials/Substrate/Glints2/dict_0002_0002.uasset" 7832
"/Engine/EngineMaterials/Substrate/Glints2/dict_0002_0002" 7833
"/Engine/EngineMaterials/Substrate/Glints2/dict_0001_0165" 7834
"/Engine/EngineMaterials/Substrate/Glints2/dict_0002_0000" 7835
"/Engine/EngineMaterials/Substrate/Glints2/dict_0002_0004" 7836
"/Engine/EngineMaterials/Substrate/Glints2/dict_0001_0243" 7837
"../../../Engine/Content/EngineMaterials/Substrate/Glints2/dict_0001_0181.uasset" 7838
"/Engine/EngineMaterials/Substrate/Glints2/dict_0001_0174" 7839
"../../../Engine/Content/EngineMaterials/Substrate/Glints2/dict_0002_0007.uasset" 7840
"/Engine/EngineMaterials/Substrate/Glints2/dict_0001_0255" 7841
"/Engine/EngineMaterials/Substrate/Glints2/dict_0002_0003" 7842
"/Engine/EngineMaterials/Substrate/Glints2/dict_0001_0254" 7843
"/Engine/EngineMaterials/Substrate/Glints2/dict_0001_0181" 7844
"/Engine/EngineMaterials/Substrate/Glints2/dict_0002_0007" 7845
"../../../Engine/Content/EngineMaterials/Substrate/Glints2/dict_0002_0008.uasset" 7846
"../../../Engine/Content/EngineMaterials/Substrate/Glints2/dict_0002_0005.uasset" 7847
"../../../Engine/Content/EngineMaterials/Substrate/Glints2/dict_0002_0009.uasset" 7848
"../../../Engine/Content/EngineMaterials/Substrate/Glints2/dict_0002_0011.uasset" 7849
"../../../Engine/Content/EngineMaterials/Substrate/Glints2/dict_0002_0010.uasset" 7850
"../../../Engine/Content/EngineMaterials/Substrate/Glints2/dict_0001_0196.uasset" 7851
"../../../Engine/Content/EngineMaterials/Substrate/Glints2/dict_0002_0013.uasset" 7852
"../../../Engine/Content/EngineMaterials/Substrate/Glints2/dict_0002_0012.uasset" 7853
"/Engine/EngineMaterials/Substrate/Glints2/dict_0002_0013" 7854
"../../../Engine/Content/EngineMaterials/Substrate/Glints2/dict_0002_0015.uasset" 7855
"/Engine/EngineMaterials/Substrate/Glints2/dict_0001_0196" 7856
"/Engine/EngineMaterials/Substrate/Glints2/dict_0002_0012" 7857
"../../../Engine/Content/EngineMaterials/Substrate/Glints2/dict_0002_0019.uasset" 7858
"../../../Engine/Content/EngineMaterials/Substrate/Glints2/dict_0002_0018.uasset" 7859
"/Engine/EngineMaterials/Substrate/Glints2/dict_0002_0011" 7860
"/Engine/EngineMaterials/Substrate/Glints2/dict_0002_0010" 7861
"/Engine/EngineMaterials/Substrate/Glints2/dict_0002_0009" 7862
"/Engine/EngineMaterials/Substrate/Glints2/dict_0002_0008" 7863
"/Engine/EngineMaterials/Substrate/Glints2/dict_0002_0005" 7864
"/Engine/EngineMaterials/Substrate/Glints2/dict_0002_0019" 7865
"/Engine/EngineMaterials/Substrate/Glints2/dict_0002_0018" 7866
"/Engine/EngineMaterials/Substrate/Glints2/dict_0002_0015" 7867
"../../../Engine/Content/EngineMaterials/Substrate/Glints2/dict_0002_0016.uasset" 7868
"../../../Engine/Content/EngineMaterials/Substrate/Glints2/dict_0002_0014.uasset" 7869
"../../../Engine/Content/EngineMaterials/Substrate/Glints2/dict_0002_0022.uasset" 7870
"../../../Engine/Content/EngineMaterials/Substrate/Glints2/dict_0002_0017.uasset" 7871
"../../../Engine/Content/EngineMaterials/Substrate/Glints2/dict_0002_0021.uasset" 7872
"../../../Engine/Content/EngineMaterials/Substrate/Glints2/dict_0002_0025.uasset" 7873
"../../../Engine/Content/EngineMaterials/Substrate/Glints2/dict_0002_0024.uasset" 7874
"../../../Engine/Content/EngineMaterials/Substrate/Glints2/dict_0002_0026.uasset" 7875
"/Engine/EngineMaterials/Substrate/Glints2/dict_0002_0014" 7876
"/Engine/EngineMaterials/Substrate/Glints2/dict_0002_0025" 7877
"/Engine/EngineMaterials/Substrate/Glints2/dict_0002_0022" 7878
"/Engine/EngineMaterials/Substrate/Glints2/dict_0002_0026" 7879
"/Engine/EngineMaterials/Substrate/Glints2/dict_0002_0021" 7880
"/Engine/EngineMaterials/Substrate/Glints2/dict_0002_0017" 7881
"/Engine/EngineMaterials/Substrate/Glints2/dict_0002_0016" 7882
"../../../Engine/Content/EngineMaterials/Substrate/Glints2/dict_0002_0027.uasset" 7883
"/Engine/EngineMaterials/Substrate/Glints2/dict_0002_0024" 7884
"/Engine/EngineMaterials/Substrate/Glints2/dict_0002_0027" 7885
"../../../Engine/Content/EngineMaterials/Substrate/Glints2/dict_0002_0028.uasset" 7886
"../../../Engine/Content/EngineMaterials/Substrate/Glints2/dict_0002_0029.uasset" 7887
"../../../Engine/Content/EngineMaterials/Substrate/Glints2/dict_0002_0023.uasset" 7888
"../../../Engine/Content/EngineMaterials/Substrate/Glints2/dict_0002_0034.uasset" 7889
"../../../Engine/Content/EngineMaterials/Substrate/Glints2/dict_0001_0220.uasset" 7890
"../../../Engine/Content/EngineMaterials/Substrate/Glints2/dict_0002_0032.uasset" 7891
"../../../Engine/Content/EngineMaterials/Substrate/Glints2/dict_0002_0033.uasset" 7892
"../../../Engine/Content/EngineMaterials/Substrate/Glints2/dict_0002_0031.uasset" 7893
"../../../Engine/Content/EngineMaterials/Substrate/Glints2/dict_0002_0035.uasset" 7894
"../../../Engine/Content/EngineMaterials/Substrate/Glints2/dict_0002_0030.uasset" 7895
"/Engine/EngineMaterials/Substrate/Glints2/dict_0002_0023" 7896
"/Engine/EngineMaterials/Substrate/Glints2/dict_0002_0033" 7897
"/Engine/EngineMaterials/Substrate/Glints2/dict_0002_0032" 7898
"/Engine/EngineMaterials/Substrate/Glints2/dict_0002_0031" 7899
"/Engine/EngineMaterials/Substrate/Glints2/dict_0002_0029" 7900
"/Engine/EngineMaterials/Substrate/Glints2/dict_0001_0220" 7901
"/Engine/EngineMaterials/Substrate/Glints2/dict_0002_0028" 7902
"/Engine/EngineMaterials/Substrate/Glints2/dict_0002_0035" 7903
"/Engine/EngineMaterials/Substrate/Glints2/dict_0002_0034" 7904
"/Engine/EngineMaterials/Substrate/Glints2/dict_0002_0030" 7905
"../../../Engine/Content/EngineMaterials/Substrate/Glints2/dict_0002_0037.uasset" 7906
"../../../Engine/Content/EngineMaterials/Substrate/Glints2/dict_0002_0042.uasset" 7907
"../../../Engine/Content/EngineMaterials/Substrate/Glints2/dict_0002_0041.uasset" 7908
"../../../Engine/Content/EngineMaterials/Substrate/Glints2/dict_0002_0039.uasset" 7909
"../../../Engine/Content/EngineMaterials/Substrate/Glints2/dict_0002_0038.uasset" 7910
"../../../Engine/Content/EngineMaterials/Substrate/Glints2/dict_0002_0044.uasset" 7911
"../../../Engine/Content/EngineMaterials/Substrate/Glints2/dict_0002_0043.uasset" 7912
"../../../Engine/Content/EngineMaterials/Substrate/Glints2/dict_0001_0203.uasset" 7913
"../../../Engine/Content/EngineMaterials/Substrate/Glints2/dict_0002_0047.uasset" 7914
"../../../Engine/Content/EngineMaterials/Substrate/Glints2/dict_0002_0046.uasset" 7915
"../../../Engine/Content/EngineMaterials/Substrate/Glints2/dict_0002_0048.uasset" 7916
"../../../Engine/Content/EngineMaterials/Substrate/Glints2/dict_0002_0036.uasset" 7917
"/Engine/EngineMaterials/Substrate/Glints2/dict_0002_0044" 7918
"../../../Engine/Content/EngineMaterials/Substrate/Glints2/dict_0002_0049.uasset" 7919
"/Engine/EngineMaterials/Substrate/Glints2/dict_0002_0043" 7920
"/Engine/EngineMaterials/Substrate/Glints2/dict_0002_0042" 7921
"/Engine/EngineMaterials/Substrate/Glints2/dict_0002_0048" 7922
"/Engine/EngineMaterials/Substrate/Glints2/dict_0002_0041" 7923
"/Engine/EngineMaterials/Substrate/Glints2/dict_0002_0036" 7924
"../../../Engine/Content/EngineMaterials/Substrate/Glints2/dict_0002_0045.uasset" 7925
"/Engine/EngineMaterials/Substrate/Glints2/dict_0002_0047" 7926
"/Engine/EngineMaterials/Substrate/Glints2/dict_0002_0039" 7927
"../../../Engine/Content/EngineMaterials/Substrate/Glints2/dict_0002_0051.uasset" 7928
"/Engine/EngineMaterials/Substrate/Glints2/dict_0002_0038" 7929
"/Engine/EngineMaterials/Substrate/Glints2/dict_0001_0203" 7930
"/Engine/EngineMaterials/Substrate/Glints2/dict_0002_0046" 7931
"/Engine/EngineMaterials/Substrate/Glints2/dict_0002_0037" 7932
"/Engine/EngineMaterials/Substrate/Glints2/dict_0002_0051" 7933
"../../../Engine/Content/EngineMaterials/Substrate/Glints2/dict_0002_0050.uasset" 7934
"/Engine/EngineMaterials/Substrate/Glints2/dict_0002_0049" 7935
"/Engine/EngineMaterials/Substrate/Glints2/dict_0002_0045" 7936
"/Engine/EngineMaterials/Substrate/Glints2/dict_0002_0050" 7937
"../../../Engine/Content/EngineMaterials/Substrate/Glints2/dict_0002_0052.uasset" 7938
"../../../Engine/Content/EngineMaterials/Substrate/Glints2/dict_0002_0054.uasset" 7939
"../../../Engine/Content/EngineMaterials/Substrate/Glints2/dict_0002_0055.uasset" 7940
"../../../Engine/Content/EngineMaterials/Substrate/Glints2/dict_0001_0228.uasset" 7941
"../../../Engine/Content/EngineMaterials/Substrate/Glints2/dict_0001_0226.uasset" 7942
"../../../Engine/Content/EngineMaterials/Substrate/Glints2/dict_0002_0059.uasset" 7943
"../../../Engine/Content/EngineMaterials/Substrate/Glints2/dict_0002_0057.uasset" 7944
"../../../Engine/Content/EngineMaterials/Substrate/Glints2/dict_0002_0056.uasset" 7945
"../../../Engine/Content/EngineMaterials/Substrate/Glints2/dict_0001_0231.uasset" 7946
"../../../Engine/Content/EngineMaterials/Substrate/Glints2/dict_0001_0142.uasset" 7947
"../../../Engine/Content/EngineMaterials/Substrate/Glints2/dict_0002_0058.uasset" 7948
"/Engine/EngineMaterials/Substrate/Glints2/dict_0002_0054" 7949
"/Engine/EngineMaterials/Substrate/Glints2/dict_0002_0052" 7950
"/Engine/EngineMaterials/Substrate/Glints2/dict_0001_0142" 7951
"../../../Engine/Content/EngineMaterials/Substrate/Glints2/dict_0002_0063.uasset" 7952
"/Engine/EngineMaterials/Substrate/Glints2/dict_0002_0055" 7953
"/Engine/EngineMaterials/Substrate/Glints2/dict_0001_0231" 7954
"/Engine/EngineMaterials/Substrate/Glints2/dict_0002_0059" 7955
"../../../Engine/Content/EngineMaterials/Substrate/Glints2/dict_0002_0064.uasset" 7956
"/Engine/EngineMaterials/Substrate/Glints2/dict_0001_0228" 7957
"/Engine/EngineMaterials/Substrate/Glints2/dict_0002_0058" 7958
"/Engine/EngineMaterials/Substrate/Glints2/dict_0002_0057" 7959
"/Engine/EngineMaterials/Substrate/Glints2/dict_0002_0056" 7960
"/Engine/EngineMaterials/Substrate/Glints2/dict_0001_0226" 7961
"../../../Engine/Content/EngineMaterials/Substrate/Glints2/dict_0002_0060.uasset" 7962
"../../../Engine/Content/EngineMaterials/Substrate/Glints2/dict_0002_0062.uasset" 7963
"/Engine/EngineMaterials/Substrate/Glints2/dict_0002_0064" 7964
"/Engine/EngineMaterials/Substrate/Glints2/dict_0002_0063" 7965
"/Engine/EngineMaterials/Substrate/Glints2/dict_0002_0062" 7966
"/Engine/EngineMaterials/Substrate/Glints2/dict_0002_0060" 7967
"../../../Engine/Content/EngineMaterials/Substrate/Glints2/dict_0002_0069.uasset" 7968
"../../../Engine/Content/EngineMaterials/Substrate/Glints2/dict_0002_0068.uasset" 7969
"../../../Engine/Content/EngineMaterials/Substrate/Glints2/dict_0002_0067.uasset" 7970
"../../../Engine/Content/EngineMaterials/Substrate/Glints2/dict_0001_0238.uasset" 7971
"../../../Engine/Content/EngineMaterials/Substrate/Glints2/dict_0002_0065.uasset" 7972
"../../../Engine/Content/EngineMaterials/Substrate/Glints2/dict_0002_0066.uasset" 7973
"../../../Engine/Content/EngineMaterials/Substrate/Glints2/dict_0002_0074.uasset" 7974
"../../../Engine/Content/EngineMaterials/Substrate/Glints2/dict_0002_0073.uasset" 7975
"../../../Engine/Content/EngineMaterials/Substrate/Glints2/dict_0002_0072.uasset" 7976
"../../../Engine/Content/EngineMaterials/Substrate/Glints2/dict_0002_0075.uasset" 7977
"/Engine/EngineMaterials/Substrate/Glints2/dict_0002_0067" 7978
"/Engine/EngineMaterials/Substrate/Glints2/dict_0002_0066" 7979
"../../../Engine/Content/EngineMaterials/Substrate/Glints2/dict_0002_0077.uasset" 7980
"/Engine/EngineMaterials/Substrate/Glints2/dict_0002_0065" 7981
"/Engine/EngineMaterials/Substrate/Glints2/dict_0002_0069" 7982
"../../../Engine/Content/EngineMaterials/Substrate/Glints2/dict_0002_0078.uasset" 7983
"../../../Engine/Content/EngineMaterials/Substrate/Glints2/dict_0002_0079.uasset" 7984
"/Engine/EngineMaterials/Substrate/Glints2/dict_0002_0068" 7985
"../../../Engine/Content/EngineMaterials/Substrate/Glints2/dict_0002_0076.uasset" 7986
"/Engine/EngineMaterials/Substrate/Glints2/dict_0001_0238" 7987
"../../../Engine/Content/EngineMaterials/Substrate/Glints2/dict_0002_0081.uasset" 7988
"/Engine/EngineMaterials/Substrate/Glints2/dict_0002_0075" 7989
"/Engine/EngineMaterials/Substrate/Glints2/dict_0002_0074" 7990
"/Engine/EngineMaterials/Substrate/Glints2/dict_0002_0073" 7991
"/Engine/EngineMaterials/Substrate/Glints2/dict_0002_0072" 7992
"/Engine/EngineMaterials/Substrate/Glints2/dict_0002_0081" 7993
"/Engine/EngineMaterials/Substrate/Glints2/dict_0002_0079" 7994
"/Engine/EngineMaterials/Substrate/Glints2/dict_0002_0078" 7995
"/Engine/EngineMaterials/Substrate/Glints2/dict_0002_0077" 7996
"../../../Engine/Content/EngineMaterials/Substrate/Glints2/dict_0002_0080.uasset" 7997
"/Engine/EngineMaterials/Substrate/Glints2/dict_0002_0076" 7998
"/Engine/EngineMaterials/Substrate/Glints2/dict_0002_0080" 7999
"../../../Engine/Content/EngineMaterials/Substrate/Glints2/dict_0002_0084.uasset" 8000
"../../../Engine/Content/EngineMaterials/Substrate/Glints2/dict_0002_0083.uasset" 8001
"../../../Engine/Content/EngineMaterials/Substrate/Glints2/dict_0002_0085.uasset" 8002
"../../../Engine/Content/EngineMaterials/Substrate/Glints2/dict_0002_0086.uasset" 8003
"../../../Engine/Content/EngineMaterials/Substrate/Glints2/dict_0002_0087.uasset" 8004
"../../../Engine/Content/EngineMaterials/Substrate/Glints2/dict_0001_0143.uasset" 8005
"../../../Engine/Content/EngineMaterials/Substrate/Glints2/dict_0002_0089.uasset" 8006
"../../../Engine/Content/EngineMaterials/Substrate/Glints2/dict_0002_0088.uasset" 8007
"../../../Engine/Content/EngineMaterials/Substrate/Glints2/dict_0002_0090.uasset" 8008
"../../../Engine/Content/EngineMaterials/Substrate/Glints2/dict_0002_0082.uasset" 8009
"/Engine/EngineMaterials/Substrate/Glints2/dict_0002_0082" 8010
"../../../Engine/Content/EngineMaterials/Substrate/Glints2/dict_0002_0093.uasset" 8011
"../../../Engine/Content/EngineMaterials/Substrate/Glints2/dict_0002_0094.uasset" 8012
"../../../Engine/Content/EngineMaterials/Substrate/Glints2/dict_0002_0092.uasset" 8013
"/Engine/EngineMaterials/Substrate/Glints2/dict_0001_0143" 8014
"/Engine/EngineMaterials/Substrate/Glints2/dict_0002_0086" 8015
"/Engine/EngineMaterials/Substrate/Glints2/dict_0002_0085" 8016
"/Engine/EngineMaterials/Substrate/Glints2/dict_0002_0084" 8017
"/Engine/EngineMaterials/Substrate/Glints2/dict_0002_0083" 8018
"/Engine/EngineMaterials/Substrate/Glints2/dict_0002_0090" 8019
"/Engine/EngineMaterials/Substrate/Glints2/dict_0002_0089" 8020
"/Engine/EngineMaterials/Substrate/Glints2/dict_0002_0088" 8021
"/Engine/EngineMaterials/Substrate/Glints2/dict_0002_0087" 8022
"/Engine/EngineMaterials/Substrate/Glints2/dict_0002_0094" 8023
"/Engine/EngineMaterials/Substrate/Glints2/dict_0002_0093" 8024
"/Engine/EngineMaterials/Substrate/Glints2/dict_0002_0092" 8025
"../../../Engine/Content/EngineMaterials/Substrate/Glints2/dict_0002_0095.uasset" 8026
"../../../Engine/Content/EngineMaterials/Substrate/Glints2/dict_0002_0099.uasset" 8027
"../../../Engine/Content/EngineMaterials/Substrate/Glints2/dict_0002_0101.uasset" 8028
"../../../Engine/Content/EngineMaterials/Substrate/Glints2/dict_0002_0097.uasset" 8029
"../../../Engine/Content/EngineMaterials/Substrate/Glints2/dict_0002_0104.uasset" 8030
"../../../Engine/Content/EngineMaterials/Substrate/Glints2/dict_0002_0100.uasset" 8031
"../../../Engine/Content/EngineMaterials/Substrate/Glints2/dict_0002_0103.uasset" 8032
"../../../Engine/Content/EngineMaterials/Substrate/Glints2/dict_0002_0105.uasset" 8033
"/Engine/EngineMaterials/Substrate/Glints2/dict_0002_0101" 8034
"/Engine/EngineMaterials/Substrate/Glints2/dict_0002_0100" 8035
"/Engine/EngineMaterials/Substrate/Glints2/dict_0002_0095" 8036
"/Engine/EngineMaterials/Substrate/Glints2/dict_0002_0099" 8037
"../../../Engine/Content/EngineMaterials/Substrate/Glints2/dict_0002_0107.uasset" 8038
"../../../Engine/Content/EngineMaterials/Substrate/Glints2/dict_0002_0106.uasset" 8039
"/Engine/EngineMaterials/Substrate/Glints2/dict_0002_0097" 8040
"/Engine/EngineMaterials/Substrate/Glints2/dict_0002_0105" 8041
"/Engine/EngineMaterials/Substrate/Glints2/dict_0002_0104" 8042
"/Engine/EngineMaterials/Substrate/Glints2/dict_0002_0103" 8043
"/Engine/EngineMaterials/Substrate/Glints2/dict_0002_0107" 8044
"../../../Engine/Content/EngineMaterials/Substrate/Glints2/dict_0002_0098.uasset" 8045
"/Engine/EngineMaterials/Substrate/Glints2/dict_0002_0106" 8046
"/Engine/EngineMaterials/Substrate/Glints2/dict_0002_0098" 8047
"../../../Engine/Content/EngineMaterials/Substrate/Glints2/dict_0002_0108.uasset" 8048
"../../../Engine/Content/EngineMaterials/Substrate/Glints2/dict_0002_0102.uasset" 8049
"../../../Engine/Content/EngineMaterials/Substrate/Glints2/dict_0002_0113.uasset" 8050
"../../../Engine/Content/EngineMaterials/Substrate/Glints2/dict_0002_0112.uasset" 8051
"../../../Engine/Content/EngineMaterials/Substrate/Glints2/dict_0002_0111.uasset" 8052
"../../../Engine/Content/EngineMaterials/Substrate/Glints2/dict_0002_0110.uasset" 8053
"../../../Engine/Content/EngineMaterials/Substrate/Glints2/dict_0002_0115.uasset" 8054
"../../../Engine/Content/EngineMaterials/Substrate/Glints2/dict_0002_0114.uasset" 8055
"../../../Engine/Content/EngineMaterials/Substrate/Glints2/dict_0002_0117.uasset" 8056
"/Engine/EngineMaterials/Substrate/Glints2/dict_0002_0112" 8057
"/Engine/EngineMaterials/Substrate/Glints2/dict_0002_0111" 8058
"/Engine/EngineMaterials/Substrate/Glints2/dict_0002_0102" 8059
"../../../Engine/Content/EngineMaterials/Substrate/Glints2/dict_0001_0168.uasset" 8060
"/Engine/EngineMaterials/Substrate/Glints2/dict_0002_0115" 8061
"/Engine/EngineMaterials/Substrate/Glints2/dict_0002_0114" 8062
"/Engine/EngineMaterials/Substrate/Glints2/dict_0002_0110" 8063
"/Engine/EngineMaterials/Substrate/Glints2/dict_0002_0113" 8064
"/Engine/EngineMaterials/Substrate/Glints2/dict_0002_0108" 8065
"/Engine/EngineMaterials/Substrate/Glints2/dict_0002_0117" 8066
"../../../Engine/Content/EngineMaterials/Substrate/Glints2/dict_0002_0119.uasset" 8067
"/Engine/EngineMaterials/Substrate/Glints2/dict_0001_0168" 8068
"/Engine/EngineMaterials/Substrate/Glints2/dict_0002_0119" 8069
"../../../Engine/Content/EngineMaterials/Substrate/Glints2/dict_0002_0123.uasset" 8070
"../../../Engine/Content/EngineMaterials/Substrate/Glints2/dict_0002_0124.uasset" 8071
"../../../Engine/Content/EngineMaterials/Substrate/Glints2/dict_0002_0121.uasset" 8072
"../../../Engine/Content/EngineMaterials/Substrate/Glints2/dict_0002_0120.uasset" 8073
"../../../Engine/Content/EngineMaterials/Substrate/Glints2/dict_0002_0125.uasset" 8074
"/Engine/EngineMaterials/Substrate/Glints2/dict_0002_0123" 8075
"../../../Engine/Content/EngineMaterials/Substrate/Glints2/dict_0002_0128.uasset" 8076
"../../../Engine/Content/EngineMaterials/Substrate/Glints2/dict_0002_0130.uasset" 8077
"../../../Engine/Content/EngineMaterials/Substrate/Glints2/dict_0002_0129.uasset" 8078
"../../../Engine/Content/EngineMaterials/Substrate/Glints2/dict_0002_0127.uasset" 8079
"/Engine/EngineMaterials/Substrate/Glints2/dict_0002_0121" 8080
"/Engine/EngineMaterials/Substrate/Glints2/dict_0002_0120" 8081
"/Engine/EngineMaterials/Substrate/Glints2/dict_0002_0125" 8082
"/Engine/EngineMaterials/Substrate/Glints2/dict_0002_0124" 8083
"/Engine/EngineMaterials/Substrate/Glints2/dict_0002_0130" 8084
"/Engine/EngineMaterials/Substrate/Glints2/dict_0002_0129" 8085
"/Engine/EngineMaterials/Substrate/Glints2/dict_0002_0128" 8086
"/Engine/EngineMaterials/Substrate/Glints2/dict_0002_0127" 8087
"../../../Engine/Content/EngineMaterials/Substrate/Glints2/dict_0002_0132.uasset" 8088
"../../../Engine/Content/EngineMaterials/Substrate/Glints2/dict_0002_0131.uasset" 8089
"../../../Engine/Content/EngineMaterials/Substrate/Glints2/dict_0002_0135.uasset" 8090
"../../../Engine/Content/EngineMaterials/Substrate/Glints2/dict_0002_0133.uasset" 8091
"../../../Engine/Content/EngineMaterials/Substrate/Glints2/dict_0002_0136.uasset" 8092
"../../../Engine/Content/EngineMaterials/Substrate/Glints2/dict_0002_0134.uasset" 8093
"/Engine/EngineMaterials/Substrate/Glints2/dict_0002_0135" 8094
"/Engine/EngineMaterials/Substrate/Glints2/dict_0002_0136" 8095
"../../../Engine/Content/EngineMaterials/Substrate/Glints2/dict_0002_0001.uasset" 8096
"../../../Engine/Content/EngineMaterials/Substrate/Glints2/dict_0002_0096.uasset" 8097
"/Engine/EngineMaterials/Substrate/Glints2/dict_0002_0134" 8098
"../../../Engine/Content/EngineMaterials/Substrate/Glints2/dict_0002_0137.uasset" 8099
"/Engine/EngineMaterials/Substrate/Glints2/dict_0002_0133" 8100
"/Engine/EngineMaterials/Substrate/Glints2/dict_0002_0132" 8101
"../../../Engine/Content/EngineMaterials/Substrate/Glints2/dict_0002_0138.uasset" 8102
"/Engine/EngineMaterials/Substrate/Glints2/dict_0002_0131" 8103
"/Engine/EngineMaterials/Substrate/Glints2/dict_0002_0096" 8104
"/Engine/EngineMaterials/Substrate/Glints2/dict_0002_0001" 8105
"/Engine/EngineMaterials/Substrate/Glints2/dict_0002_0137" 8106
"/Engine/EngineMaterials/Substrate/Glints2/dict_0002_0138" 8107
"../../../Engine/Content/EngineMaterials/Substrate/Glints2/dict_0002_0140.uasset" 8108
"../../../Engine/Content/EngineMaterials/Substrate/Glints2/dict_0002_0139.uasset" 8109
"../../../Engine/Content/EngineMaterials/Substrate/Glints2/dict_0002_0141.uasset" 8110
"../../../Engine/Content/EngineMaterials/Substrate/Glints2/dict_0002_0142.uasset" 8111
"../../../Engine/Content/EngineMaterials/Substrate/Glints2/dict_0002_0143.uasset" 8112
"../../../Engine/Content/EngineMaterials/Substrate/Glints2/dict_0002_0145.uasset" 8113
"../../../Engine/Content/EngineMaterials/Substrate/Glints2/dict_0002_0146.uasset" 8114
"../../../Engine/Content/EngineMaterials/Substrate/Glints2/dict_0002_0144.uasset" 8115
"../../../Engine/Content/EngineMaterials/Substrate/Glints2/dict_0002_0006.uasset" 8116
"/Engine/EngineMaterials/Substrate/Glints2/dict_0002_0142" 8117
"../../../Engine/Content/EngineMaterials/Substrate/Glints2/dict_0002_0148.uasset" 8118
"../../../Engine/Content/EngineMaterials/Substrate/Glints2/dict_0002_0149.uasset" 8119
"/Engine/EngineMaterials/Substrate/Glints2/dict_0002_0141" 8120
"../../../Engine/Content/EngineMaterials/Substrate/Glints2/dict_0002_0020.uasset" 8121
"/Engine/EngineMaterials/Substrate/Glints2/dict_0002_0146" 8122
"/Engine/EngineMaterials/Substrate/Glints2/dict_0002_0145" 8123
"/Engine/EngineMaterials/Substrate/Glints2/dict_0002_0006" 8124
"/Engine/EngineMaterials/Substrate/Glints2/dict_0002_0140" 8125
"/Engine/EngineMaterials/Substrate/Glints2/dict_0002_0144" 8126
"/Engine/EngineMaterials/Substrate/Glints2/dict_0002_0139" 8127
"/Engine/EngineMaterials/Substrate/Glints2/dict_0002_0143" 8128
"/Engine/EngineMaterials/Substrate/Glints2/dict_0002_0149" 8129
"/Engine/EngineMaterials/Substrate/Glints2/dict_0002_0148" 8130
"/Engine/EngineMaterials/Substrate/Glints2/dict_0002_0020" 8131
"../../../Engine/Content/EngineMaterials/Substrate/Glints2/dict_0002_0150.uasset" 8132
"../../../Engine/Content/EngineMaterials/Substrate/Glints2/dict_0002_0152.uasset" 8133
"../../../Engine/Content/EngineMaterials/Substrate/Glints2/dict_0002_0153.uasset" 8134
"../../../Engine/Content/EngineMaterials/Substrate/Glints2/dict_0002_0151.uasset" 8135
"../../../Engine/Content/EngineMaterials/Substrate/Glints2/dict_0002_0156.uasset" 8136
"../../../Engine/Content/EngineMaterials/Substrate/Glints2/dict_0002_0147.uasset" 8137
"../../../Engine/Content/EngineMaterials/Substrate/Glints2/dict_0002_0154.uasset" 8138
"../../../Engine/Content/EngineMaterials/Substrate/Glints2/dict_0002_0155.uasset" 8139
"/Engine/EngineMaterials/Substrate/Glints2/dict_0002_0152" 8140
"../../../Engine/Content/EngineMaterials/Substrate/Glints2/dict_0002_0159.uasset" 8141
"/Engine/EngineMaterials/Substrate/Glints2/dict_0002_0151" 8142
"../../../Engine/Content/EngineMaterials/Substrate/Glints2/dict_0002_0158.uasset" 8143
"/Engine/EngineMaterials/Substrate/Glints2/dict_0002_0150" 8144
"/Engine/EngineMaterials/Substrate/Glints2/dict_0002_0156" 8145
"/Engine/EngineMaterials/Substrate/Glints2/dict_0002_0147" 8146
"/Engine/EngineMaterials/Substrate/Glints2/dict_0002_0155" 8147
"/Engine/EngineMaterials/Substrate/Glints2/dict_0002_0154" 8148
"/Engine/EngineMaterials/Substrate/Glints2/dict_0002_0153" 8149
"/Engine/EngineMaterials/Substrate/Glints2/dict_0002_0159" 8150
"/Engine/EngineMaterials/Substrate/Glints2/dict_0002_0158" 8151
"../../../Engine/Content/EngineMaterials/Substrate/Glints2/dict_0002_0160.uasset" 8152
"../../../Engine/Content/EngineMaterials/Substrate/Glints2/dict_0002_0161.uasset" 8153
"../../../Engine/Content/EngineMaterials/Substrate/Glints2/dict_0002_0162.uasset" 8154
"../../../Engine/Content/EngineMaterials/Substrate/Glints2/dict_0002_0164.uasset" 8155
"../../../Engine/Content/EngineMaterials/Substrate/Glints2/dict_0002_0163.uasset" 8156
"../../../Engine/Content/EngineMaterials/Substrate/Glints2/dict_0002_0167.uasset" 8157
"../../../Engine/Content/EngineMaterials/Substrate/Glints2/dict_0002_0165.uasset" 8158
"../../../Engine/Content/EngineMaterials/Substrate/Glints2/dict_0002_0168.uasset" 8159
"../../../Engine/Content/EngineMaterials/Substrate/Glints2/dict_0002_0166.uasset" 8160
"/Engine/EngineMaterials/Substrate/Glints2/dict_0002_0165" 8161
"/Engine/EngineMaterials/Substrate/Glints2/dict_0002_0168" 8162
"../../../Engine/Content/EngineMaterials/Substrate/Glints2/dict_0002_0171.uasset" 8163
"/Engine/EngineMaterials/Substrate/Glints2/dict_0002_0164" 8164
"/Engine/EngineMaterials/Substrate/Glints2/dict_0002_0167" 8165
"/Engine/EngineMaterials/Substrate/Glints2/dict_0002_0163" 8166
"../../../Engine/Content/EngineMaterials/Substrate/Glints2/dict_0002_0169.uasset" 8167
"/Engine/EngineMaterials/Substrate/Glints2/dict_0002_0162" 8168
"../../../Engine/Content/EngineMaterials/Substrate/Glints2/dict_0002_0170.uasset" 8169
"/Engine/EngineMaterials/Substrate/Glints2/dict_0002_0161" 8170
"/Engine/EngineMaterials/Substrate/Glints2/dict_0002_0166" 8171
"/Engine/EngineMaterials/Substrate/Glints2/dict_0002_0160" 8172
"/Engine/EngineMaterials/Substrate/Glints2/dict_0002_0171" 8173
"/Engine/EngineMaterials/Substrate/Glints2/dict_0002_0170" 8174
"/Engine/EngineMaterials/Substrate/Glints2/dict_0002_0169" 8175
"../../../Engine/Content/EngineMaterials/Substrate/Glints2/dict_0002_0172.uasset" 8176
"../../../Engine/Content/EngineMaterials/Substrate/Glints2/dict_0002_0173.uasset" 8177
"../../../Engine/Content/EngineMaterials/Substrate/Glints2/dict_0002_0174.uasset" 8178
"../../../Engine/Content/EngineMaterials/Substrate/Glints2/dict_0002_0176.uasset" 8179
"../../../Engine/Content/EngineMaterials/Substrate/Glints2/dict_0002_0175.uasset" 8180
"../../../Engine/Content/EngineMaterials/Substrate/Glints2/dict_0002_0178.uasset" 8181
"../../../Engine/Content/EngineMaterials/Substrate/Glints2/dict_0002_0179.uasset" 8182
"../../../Engine/Content/EngineMaterials/Substrate/Glints2/dict_0002_0177.uasset" 8183
"../../../Engine/Content/EngineMaterials/Substrate/Glints2/dict_0002_0180.uasset" 8184
"../../../Engine/Content/EngineMaterials/Substrate/Glints2/dict_0002_0182.uasset" 8185
"../../../Engine/Content/EngineMaterials/Substrate/Glints2/dict_0002_0181.uasset" 8186
"/Engine/EngineMaterials/Substrate/Glints2/dict_0002_0176" 8187
"/Engine/EngineMaterials/Substrate/Glints2/dict_0002_0175" 8188
"/Engine/EngineMaterials/Substrate/Glints2/dict_0002_0174" 8189
"/Engine/EngineMaterials/Substrate/Glints2/dict_0002_0173" 8190
"/Engine/EngineMaterials/Substrate/Glints2/dict_0002_0172" 8191
"/Engine/EngineMaterials/Substrate/Glints2/dict_0002_0182" 8192
"/Engine/EngineMaterials/Substrate/Glints2/dict_0002_0181" 8193
"/Engine/EngineMaterials/Substrate/Glints2/dict_0002_0180" 8194
"/Engine/EngineMaterials/Substrate/Glints2/dict_0002_0179" 8195
"/Engine/EngineMaterials/Substrate/Glints2/dict_0002_0178" 8196
"/Engine/EngineMaterials/Substrate/Glints2/dict_0002_0177" 8197
"../../../Engine/Content/EngineMaterials/Substrate/Glints2/dict_0002_0183.uasset" 8198
"../../../Engine/Content/EngineMaterials/Substrate/Glints2/dict_0002_0186.uasset" 8199
"../../../Engine/Content/EngineMaterials/Substrate/Glints2/dict_0001_0221.uasset" 8200
"../../../Engine/Content/EngineMaterials/Substrate/Glints2/dict_0002_0187.uasset" 8201
"../../../Engine/Content/EngineMaterials/Substrate/Glints2/dict_0002_0189.uasset" 8202
"../../../Engine/Content/EngineMaterials/Substrate/Glints2/dict_0002_0190.uasset" 8203
"../../../Engine/Content/EngineMaterials/Substrate/Glints2/dict_0002_0157.uasset" 8204
"/Engine/EngineMaterials/Substrate/Glints2/dict_0001_0221" 8205
"../../../Engine/Content/EngineMaterials/Substrate/Glints2/dict_0002_0191.uasset" 8206
"/Engine/EngineMaterials/Substrate/Glints2/dict_0002_0187" 8207
"../../../Engine/Content/EngineMaterials/Substrate/Glints2/dict_0002_0122.uasset" 8208
"/Engine/EngineMaterials/Substrate/Glints2/dict_0002_0186" 8209
"/Engine/EngineMaterials/Substrate/Glints2/dict_0002_0183" 8210
"../../../Engine/Content/EngineMaterials/Substrate/Glints2/dict_0002_0194.uasset" 8211
"../../../Engine/Content/EngineMaterials/Substrate/Glints2/dict_0002_0192.uasset" 8212
"/Engine/EngineMaterials/Substrate/Glints2/dict_0002_0190" 8213
"../../../Engine/Content/EngineMaterials/Substrate/Glints2/dict_0002_0195.uasset" 8214
"/Engine/EngineMaterials/Substrate/Glints2/dict_0002_0189" 8215
"/Engine/EngineMaterials/Substrate/Glints2/dict_0002_0157" 8216
"/Engine/EngineMaterials/Substrate/Glints2/dict_0002_0122" 8217
"../../../Engine/Content/EngineMaterials/Substrate/Glints2/dict_0002_0193.uasset" 8218
"/Engine/EngineMaterials/Substrate/Glints2/dict_0002_0195" 8219
"/Engine/EngineMaterials/Substrate/Glints2/dict_0002_0194" 8220
"/Engine/EngineMaterials/Substrate/Glints2/dict_0002_0192" 8221
"../../../Engine/Content/EngineMaterials/Substrate/Glints2/dict_0002_0196.uasset" 8222
"/Engine/EngineMaterials/Substrate/Glints2/dict_0002_0191" 8223
"/Engine/EngineMaterials/Substrate/Glints2/dict_0002_0196" 8224
"../../../Engine/Content/EngineMaterials/Substrate/Glints2/dict_0002_0184.uasset" 8225
"/Engine/EngineMaterials/Substrate/Glints2/dict_0002_0193" 8226
"../../../Engine/Content/EngineMaterials/Substrate/Glints2/dict_0002_0197.uasset" 8227
"/Engine/EngineMaterials/Substrate/Glints2/dict_0002_0184" 8228
"/Engine/EngineMaterials/Substrate/Glints2/dict_0002_0197" 8229
"../../../Engine/Content/EngineMaterials/Substrate/Glints2/dict_0002_0199.uasset" 8230
"../../../Engine/Content/EngineMaterials/Substrate/Glints2/dict_0002_0201.uasset" 8231
"../../../Engine/Content/EngineMaterials/Substrate/Glints2/dict_0002_0202.uasset" 8232
"../../../Engine/Content/EngineMaterials/Substrate/Glints2/dict_0002_0205.uasset" 8233
"../../../Engine/Content/EngineMaterials/Substrate/Glints2/dict_0002_0203.uasset" 8234
"/Engine/EngineMaterials/Substrate/Glints2/dict_0002_0201" 8235
"../../../Engine/Content/EngineMaterials/Substrate/Glints2/dict_0002_0207.uasset" 8236
"../../../Engine/Content/EngineMaterials/Substrate/Glints2/dict_0002_0208.uasset" 8237
"../../../Engine/Content/EngineMaterials/Substrate/Glints2/dict_0002_0206.uasset" 8238
"/Engine/EngineMaterials/Substrate/Glints2/dict_0002_0199" 8239
"/Engine/EngineMaterials/Substrate/Glints2/dict_0002_0205" 8240
"/Engine/EngineMaterials/Substrate/Glints2/dict_0002_0203" 8241
"/Engine/EngineMaterials/Substrate/Glints2/dict_0002_0202" 8242
"/Engine/EngineMaterials/Substrate/Glints2/dict_0002_0208" 8243
"/Engine/EngineMaterials/Substrate/Glints2/dict_0002_0207" 8244
"/Engine/EngineMaterials/Substrate/Glints2/dict_0002_0206" 8245
"../../../Engine/Content/EngineMaterials/Substrate/Glints2/dict_0002_0209.uasset" 8246
"../../../Engine/Content/EngineMaterials/Substrate/Glints2/dict_0002_0198.uasset" 8247
"../../../Engine/Content/EngineMaterials/Substrate/Glints2/dict_0002_0210.uasset" 8248
"../../../Engine/Content/EngineMaterials/Substrate/Glints2/dict_0002_0212.uasset" 8249
"../../../Engine/Content/EngineMaterials/Substrate/Glints2/dict_0002_0211.uasset" 8250
"../../../Engine/Content/EngineMaterials/Substrate/Glints2/dict_0002_0215.uasset" 8251
"../../../Engine/Content/EngineMaterials/Substrate/Glints2/dict_0002_0214.uasset" 8252
"../../../Engine/Content/EngineMaterials/Substrate/Glints2/dict_0002_0200.uasset" 8253
"../../../Engine/Content/EngineMaterials/Substrate/Glints2/dict_0002_0185.uasset" 8254
"/Engine/EngineMaterials/Substrate/Glints2/dict_0002_0200" 8255
"../../../Engine/Content/EngineMaterials/Substrate/Glints2/dict_0002_0216.uasset" 8256
"/Engine/EngineMaterials/Substrate/Glints2/dict_0002_0198" 8257
"/Engine/EngineMaterials/Substrate/Glints2/dict_0002_0215" 8258
"/Engine/EngineMaterials/Substrate/Glints2/dict_0002_0212" 8259
"/Engine/EngineMaterials/Substrate/Glints2/dict_0002_0211" 8260
"/Engine/EngineMaterials/Substrate/Glints2/dict_0002_0214" 8261
"/Engine/EngineMaterials/Substrate/Glints2/dict_0002_0210" 8262
"/Engine/EngineMaterials/Substrate/Glints2/dict_0002_0209" 8263
"../../../Engine/Content/EngineMaterials/Substrate/Glints2/dict_0002_0219.uasset" 8264
"/Engine/EngineMaterials/Substrate/Glints2/dict_0002_0185" 8265
"/Engine/EngineMaterials/Substrate/Glints2/dict_0002_0216" 8266
"/Engine/EngineMaterials/Substrate/Glints2/dict_0002_0219" 8267
"../../../Engine/Content/EngineMaterials/Substrate/Glints2/dict_0002_0218.uasset" 8268
"../../../Engine/Content/EngineMaterials/Substrate/Glints2/dict_0002_0213.uasset" 8269
"../../../Engine/Content/EngineMaterials/Substrate/Glints2/dict_0002_0061.uasset" 8270
"../../../Engine/Content/EngineMaterials/Substrate/Glints2/dict_0002_0220.uasset" 8271
"../../../Engine/Content/EngineMaterials/Substrate/Glints2/dict_0002_0071.uasset" 8272
"../../../Engine/Content/EngineMaterials/Substrate/Glints2/dict_0002_0221.uasset" 8273
"../../../Engine/Content/EngineMaterials/Substrate/Glints2/dict_0002_0225.uasset" 8274
"/Engine/EngineMaterials/Substrate/Glints2/dict_0002_0225" 8275
"/Engine/EngineMaterials/Substrate/Glints2/dict_0002_0221" 8276
"../../../Engine/Content/EngineMaterials/Substrate/Glints2/dict_0002_0222.uasset" 8277
"/Engine/EngineMaterials/Substrate/Glints2/dict_0002_0213" 8278
"/Engine/EngineMaterials/Substrate/Glints2/dict_0002_0071" 8279
"/Engine/EngineMaterials/Substrate/Glints2/dict_0002_0220" 8280
"/Engine/EngineMaterials/Substrate/Glints2/dict_0002_0061" 8281
"/Engine/EngineMaterials/Substrate/Glints2/dict_0002_0218" 8282
"../../../Engine/Content/EngineMaterials/Substrate/Glints2/dict_0002_0228.uasset" 8283
"/Engine/EngineMaterials/Substrate/Glints2/dict_0002_0222" 8284
"../../../Engine/Content/EngineMaterials/Substrate/Glints2/dict_0002_0227.uasset" 8285
"/Engine/EngineMaterials/Substrate/Glints2/dict_0002_0228" 8286
"/Engine/EngineMaterials/Substrate/Glints2/dict_0002_0227" 8287
"../../../Engine/Content/EngineMaterials/Substrate/Glints2/dict_0002_0230.uasset" 8288
"../../../Engine/Content/EngineMaterials/Substrate/Glints2/dict_0002_0226.uasset" 8289
"../../../Engine/Content/EngineMaterials/Substrate/Glints2/dict_0002_0229.uasset" 8290
"../../../Engine/Content/EngineMaterials/Substrate/Glints2/dict_0002_0232.uasset" 8291
"../../../Engine/Content/EngineMaterials/Substrate/Glints2/dict_0002_0053.uasset" 8292
"../../../Engine/Content/EngineMaterials/Substrate/Glints2/dict_0002_0234.uasset" 8293
"../../../Engine/Content/EngineMaterials/Substrate/Glints2/dict_0002_0233.uasset" 8294
"../../../Engine/Content/EngineMaterials/Substrate/Glints2/dict_0002_0223.uasset" 8295
"../../../Engine/Content/EngineMaterials/Substrate/Glints2/dict_0002_0070.uasset" 8296
"../../../Engine/Content/EngineMaterials/Substrate/Glints2/dict_0002_0235.uasset" 8297
"../../../Engine/Content/EngineMaterials/Substrate/Glints2/dict_0002_0236.uasset" 8298
"../../../Engine/Content/EngineMaterials/Substrate/Glints2/dict_0002_0237.uasset" 8299
"../../../Engine/Content/EngineMaterials/Substrate/Glints2/dict_0002_0238.uasset" 8300
"/Engine/EngineMaterials/Substrate/Glints2/dict_0002_0053" 8301
"/Engine/EngineMaterials/Substrate/Glints2/dict_0002_0233" 8302
"../../../Engine/Content/EngineMaterials/Substrate/Glints2/dict_0002_0224.uasset" 8303
"/Engine/EngineMaterials/Substrate/Glints2/dict_0002_0223" 8304
"/Engine/EngineMaterials/Substrate/Glints2/dict_0002_0070" 8305
"/Engine/EngineMaterials/Substrate/Glints2/dict_0002_0232" 8306
"/Engine/EngineMaterials/Substrate/Glints2/dict_0002_0235" 8307
"/Engine/EngineMaterials/Substrate/Glints2/dict_0002_0234" 8308
"/Engine/EngineMaterials/Substrate/Glints2/dict_0002_0230" 8309
"/Engine/EngineMaterials/Substrate/Glints2/dict_0002_0229" 8310
"/Engine/EngineMaterials/Substrate/Glints2/dict_0002_0238" 8311
"/Engine/EngineMaterials/Substrate/Glints2/dict_0002_0226" 8312
"/Engine/EngineMaterials/Substrate/Glints2/dict_0002_0236" 8313
"/Engine/EngineMaterials/Substrate/Glints2/dict_0002_0237" 8314
"../../../Engine/Content/EngineMaterials/Substrate/Glints2/dict_0002_0239.uasset" 8315
"../../../Engine/Content/EngineMaterials/Substrate/Glints2/dict_0002_0240.uasset" 8316
"../../../Engine/Content/EngineMaterials/Substrate/Glints2/dict_0002_0242.uasset" 8317
"/Engine/EngineMaterials/Substrate/Glints2/dict_0002_0224" 8318
"/Engine/EngineMaterials/Substrate/Glints2/dict_0002_0240" 8319
"/Engine/EngineMaterials/Substrate/Glints2/dict_0002_0239" 8320
"/Engine/EngineMaterials/Substrate/Glints2/dict_0002_0242" 8321
"../../../Engine/Content/EngineMaterials/Substrate/Glints2/dict_0002_0243.uasset" 8322
"../../../Engine/Content/EngineMaterials/Substrate/Glints2/dict_0002_0241.uasset" 8323
"../../../Engine/Content/EngineMaterials/Substrate/Glints2/dict_0002_0245.uasset" 8324
"../../../Engine/Content/EngineMaterials/Substrate/Glints2/dict_0002_0244.uasset" 8325
"../../../Engine/Content/EngineMaterials/Substrate/Glints2/dict_0002_0246.uasset" 8326
"../../../Engine/Content/EngineMaterials/Substrate/Glints2/dict_0002_0091.uasset" 8327
"../../../Engine/Content/EngineMaterials/Substrate/Glints2/dict_0002_0253.uasset" 8328
"../../../Engine/Content/EngineMaterials/Substrate/Glints2/dict_0002_0250.uasset" 8329
"../../../Engine/Content/EngineMaterials/Substrate/Glints2/dict_0002_0254.uasset" 8330
"/Engine/EngineMaterials/Substrate/Glints2/dict_0002_0244" 8331
"/Engine/EngineMaterials/Substrate/Glints2/dict_0002_0243" 8332
"/Engine/EngineMaterials/Substrate/Glints2/dict_0002_0241" 8333
"../../../Engine/Content/EngineMaterials/Substrate/Glints2/dict_0002_0249.uasset" 8334
"../../../Engine/Content/EngineMaterials/Substrate/Glints2/dict_0002_0248.uasset" 8335
"/Engine/EngineMaterials/Substrate/Glints2/dict_0002_0253" 8336
"/Engine/EngineMaterials/Substrate/Glints2/dict_0002_0091" 8337
"/Engine/EngineMaterials/Substrate/Glints2/dict_0002_0246" 8338
"../../../Engine/Content/EngineMaterials/Substrate/Glints2/dict_0002_0252.uasset" 8339
"/Engine/EngineMaterials/Substrate/Glints2/dict_0002_0245" 8340
"/Engine/EngineMaterials/Substrate/Glints2/dict_0002_0250" 8341
"/Engine/EngineMaterials/Substrate/Glints2/dict_0002_0254" 8342
"/Engine/EngineMaterials/Substrate/Glints2/dict_0002_0252" 8343
"/Engine/EngineMaterials/Substrate/Glints2/dict_0002_0249" 8344
"/Engine/EngineMaterials/Substrate/Glints2/dict_0002_0248" 8345
"../../../Engine/Content/EngineMaterials/Substrate/Glints2/dict_0003_0002.uasset" 8346
"../../../Engine/Content/EngineMaterials/Substrate/Glints2/dict_0003_0001.uasset" 8347
"../../../Engine/Content/EngineMaterials/Substrate/Glints2/dict_0002_0255.uasset" 8348
"../../../Engine/Content/EngineMaterials/Substrate/Glints2/dict_0003_0005.uasset" 8349
"../../../Engine/Content/EngineMaterials/Substrate/Glints2/dict_0003_0004.uasset" 8350
"../../../Engine/Content/EngineMaterials/Substrate/Glints2/dict_0002_0251.uasset" 8351
"../../../Engine/Content/EngineMaterials/Substrate/Glints2/dict_0003_0006.uasset" 8352
"../../../Engine/Content/EngineMaterials/Substrate/Glints2/dict_0003_0007.uasset" 8353
"../../../Engine/Content/EngineMaterials/Substrate/Glints2/dict_0003_0008.uasset" 8354
"../../../Engine/Content/EngineMaterials/Substrate/Glints2/dict_0003_0010.uasset" 8355
"../../../Engine/Content/EngineMaterials/Substrate/Glints2/dict_0003_0009.uasset" 8356
"/Engine/EngineMaterials/Substrate/Glints2/dict_0003_0002" 8357
"/Engine/EngineMaterials/Substrate/Glints2/dict_0003_0006" 8358
"/Engine/EngineMaterials/Substrate/Glints2/dict_0003_0007" 8359
"/Engine/EngineMaterials/Substrate/Glints2/dict_0003_0001" 8360
"/Engine/EngineMaterials/Substrate/Glints2/dict_0002_0255" 8361
"/Engine/EngineMaterials/Substrate/Glints2/dict_0003_0005" 8362
"/Engine/EngineMaterials/Substrate/Glints2/dict_0003_0004" 8363
"/Engine/EngineMaterials/Substrate/Glints2/dict_0002_0251" 8364
"/Engine/EngineMaterials/Substrate/Glints2/dict_0003_0010" 8365
"/Engine/EngineMaterials/Substrate/Glints2/dict_0003_0009" 8366
"../../../Engine/Content/EngineMaterials/Substrate/Glints2/dict_0003_0014.uasset" 8367
"../../../Engine/Content/EngineMaterials/Substrate/Glints2/dict_0003_0013.uasset" 8368
"../../../Engine/Content/EngineMaterials/Substrate/Glints2/dict_0003_0011.uasset" 8369
"../../../Engine/Content/EngineMaterials/Substrate/Glints2/dict_0003_0012.uasset" 8370
"/Engine/EngineMaterials/Substrate/Glints2/dict_0003_0008" 8371
"../../../Engine/Content/EngineMaterials/Substrate/Glints2/dict_0003_0003.uasset" 8372
"/Engine/EngineMaterials/Substrate/Glints2/dict_0003_0003" 8373
"/Engine/EngineMaterials/Substrate/Glints2/dict_0003_0014" 8374
"/Engine/EngineMaterials/Substrate/Glints2/dict_0003_0013" 8375
"/Engine/EngineMaterials/Substrate/Glints2/dict_0003_0012" 8376
"/Engine/EngineMaterials/Substrate/Glints2/dict_0003_0011" 8377
"../../../Engine/Content/EngineMaterials/Substrate/Glints2/dict_0003_0017.uasset" 8378
"../../../Engine/Content/EngineMaterials/Substrate/Glints2/dict_0003_0016.uasset" 8379
"../../../Engine/Content/EngineMaterials/Substrate/Glints2/dict_0003_0018.uasset" 8380
"../../../Engine/Content/EngineMaterials/Substrate/Glints2/dict_0002_0109.uasset" 8381
"../../../Engine/Content/EngineMaterials/Substrate/Glints2/dict_0003_0019.uasset" 8382
"../../../Engine/Content/EngineMaterials/Substrate/Glints2/dict_0003_0015.uasset" 8383
"../../../Engine/Content/EngineMaterials/Substrate/Glints2/dict_0003_0025.uasset" 8384
"../../../Engine/Content/EngineMaterials/Substrate/Glints2/dict_0003_0023.uasset" 8385
"../../../Engine/Content/EngineMaterials/Substrate/Glints2/dict_0003_0024.uasset" 8386
"../../../Engine/Content/EngineMaterials/Substrate/Glints2/dict_0003_0021.uasset" 8387
"../../../Engine/Content/EngineMaterials/Substrate/Glints2/dict_0003_0026.uasset" 8388
"/Engine/EngineMaterials/Substrate/Glints2/dict_0003_0015" 8389
"../../../Engine/Content/EngineMaterials/Substrate/Glints2/dict_0003_0027.uasset" 8390
"/Engine/EngineMaterials/Substrate/Glints2/dict_0003_0025" 8391
"/Engine/EngineMaterials/Substrate/Glints2/dict_0003_0019" 8392
"../../../Engine/Content/EngineMaterials/Substrate/Glints2/dict_0003_0029.uasset" 8393
"/Engine/EngineMaterials/Substrate/Glints2/dict_0003_0024" 8394
"../../../Engine/Content/EngineMaterials/Substrate/Glints2/dict_0002_0247.uasset" 8395
"/Engine/EngineMaterials/Substrate/Glints2/dict_0002_0109" 8396
"../../../Engine/Content/EngineMaterials/Substrate/Glints2/dict_0003_0028.uasset" 8397
"/Engine/EngineMaterials/Substrate/Glints2/dict_0003_0018" 8398
"/Engine/EngineMaterials/Substrate/Glints2/dict_0003_0023" 8399
"../../../Engine/Content/EngineMaterials/Substrate/Glints2/dict_0002_0116.uasset" 8400
"/Engine/EngineMaterials/Substrate/Glints2/dict_0003_0021" 8401
"/Engine/EngineMaterials/Substrate/Glints2/dict_0003_0017" 8402
"/Engine/EngineMaterials/Substrate/Glints2/dict_0003_0016" 8403
"/Engine/EngineMaterials/Substrate/Glints2/dict_0003_0029" 8404
"/Engine/EngineMaterials/Substrate/Glints2/dict_0003_0028" 8405
"/Engine/EngineMaterials/Substrate/Glints2/dict_0003_0027" 8406
"/Engine/EngineMaterials/Substrate/Glints2/dict_0003_0026" 8407
"../../../Engine/Content/EngineMaterials/Substrate/Glints2/dict_0003_0030.uasset" 8408
"/Engine/EngineMaterials/Substrate/Glints2/dict_0002_0247" 8409
"../../../Engine/Content/EngineMaterials/Substrate/Glints2/dict_0002_0118.uasset" 8410
"../../../Engine/Content/EngineMaterials/Substrate/Glints2/dict_0003_0020.uasset" 8411
"/Engine/EngineMaterials/Substrate/Glints2/dict_0002_0116" 8412
"/Engine/EngineMaterials/Substrate/Glints2/dict_0003_0030" 8413
"/Engine/EngineMaterials/Substrate/Glints2/dict_0003_0020" 8414
"/Engine/EngineMaterials/Substrate/Glints2/dict_0002_0118" 8415
"../../../Engine/Content/EngineMaterials/Substrate/Glints2/dict_0003_0031.uasset" 8416
"../../../Engine/Content/EngineMaterials/Substrate/Glints2/dict_0003_0032.uasset" 8417
"../../../Engine/Content/EngineMaterials/Substrate/Glints2/dict_0003_0033.uasset" 8418
"../../../Engine/Content/EngineMaterials/Substrate/Glints2/dict_0003_0035.uasset" 8419
"../../../Engine/Content/EngineMaterials/Substrate/Glints2/dict_0003_0034.uasset" 8420
"../../../Engine/Content/EngineMaterials/Substrate/Glints2/dict_0003_0038.uasset" 8421
"../../../Engine/Content/EngineMaterials/Substrate/Glints2/dict_0003_0040.uasset" 8422
"../../../Engine/Content/EngineMaterials/Substrate/Glints2/dict_0003_0041.uasset" 8423
"../../../Engine/Content/EngineMaterials/Substrate/Glints2/dict_0003_0039.uasset" 8424
"../../../Engine/Content/EngineMaterials/Substrate/Glints2/dict_0003_0037.uasset" 8425
"../../../Engine/Content/EngineMaterials/Substrate/Glints2/dict_0003_0042.uasset" 8426
"/Engine/EngineMaterials/Substrate/Glints2/dict_0003_0035" 8427
"../../../Engine/Content/EngineMaterials/Substrate/Glints2/dict_0003_0049.uasset" 8428
"../../../Engine/Content/EngineMaterials/Substrate/Glints2/dict_0003_0046.uasset" 8429
"../../../Engine/Content/EngineMaterials/Substrate/Glints2/dict_0003_0048.uasset" 8430
"../../../Engine/Content/EngineMaterials/Substrate/Glints2/dict_0003_0047.uasset" 8431
"/Engine/EngineMaterials/Substrate/Glints2/dict_0003_0034" 8432
"/Engine/EngineMaterials/Substrate/Glints2/dict_0003_0033" 8433
"../../../Engine/Content/EngineMaterials/Substrate/Glints2/dict_0003_0043.uasset" 8434
"/Engine/EngineMaterials/Substrate/Glints2/dict_0003_0032" 8435
"/Engine/EngineMaterials/Substrate/Glints2/dict_0003_0042" 8436
"/Engine/EngineMaterials/Substrate/Glints2/dict_0003_0031" 8437
"/Engine/EngineMaterials/Substrate/Glints2/dict_0003_0041" 8438
"../../../Engine/Content/EngineMaterials/Substrate/Glints2/dict_0003_0044.uasset" 8439
"/Engine/EngineMaterials/Substrate/Glints2/dict_0003_0040" 8440
"/Engine/EngineMaterials/Substrate/Glints2/dict_0003_0039" 8441
"/Engine/EngineMaterials/Substrate/Glints2/dict_0003_0038" 8442
"/Engine/EngineMaterials/Substrate/Glints2/dict_0003_0037" 8443
"/Engine/EngineMaterials/Substrate/Glints2/dict_0003_0049" 8444
"/Engine/EngineMaterials/Substrate/Glints2/dict_0003_0048" 8445
"/Engine/EngineMaterials/Substrate/Glints2/dict_0003_0044" 8446
"/Engine/EngineMaterials/Substrate/Glints2/dict_0003_0043" 8447
"../../../Engine/Content/EngineMaterials/Substrate/Glints2/dict_0003_0050.uasset" 8448
"../../../Engine/Content/EngineMaterials/Substrate/Glints2/dict_0003_0051.uasset" 8449
"../../../Engine/Content/EngineMaterials/Substrate/Glints2/dict_0003_0053.uasset" 8450
"/Engine/EngineMaterials/Substrate/Glints2/dict_0003_0047" 8451
"../../../Engine/Content/EngineMaterials/Substrate/Glints2/dict_0003_0052.uasset" 8452
"/Engine/EngineMaterials/Substrate/Glints2/dict_0003_0046" 8453
"/Engine/EngineMaterials/Substrate/Glints2/dict_0003_0051" 8454
"/Engine/EngineMaterials/Substrate/Glints2/dict_0003_0050" 8455
"/Engine/EngineMaterials/Substrate/Glints2/dict_0003_0053" 8456
"/Engine/EngineMaterials/Substrate/Glints2/dict_0003_0052" 8457
"../../../Engine/Content/EngineMaterials/Substrate/Glints2/dict_0003_0054.uasset" 8458
"../../../Engine/Content/EngineMaterials/Substrate/Glints2/dict_0002_0188.uasset" 8459
"../../../Engine/Content/EngineMaterials/Substrate/Glints2/dict_0003_0056.uasset" 8460
"../../../Engine/Content/EngineMaterials/Substrate/Glints2/dict_0003_0060.uasset" 8461
"../../../Engine/Content/EngineMaterials/Substrate/Glints2/dict_0003_0061.uasset" 8462
"../../../Engine/Content/EngineMaterials/Substrate/Glints2/dict_0003_0064.uasset" 8463
"../../../Engine/Content/EngineMaterials/Substrate/Glints2/dict_0003_0055.uasset" 8464
"../../../Engine/Content/EngineMaterials/Substrate/Glints2/dict_0003_0062.uasset" 8465
"../../../Engine/Content/EngineMaterials/Substrate/Glints2/dict_0003_0065.uasset" 8466
"/Engine/EngineMaterials/Substrate/Glints2/dict_0003_0065" 8467
"../../../Engine/Content/EngineMaterials/Substrate/Glints2/dict_0003_0063.uasset" 8468
"/Engine/EngineMaterials/Substrate/Glints2/dict_0003_0064" 8469
"/Engine/EngineMaterials/Substrate/Glints2/dict_0003_0054" 8470
"/Engine/EngineMaterials/Substrate/Glints2/dict_0003_0062" 8471
"../../../Engine/Content/EngineMaterials/Substrate/Glints2/dict_0003_0066.uasset" 8472
"/Engine/EngineMaterials/Substrate/Glints2/dict_0003_0061" 8473
"/Engine/EngineMaterials/Substrate/Glints2/dict_0003_0060" 8474
"/Engine/EngineMaterials/Substrate/Glints2/dict_0003_0056" 8475
"/Engine/EngineMaterials/Substrate/Glints2/dict_0003_0055" 8476
"/Engine/EngineMaterials/Substrate/Glints2/dict_0002_0188" 8477
"/Engine/EngineMaterials/Substrate/Glints2/dict_0003_0063" 8478
"/Engine/EngineMaterials/Substrate/Glints2/dict_0003_0066" 8479
"../../../Engine/Content/EngineMaterials/Substrate/Glints2/dict_0003_0069.uasset" 8480
"../../../Engine/Content/EngineMaterials/Substrate/Glints2/dict_0003_0068.uasset" 8481
"../../../Engine/Content/EngineMaterials/Substrate/Glints2/dict_0003_0070.uasset" 8482
"../../../Engine/Content/EngineMaterials/Substrate/Glints2/dict_0003_0072.uasset" 8483
"../../../Engine/Content/EngineMaterials/Substrate/Glints2/dict_0003_0071.uasset" 8484
"../../../Engine/Content/EngineMaterials/Substrate/Glints2/dict_0003_0073.uasset" 8485
"../../../Engine/Content/EngineMaterials/Substrate/Glints2/dict_0003_0075.uasset" 8486
"../../../Engine/Content/EngineMaterials/Substrate/Glints2/dict_0003_0074.uasset" 8487
"../../../Engine/Content/EngineMaterials/Substrate/Glints2/dict_0002_0217.uasset" 8488
"../../../Engine/Content/EngineMaterials/Substrate/Glints2/dict_0002_0204.uasset" 8489
"/Engine/EngineMaterials/Substrate/Glints2/dict_0003_0075" 8490
"/Engine/EngineMaterials/Substrate/Glints2/dict_0003_0074" 8491
"../../../Engine/Content/EngineMaterials/Substrate/Glints2/dict_0003_0076.uasset" 8492
"/Engine/EngineMaterials/Substrate/Glints2/dict_0003_0071" 8493
"/Engine/EngineMaterials/Substrate/Glints2/dict_0003_0070" 8494
"/Engine/EngineMaterials/Substrate/Glints2/dict_0003_0069" 8495
"/Engine/EngineMaterials/Substrate/Glints2/dict_0003_0068" 8496
"/Engine/EngineMaterials/Substrate/Glints2/dict_0002_0217" 8497
"/Engine/EngineMaterials/Substrate/Glints2/dict_0002_0204" 8498
"../../../Engine/Content/EngineMaterials/Substrate/Glints2/dict_0003_0067.uasset" 8499
"/Engine/EngineMaterials/Substrate/Glints2/dict_0003_0073" 8500
"/Engine/EngineMaterials/Substrate/Glints2/dict_0003_0072" 8501
"/Engine/EngineMaterials/Substrate/Glints2/dict_0003_0076" 8502
"/Engine/EngineMaterials/Substrate/Glints2/dict_0003_0067" 8503
"../../../Engine/Content/EngineMaterials/Substrate/Glints2/dict_0003_0078.uasset" 8504
"../../../Engine/Content/EngineMaterials/Substrate/Glints2/dict_0003_0079.uasset" 8505
"../../../Engine/Content/EngineMaterials/Substrate/Glints2/dict_0003_0082.uasset" 8506
"../../../Engine/Content/EngineMaterials/Substrate/Glints2/dict_0003_0084.uasset" 8507
"../../../Engine/Content/EngineMaterials/Substrate/Glints2/dict_0003_0083.uasset" 8508
"../../../Engine/Content/EngineMaterials/Substrate/Glints2/dict_0003_0081.uasset" 8509
"../../../Engine/Content/EngineMaterials/Substrate/Glints2/dict_0003_0077.uasset" 8510
"../../../Engine/Content/EngineMaterials/Substrate/Glints2/dict_0003_0080.uasset" 8511
"../../../Engine/Content/EngineMaterials/Substrate/Glints2/dict_0003_0087.uasset" 8512
"../../../Engine/Content/EngineMaterials/Substrate/Glints2/dict_0003_0092.uasset" 8513
"../../../Engine/Content/EngineMaterials/Substrate/Glints2/dict_0003_0093.uasset" 8514
"/Engine/EngineMaterials/Substrate/Glints2/dict_0003_0084" 8515
"/Engine/EngineMaterials/Substrate/Glints2/dict_0003_0083" 8516
"../../../Engine/Content/EngineMaterials/Substrate/Glints2/dict_0003_0088.uasset" 8517
"/Engine/EngineMaterials/Substrate/Glints2/dict_0003_0082" 8518
"/Engine/EngineMaterials/Substrate/Glints2/dict_0003_0093" 8519
"../../../Engine/Content/EngineMaterials/Substrate/Glints2/dict_0003_0091.uasset" 8520
"../../../Engine/Content/EngineMaterials/Substrate/Glints2/dict_0003_0095.uasset" 8521
"/Engine/EngineMaterials/Substrate/Glints2/dict_0003_0092" 8522
"/Engine/EngineMaterials/Substrate/Glints2/dict_0003_0081" 8523
"/Engine/EngineMaterials/Substrate/Glints2/dict_0003_0080" 8524
"../../../Engine/Content/EngineMaterials/Substrate/Glints2/dict_0003_0089.uasset" 8525
"/Engine/EngineMaterials/Substrate/Glints2/dict_0003_0079" 8526
"/Engine/EngineMaterials/Substrate/Glints2/dict_0003_0078" 8527
"/Engine/EngineMaterials/Substrate/Glints2/dict_0003_0077" 8528
"/Engine/EngineMaterials/Substrate/Glints2/dict_0003_0087" 8529
"../../../Engine/Content/EngineMaterials/Substrate/Glints2/dict_0003_0096.uasset" 8530
"/Engine/EngineMaterials/Substrate/Glints2/dict_0003_0096" 8531
"../../../Engine/Content/EngineMaterials/Substrate/Glints2/dict_0003_0057.uasset" 8532
"/Engine/EngineMaterials/Substrate/Glints2/dict_0003_0095" 8533
"/Engine/EngineMaterials/Substrate/Glints2/dict_0003_0091" 8534
"/Engine/EngineMaterials/Substrate/Glints2/dict_0003_0089" 8535
"/Engine/EngineMaterials/Substrate/Glints2/dict_0003_0088" 8536
"/Engine/EngineMaterials/Substrate/Glints2/dict_0003_0057" 8537
"../../../Engine/Content/EngineMaterials/Substrate/Glints2/dict_0003_0094.uasset" 8538
"../../../Engine/Content/EngineMaterials/Substrate/Glints2/dict_0003_0098.uasset" 8539
"../../../Engine/Content/EngineMaterials/Substrate/Glints2/dict_0003_0097.uasset" 8540
"../../../Engine/Content/EngineMaterials/Substrate/Glints2/dict_0003_0101.uasset" 8541
"../../../Engine/Content/EngineMaterials/Substrate/Glints2/dict_0003_0100.uasset" 8542
"../../../Engine/Content/EngineMaterials/Substrate/Glints2/dict_0003_0099.uasset" 8543
"../../../Engine/Content/EngineMaterials/Substrate/Glints2/dict_0003_0103.uasset" 8544
"/Engine/EngineMaterials/Substrate/Glints2/dict_0003_0094" 8545
"../../../Engine/Content/EngineMaterials/Substrate/Glints2/dict_0003_0000.uasset" 8546
"../../../Engine/Content/EngineMaterials/Substrate/Glints2/dict_0003_0104.uasset" 8547
"/Engine/EngineMaterials/Substrate/Glints2/dict_0003_0103" 8548
"/Engine/EngineMaterials/Substrate/Glints2/dict_0003_0101" 8549
"/Engine/EngineMaterials/Substrate/Glints2/dict_0003_0100" 8550
"../../../Engine/Content/EngineMaterials/Substrate/Glints2/dict_0003_0107.uasset" 8551
"/Engine/EngineMaterials/Substrate/Glints2/dict_0003_0098" 8552
"../../../Engine/Content/EngineMaterials/Substrate/Glints2/dict_0003_0105.uasset" 8553
"/Engine/EngineMaterials/Substrate/Glints2/dict_0003_0099" 8554
"/Engine/EngineMaterials/Substrate/Glints2/dict_0003_0097" 8555
"/Engine/EngineMaterials/Substrate/Glints2/dict_0003_0107" 8556
"../../../Engine/Content/EngineMaterials/Substrate/Glints2/dict_0003_0108.uasset" 8557
"/Engine/EngineMaterials/Substrate/Glints2/dict_0003_0000" 8558
"/Engine/EngineMaterials/Substrate/Glints2/dict_0003_0105" 8559
"/Engine/EngineMaterials/Substrate/Glints2/dict_0003_0104" 8560
"/Engine/EngineMaterials/Substrate/Glints2/dict_0003_0108" 8561
"../../../Engine/Content/EngineMaterials/Substrate/Glints2/dict_0003_0110.uasset" 8562
"../../../Engine/Content/EngineMaterials/Substrate/Glints2/dict_0003_0109.uasset" 8563
"../../../Engine/Content/EngineMaterials/Substrate/Glints2/dict_0003_0112.uasset" 8564
"../../../Engine/Content/EngineMaterials/Substrate/Glints2/dict_0003_0058.uasset" 8565
"../../../Engine/Content/EngineMaterials/Substrate/Glints2/dict_0003_0116.uasset" 8566
"../../../Engine/Content/EngineMaterials/Substrate/Glints2/dict_0003_0113.uasset" 8567
"../../../Engine/Content/EngineMaterials/Substrate/Glints2/dict_0003_0115.uasset" 8568
"/Engine/EngineMaterials/Substrate/Glints2/dict_0003_0109" 8569
"../../../Engine/Content/EngineMaterials/Substrate/Glints2/dict_0003_0114.uasset" 8570
"/Engine/EngineMaterials/Substrate/Glints2/dict_0003_0113" 8571
"/Engine/EngineMaterials/Substrate/Glints2/dict_0003_0112" 8572
"/Engine/EngineMaterials/Substrate/Glints2/dict_0003_0058" 8573
"/Engine/EngineMaterials/Substrate/Glints2/dict_0003_0115" 8574
"/Engine/EngineMaterials/Substrate/Glints2/dict_0003_0110" 8575
"../../../Engine/Content/EngineMaterials/Substrate/Glints2/dict_0003_0118.uasset" 8576
"/Engine/EngineMaterials/Substrate/Glints2/dict_0003_0116" 8577
"../../../Engine/Content/EngineMaterials/Substrate/Glints2/dict_0003_0117.uasset" 8578
"/Engine/EngineMaterials/Substrate/Glints2/dict_0003_0114" 8579
"/Engine/EngineMaterials/Substrate/Glints2/dict_0003_0118" 8580
"/Engine/EngineMaterials/Substrate/Glints2/dict_0003_0117" 8581
"../../../Engine/Content/EngineMaterials/Substrate/Glints2/dict_0002_0231.uasset" 8582
"../../../Engine/Content/EngineMaterials/Substrate/Glints2/dict_0003_0119.uasset" 8583
"../../../Engine/Content/EngineMaterials/Substrate/Glints2/dict_0003_0120.uasset" 8584
"../../../Engine/Content/EngineMaterials/Substrate/Glints2/dict_0003_0124.uasset" 8585
"../../../Engine/Content/EngineMaterials/Substrate/Glints2/dict_0003_0122.uasset" 8586
"../../../Engine/Content/EngineMaterials/Substrate/Glints2/dict_0003_0125.uasset" 8587
"../../../Engine/Content/EngineMaterials/Substrate/Glints2/dict_0003_0127.uasset" 8588
"../../../Engine/Content/EngineMaterials/Substrate/Glints2/dict_0003_0123.uasset" 8589
"/Engine/EngineMaterials/Substrate/Glints2/dict_0003_0127" 8590
"/Engine/EngineMaterials/Substrate/Glints2/dict_0003_0122" 8591
"/Engine/EngineMaterials/Substrate/Glints2/dict_0003_0125" 8592
"../../../Engine/Content/EngineMaterials/Substrate/Glints2/dict_0003_0126.uasset" 8593
"/Engine/EngineMaterials/Substrate/Glints2/dict_0003_0124" 8594
"/Engine/EngineMaterials/Substrate/Glints2/dict_0003_0123" 8595
"../../../Engine/Content/EngineMaterials/Substrate/Glints2/dict_0003_0129.uasset" 8596
"/Engine/EngineMaterials/Substrate/Glints2/dict_0002_0231" 8597
"/Engine/EngineMaterials/Substrate/Glints2/dict_0003_0120" 8598
"/Engine/EngineMaterials/Substrate/Glints2/dict_0003_0119" 8599
"../../../Engine/Content/EngineMaterials/Substrate/Glints2/dict_0002_0126.uasset" 8600
"/Engine/EngineMaterials/Substrate/Glints2/dict_0003_0126" 8601
"/Engine/EngineMaterials/Substrate/Glints2/dict_0003_0129" 8602
"/Engine/EngineMaterials/Substrate/Glints2/dict_0002_0126" 8603
"../../../Engine/Content/EngineMaterials/Substrate/Glints2/dict_0003_0132.uasset" 8604
"../../../Engine/Content/EngineMaterials/Substrate/Glints2/dict_0003_0131.uasset" 8605
"../../../Engine/Content/EngineMaterials/Substrate/Glints2/dict_0003_0022.uasset" 8606
"../../../Engine/Content/EngineMaterials/Substrate/Glints2/dict_0003_0134.uasset" 8607
"../../../Engine/Content/EngineMaterials/Substrate/Glints2/dict_0003_0133.uasset" 8608
"../../../Engine/Content/EngineMaterials/Substrate/Glints2/dict_0003_0036.uasset" 8609
"../../../Engine/Content/EngineMaterials/Substrate/Glints2/dict_0003_0136.uasset" 8610
"../../../Engine/Content/EngineMaterials/Substrate/Glints2/dict_0003_0135.uasset" 8611
"../../../Engine/Content/EngineMaterials/Substrate/Glints2/dict_0003_0137.uasset" 8612
"/Engine/EngineMaterials/Substrate/Glints2/dict_0003_0134" 8613
"/Engine/EngineMaterials/Substrate/Glints2/dict_0003_0137" 8614
"/Engine/EngineMaterials/Substrate/Glints2/dict_0003_0133" 8615
"/Engine/EngineMaterials/Substrate/Glints2/dict_0003_0132" 8616
"/Engine/EngineMaterials/Substrate/Glints2/dict_0003_0131" 8617
"/Engine/EngineMaterials/Substrate/Glints2/dict_0003_0022" 8618
"/Engine/EngineMaterials/Substrate/Glints2/dict_0003_0036" 8619
"/Engine/EngineMaterials/Substrate/Glints2/dict_0003_0136" 8620
"../../../Engine/Content/EngineMaterials/Substrate/Glints2/dict_0003_0139.uasset" 8621
"../../../Engine/Content/EngineMaterials/Substrate/Glints2/dict_0003_0140.uasset" 8622
"/Engine/EngineMaterials/Substrate/Glints2/dict_0003_0135" 8623
"../../../Engine/Content/EngineMaterials/Substrate/Glints2/dict_0003_0138.uasset" 8624
"/Engine/EngineMaterials/Substrate/Glints2/dict_0003_0140" 8625
"/Engine/EngineMaterials/Substrate/Glints2/dict_0003_0139" 8626
"/Engine/EngineMaterials/Substrate/Glints2/dict_0003_0138" 8627
"../../../Engine/Content/EngineMaterials/Substrate/Glints2/dict_0003_0142.uasset" 8628
"../../../Engine/Content/EngineMaterials/Substrate/Glints2/dict_0003_0147.uasset" 8629
"../../../Engine/Content/EngineMaterials/Substrate/Glints2/dict_0003_0143.uasset" 8630
"../../../Engine/Content/EngineMaterials/Substrate/Glints2/dict_0003_0145.uasset" 8631
"../../../Engine/Content/EngineMaterials/Substrate/Glints2/dict_0003_0141.uasset" 8632
"../../../Engine/Content/EngineMaterials/Substrate/Glints2/dict_0003_0146.uasset" 8633
"../../../Engine/Content/EngineMaterials/Substrate/Glints2/dict_0003_0148.uasset" 8634
"/Engine/EngineMaterials/Substrate/Glints2/dict_0003_0145" 8635
"/Engine/EngineMaterials/Substrate/Glints2/dict_0003_0148" 8636
"/Engine/EngineMaterials/Substrate/Glints2/dict_0003_0143" 8637
"/Engine/EngineMaterials/Substrate/Glints2/dict_0003_0142" 8638
"../../../Engine/Content/EngineMaterials/Substrate/Glints2/dict_0003_0149.uasset" 8639
"/Engine/EngineMaterials/Substrate/Glints2/dict_0003_0141" 8640
"/Engine/EngineMaterials/Substrate/Glints2/dict_0003_0147" 8641
"/Engine/EngineMaterials/Substrate/Glints2/dict_0003_0146" 8642
"../../../Engine/Content/EngineMaterials/Substrate/Glints2/dict_0003_0154.uasset" 8643
"/Engine/EngineMaterials/Substrate/Glints2/dict_0003_0154" 8644
"../../../Engine/Content/EngineMaterials/Substrate/Glints2/dict_0003_0151.uasset" 8645
"/Engine/EngineMaterials/Substrate/Glints2/dict_0003_0149" 8646
"../../../Engine/Content/EngineMaterials/Substrate/Glints2/dict_0003_0152.uasset" 8647
"/Engine/EngineMaterials/Substrate/Glints2/dict_0003_0152" 8648
"/Engine/EngineMaterials/Substrate/Glints2/dict_0003_0151" 8649
"../../../Engine/Content/EngineMaterials/Substrate/Glints2/dict_0003_0153.uasset" 8650
"../../../Engine/Content/EngineMaterials/Substrate/Glints2/dict_0003_0157.uasset" 8651
"../../../Engine/Content/EngineMaterials/Substrate/Glints2/dict_0002_0040.uasset" 8652
"../../../Engine/Content/EngineMaterials/Substrate/Glints2/dict_0003_0059.uasset" 8653
"../../../Engine/Content/EngineMaterials/Substrate/Glints2/dict_0003_0155.uasset" 8654
"../../../Engine/Content/EngineMaterials/Substrate/Glints2/dict_0003_0156.uasset" 8655
"../../../Engine/Content/EngineMaterials/Substrate/Glints2/dict_0003_0160.uasset" 8656
"/Engine/EngineMaterials/Substrate/Glints2/dict_0003_0157" 8657
"/Engine/EngineMaterials/Substrate/Glints2/dict_0003_0156" 8658
"../../../Engine/Content/EngineMaterials/Substrate/Glints2/dict_0003_0158.uasset" 8659
"../../../Engine/Content/EngineMaterials/Substrate/Glints2/dict_0003_0159.uasset" 8660
"/Engine/EngineMaterials/Substrate/Glints2/dict_0003_0155" 8661
"/Engine/EngineMaterials/Substrate/Glints2/dict_0003_0059" 8662
"../../../Engine/Content/EngineMaterials/Substrate/Glints2/dict_0003_0162.uasset" 8663
"/Engine/EngineMaterials/Substrate/Glints2/dict_0002_0040" 8664
"/Engine/EngineMaterials/Substrate/Glints2/dict_0003_0153" 8665
"/Engine/EngineMaterials/Substrate/Glints2/dict_0003_0160" 8666
"../../../Engine/Content/EngineMaterials/Substrate/Glints2/dict_0003_0161.uasset" 8667
"/Engine/EngineMaterials/Substrate/Glints2/dict_0003_0159" 8668
"/Engine/EngineMaterials/Substrate/Glints2/dict_0003_0158" 8669
"/Engine/EngineMaterials/Substrate/Glints2/dict_0003_0162" 8670
"/Engine/EngineMaterials/Substrate/Glints2/dict_0003_0161" 8671
"../../../Engine/Content/EngineMaterials/Substrate/Glints2/dict_0003_0165.uasset" 8672
"../../../Engine/Content/EngineMaterials/Substrate/Glints2/dict_0003_0163.uasset" 8673
"../../../Engine/Content/EngineMaterials/Substrate/Glints2/dict_0003_0168.uasset" 8674
"../../../Engine/Content/EngineMaterials/Substrate/Glints2/dict_0003_0170.uasset" 8675
"../../../Engine/Content/EngineMaterials/Substrate/Glints2/dict_0003_0169.uasset" 8676
"../../../Engine/Content/EngineMaterials/Substrate/Glints2/dict_0003_0171.uasset" 8677
"../../../Engine/Content/EngineMaterials/Substrate/Glints2/dict_0003_0167.uasset" 8678
"/Engine/EngineMaterials/Substrate/Glints2/dict_0003_0167" 8679
"/Engine/EngineMaterials/Substrate/Glints2/dict_0003_0165" 8680
"/Engine/EngineMaterials/Substrate/Glints2/dict_0003_0169" 8681
"/Engine/EngineMaterials/Substrate/Glints2/dict_0003_0163" 8682
"/Engine/EngineMaterials/Substrate/Glints2/dict_0003_0171" 8683
"../../../Engine/Content/EngineMaterials/Substrate/Glints2/dict_0003_0085.uasset" 8684
"../../../Engine/Content/EngineMaterials/Substrate/Glints2/dict_0003_0172.uasset" 8685
"/Engine/EngineMaterials/Substrate/Glints2/dict_0003_0170" 8686
"/Engine/EngineMaterials/Substrate/Glints2/dict_0003_0168" 8687
"/Engine/EngineMaterials/Substrate/Glints2/dict_0003_0172" 8688
"/Engine/EngineMaterials/Substrate/Glints2/dict_0003_0085" 8689
"../../../Engine/Content/EngineMaterials/Substrate/Glints2/dict_0003_0166.uasset" 8690
"../../../Engine/Content/EngineMaterials/Substrate/Glints2/dict_0003_0086.uasset" 8691
"/Engine/EngineMaterials/Substrate/Glints2/dict_0003_0166" 8692
"/Engine/EngineMaterials/Substrate/Glints2/dict_0003_0086" 8693
"../../../Engine/Content/EngineMaterials/Substrate/Glints2/dict_0003_0174.uasset" 8694
"../../../Engine/Content/EngineMaterials/Substrate/Glints2/dict_0003_0175.uasset" 8695
"../../../Engine/Content/EngineMaterials/Substrate/Glints2/dict_0003_0176.uasset" 8696
"../../../Engine/Content/EngineMaterials/Substrate/Glints2/dict_0003_0177.uasset" 8697
"../../../Engine/Content/EngineMaterials/Substrate/Glints2/dict_0003_0184.uasset" 8698
"../../../Engine/Content/EngineMaterials/Substrate/Glints2/dict_0003_0178.uasset" 8699
"../../../Engine/Content/EngineMaterials/Substrate/Glints2/dict_0003_0179.uasset" 8700
"/Engine/EngineMaterials/Substrate/Glints2/dict_0003_0178" 8701
"/Engine/EngineMaterials/Substrate/Glints2/dict_0003_0177" 8702
"/Engine/EngineMaterials/Substrate/Glints2/dict_0003_0176" 8703
"/Engine/EngineMaterials/Substrate/Glints2/dict_0003_0175" 8704
"../../../Engine/Content/EngineMaterials/Substrate/Glints2/dict_0003_0186.uasset" 8705
"/Engine/EngineMaterials/Substrate/Glints2/dict_0003_0174" 8706
"../../../Engine/Content/EngineMaterials/Substrate/Glints2/dict_0003_0185.uasset" 8707
"../../../Engine/Content/EngineMaterials/Substrate/Glints2/dict_0003_0173.uasset" 8708
"../../../Engine/Content/EngineMaterials/Substrate/Glints2/dict_0003_0181.uasset" 8709
"/Engine/EngineMaterials/Substrate/Glints2/dict_0003_0179" 8710
"/Engine/EngineMaterials/Substrate/Glints2/dict_0003_0184" 8711
"/Engine/EngineMaterials/Substrate/Glints2/dict_0003_0186" 8712
"/Engine/EngineMaterials/Substrate/Glints2/dict_0003_0173" 8713
"/Engine/EngineMaterials/Substrate/Glints2/dict_0003_0185" 8714
"/Engine/EngineMaterials/Substrate/Glints2/dict_0003_0181" 8715
"../../../Engine/Content/EngineMaterials/Substrate/Glints2/dict_0003_0102.uasset" 8716
"../../../Engine/Content/EngineMaterials/Substrate/Glints2/dict_0003_0183.uasset" 8717
"../../../Engine/Content/EngineMaterials/Substrate/Glints2/dict_0003_0187.uasset" 8718
"../../../Engine/Content/EngineMaterials/Substrate/Glints2/dict_0003_0111.uasset" 8719
"../../../Engine/Content/EngineMaterials/Substrate/Glints2/dict_0003_0106.uasset" 8720
"../../../Engine/Content/EngineMaterials/Substrate/Glints2/dict_0003_0191.uasset" 8721
"../../../Engine/Content/EngineMaterials/Substrate/Glints2/dict_0003_0190.uasset" 8722
"../../../Engine/Content/EngineMaterials/Substrate/Glints2/dict_0003_0192.uasset" 8723
"/Engine/EngineMaterials/Substrate/Glints2/dict_0003_0192" 8724
"/Engine/EngineMaterials/Substrate/Glints2/dict_0003_0106" 8725
"/Engine/EngineMaterials/Substrate/Glints2/dict_0003_0187" 8726
"/Engine/EngineMaterials/Substrate/Glints2/dict_0003_0111" 8727
"/Engine/EngineMaterials/Substrate/Glints2/dict_0003_0102" 8728
"../../../Engine/Content/EngineMaterials/Substrate/Glints2/dict_0003_0197.uasset" 8729
"/Engine/EngineMaterials/Substrate/Glints2/dict_0003_0191" 8730
"../../../Engine/Content/EngineMaterials/Substrate/Glints2/dict_0003_0194.uasset" 8731
"/Engine/EngineMaterials/Substrate/Glints2/dict_0003_0183" 8732
"../../../Engine/Content/EngineMaterials/Substrate/Glints2/dict_0003_0182.uasset" 8733
"/Engine/EngineMaterials/Substrate/Glints2/dict_0003_0190" 8734
"/Engine/EngineMaterials/Substrate/Glints2/dict_0003_0182" 8735
"../../../Engine/Content/EngineMaterials/Substrate/Glints2/dict_0003_0193.uasset" 8736
"/Engine/EngineMaterials/Substrate/Glints2/dict_0003_0197" 8737
"/Engine/EngineMaterials/Substrate/Glints2/dict_0003_0194" 8738
"../../../Engine/Content/EngineMaterials/Substrate/Glints2/dict_0003_0196.uasset" 8739
"../../../Engine/Content/EngineMaterials/Substrate/Glints2/dict_0003_0195.uasset" 8740
"/Engine/EngineMaterials/Substrate/Glints2/dict_0003_0193" 8741
"/Engine/EngineMaterials/Substrate/Glints2/dict_0003_0196" 8742
"../../../Engine/Content/EngineMaterials/Substrate/Glints2/dict_0003_0200.uasset" 8743
"/Engine/EngineMaterials/Substrate/Glints2/dict_0003_0195" 8744
"../../../Engine/Content/EngineMaterials/Substrate/Glints2/dict_0003_0201.uasset" 8745
"/Engine/EngineMaterials/Substrate/Glints2/dict_0003_0200" 8746
"/Engine/EngineMaterials/Substrate/Glints2/dict_0003_0201" 8747
"../../../Engine/Content/EngineMaterials/Substrate/Glints2/dict_0003_0202.uasset" 8748
"../../../Engine/Content/EngineMaterials/Substrate/Glints2/dict_0003_0198.uasset" 8749
"../../../Engine/Content/EngineMaterials/Substrate/Glints2/dict_0003_0203.uasset" 8750
"../../../Engine/Content/EngineMaterials/Substrate/Glints2/dict_0003_0206.uasset" 8751
"../../../Engine/Content/EngineMaterials/Substrate/Glints2/dict_0003_0121.uasset" 8752
"../../../Engine/Content/EngineMaterials/Substrate/Glints2/dict_0003_0204.uasset" 8753
"../../../Engine/Content/EngineMaterials/Substrate/Glints2/dict_0003_0209.uasset" 8754
"../../../Engine/Content/EngineMaterials/Substrate/Glints2/dict_0003_0210.uasset" 8755
"/Engine/EngineMaterials/Substrate/Glints2/dict_0003_0198" 8756
"/Engine/EngineMaterials/Substrate/Glints2/dict_0003_0210" 8757
"../../../Engine/Content/EngineMaterials/Substrate/Glints2/dict_0003_0207.uasset" 8758
"/Engine/EngineMaterials/Substrate/Glints2/dict_0003_0204" 8759
"../../../Engine/Content/EngineMaterials/Substrate/Glints2/dict_0003_0205.uasset" 8760
"/Engine/EngineMaterials/Substrate/Glints2/dict_0003_0121" 8761
"/Engine/EngineMaterials/Substrate/Glints2/dict_0003_0209" 8762
"../../../Engine/Content/EngineMaterials/Substrate/Glints2/dict_0003_0211.uasset" 8763
"/Engine/EngineMaterials/Substrate/Glints2/dict_0003_0203" 8764
"/Engine/EngineMaterials/Substrate/Glints2/dict_0003_0202" 8765
"/Engine/EngineMaterials/Substrate/Glints2/dict_0003_0206" 8766
"/Engine/EngineMaterials/Substrate/Glints2/dict_0003_0211" 8767
"/Engine/EngineMaterials/Substrate/Glints2/dict_0003_0207" 8768
"/Engine/EngineMaterials/Substrate/Glints2/dict_0003_0205" 8769
"../../../Engine/Content/EngineMaterials/Substrate/Glints2/dict_0003_0213.uasset" 8770
"../../../Engine/Content/EngineMaterials/Substrate/Glints2/dict_0003_0214.uasset" 8771
"../../../Engine/Content/EngineMaterials/Substrate/Glints2/dict_0003_0212.uasset" 8772
"../../../Engine/Content/EngineMaterials/Substrate/Glints2/dict_0003_0130.uasset" 8773
"../../../Engine/Content/EngineMaterials/Substrate/Glints2/dict_0003_0217.uasset" 8774
"../../../Engine/Content/EngineMaterials/Substrate/Glints2/dict_0003_0218.uasset" 8775
"../../../Engine/Content/EngineMaterials/Substrate/Glints2/dict_0003_0128.uasset" 8776
"../../../Engine/Content/EngineMaterials/Substrate/Glints2/dict_0003_0045.uasset" 8777
"../../../Engine/Content/EngineMaterials/Substrate/Glints2/dict_0003_0219.uasset" 8778
"/Engine/EngineMaterials/Substrate/Glints2/dict_0003_0045" 8779
"../../../Engine/Content/EngineMaterials/Substrate/Glints2/dict_0003_0221.uasset" 8780
"/Engine/EngineMaterials/Substrate/Glints2/dict_0003_0212" 8781
"/Engine/EngineMaterials/Substrate/Glints2/dict_0003_0218" 8782
"/Engine/EngineMaterials/Substrate/Glints2/dict_0003_0214" 8783
"/Engine/EngineMaterials/Substrate/Glints2/dict_0003_0217" 8784
"../../../Engine/Content/EngineMaterials/Substrate/Glints2/dict_0003_0223.uasset" 8785
"/Engine/EngineMaterials/Substrate/Glints2/dict_0003_0130" 8786
"/Engine/EngineMaterials/Substrate/Glints2/dict_0003_0213" 8787
"/Engine/EngineMaterials/Substrate/Glints2/dict_0003_0128" 8788
"/Engine/EngineMaterials/Substrate/Glints2/dict_0003_0223" 8789
"/Engine/EngineMaterials/Substrate/Glints2/dict_0003_0219" 8790
"/Engine/EngineMaterials/Substrate/Glints2/dict_0003_0221" 8791
"../../../Engine/Content/EngineMaterials/Substrate/Glints2/dict_0003_0226.uasset" 8792
"../../../Engine/Content/EngineMaterials/Substrate/Glints2/dict_0003_0227.uasset" 8793
"../../../Engine/Content/EngineMaterials/Substrate/Glints2/dict_0003_0230.uasset" 8794
"../../../Engine/Content/EngineMaterials/Substrate/Glints2/dict_0003_0231.uasset" 8795
"../../../Engine/Content/EngineMaterials/Substrate/Glints2/dict_0003_0228.uasset" 8796
"../../../Engine/Content/EngineMaterials/Substrate/Glints2/dict_0003_0144.uasset" 8797
"../../../Engine/Content/EngineMaterials/Substrate/Glints2/dict_0003_0225.uasset" 8798
"../../../Engine/Content/EngineMaterials/Substrate/Glints2/dict_0003_0233.uasset" 8799
"/Engine/EngineMaterials/Substrate/Glints2/dict_0003_0228" 8800
"/Engine/EngineMaterials/Substrate/Glints2/dict_0003_0144" 8801
"../../../Engine/Content/EngineMaterials/Substrate/Glints2/dict_0003_0232.uasset" 8802
"/Engine/EngineMaterials/Substrate/Glints2/dict_0003_0231" 8803
"/Engine/EngineMaterials/Substrate/Glints2/dict_0003_0227" 8804
"/Engine/EngineMaterials/Substrate/Glints2/dict_0003_0226" 8805
"/Engine/EngineMaterials/Substrate/Glints2/dict_0003_0225" 8806
"../../../Engine/Content/EngineMaterials/Substrate/Glints2/dict_0003_0164.uasset" 8807
"../../../Engine/Content/EngineMaterials/Substrate/Glints2/dict_0003_0234.uasset" 8808
"/Engine/EngineMaterials/Substrate/Glints2/dict_0003_0230" 8809
"/Engine/EngineMaterials/Substrate/Glints2/dict_0003_0164" 8810
"/Engine/EngineMaterials/Substrate/Glints2/dict_0003_0234" 8811
"/Engine/EngineMaterials/Substrate/Glints2/dict_0003_0233" 8812
"/Engine/EngineMaterials/Substrate/Glints2/dict_0003_0232" 8813
"../../../Engine/Content/EngineMaterials/Substrate/Glints2/dict_0003_0235.uasset" 8814
"/Engine/EngineMaterials/Substrate/Glints2/dict_0003_0235" 8815
"../../../Engine/Content/EngineMaterials/Substrate/Glints2/dict_0003_0236.uasset" 8816
"../../../Engine/Content/EngineMaterials/Substrate/Glints2/dict_0003_0090.uasset" 8817
"../../../Engine/Content/EngineMaterials/Substrate/Glints2/dict_0003_0238.uasset" 8818
"../../../Engine/Content/EngineMaterials/Substrate/Glints2/dict_0003_0237.uasset" 8819
"../../../Engine/Content/EngineMaterials/Substrate/Glints2/dict_0003_0240.uasset" 8820
"../../../Engine/Content/EngineMaterials/Substrate/Glints2/dict_0003_0243.uasset" 8821
"../../../Engine/Content/EngineMaterials/Substrate/Glints2/dict_0003_0180.uasset" 8822
"../../../Engine/Content/EngineMaterials/Substrate/Glints2/dict_0003_0241.uasset" 8823
"../../../Engine/Content/EngineMaterials/Substrate/Glints2/dict_0003_0239.uasset" 8824
"../../../Engine/Content/EngineMaterials/Substrate/Glints2/dict_0003_0244.uasset" 8825
"/Engine/EngineMaterials/Substrate/Glints2/dict_0003_0239" 8826
"/Engine/EngineMaterials/Substrate/Glints2/dict_0003_0238" 8827
"/Engine/EngineMaterials/Substrate/Glints2/dict_0003_0237" 8828
"/Engine/EngineMaterials/Substrate/Glints2/dict_0003_0090" 8829
"/Engine/EngineMaterials/Substrate/Glints2/dict_0003_0244" 8830
"/Engine/EngineMaterials/Substrate/Glints2/dict_0003_0236" 8831
"/Engine/EngineMaterials/Substrate/Glints2/dict_0003_0241" 8832
"/Engine/EngineMaterials/Substrate/Glints2/dict_0003_0180" 8833
"/Engine/EngineMaterials/Substrate/Glints2/dict_0003_0243" 8834
"../../../Engine/Content/EngineMaterials/Substrate/Glints2/dict_0003_0245.uasset" 8835
"/Engine/EngineMaterials/Substrate/Glints2/dict_0003_0240" 8836
"/Engine/EngineMaterials/Substrate/Glints2/dict_0003_0245" 8837
"../../../Engine/Content/EngineMaterials/Substrate/Glints2/dict_0003_0242.uasset" 8838
"../../../Engine/Content/EngineMaterials/Substrate/Glints2/dict_0003_0250.uasset" 8839
"../../../Engine/Content/EngineMaterials/Substrate/Glints2/dict_0003_0188.uasset" 8840
"../../../Engine/Content/EngineMaterials/Substrate/Glints2/dict_0003_0246.uasset" 8841
"../../../Engine/Content/EngineMaterials/Substrate/Glints2/dict_0003_0249.uasset" 8842
"../../../Engine/Content/EngineMaterials/Substrate/Glints2/dict_0003_0252.uasset" 8843
"../../../Engine/Content/EngineMaterials/Substrate/Glints2/dict_0003_0254.uasset" 8844
"../../../Engine/Content/EngineMaterials/Substrate/Glints2/dict_0003_0248.uasset" 8845
"../../../Engine/Content/EngineMaterials/Substrate/Glints2/dict_0003_0189.uasset" 8846
"../../../Engine/Content/EngineMaterials/Substrate/Glints2/dict_0003_0199.uasset" 8847
"/Engine/EngineMaterials/Substrate/Glints2/dict_0003_0189" 8848
"../../../Engine/Content/EngineMaterials/Substrate/Glints2/dict_0004_0004.uasset" 8849
"/Engine/EngineMaterials/Substrate/Glints2/dict_0003_0249" 8850
"../../../Engine/Content/EngineMaterials/Substrate/Glints2/dict_0004_0001.uasset" 8851
"/Engine/EngineMaterials/Substrate/Glints2/dict_0003_0248" 8852
"/Engine/EngineMaterials/Substrate/Glints2/dict_0003_0188" 8853
"../../../Engine/Content/EngineMaterials/Substrate/Glints2/dict_0003_0251.uasset" 8854
"/Engine/EngineMaterials/Substrate/Glints2/dict_0003_0246" 8855
"/Engine/EngineMaterials/Substrate/Glints2/dict_0003_0254" 8856
"../../../Engine/Content/EngineMaterials/Substrate/Glints2/dict_0003_0255.uasset" 8857
"/Engine/EngineMaterials/Substrate/Glints2/dict_0003_0242" 8858
"/Engine/EngineMaterials/Substrate/Glints2/dict_0003_0252" 8859
"/Engine/EngineMaterials/Substrate/Glints2/dict_0003_0250" 8860
"../../../Engine/Content/EngineMaterials/Substrate/Glints2/dict_0004_0003.uasset" 8861
"/Engine/EngineMaterials/Substrate/Glints2/dict_0003_0199" 8862
"/Engine/EngineMaterials/Substrate/Glints2/dict_0004_0004" 8863
"/Engine/EngineMaterials/Substrate/Glints2/dict_0004_0003" 8864
"/Engine/EngineMaterials/Substrate/Glints2/dict_0004_0001" 8865
"/Engine/EngineMaterials/Substrate/Glints2/dict_0003_0251" 8866
"/Engine/EngineMaterials/Substrate/Glints2/dict_0003_0255" 8867
"../../../Engine/Content/EngineMaterials/Substrate/Glints2/dict_0004_0005.uasset" 8868
"/Engine/EngineMaterials/Substrate/Glints2/dict_0004_0005" 8869
"../../../Engine/Content/EngineMaterials/Substrate/Glints2/dict_0004_0000.uasset" 8870
"/Engine/EngineMaterials/Substrate/Glints2/dict_0004_0000" 8871
"../../../Engine/Content/EngineMaterials/Substrate/Glints2/dict_0004_0006.uasset" 8872
"../../../Engine/Content/EngineMaterials/Substrate/Glints2/dict_0004_0002.uasset" 8873
"../../../Engine/Content/EngineMaterials/Substrate/Glints2/dict_0004_0007.uasset" 8874
"../../../Engine/Content/EngineMaterials/Substrate/Glints2/dict_0004_0014.uasset" 8875
"../../../Engine/Content/EngineMaterials/Substrate/Glints2/dict_0004_0008.uasset" 8876
"../../../Engine/Content/EngineMaterials/Substrate/Glints2/dict_0003_0208.uasset" 8877
"../../../Engine/Content/EngineMaterials/Substrate/Glints2/dict_0004_0013.uasset" 8878
"../../../Engine/Content/EngineMaterials/Substrate/Glints2/dict_0004_0011.uasset" 8879
"../../../Engine/Content/EngineMaterials/Substrate/Glints2/dict_0004_0012.uasset" 8880
"../../../Engine/Content/EngineMaterials/Substrate/Glints2/dict_0003_0216.uasset" 8881
"../../../Engine/Content/EngineMaterials/Substrate/Glints2/dict_0004_0009.uasset" 8882
"/Engine/EngineMaterials/Substrate/Glints2/dict_0004_0008" 8883
"../../../Engine/Content/EngineMaterials/Substrate/Glints2/dict_0004_0015.uasset" 8884
"../../../Engine/Content/EngineMaterials/Substrate/Glints2/dict_0003_0215.uasset" 8885
"/Engine/EngineMaterials/Substrate/Glints2/dict_0004_0007" 8886
"/Engine/EngineMaterials/Substrate/Glints2/dict_0004_0006" 8887
"../../../Engine/Content/EngineMaterials/Substrate/Glints2/dict_0003_0224.uasset" 8888
"../../../Engine/Content/EngineMaterials/Substrate/Glints2/dict_0003_0222.uasset" 8889
"../../../Engine/Content/EngineMaterials/Substrate/Glints2/dict_0004_0017.uasset" 8890
"/Engine/EngineMaterials/Substrate/Glints2/dict_0004_0014" 8891
"/Engine/EngineMaterials/Substrate/Glints2/dict_0004_0009" 8892
"/Engine/EngineMaterials/Substrate/Glints2/dict_0003_0208" 8893
"/Engine/EngineMaterials/Substrate/Glints2/dict_0004_0013" 8894
"/Engine/EngineMaterials/Substrate/Glints2/dict_0004_0012" 8895
"../../../Engine/Content/EngineMaterials/Substrate/Glints2/dict_0004_0018.uasset" 8896
"/Engine/EngineMaterials/Substrate/Glints2/dict_0004_0011" 8897
"/Engine/EngineMaterials/Substrate/Glints2/dict_0004_0002" 8898
"/Engine/EngineMaterials/Substrate/Glints2/dict_0003_0216" 8899
"/Engine/EngineMaterials/Substrate/Glints2/dict_0004_0018" 8900
"../../../Engine/Content/EngineMaterials/Substrate/Glints2/dict_0003_0220.uasset" 8901
"/Engine/EngineMaterials/Substrate/Glints2/dict_0004_0017" 8902
"/Engine/EngineMaterials/Substrate/Glints2/dict_0004_0015" 8903
"../../../Engine/Content/EngineMaterials/Substrate/Glints2/dict_0004_0022.uasset" 8904
"../../../Engine/Content/EngineMaterials/Substrate/Glints2/dict_0004_0025.uasset" 8905
"/Engine/EngineMaterials/Substrate/Glints2/dict_0003_0224" 8906
"../../../Engine/Content/EngineMaterials/Substrate/Glints2/dict_0004_0021.uasset" 8907
"/Engine/EngineMaterials/Substrate/Glints2/dict_0003_0215" 8908
"../../../Engine/Content/EngineMaterials/Substrate/Glints2/dict_0003_0229.uasset" 8909
"/Engine/EngineMaterials/Substrate/Glints2/dict_0003_0222" 8910
"../../../Engine/Content/EngineMaterials/Substrate/Glints2/dict_0004_0023.uasset" 8911
"../../../Engine/Content/EngineMaterials/Substrate/Glints2/dict_0004_0024.uasset" 8912
"/Engine/EngineMaterials/Substrate/Glints2/dict_0003_0220" 8913
"/Engine/EngineMaterials/Substrate/Glints2/dict_0004_0025" 8914
"/Engine/EngineMaterials/Substrate/Glints2/dict_0004_0023" 8915
"/Engine/EngineMaterials/Substrate/Glints2/dict_0004_0022" 8916
"/Engine/EngineMaterials/Substrate/Glints2/dict_0004_0021" 8917
"/Engine/EngineMaterials/Substrate/Glints2/dict_0003_0229" 8918
"/Engine/EngineMaterials/Substrate/Glints2/dict_0004_0024" 8919
"../../../Engine/Content/EngineMaterials/Substrate/Glints2/dict_0004_0026.uasset" 8920
"../../../Engine/Content/EngineMaterials/Substrate/Glints2/dict_0004_0031.uasset" 8921
"../../../Engine/Content/EngineMaterials/Substrate/Glints2/dict_0004_0032.uasset" 8922
"../../../Engine/Content/EngineMaterials/Substrate/Glints2/dict_0003_0247.uasset" 8923
"../../../Engine/Content/EngineMaterials/Substrate/Glints2/dict_0004_0033.uasset" 8924
"../../../Engine/Content/EngineMaterials/Substrate/Glints2/dict_0004_0027.uasset" 8925
"../../../Engine/Content/EngineMaterials/Substrate/Glints2/dict_0004_0028.uasset" 8926
"../../../Engine/Content/EngineMaterials/Substrate/Glints2/dict_0004_0036.uasset" 8927
"../../../Engine/Content/EngineMaterials/Substrate/Glints2/dict_0003_0253.uasset" 8928
"../../../Engine/Content/EngineMaterials/Substrate/Glints2/dict_0004_0030.uasset" 8929
"../../../Engine/Content/EngineMaterials/Substrate/Glints2/dict_0004_0039.uasset" 8930
"../../../Engine/Content/EngineMaterials/Substrate/Glints2/dict_0004_0038.uasset" 8931
"../../../Engine/Content/EngineMaterials/Substrate/Glints2/dict_0003_0150.uasset" 8932
"/Engine/EngineMaterials/Substrate/Glints2/dict_0004_0036" 8933
"/Engine/EngineMaterials/Substrate/Glints2/dict_0003_0247" 8934
"/Engine/EngineMaterials/Substrate/Glints2/dict_0003_0253" 8935
"/Engine/EngineMaterials/Substrate/Glints2/dict_0004_0033" 8936
"../../../Engine/Content/EngineMaterials/Substrate/Glints2/dict_0004_0037.uasset" 8937
"/Engine/EngineMaterials/Substrate/Glints2/dict_0004_0039" 8938
"/Engine/EngineMaterials/Substrate/Glints2/dict_0004_0032" 8939
"/Engine/EngineMaterials/Substrate/Glints2/dict_0004_0031" 8940
"/Engine/EngineMaterials/Substrate/Glints2/dict_0004_0030" 8941
"/Engine/EngineMaterials/Substrate/Glints2/dict_0004_0038" 8942
"/Engine/EngineMaterials/Substrate/Glints2/dict_0004_0028" 8943
"/Engine/EngineMaterials/Substrate/Glints2/dict_0004_0026" 8944
"../../../Engine/Content/EngineMaterials/Substrate/Glints2/dict_0004_0035.uasset" 8945
"/Engine/EngineMaterials/Substrate/Glints2/dict_0004_0027" 8946
"/Engine/EngineMaterials/Substrate/Glints2/dict_0003_0150" 8947
"/Engine/EngineMaterials/Substrate/Glints2/dict_0004_0037" 8948
"../../../Engine/Content/EngineMaterials/Substrate/Glints2/dict_0004_0046.uasset" 8949
"../../../Engine/Content/EngineMaterials/Substrate/Glints2/dict_0004_0045.uasset" 8950
"/Engine/EngineMaterials/Substrate/Glints2/dict_0004_0035" 8951
"../../../Engine/Content/EngineMaterials/Substrate/Glints2/dict_0004_0047.uasset" 8952
"../../../Engine/Content/EngineMaterials/Substrate/Glints2/dict_0004_0043.uasset" 8953
"/Engine/EngineMaterials/Substrate/Glints2/dict_0004_0043" 8954
"/Engine/EngineMaterials/Substrate/Glints2/dict_0004_0047" 8955
"../../../Engine/Content/EngineMaterials/Substrate/Glints2/dict_0004_0048.uasset" 8956
"/Engine/EngineMaterials/Substrate/Glints2/dict_0004_0046" 8957
"../../../Engine/Content/EngineMaterials/Substrate/Glints2/dict_0004_0050.uasset" 8958
"/Engine/EngineMaterials/Substrate/Glints2/dict_0004_0045" 8959
"/Engine/EngineMaterials/Substrate/Glints2/dict_0004_0050" 8960
"/Engine/EngineMaterials/Substrate/Glints2/dict_0004_0048" 8961
"../../../Engine/Content/EngineMaterials/Substrate/Glints2/dict_0004_0029.uasset" 8962
"../../../Engine/Content/EngineMaterials/Substrate/Glints2/dict_0004_0042.uasset" 8963
"../../../Engine/Content/EngineMaterials/Substrate/Glints2/dict_0004_0016.uasset" 8964
"../../../Engine/Content/EngineMaterials/Substrate/Glints2/dict_0004_0044.uasset" 8965
"../../../Engine/Content/EngineMaterials/Substrate/Glints2/dict_0004_0010.uasset" 8966
"/Engine/EngineMaterials/Substrate/Glints2/dict_0004_0042" 8967
"/Engine/EngineMaterials/Substrate/Glints2/dict_0004_0016" 8968
"/Engine/EngineMaterials/Substrate/Glints2/dict_0004_0029" 8969
"../../../Engine/Content/EngineMaterials/Substrate/Glints2/dict_0004_0058.uasset" 8970
"/Engine/EngineMaterials/Substrate/Glints2/dict_0004_0010" 8971
"../../../Engine/Content/EngineMaterials/Substrate/Glints2/dict_0004_0060.uasset" 8972
"/Engine/EngineMaterials/Substrate/Glints2/dict_0004_0044" 8973
"../../../Engine/Content/EngineMaterials/Substrate/Glints2/dict_0004_0056.uasset" 8974
"../../../Engine/Content/EngineMaterials/Substrate/Glints2/dict_0004_0057.uasset" 8975
"/Engine/EngineMaterials/Substrate/Glints2/dict_0004_0060" 8976
"../../../Engine/Content/EngineMaterials/Substrate/Glints2/dict_0004_0055.uasset" 8977
"/Engine/EngineMaterials/Substrate/Glints2/dict_0004_0058" 8978
"../../../Engine/Content/EngineMaterials/Substrate/Glints2/dict_0004_0034.uasset" 8979
"/Engine/EngineMaterials/Substrate/Glints2/dict_0004_0057" 8980
"../../../Engine/Content/EngineMaterials/Substrate/Glints2/dict_0004_0063.uasset" 8981
"/Engine/EngineMaterials/Substrate/Glints2/dict_0004_0056" 8982
"/Engine/EngineMaterials/Substrate/Glints2/dict_0004_0063" 8983
"../../../Engine/Content/EngineMaterials/Substrate/Glints2/dict_0004_0059.uasset" 8984
"../../../Engine/Content/EngineMaterials/Substrate/Glints2/dict_0004_0041.uasset" 8985
"/Engine/EngineMaterials/Substrate/Glints2/dict_0004_0034" 8986
"/Engine/EngineMaterials/Substrate/Glints2/dict_0004_0055" 8987
"/Engine/EngineMaterials/Substrate/Glints2/dict_0004_0041" 8988
"/Engine/EngineMaterials/Substrate/Glints2/dict_0004_0059" 8989
"../../../Engine/Content/EngineMaterials/Substrate/Glints2/dict_0004_0053.uasset" 8990
"../../../Engine/Content/EngineMaterials/Substrate/Glints2/dict_0004_0062.uasset" 8991
"../../../Engine/Content/EngineMaterials/Substrate/Glints2/dict_0004_0020.uasset" 8992
"../../../Engine/Content/EngineMaterials/Substrate/Glints2/dict_0004_0066.uasset" 8993
"../../../Engine/Content/EngineMaterials/Substrate/Glints2/dict_0004_0068.uasset" 8994
"../../../Engine/Content/EngineMaterials/Substrate/Glints2/dict_0004_0071.uasset" 8995
"../../../Engine/Content/EngineMaterials/Substrate/Glints2/dict_0004_0073.uasset" 8996
"../../../Engine/Content/EngineMaterials/Substrate/Glints2/dict_0004_0067.uasset" 8997
"../../../Engine/Content/EngineMaterials/Substrate/Glints2/dict_0004_0070.uasset" 8998
"../../../Engine/Content/EngineMaterials/Substrate/Glints2/dict_0004_0074.uasset" 8999
"/Engine/EngineMaterials/Substrate/Glints2/dict_0004_0071" 9000
"/Engine/EngineMaterials/Substrate/Glints2/dict_0004_0062" 9001
"/Engine/EngineMaterials/Substrate/Glints2/dict_0004_0070" 9002
"/Engine/EngineMaterials/Substrate/Glints2/dict_0004_0068" 9003
"/Engine/EngineMaterials/Substrate/Glints2/dict_0004_0067" 9004
"/Engine/EngineMaterials/Substrate/Glints2/dict_0004_0074" 9005
"/Engine/EngineMaterials/Substrate/Glints2/dict_0004_0066" 9006
"../../../Engine/Content/EngineMaterials/Substrate/Glints2/dict_0004_0075.uasset" 9007
"/Engine/EngineMaterials/Substrate/Glints2/dict_0004_0053" 9008
"/Engine/EngineMaterials/Substrate/Glints2/dict_0004_0020" 9009
"../../../Engine/Content/EngineMaterials/Substrate/Glints2/dict_0004_0040.uasset" 9010
"/Engine/EngineMaterials/Substrate/Glints2/dict_0004_0073" 9011
"../../../Engine/Content/EngineMaterials/Substrate/Glints2/dict_0004_0019.uasset" 9012
"/Engine/EngineMaterials/Substrate/Glints2/dict_0004_0075" 9013
"../../../Engine/Content/EngineMaterials/Substrate/Glints2/dict_0004_0072.uasset" 9014
"/Engine/EngineMaterials/Substrate/Glints2/dict_0004_0040" 9015
"../../../Engine/Content/EngineMaterials/Substrate/Glints2/dict_0004_0052.uasset" 9016
"/Engine/EngineMaterials/Substrate/Glints2/dict_0004_0019" 9017
"/Engine/EngineMaterials/Substrate/Glints2/dict_0004_0052" 9018
"/Engine/EngineMaterials/Substrate/Glints2/dict_0004_0072" 9019
"../../../Engine/Content/EngineMaterials/Substrate/Glints2/dict_0004_0081.uasset" 9020
"../../../Engine/Content/EngineMaterials/Substrate/Glints2/dict_0004_0082.uasset" 9021
"../../../Engine/Content/EngineMaterials/Substrate/Glints2/dict_0004_0083.uasset" 9022
"../../../Engine/Content/EngineMaterials/Substrate/Glints2/dict_0004_0084.uasset" 9023
"../../../Engine/Content/EngineMaterials/Substrate/Glints2/dict_0004_0085.uasset" 9024
"../../../Engine/Content/EngineMaterials/Substrate/Glints2/dict_0004_0080.uasset" 9025
"../../../Engine/Content/EngineMaterials/Substrate/Glints2/dict_0004_0078.uasset" 9026
"../../../Engine/Content/EngineMaterials/Substrate/Glints2/dict_0004_0079.uasset" 9027
"../../../Engine/Content/EngineMaterials/Substrate/Glints2/dict_0004_0061.uasset" 9028
"../../../Engine/Content/EngineMaterials/Substrate/Glints2/dict_0004_0051.uasset" 9029
"../../../Engine/Content/EngineMaterials/Substrate/Glints2/dict_0004_0054.uasset" 9030
"../../../Engine/Content/EngineMaterials/Substrate/Glints2/dict_0004_0086.uasset" 9031
"../../../Engine/Content/EngineMaterials/Substrate/Glints2/dict_0004_0088.uasset" 9032
"/Engine/EngineMaterials/Substrate/Glints2/dict_0004_0083" 9033
"/Engine/EngineMaterials/Substrate/Glints2/dict_0004_0085" 9034
"/Engine/EngineMaterials/Substrate/Glints2/dict_0004_0061" 9035
"../../../Engine/Content/EngineMaterials/Substrate/Glints2/dict_0004_0064.uasset" 9036
"/Engine/EngineMaterials/Substrate/Glints2/dict_0004_0082" 9037
"../../../Engine/Content/EngineMaterials/Substrate/Glints2/dict_0004_0091.uasset" 9038
"/Engine/EngineMaterials/Substrate/Glints2/dict_0004_0080" 9039
"../../../Engine/Content/EngineMaterials/Substrate/Glints2/dict_0004_0092.uasset" 9040
"/Engine/EngineMaterials/Substrate/Glints2/dict_0004_0084" 9041
"../../../Engine/Content/EngineMaterials/Substrate/Glints2/dict_0004_0065.uasset" 9042
"/Engine/EngineMaterials/Substrate/Glints2/dict_0004_0079" 9043
"../../../Engine/Content/EngineMaterials/Substrate/Glints2/dict_0004_0093.uasset" 9044
"/Engine/EngineMaterials/Substrate/Glints2/dict_0004_0078" 9045
"/Engine/EngineMaterials/Substrate/Glints2/dict_0004_0081" 9046
"/Engine/EngineMaterials/Substrate/Glints2/dict_0004_0054" 9047
"../../../Engine/Content/EngineMaterials/Substrate/Glints2/dict_0004_0076.uasset" 9048
"../../../Engine/Content/EngineMaterials/Substrate/Glints2/dict_0004_0094.uasset" 9049
"/Engine/EngineMaterials/Substrate/Glints2/dict_0004_0088" 9050
"/Engine/EngineMaterials/Substrate/Glints2/dict_0004_0051" 9051
"/Engine/EngineMaterials/Substrate/Glints2/dict_0004_0086" 9052
"/Engine/EngineMaterials/Substrate/Glints2/dict_0004_0065" 9053
"../../../Engine/Content/EngineMaterials/Substrate/Glints2/dict_0004_0095.uasset" 9054
"/Engine/EngineMaterials/Substrate/Glints2/dict_0004_0076" 9055
"/Engine/EngineMaterials/Substrate/Glints2/dict_0004_0064" 9056
"/Engine/EngineMaterials/Substrate/Glints2/dict_0004_0094" 9057
"/Engine/EngineMaterials/Substrate/Glints2/dict_0004_0093" 9058
"/Engine/EngineMaterials/Substrate/Glints2/dict_0004_0092" 9059
"/Engine/EngineMaterials/Substrate/Glints2/dict_0004_0091" 9060
"/Engine/EngineMaterials/Substrate/Glints2/dict_0004_0095" 9061
"../../../Engine/Content/EngineMaterials/Substrate/Glints2/dict_0004_0049.uasset" 9062
"../../../Engine/Content/EngineMaterials/Substrate/Glints2/dict_0004_0077.uasset" 9063
"../../../Engine/Content/EngineMaterials/Substrate/Glints2/dict_0004_0087.uasset" 9064
"../../../Engine/Content/EngineMaterials/Substrate/Glints2/dict_0004_0096.uasset" 9065
"/Engine/EngineMaterials/Substrate/Glints2/dict_0004_0049" 9066
"../../../Engine/Content/EngineMaterials/Substrate/Glints2/dict_0004_0105.uasset" 9067
"../../../Engine/Content/EngineMaterials/Substrate/Glints2/dict_0004_0106.uasset" 9068
"../../../Engine/Content/EngineMaterials/Substrate/Glints2/dict_0004_0107.uasset" 9069
"../../../Engine/Content/EngineMaterials/Substrate/Glints2/dict_0004_0108.uasset" 9070
"../../../Engine/Content/EngineMaterials/Substrate/Glints2/dict_0004_0103.uasset" 9071
"../../../Engine/Content/EngineMaterials/Substrate/Glints2/dict_0004_0111.uasset" 9072
"/Engine/EngineMaterials/Substrate/Glints2/dict_0004_0077" 9073
"../../../Engine/Content/EngineMaterials/Substrate/Glints2/dict_0004_0102.uasset" 9074
"/Engine/EngineMaterials/Substrate/Glints2/dict_0004_0087" 9075
"../../../Engine/Content/EngineMaterials/Substrate/Glints2/dict_0004_0101.uasset" 9076
"/Engine/EngineMaterials/Substrate/Glints2/dict_0004_0096" 9077
"../../../Engine/Content/EngineMaterials/Substrate/Glints2/dict_0004_0099.uasset" 9078
"../../../Engine/Content/EngineMaterials/Substrate/Glints2/dict_0004_0110.uasset" 9079
"/Engine/EngineMaterials/Substrate/Glints2/dict_0004_0111" 9080
"/Engine/EngineMaterials/Substrate/Glints2/dict_0004_0110" 9081
"../../../Engine/Content/EngineMaterials/Substrate/Glints2/dict_0004_0069.uasset" 9082
"/Engine/EngineMaterials/Substrate/Glints2/dict_0004_0108" 9083
"/Engine/EngineMaterials/Substrate/Glints2/dict_0004_0107" 9084
"/Engine/EngineMaterials/Substrate/Glints2/dict_0004_0106" 9085
"/Engine/EngineMaterials/Substrate/Glints2/dict_0004_0105" 9086
"/Engine/EngineMaterials/Substrate/Glints2/dict_0004_0103" 9087
"/Engine/EngineMaterials/Substrate/Glints2/dict_0004_0102" 9088
"../../../Engine/Content/EngineMaterials/Substrate/Glints2/dict_0004_0109.uasset" 9089
"/Engine/EngineMaterials/Substrate/Glints2/dict_0004_0101" 9090
"/Engine/EngineMaterials/Substrate/Glints2/dict_0004_0099" 9091
"/Engine/EngineMaterials/Substrate/Glints2/dict_0004_0069" 9092
"/Engine/EngineMaterials/Substrate/Glints2/dict_0004_0109" 9093
"../../../Engine/Content/EngineMaterials/Substrate/Glints2/dict_0004_0114.uasset" 9094
"../../../Engine/Content/EngineMaterials/Substrate/Glints2/dict_0004_0090.uasset" 9095
"../../../Engine/Content/EngineMaterials/Substrate/Glints2/dict_0004_0116.uasset" 9096
"../../../Engine/Content/EngineMaterials/Substrate/Glints2/dict_0004_0117.uasset" 9097
"../../../Engine/Content/EngineMaterials/Substrate/Glints2/dict_0004_0119.uasset" 9098
"../../../Engine/Content/EngineMaterials/Substrate/Glints2/dict_0004_0122.uasset" 9099
"../../../Engine/Content/EngineMaterials/Substrate/Glints2/dict_0004_0121.uasset" 9100
"../../../Engine/Content/EngineMaterials/Substrate/Glints2/dict_0004_0124.uasset" 9101
"../../../Engine/Content/EngineMaterials/Substrate/Glints2/dict_0004_0123.uasset" 9102
"../../../Engine/Content/EngineMaterials/Substrate/Glints2/dict_0004_0125.uasset" 9103
"../../../Engine/Content/EngineMaterials/Substrate/Glints2/dict_0004_0127.uasset" 9104
"../../../Engine/Content/EngineMaterials/Substrate/Glints2/dict_0004_0126.uasset" 9105
"../../../Engine/Content/EngineMaterials/Substrate/Glints2/dict_0004_0128.uasset" 9106
"/Engine/EngineMaterials/Substrate/Glints2/dict_0004_0125" 9107
"/Engine/EngineMaterials/Substrate/Glints2/dict_0004_0121" 9108
"../../../Engine/Content/EngineMaterials/Substrate/Glints2/dict_0004_0089.uasset" 9109
"/Engine/EngineMaterials/Substrate/Glints2/dict_0004_0119" 9110
"/Engine/EngineMaterials/Substrate/Glints2/dict_0004_0117" 9111
"/Engine/EngineMaterials/Substrate/Glints2/dict_0004_0116" 9112
"/Engine/EngineMaterials/Substrate/Glints2/dict_0004_0114" 9113
"/Engine/EngineMaterials/Substrate/Glints2/dict_0004_0124" 9114
"../../../Engine/Content/EngineMaterials/Substrate/Glints2/dict_0004_0115.uasset" 9115
"/Engine/EngineMaterials/Substrate/Glints2/dict_0004_0090" 9116
"/Engine/EngineMaterials/Substrate/Glints2/dict_0004_0123" 9117
"/Engine/EngineMaterials/Substrate/Glints2/dict_0004_0122" 9118
"/Engine/EngineMaterials/Substrate/Glints2/dict_0004_0127" 9119
"/Engine/EngineMaterials/Substrate/Glints2/dict_0004_0126" 9120
"../../../Engine/Content/EngineMaterials/Substrate/Glints2/dict_0004_0131.uasset" 9121
"/Engine/EngineMaterials/Substrate/Glints2/dict_0004_0115" 9122
"/Engine/EngineMaterials/Substrate/Glints2/dict_0004_0131" 9123
"../../../Engine/Content/EngineMaterials/Substrate/Glints2/dict_0004_0118.uasset" 9124
"/Engine/EngineMaterials/Substrate/Glints2/dict_0004_0089" 9125
"/Engine/EngineMaterials/Substrate/Glints2/dict_0004_0128" 9126
"/Engine/EngineMaterials/Substrate/Glints2/dict_0004_0118" 9127
"../../../Engine/Content/EngineMaterials/Substrate/Glints2/dict_0004_0098.uasset" 9128
"../../../Engine/Content/EngineMaterials/Substrate/Glints2/dict_0004_0134.uasset" 9129
"../../../Engine/Content/EngineMaterials/Substrate/Glints2/dict_0004_0135.uasset" 9130
"../../../Engine/Content/EngineMaterials/Substrate/Glints2/dict_0004_0130.uasset" 9131
"../../../Engine/Content/EngineMaterials/Substrate/Glints2/dict_0004_0132.uasset" 9132
"../../../Engine/Content/EngineMaterials/Substrate/Glints2/dict_0004_0137.uasset" 9133
"../../../Engine/Content/EngineMaterials/Substrate/Glints2/dict_0004_0136.uasset" 9134
"../../../Engine/Content/EngineMaterials/Substrate/Glints2/dict_0004_0129.uasset" 9135
"../../../Engine/Content/EngineMaterials/Substrate/Glints2/dict_0004_0097.uasset" 9136
"../../../Engine/Content/EngineMaterials/Substrate/Glints2/dict_0004_0138.uasset" 9137
"../../../Engine/Content/EngineMaterials/Substrate/Glints2/dict_0004_0141.uasset" 9138
"../../../Engine/Content/EngineMaterials/Substrate/Glints2/dict_0004_0143.uasset" 9139
"../../../Engine/Content/EngineMaterials/Substrate/Glints2/dict_0004_0142.uasset" 9140
"/Engine/EngineMaterials/Substrate/Glints2/dict_0004_0137" 9141
"../../../Engine/Content/EngineMaterials/Substrate/Glints2/dict_0004_0139.uasset" 9142
"/Engine/EngineMaterials/Substrate/Glints2/dict_0004_0098" 9143
"../../../Engine/Content/EngineMaterials/Substrate/Glints2/dict_0004_0146.uasset" 9144
"../../../Engine/Content/EngineMaterials/Substrate/Glints2/dict_0004_0147.uasset" 9145
"/Engine/EngineMaterials/Substrate/Glints2/dict_0004_0135" 9146
"../../../Engine/Content/EngineMaterials/Substrate/Glints2/dict_0004_0148.uasset" 9147
"/Engine/EngineMaterials/Substrate/Glints2/dict_0004_0134" 9148
"/Engine/EngineMaterials/Substrate/Glints2/dict_0004_0136" 9149
"../../../Engine/Content/EngineMaterials/Substrate/Glints2/dict_0004_0149.uasset" 9150
"/Engine/EngineMaterials/Substrate/Glints2/dict_0004_0097" 9151
"/Engine/EngineMaterials/Substrate/Glints2/dict_0004_0132" 9152
"/Engine/EngineMaterials/Substrate/Glints2/dict_0004_0143" 9153
"../../../Engine/Content/EngineMaterials/Substrate/Glints2/dict_0004_0150.uasset" 9154
"/Engine/EngineMaterials/Substrate/Glints2/dict_0004_0142" 9155
"/Engine/EngineMaterials/Substrate/Glints2/dict_0004_0130" 9156
"../../../Engine/Content/EngineMaterials/Substrate/Glints2/dict_0004_0140.uasset" 9157
"/Engine/EngineMaterials/Substrate/Glints2/dict_0004_0129" 9158
"/Engine/EngineMaterials/Substrate/Glints2/dict_0004_0141" 9159
"/Engine/EngineMaterials/Substrate/Glints2/dict_0004_0138" 9160
"../../../Engine/Content/EngineMaterials/Substrate/Glints2/dict_0004_0151.uasset" 9161
"/Engine/EngineMaterials/Substrate/Glints2/dict_0004_0149" 9162
"/Engine/EngineMaterials/Substrate/Glints2/dict_0004_0148" 9163
"../../../Engine/Content/EngineMaterials/Substrate/Glints2/dict_0004_0144.uasset" 9164
"/Engine/EngineMaterials/Substrate/Glints2/dict_0004_0147" 9165
"../../../Engine/Content/EngineMaterials/Substrate/Glints2/dict_0004_0100.uasset" 9166
"/Engine/EngineMaterials/Substrate/Glints2/dict_0004_0146" 9167
"/Engine/EngineMaterials/Substrate/Glints2/dict_0004_0150" 9168
"/Engine/EngineMaterials/Substrate/Glints2/dict_0004_0140" 9169
"/Engine/EngineMaterials/Substrate/Glints2/dict_0004_0139" 9170
"/Engine/EngineMaterials/Substrate/Glints2/dict_0004_0144" 9171
"/Engine/EngineMaterials/Substrate/Glints2/dict_0004_0151" 9172
"/Engine/EngineMaterials/Substrate/Glints2/dict_0004_0100" 9173
"../../../Engine/Content/EngineMaterials/Substrate/Glints2/dict_0004_0112.uasset" 9174
"../../../Engine/Content/EngineMaterials/Substrate/Glints2/dict_0004_0154.uasset" 9175
"../../../Engine/Content/EngineMaterials/Substrate/Glints2/dict_0004_0162.uasset" 9176
"../../../Engine/Content/EngineMaterials/Substrate/Glints2/dict_0004_0158.uasset" 9177
"../../../Engine/Content/EngineMaterials/Substrate/Glints2/dict_0004_0164.uasset" 9178
"../../../Engine/Content/EngineMaterials/Substrate/Glints2/dict_0004_0156.uasset" 9179
"../../../Engine/Content/EngineMaterials/Substrate/Glints2/dict_0004_0155.uasset" 9180
"../../../Engine/Content/EngineMaterials/Substrate/Glints2/dict_0004_0165.uasset" 9181
"../../../Engine/Content/EngineMaterials/Substrate/Glints2/dict_0004_0160.uasset" 9182
"../../../Engine/Content/EngineMaterials/Substrate/Glints2/dict_0004_0163.uasset" 9183
"/Engine/EngineMaterials/Substrate/Glints2/dict_0004_0112" 9184
"/Engine/EngineMaterials/Substrate/Glints2/dict_0004_0154" 9185
"/Engine/EngineMaterials/Substrate/Glints2/dict_0004_0165" 9186
"/Engine/EngineMaterials/Substrate/Glints2/dict_0004_0164" 9187
"/Engine/EngineMaterials/Substrate/Glints2/dict_0004_0163" 9188
"../../../Engine/Content/EngineMaterials/Substrate/Glints2/dict_0004_0161.uasset" 9189
"/Engine/EngineMaterials/Substrate/Glints2/dict_0004_0162" 9190
"/Engine/EngineMaterials/Substrate/Glints2/dict_0004_0160" 9191
"/Engine/EngineMaterials/Substrate/Glints2/dict_0004_0158" 9192
"/Engine/EngineMaterials/Substrate/Glints2/dict_0004_0156" 9193
"/Engine/EngineMaterials/Substrate/Glints2/dict_0004_0155" 9194
"/Engine/EngineMaterials/Substrate/Glints2/dict_0004_0161" 9195
"../../../Engine/Content/EngineMaterials/Substrate/Glints2/dict_0004_0157.uasset" 9196
"../../../Engine/Content/EngineMaterials/Substrate/Glints2/dict_0004_0166.uasset" 9197
"../../../Engine/Content/EngineMaterials/Substrate/Glints2/dict_0004_0159.uasset" 9198
"../../../Engine/Content/EngineMaterials/Substrate/Glints2/dict_0004_0167.uasset" 9199
"../../../Engine/Content/EngineMaterials/Substrate/Glints2/dict_0004_0169.uasset" 9200
"../../../Engine/Content/EngineMaterials/Substrate/Glints2/dict_0004_0177.uasset" 9201
"../../../Engine/Content/EngineMaterials/Substrate/Glints2/dict_0004_0172.uasset" 9202
"../../../Engine/Content/EngineMaterials/Substrate/Glints2/dict_0004_0176.uasset" 9203
"../../../Engine/Content/EngineMaterials/Substrate/Glints2/dict_0004_0120.uasset" 9204
"../../../Engine/Content/EngineMaterials/Substrate/Glints2/dict_0004_0173.uasset" 9205
"../../../Engine/Content/EngineMaterials/Substrate/Glints2/dict_0004_0171.uasset" 9206
"/Engine/EngineMaterials/Substrate/Glints2/dict_0004_0120" 9207
"../../../Engine/Content/EngineMaterials/Substrate/Glints2/dict_0004_0178.uasset" 9208
"/Engine/EngineMaterials/Substrate/Glints2/dict_0004_0167" 9209
"/Engine/EngineMaterials/Substrate/Glints2/dict_0004_0173" 9210
"/Engine/EngineMaterials/Substrate/Glints2/dict_0004_0172" 9211
"/Engine/EngineMaterials/Substrate/Glints2/dict_0004_0166" 9212
"/Engine/EngineMaterials/Substrate/Glints2/dict_0004_0171" 9213
"/Engine/EngineMaterials/Substrate/Glints2/dict_0004_0177" 9214
"/Engine/EngineMaterials/Substrate/Glints2/dict_0004_0159" 9215
"/Engine/EngineMaterials/Substrate/Glints2/dict_0004_0176" 9216
"../../../Engine/Content/EngineMaterials/Substrate/Glints2/dict_0004_0175.uasset" 9217
"../../../Engine/Content/EngineMaterials/Substrate/Glints2/dict_0004_0179.uasset" 9218
"/Engine/EngineMaterials/Substrate/Glints2/dict_0004_0157" 9219
"/Engine/EngineMaterials/Substrate/Glints2/dict_0004_0169" 9220
"/Engine/EngineMaterials/Substrate/Glints2/dict_0004_0175" 9221
"/Engine/EngineMaterials/Substrate/Glints2/dict_0004_0179" 9222
"../../../Engine/Content/EngineMaterials/Substrate/Glints2/dict_0004_0181.uasset" 9223
"/Engine/EngineMaterials/Substrate/Glints2/dict_0004_0178" 9224
"/Engine/EngineMaterials/Substrate/Glints2/dict_0004_0181" 9225
"../../../Engine/Content/EngineMaterials/Substrate/Glints2/dict_0004_0183.uasset" 9226
"../../../Engine/Content/EngineMaterials/Substrate/Glints2/dict_0004_0180.uasset" 9227
"../../../Engine/Content/EngineMaterials/Substrate/Glints2/dict_0004_0185.uasset" 9228
"../../../Engine/Content/EngineMaterials/Substrate/Glints2/dict_0004_0133.uasset" 9229
"../../../Engine/Content/EngineMaterials/Substrate/Glints2/dict_0004_0184.uasset" 9230
"../../../Engine/Content/EngineMaterials/Substrate/Glints2/dict_0004_0186.uasset" 9231
"../../../Engine/Content/EngineMaterials/Substrate/Glints2/dict_0004_0104.uasset" 9232
"../../../Engine/Content/EngineMaterials/Substrate/Glints2/dict_0004_0188.uasset" 9233
"../../../Engine/Content/EngineMaterials/Substrate/Glints2/dict_0004_0187.uasset" 9234
"/Engine/EngineMaterials/Substrate/Glints2/dict_0004_0187" 9235
"../../../Engine/Content/EngineMaterials/Substrate/Glints2/dict_0004_0191.uasset" 9236
"../../../Engine/Content/EngineMaterials/Substrate/Glints2/dict_0004_0190.uasset" 9237
"../../../Engine/Content/EngineMaterials/Substrate/Glints2/dict_0004_0195.uasset" 9238
"../../../Engine/Content/EngineMaterials/Substrate/Glints2/dict_0004_0192.uasset" 9239
"../../../Engine/Content/EngineMaterials/Substrate/Glints2/dict_0004_0194.uasset" 9240
"/Engine/EngineMaterials/Substrate/Glints2/dict_0004_0186" 9241
"../../../Engine/Content/EngineMaterials/Substrate/Glints2/dict_0004_0196.uasset" 9242
"/Engine/EngineMaterials/Substrate/Glints2/dict_0004_0185" 9243
"/Engine/EngineMaterials/Substrate/Glints2/dict_0004_0184" 9244
"../../../Engine/Content/EngineMaterials/Substrate/Glints2/dict_0004_0189.uasset" 9245
"../../../Engine/Content/EngineMaterials/Substrate/Glints2/dict_0004_0145.uasset" 9246
"/Engine/EngineMaterials/Substrate/Glints2/dict_0004_0183" 9247
"/Engine/EngineMaterials/Substrate/Glints2/dict_0004_0133" 9248
"/Engine/EngineMaterials/Substrate/Glints2/dict_0004_0188" 9249
"/Engine/EngineMaterials/Substrate/Glints2/dict_0004_0180" 9250
"/Engine/EngineMaterials/Substrate/Glints2/dict_0004_0104" 9251
"../../../Engine/Content/EngineMaterials/Substrate/Glints2/dict_0004_0201.uasset" 9252
"../../../Engine/Content/EngineMaterials/Substrate/Glints2/dict_0004_0198.uasset" 9253
"../../../Engine/Content/EngineMaterials/Substrate/Glints2/dict_0004_0199.uasset" 9254
"/Engine/EngineMaterials/Substrate/Glints2/dict_0004_0199" 9255
"/Engine/EngineMaterials/Substrate/Glints2/dict_0004_0198" 9256
"/Engine/EngineMaterials/Substrate/Glints2/dict_0004_0196" 9257
"/Engine/EngineMaterials/Substrate/Glints2/dict_0004_0195" 9258
"/Engine/EngineMaterials/Substrate/Glints2/dict_0004_0194" 9259
"/Engine/EngineMaterials/Substrate/Glints2/dict_0004_0145" 9260
"/Engine/EngineMaterials/Substrate/Glints2/dict_0004_0192" 9261
"/Engine/EngineMaterials/Substrate/Glints2/dict_0004_0191" 9262
"/Engine/EngineMaterials/Substrate/Glints2/dict_0004_0190" 9263
"../../../Engine/Content/EngineMaterials/Substrate/Glints2/dict_0004_0152.uasset" 9264
"/Engine/EngineMaterials/Substrate/Glints2/dict_0004_0201" 9265
"/Engine/EngineMaterials/Substrate/Glints2/dict_0004_0189" 9266
"../../../Engine/Content/EngineMaterials/Substrate/Glints2/dict_0004_0182.uasset" 9267
"/Engine/EngineMaterials/Substrate/Glints2/dict_0004_0182" 9268
"/Engine/EngineMaterials/Substrate/Glints2/dict_0004_0152" 9269
"../../../Engine/Content/EngineMaterials/Substrate/Glints2/dict_0004_0197.uasset" 9270
"../../../Engine/Content/EngineMaterials/Substrate/Glints2/dict_0004_0203.uasset" 9271
"../../../Engine/Content/EngineMaterials/Substrate/Glints2/dict_0004_0193.uasset" 9272
"../../../Engine/Content/EngineMaterials/Substrate/Glints2/dict_0004_0208.uasset" 9273
"../../../Engine/Content/EngineMaterials/Substrate/Glints2/dict_0004_0209.uasset" 9274
"../../../Engine/Content/EngineMaterials/Substrate/Glints2/dict_0004_0212.uasset" 9275
"../../../Engine/Content/EngineMaterials/Substrate/Glints2/dict_0004_0210.uasset" 9276
"../../../Engine/Content/EngineMaterials/Substrate/Glints2/dict_0004_0204.uasset" 9277
"../../../Engine/Content/EngineMaterials/Substrate/Glints2/dict_0004_0211.uasset" 9278
"../../../Engine/Content/EngineMaterials/Substrate/Glints2/dict_0004_0206.uasset" 9279
"../../../Engine/Content/EngineMaterials/Substrate/Glints2/dict_0004_0215.uasset" 9280
"../../../Engine/Content/EngineMaterials/Substrate/Glints2/dict_0004_0214.uasset" 9281
"/Engine/EngineMaterials/Substrate/Glints2/dict_0004_0197" 9282
"/Engine/EngineMaterials/Substrate/Glints2/dict_0004_0212" 9283
"../../../Engine/Content/EngineMaterials/Substrate/Glints2/dict_0004_0213.uasset" 9284
"/Engine/EngineMaterials/Substrate/Glints2/dict_0004_0211" 9285
"/Engine/EngineMaterials/Substrate/Glints2/dict_0004_0210" 9286
"/Engine/EngineMaterials/Substrate/Glints2/dict_0004_0209" 9287
"/Engine/EngineMaterials/Substrate/Glints2/dict_0004_0208" 9288
"/Engine/EngineMaterials/Substrate/Glints2/dict_0004_0206" 9289
"/Engine/EngineMaterials/Substrate/Glints2/dict_0004_0193" 9290
"/Engine/EngineMaterials/Substrate/Glints2/dict_0004_0203" 9291
"../../../Engine/Content/EngineMaterials/Substrate/Glints2/dict_0004_0205.uasset" 9292
"/Engine/EngineMaterials/Substrate/Glints2/dict_0004_0204" 9293
"/Engine/EngineMaterials/Substrate/Glints2/dict_0004_0215" 9294
"/Engine/EngineMaterials/Substrate/Glints2/dict_0004_0205" 9295
"/Engine/EngineMaterials/Substrate/Glints2/dict_0004_0214" 9296
"/Engine/EngineMaterials/Substrate/Glints2/dict_0004_0213" 9297
"../../../Engine/Content/EngineMaterials/Substrate/Glints2/dict_0004_0220.uasset" 9298
"../../../Engine/Content/EngineMaterials/Substrate/Glints2/dict_0004_0224.uasset" 9299
"../../../Engine/Content/EngineMaterials/Substrate/Glints2/dict_0004_0221.uasset" 9300
"../../../Engine/Content/EngineMaterials/Substrate/Glints2/dict_0004_0217.uasset" 9301
"../../../Engine/Content/EngineMaterials/Substrate/Glints2/dict_0004_0222.uasset" 9302
"../../../Engine/Content/EngineMaterials/Substrate/Glints2/dict_0004_0225.uasset" 9303
"../../../Engine/Content/EngineMaterials/Substrate/Glints2/dict_0004_0219.uasset" 9304
"../../../Engine/Content/EngineMaterials/Substrate/Glints2/dict_0004_0229.uasset" 9305
"../../../Engine/Content/EngineMaterials/Substrate/Glints2/dict_0004_0228.uasset" 9306
"../../../Engine/Content/EngineMaterials/Substrate/Glints2/dict_0004_0153.uasset" 9307
"../../../Engine/Content/EngineMaterials/Substrate/Glints2/dict_0004_0168.uasset" 9308
"../../../Engine/Content/EngineMaterials/Substrate/Glints2/dict_0004_0227.uasset" 9309
"/Engine/EngineMaterials/Substrate/Glints2/dict_0004_0222" 9310
"/Engine/EngineMaterials/Substrate/Glints2/dict_0004_0221" 9311
"/Engine/EngineMaterials/Substrate/Glints2/dict_0004_0220" 9312
"../../../Engine/Content/EngineMaterials/Substrate/Glints2/dict_0004_0231.uasset" 9313
"../../../Engine/Content/EngineMaterials/Substrate/Glints2/dict_0004_0232.uasset" 9314
"../../../Engine/Content/EngineMaterials/Substrate/Glints2/dict_0004_0230.uasset" 9315
"../../../Engine/Content/EngineMaterials/Substrate/Glints2/dict_0004_0233.uasset" 9316
"/Engine/EngineMaterials/Substrate/Glints2/dict_0004_0219" 9317
"/Engine/EngineMaterials/Substrate/Glints2/dict_0004_0153" 9318
"../../../Engine/Content/EngineMaterials/Substrate/Glints2/dict_0004_0223.uasset" 9319
"/Engine/EngineMaterials/Substrate/Glints2/dict_0004_0225" 9320
"/Engine/EngineMaterials/Substrate/Glints2/dict_0004_0229" 9321
"/Engine/EngineMaterials/Substrate/Glints2/dict_0004_0224" 9322
"/Engine/EngineMaterials/Substrate/Glints2/dict_0004_0228" 9323
"/Engine/EngineMaterials/Substrate/Glints2/dict_0004_0217" 9324
"/Engine/EngineMaterials/Substrate/Glints2/dict_0004_0227" 9325
"/Engine/EngineMaterials/Substrate/Glints2/dict_0004_0168" 9326
"/Engine/EngineMaterials/Substrate/Glints2/dict_0004_0223" 9327
"/Engine/EngineMaterials/Substrate/Glints2/dict_0004_0233" 9328
"/Engine/EngineMaterials/Substrate/Glints2/dict_0004_0232" 9329
"../../../Engine/Content/EngineMaterials/Substrate/Glints2/dict_0004_0234.uasset" 9330
"/Engine/EngineMaterials/Substrate/Glints2/dict_0004_0231" 9331
"/Engine/EngineMaterials/Substrate/Glints2/dict_0004_0230" 9332
"/Engine/EngineMaterials/Substrate/Glints2/dict_0004_0234" 9333
"../../../Engine/Content/EngineMaterials/Substrate/Glints2/dict_0004_0238.uasset" 9334
"../../../Engine/Content/EngineMaterials/Substrate/Glints2/dict_0004_0237.uasset" 9335
"../../../Engine/Content/EngineMaterials/Substrate/Glints2/dict_0004_0239.uasset" 9336
"../../../Engine/Content/EngineMaterials/Substrate/Glints2/dict_0004_0235.uasset" 9337
"../../../Engine/Content/EngineMaterials/Substrate/Glints2/dict_0004_0216.uasset" 9338
"../../../Engine/Content/EngineMaterials/Substrate/Glints2/dict_0004_0240.uasset" 9339
"../../../Engine/Content/EngineMaterials/Substrate/Glints2/dict_0004_0244.uasset" 9340
"../../../Engine/Content/EngineMaterials/Substrate/Glints2/dict_0004_0241.uasset" 9341
"../../../Engine/Content/EngineMaterials/Substrate/Glints2/dict_0004_0246.uasset" 9342
"../../../Engine/Content/EngineMaterials/Substrate/Glints2/dict_0004_0243.uasset" 9343
"../../../Engine/Content/EngineMaterials/Substrate/Glints2/dict_0004_0247.uasset" 9344
"../../../Engine/Content/EngineMaterials/Substrate/Glints2/dict_0004_0245.uasset" 9345
"../../../Engine/Content/EngineMaterials/Substrate/Glints2/dict_0004_0242.uasset" 9346
"/Engine/EngineMaterials/Substrate/Glints2/dict_0004_0235" 9347
"/Engine/EngineMaterials/Substrate/Glints2/dict_0004_0246" 9348
"../../../Engine/Content/EngineMaterials/Substrate/Glints2/dict_0004_0170.uasset" 9349
"/Engine/EngineMaterials/Substrate/Glints2/dict_0004_0244" 9350
"../../../Engine/Content/EngineMaterials/Substrate/Glints2/dict_0004_0174.uasset" 9351
"/Engine/EngineMaterials/Substrate/Glints2/dict_0004_0243" 9352
"../../../Engine/Content/EngineMaterials/Substrate/Glints2/dict_0004_0248.uasset" 9353
"/Engine/EngineMaterials/Substrate/Glints2/dict_0004_0242" 9354
"../../../Engine/Content/EngineMaterials/Substrate/Glints2/dict_0004_0113.uasset" 9355
"/Engine/EngineMaterials/Substrate/Glints2/dict_0004_0239" 9356
"../../../Engine/Content/EngineMaterials/Substrate/Glints2/dict_0004_0249.uasset" 9357
"/Engine/EngineMaterials/Substrate/Glints2/dict_0004_0241" 9358
"/Engine/EngineMaterials/Substrate/Glints2/dict_0004_0216" 9359
"/Engine/EngineMaterials/Substrate/Glints2/dict_0004_0238" 9360
"/Engine/EngineMaterials/Substrate/Glints2/dict_0004_0237" 9361
"/Engine/EngineMaterials/Substrate/Glints2/dict_0004_0240" 9362
"/Engine/EngineMaterials/Substrate/Glints2/dict_0004_0174" 9363
"/Engine/EngineMaterials/Substrate/Glints2/dict_0004_0113" 9364
"/Engine/EngineMaterials/Substrate/Glints2/dict_0004_0249" 9365
"/Engine/EngineMaterials/Substrate/Glints2/dict_0004_0248" 9366
"/Engine/EngineMaterials/Substrate/Glints2/dict_0004_0247" 9367
"/Engine/EngineMaterials/Substrate/Glints2/dict_0004_0245" 9368
"/Engine/EngineMaterials/Substrate/Glints2/dict_0004_0170" 9369
"../../../Engine/Content/EngineMaterials/Substrate/Glints2/dict_0004_0202.uasset" 9370
"../../../Engine/Content/EngineMaterials/Substrate/Glints2/dict_0004_0218.uasset" 9371
"../../../Engine/Content/EngineMaterials/Substrate/Glints2/dict_0005_0000.uasset" 9372
"../../../Engine/Content/EngineMaterials/Substrate/Glints2/dict_0004_0255.uasset" 9373
"../../../Engine/Content/EngineMaterials/Substrate/Glints2/dict_0005_0001.uasset" 9374
"../../../Engine/Content/EngineMaterials/Substrate/Glints2/dict_0004_0251.uasset" 9375
"../../../Engine/Content/EngineMaterials/Substrate/Glints2/dict_0004_0253.uasset" 9376
"../../../Engine/Content/EngineMaterials/Substrate/Glints2/dict_0004_0236.uasset" 9377
"../../../Engine/Content/EngineMaterials/Substrate/Glints2/dict_0004_0254.uasset" 9378
"../../../Engine/Content/EngineMaterials/Substrate/Glints2/dict_0005_0002.uasset" 9379
"../../../Engine/Content/EngineMaterials/Substrate/Glints2/dict_0005_0007.uasset" 9380
"../../../Engine/Content/EngineMaterials/Substrate/Glints2/dict_0005_0006.uasset" 9381
"../../../Engine/Content/EngineMaterials/Substrate/Glints2/dict_0004_0207.uasset" 9382
"/Engine/EngineMaterials/Substrate/Glints2/dict_0005_0000" 9383
"../../../Engine/Content/EngineMaterials/Substrate/Glints2/dict_0005_0009.uasset" 9384
"../../../Engine/Content/EngineMaterials/Substrate/Glints2/dict_0005_0004.uasset" 9385
"/Engine/EngineMaterials/Substrate/Glints2/dict_0004_0251" 9386
"../../../Engine/Content/EngineMaterials/Substrate/Glints2/dict_0005_0008.uasset" 9387
"/Engine/EngineMaterials/Substrate/Glints2/dict_0004_0236" 9388
"/Engine/EngineMaterials/Substrate/Glints2/dict_0005_0001" 9389
"/Engine/EngineMaterials/Substrate/Glints2/dict_0004_0255" 9390
"/Engine/EngineMaterials/Substrate/Glints2/dict_0004_0254" 9391
"../../../Engine/Content/EngineMaterials/Substrate/Glints2/dict_0005_0011.uasset" 9392
"/Engine/EngineMaterials/Substrate/Glints2/dict_0004_0218" 9393
"../../../Engine/Content/EngineMaterials/Substrate/Glints2/dict_0005_0014.uasset" 9394
"/Engine/EngineMaterials/Substrate/Glints2/dict_0004_0253" 9395
"../../../Engine/Content/EngineMaterials/Substrate/Glints2/dict_0005_0018.uasset" 9396
"/Engine/EngineMaterials/Substrate/Glints2/dict_0004_0207" 9397
"/Engine/EngineMaterials/Substrate/Glints2/dict_0005_0007" 9398
"/Engine/EngineMaterials/Substrate/Glints2/dict_0005_0006" 9399
"/Engine/EngineMaterials/Substrate/Glints2/dict_0004_0202" 9400
"/Engine/EngineMaterials/Substrate/Glints2/dict_0005_0002" 9401
"/Engine/EngineMaterials/Substrate/Glints2/dict_0005_0018" 9402
"/Engine/EngineMaterials/Substrate/Glints2/dict_0005_0011" 9403
"/Engine/EngineMaterials/Substrate/Glints2/dict_0005_0014" 9404
"../../../Engine/Content/EngineMaterials/Substrate/Glints2/dict_0005_0013.uasset" 9405
"/Engine/EngineMaterials/Substrate/Glints2/dict_0005_0009" 9406
"/Engine/EngineMaterials/Substrate/Glints2/dict_0005_0008" 9407
"/Engine/EngineMaterials/Substrate/Glints2/dict_0005_0004" 9408
"/Engine/EngineMaterials/Substrate/Glints2/dict_0005_0013" 9409
"../../../Engine/Content/EngineMaterials/Substrate/Glints2/dict_0005_0012.uasset" 9410
"../../../Engine/Content/EngineMaterials/Substrate/Glints2/dict_0005_0016.uasset" 9411
"../../../Engine/Content/EngineMaterials/Substrate/Glints2/dict_0005_0010.uasset" 9412
"../../../Engine/Content/EngineMaterials/Substrate/Glints2/dict_0005_0019.uasset" 9413
"../../../Engine/Content/EngineMaterials/Substrate/Glints2/dict_0005_0022.uasset" 9414
"../../../Engine/Content/EngineMaterials/Substrate/Glints2/dict_0005_0025.uasset" 9415
"../../../Engine/Content/EngineMaterials/Substrate/Glints2/dict_0005_0027.uasset" 9416
"../../../Engine/Content/EngineMaterials/Substrate/Glints2/dict_0005_0029.uasset" 9417
"../../../Engine/Content/EngineMaterials/Substrate/Glints2/dict_0005_0020.uasset" 9418
"/Engine/EngineMaterials/Substrate/Glints2/dict_0005_0019" 9419
"../../../Engine/Content/EngineMaterials/Substrate/Glints2/dict_0005_0021.uasset" 9420
"/Engine/EngineMaterials/Substrate/Glints2/dict_0005_0012" 9421
"/Engine/EngineMaterials/Substrate/Glints2/dict_0005_0029" 9422
"../../../Engine/Content/EngineMaterials/Substrate/Glints2/dict_0005_0017.uasset" 9423
"/Engine/EngineMaterials/Substrate/Glints2/dict_0005_0016" 9424
"../../../Engine/Content/EngineMaterials/Substrate/Glints2/dict_0005_0030.uasset" 9425
"../../../Engine/Content/EngineMaterials/Substrate/Glints2/dict_0005_0026.uasset" 9426
"/Engine/EngineMaterials/Substrate/Glints2/dict_0005_0027" 9427
"/Engine/EngineMaterials/Substrate/Glints2/dict_0005_0025" 9428
"/Engine/EngineMaterials/Substrate/Glints2/dict_0005_0010" 9429
"/Engine/EngineMaterials/Substrate/Glints2/dict_0005_0022" 9430
"/Engine/EngineMaterials/Substrate/Glints2/dict_0005_0020" 9431
"/Engine/EngineMaterials/Substrate/Glints2/dict_0005_0030" 9432
"../../../Engine/Content/EngineMaterials/Substrate/Glints2/dict_0005_0005.uasset" 9433
"/Engine/EngineMaterials/Substrate/Glints2/dict_0005_0017" 9434
"/Engine/EngineMaterials/Substrate/Glints2/dict_0005_0026" 9435
"/Engine/EngineMaterials/Substrate/Glints2/dict_0005_0021" 9436
"/Engine/EngineMaterials/Substrate/Glints2/dict_0005_0005" 9437
"../../../Engine/Content/EngineMaterials/Substrate/Glints2/dict_0005_0024.uasset" 9438
"../../../Engine/Content/EngineMaterials/Substrate/Glints2/dict_0005_0033.uasset" 9439
"../../../Engine/Content/EngineMaterials/Substrate/Glints2/dict_0004_0226.uasset" 9440
"../../../Engine/Content/EngineMaterials/Substrate/Glints2/dict_0005_0032.uasset" 9441
"../../../Engine/Content/EngineMaterials/Substrate/Glints2/dict_0005_0034.uasset" 9442
"../../../Engine/Content/EngineMaterials/Substrate/Glints2/dict_0005_0035.uasset" 9443
"../../../Engine/Content/EngineMaterials/Substrate/Glints2/dict_0005_0038.uasset" 9444
"../../../Engine/Content/EngineMaterials/Substrate/Glints2/dict_0005_0039.uasset" 9445
"../../../Engine/Content/EngineMaterials/Substrate/Glints2/dict_0005_0040.uasset" 9446
"../../../Engine/Content/EngineMaterials/Substrate/Glints2/dict_0005_0042.uasset" 9447
"../../../Engine/Content/EngineMaterials/Substrate/Glints2/dict_0005_0037.uasset" 9448
"../../../Engine/Content/EngineMaterials/Substrate/Glints2/dict_0005_0036.uasset" 9449
"/Engine/EngineMaterials/Substrate/Glints2/dict_0005_0032" 9450
"../../../Engine/Content/EngineMaterials/Substrate/Glints2/dict_0005_0045.uasset" 9451
"/Engine/EngineMaterials/Substrate/Glints2/dict_0005_0038" 9452
"../../../Engine/Content/EngineMaterials/Substrate/Glints2/dict_0005_0043.uasset" 9453
"../../../Engine/Content/EngineMaterials/Substrate/Glints2/dict_0004_0250.uasset" 9454
"/Engine/EngineMaterials/Substrate/Glints2/dict_0005_0037" 9455
"/Engine/EngineMaterials/Substrate/Glints2/dict_0005_0024" 9456
"/Engine/EngineMaterials/Substrate/Glints2/dict_0005_0036" 9457
"/Engine/EngineMaterials/Substrate/Glints2/dict_0005_0042" 9458
"../../../Engine/Content/EngineMaterials/Substrate/Glints2/dict_0005_0048.uasset" 9459
"/Engine/EngineMaterials/Substrate/Glints2/dict_0005_0035" 9460
"../../../Engine/Content/EngineMaterials/Substrate/Glints2/dict_0005_0049.uasset" 9461
"/Engine/EngineMaterials/Substrate/Glints2/dict_0005_0034" 9462
"/Engine/EngineMaterials/Substrate/Glints2/dict_0004_0226" 9463
"/Engine/EngineMaterials/Substrate/Glints2/dict_0005_0033" 9464
"../../../Engine/Content/EngineMaterials/Substrate/Glints2/dict_0005_0050.uasset" 9465
"/Engine/EngineMaterials/Substrate/Glints2/dict_0005_0039" 9466
"../../../Engine/Content/EngineMaterials/Substrate/Glints2/dict_0005_0051.uasset" 9467
"/Engine/EngineMaterials/Substrate/Glints2/dict_0005_0040" 9468
"/Engine/EngineMaterials/Substrate/Glints2/dict_0005_0048" 9469
"/Engine/EngineMaterials/Substrate/Glints2/dict_0004_0250" 9470
"/Engine/EngineMaterials/Substrate/Glints2/dict_0005_0051" 9471
"/Engine/EngineMaterials/Substrate/Glints2/dict_0005_0045" 9472
"/Engine/EngineMaterials/Substrate/Glints2/dict_0005_0050" 9473
"/Engine/EngineMaterials/Substrate/Glints2/dict_0005_0043" 9474
"/Engine/EngineMaterials/Substrate/Glints2/dict_0005_0049" 9475
"../../../Engine/Content/EngineMaterials/Substrate/Glints2/dict_0005_0052.uasset" 9476
"../../../Engine/Content/EngineMaterials/Substrate/Glints2/dict_0005_0053.uasset" 9477
"../../../Engine/Content/EngineMaterials/Substrate/Glints2/dict_0005_0041.uasset" 9478
"../../../Engine/Content/EngineMaterials/Substrate/Glints2/dict_0005_0061.uasset" 9479
"../../../Engine/Content/EngineMaterials/Substrate/Glints2/dict_0005_0062.uasset" 9480
"../../../Engine/Content/EngineMaterials/Substrate/Glints2/dict_0005_0055.uasset" 9481
"../../../Engine/Content/EngineMaterials/Substrate/Glints2/dict_0005_0060.uasset" 9482
"../../../Engine/Content/EngineMaterials/Substrate/Glints2/dict_0005_0023.uasset" 9483
"../../../Engine/Content/EngineMaterials/Substrate/Glints2/dict_0005_0059.uasset" 9484
"../../../Engine/Content/EngineMaterials/Substrate/Glints2/dict_0005_0058.uasset" 9485
"../../../Engine/Content/EngineMaterials/Substrate/Glints2/dict_0005_0064.uasset" 9486
"/Engine/EngineMaterials/Substrate/Glints2/dict_0005_0052" 9487
"../../../Engine/Content/EngineMaterials/Substrate/Glints2/dict_0005_0057.uasset" 9488
"/Engine/EngineMaterials/Substrate/Glints2/dict_0005_0062" 9489
"/Engine/EngineMaterials/Substrate/Glints2/dict_0005_0061" 9490
"/Engine/EngineMaterials/Substrate/Glints2/dict_0005_0060" 9491
"/Engine/EngineMaterials/Substrate/Glints2/dict_0005_0059" 9492
"/Engine/EngineMaterials/Substrate/Glints2/dict_0005_0058" 9493
"/Engine/EngineMaterials/Substrate/Glints2/dict_0005_0023" 9494
"/Engine/EngineMaterials/Substrate/Glints2/dict_0005_0041" 9495
"/Engine/EngineMaterials/Substrate/Glints2/dict_0005_0053" 9496
"../../../Engine/Content/EngineMaterials/Substrate/Glints2/dict_0005_0056.uasset" 9497
"/Engine/EngineMaterials/Substrate/Glints2/dict_0005_0055" 9498
"../../../Engine/Content/EngineMaterials/Substrate/Glints2/dict_0005_0063.uasset" 9499
"/Engine/EngineMaterials/Substrate/Glints2/dict_0005_0064" 9500
"/Engine/EngineMaterials/Substrate/Glints2/dict_0005_0063" 9501
"/Engine/EngineMaterials/Substrate/Glints2/dict_0005_0057" 9502
"/Engine/EngineMaterials/Substrate/Glints2/dict_0005_0056" 9503
"../../../Engine/Content/EngineMaterials/Substrate/Glints2/dict_0005_0069.uasset" 9504
"../../../Engine/Content/EngineMaterials/Substrate/Glints2/dict_0005_0067.uasset" 9505
"../../../Engine/Content/EngineMaterials/Substrate/Glints2/dict_0005_0072.uasset" 9506
"../../../Engine/Content/EngineMaterials/Substrate/Glints2/dict_0005_0066.uasset" 9507
"../../../Engine/Content/EngineMaterials/Substrate/Glints2/dict_0005_0070.uasset" 9508
"../../../Engine/Content/EngineMaterials/Substrate/Glints2/dict_0005_0071.uasset" 9509
"../../../Engine/Content/EngineMaterials/Substrate/Glints2/dict_0005_0076.uasset" 9510
"../../../Engine/Content/EngineMaterials/Substrate/Glints2/dict_0005_0074.uasset" 9511
"../../../Engine/Content/EngineMaterials/Substrate/Glints2/dict_0005_0078.uasset" 9512
"../../../Engine/Content/EngineMaterials/Substrate/Glints2/dict_0005_0044.uasset" 9513
"../../../Engine/Content/EngineMaterials/Substrate/Glints2/dict_0005_0077.uasset" 9514
"/Engine/EngineMaterials/Substrate/Glints2/dict_0005_0072" 9515
"../../../Engine/Content/EngineMaterials/Substrate/Glints2/dict_0005_0054.uasset" 9516
"/Engine/EngineMaterials/Substrate/Glints2/dict_0005_0071" 9517
"../../../Engine/Content/EngineMaterials/Substrate/Glints2/dict_0005_0075.uasset" 9518
"/Engine/EngineMaterials/Substrate/Glints2/dict_0005_0070" 9519
"/Engine/EngineMaterials/Substrate/Glints2/dict_0005_0069" 9520
"/Engine/EngineMaterials/Substrate/Glints2/dict_0005_0044" 9521
"/Engine/EngineMaterials/Substrate/Glints2/dict_0005_0067" 9522
"/Engine/EngineMaterials/Substrate/Glints2/dict_0005_0078" 9523
"/Engine/EngineMaterials/Substrate/Glints2/dict_0005_0076" 9524
"/Engine/EngineMaterials/Substrate/Glints2/dict_0005_0074" 9525
"/Engine/EngineMaterials/Substrate/Glints2/dict_0005_0066" 9526
"/Engine/EngineMaterials/Substrate/Glints2/dict_0005_0077" 9527
"../../../Engine/Content/EngineMaterials/Substrate/Glints2/dict_0005_0028.uasset" 9528
"/Engine/EngineMaterials/Substrate/Glints2/dict_0005_0075" 9529
"/Engine/EngineMaterials/Substrate/Glints2/dict_0005_0054" 9530
"/Engine/EngineMaterials/Substrate/Glints2/dict_0005_0028" 9531
"../../../Engine/Content/EngineMaterials/Substrate/Glints2/dict_0005_0079.uasset" 9532
"../../../Engine/Content/EngineMaterials/Substrate/Glints2/dict_0005_0065.uasset" 9533
"../../../Engine/Content/EngineMaterials/Substrate/Glints2/dict_0005_0031.uasset" 9534
"../../../Engine/Content/EngineMaterials/Substrate/Glints2/dict_0005_0082.uasset" 9535
"../../../Engine/Content/EngineMaterials/Substrate/Glints2/dict_0005_0084.uasset" 9536
"../../../Engine/Content/EngineMaterials/Substrate/Glints2/dict_0005_0083.uasset" 9537
"../../../Engine/Content/EngineMaterials/Substrate/Glints2/dict_0005_0085.uasset" 9538
"../../../Engine/Content/EngineMaterials/Substrate/Glints2/dict_0005_0086.uasset" 9539
"../../../Engine/Content/EngineMaterials/Substrate/Glints2/dict_0005_0015.uasset" 9540
"../../../Engine/Content/EngineMaterials/Substrate/Glints2/dict_0005_0003.uasset" 9541
"../../../Engine/Content/EngineMaterials/Substrate/Glints2/dict_0005_0088.uasset" 9542
"../../../Engine/Content/EngineMaterials/Substrate/Glints2/dict_0005_0087.uasset" 9543
"../../../Engine/Content/EngineMaterials/Substrate/Glints2/dict_0005_0081.uasset" 9544
"../../../Engine/Content/EngineMaterials/Substrate/Glints2/dict_0004_0252.uasset" 9545
"../../../Engine/Content/EngineMaterials/Substrate/Glints2/dict_0005_0073.uasset" 9546
"/Engine/EngineMaterials/Substrate/Glints2/dict_0005_0065" 9547
"../../../Engine/Content/EngineMaterials/Substrate/Glints2/dict_0005_0091.uasset" 9548
"/Engine/EngineMaterials/Substrate/Glints2/dict_0005_0031" 9549
"/Engine/EngineMaterials/Substrate/Glints2/dict_0005_0086" 9550
"/Engine/EngineMaterials/Substrate/Glints2/dict_0005_0082" 9551
"/Engine/EngineMaterials/Substrate/Glints2/dict_0005_0015" 9552
"/Engine/EngineMaterials/Substrate/Glints2/dict_0005_0085" 9553
"/Engine/EngineMaterials/Substrate/Glints2/dict_0005_0081" 9554
"../../../Engine/Content/EngineMaterials/Substrate/Glints2/dict_0005_0089.uasset" 9555
"/Engine/EngineMaterials/Substrate/Glints2/dict_0004_0252" 9556
"/Engine/EngineMaterials/Substrate/Glints2/dict_0005_0079" 9557
"/Engine/EngineMaterials/Substrate/Glints2/dict_0005_0088" 9558
"/Engine/EngineMaterials/Substrate/Glints2/dict_0005_0084" 9559
"/Engine/EngineMaterials/Substrate/Glints2/dict_0005_0087" 9560
"/Engine/EngineMaterials/Substrate/Glints2/dict_0005_0083" 9561
"../../../Engine/Content/EngineMaterials/Substrate/Glints2/dict_0005_0097.uasset" 9562
"/Engine/EngineMaterials/Substrate/Glints2/dict_0005_0073" 9563
"/Engine/EngineMaterials/Substrate/Glints2/dict_0005_0003" 9564
"../../../Engine/Content/EngineMaterials/Substrate/Glints2/dict_0005_0095.uasset" 9565
"/Engine/EngineMaterials/Substrate/Glints2/dict_0005_0095" 9566
"/Engine/EngineMaterials/Substrate/Glints2/dict_0005_0091" 9567
"../../../Engine/Content/EngineMaterials/Substrate/Glints2/dict_0005_0096.uasset" 9568
"/Engine/EngineMaterials/Substrate/Glints2/dict_0005_0089" 9569
"/Engine/EngineMaterials/Substrate/Glints2/dict_0005_0097" 9570
"/Engine/EngineMaterials/Substrate/Glints2/dict_0005_0096" 9571
"../../../Engine/Content/EngineMaterials/Substrate/Glints2/dict_0005_0100.uasset" 9572
"../../../Engine/Content/EngineMaterials/Substrate/Glints2/dict_0005_0098.uasset" 9573
"../../../Engine/Content/EngineMaterials/Substrate/Glints2/dict_0005_0099.uasset" 9574
"../../../Engine/Content/EngineMaterials/Substrate/Glints2/dict_0005_0094.uasset" 9575
"../../../Engine/Content/EngineMaterials/Substrate/Glints2/dict_0005_0046.uasset" 9576
"../../../Engine/Content/EngineMaterials/Substrate/Glints2/dict_0005_0092.uasset" 9577
"../../../Engine/Content/EngineMaterials/Substrate/Glints2/dict_0005_0093.uasset" 9578
"../../../Engine/Content/EngineMaterials/Substrate/Glints2/dict_0005_0108.uasset" 9579
"../../../Engine/Content/EngineMaterials/Substrate/Glints2/dict_0005_0104.uasset" 9580
"../../../Engine/Content/EngineMaterials/Substrate/Glints2/dict_0005_0101.uasset" 9581
"../../../Engine/Content/EngineMaterials/Substrate/Glints2/dict_0005_0109.uasset" 9582
"../../../Engine/Content/EngineMaterials/Substrate/Glints2/dict_0005_0103.uasset" 9583
"../../../Engine/Content/EngineMaterials/Substrate/Glints2/dict_0004_0200.uasset" 9584
"../../../Engine/Content/EngineMaterials/Substrate/Glints2/dict_0005_0107.uasset" 9585
"../../../Engine/Content/EngineMaterials/Substrate/Glints2/dict_0005_0110.uasset" 9586
"/Engine/EngineMaterials/Substrate/Glints2/dict_0005_0094" 9587
"/Engine/EngineMaterials/Substrate/Glints2/dict_0005_0046" 9588
"/Engine/EngineMaterials/Substrate/Glints2/dict_0005_0093" 9589
"/Engine/EngineMaterials/Substrate/Glints2/dict_0005_0100" 9590
"../../../Engine/Content/EngineMaterials/Substrate/Glints2/dict_0005_0112.uasset" 9591
"/Engine/EngineMaterials/Substrate/Glints2/dict_0005_0092" 9592
"../../../Engine/Content/EngineMaterials/Substrate/Glints2/dict_0005_0113.uasset" 9593
"../../../Engine/Content/EngineMaterials/Substrate/Glints2/dict_0005_0111.uasset" 9594
"/Engine/EngineMaterials/Substrate/Glints2/dict_0005_0110" 9595
"../../../Engine/Content/EngineMaterials/Substrate/Glints2/dict_0005_0106.uasset" 9596
"/Engine/EngineMaterials/Substrate/Glints2/dict_0005_0109" 9597
"/Engine/EngineMaterials/Substrate/Glints2/dict_0005_0108" 9598
"/Engine/EngineMaterials/Substrate/Glints2/dict_0005_0107" 9599
"/Engine/EngineMaterials/Substrate/Glints2/dict_0005_0099" 9600
"/Engine/EngineMaterials/Substrate/Glints2/dict_0005_0098" 9601
"/Engine/EngineMaterials/Substrate/Glints2/dict_0005_0104" 9602
"/Engine/EngineMaterials/Substrate/Glints2/dict_0005_0103" 9603
"/Engine/EngineMaterials/Substrate/Glints2/dict_0005_0101" 9604
"/Engine/EngineMaterials/Substrate/Glints2/dict_0004_0200" 9605
"/Engine/EngineMaterials/Substrate/Glints2/dict_0005_0113" 9606
"/Engine/EngineMaterials/Substrate/Glints2/dict_0005_0112" 9607
"/Engine/EngineMaterials/Substrate/Glints2/dict_0005_0111" 9608
"/Engine/EngineMaterials/Substrate/Glints2/dict_0005_0106" 9609
"../../../Engine/Content/EngineMaterials/Substrate/Glints2/dict_0005_0114.uasset" 9610
"../../../Engine/Content/EngineMaterials/Substrate/Glints2/dict_0005_0117.uasset" 9611
"../../../Engine/Content/EngineMaterials/Substrate/Glints2/dict_0005_0120.uasset" 9612
"../../../Engine/Content/EngineMaterials/Substrate/Glints2/dict_0005_0118.uasset" 9613
"../../../Engine/Content/EngineMaterials/Substrate/Glints2/dict_0005_0115.uasset" 9614
"../../../Engine/Content/EngineMaterials/Substrate/Glints2/dict_0005_0068.uasset" 9615
"../../../Engine/Content/EngineMaterials/Substrate/Glints2/dict_0005_0126.uasset" 9616
"../../../Engine/Content/EngineMaterials/Substrate/Glints2/dict_0005_0129.uasset" 9617
"../../../Engine/Content/EngineMaterials/Substrate/Glints2/dict_0005_0124.uasset" 9618
"../../../Engine/Content/EngineMaterials/Substrate/Glints2/dict_0005_0128.uasset" 9619
"../../../Engine/Content/EngineMaterials/Substrate/Glints2/dict_0005_0116.uasset" 9620
"../../../Engine/Content/EngineMaterials/Substrate/Glints2/dict_0005_0123.uasset" 9621
"../../../Engine/Content/EngineMaterials/Substrate/Glints2/dict_0005_0127.uasset" 9622
"/Engine/EngineMaterials/Substrate/Glints2/dict_0005_0115" 9623
"/Engine/EngineMaterials/Substrate/Glints2/dict_0005_0120" 9624
"/Engine/EngineMaterials/Substrate/Glints2/dict_0005_0114" 9625
"/Engine/EngineMaterials/Substrate/Glints2/dict_0005_0068" 9626
"../../../Engine/Content/EngineMaterials/Substrate/Glints2/dict_0005_0131.uasset" 9627
"/Engine/EngineMaterials/Substrate/Glints2/dict_0005_0118" 9628
"/Engine/EngineMaterials/Substrate/Glints2/dict_0005_0129" 9629
"../../../Engine/Content/EngineMaterials/Substrate/Glints2/dict_0005_0132.uasset" 9630
"/Engine/EngineMaterials/Substrate/Glints2/dict_0005_0128" 9631
"../../../Engine/Content/EngineMaterials/Substrate/Glints2/dict_0005_0122.uasset" 9632
"/Engine/EngineMaterials/Substrate/Glints2/dict_0005_0127" 9633
"/Engine/EngineMaterials/Substrate/Glints2/dict_0005_0126" 9634
"../../../Engine/Content/EngineMaterials/Substrate/Glints2/dict_0005_0121.uasset" 9635
"/Engine/EngineMaterials/Substrate/Glints2/dict_0005_0117" 9636
"/Engine/EngineMaterials/Substrate/Glints2/dict_0005_0124" 9637
"/Engine/EngineMaterials/Substrate/Glints2/dict_0005_0123" 9638
"../../../Engine/Content/EngineMaterials/Substrate/Glints2/dict_0005_0133.uasset" 9639
"../../../Engine/Content/EngineMaterials/Substrate/Glints2/dict_0005_0102.uasset" 9640
"/Engine/EngineMaterials/Substrate/Glints2/dict_0005_0116" 9641
"/Engine/EngineMaterials/Substrate/Glints2/dict_0005_0133" 9642
"/Engine/EngineMaterials/Substrate/Glints2/dict_0005_0132" 9643
"/Engine/EngineMaterials/Substrate/Glints2/dict_0005_0131" 9644
"/Engine/EngineMaterials/Substrate/Glints2/dict_0005_0102" 9645
"/Engine/EngineMaterials/Substrate/Glints2/dict_0005_0122" 9646
"/Engine/EngineMaterials/Substrate/Glints2/dict_0005_0121" 9647
"../../../Engine/Content/EngineMaterials/Substrate/Glints2/dict_0005_0136.uasset" 9648
"../../../Engine/Content/EngineMaterials/Substrate/Glints2/dict_0005_0138.uasset" 9649
"../../../Engine/Content/EngineMaterials/Substrate/Glints2/dict_0005_0139.uasset" 9650
"/Engine/EngineMaterials/Substrate/Glints2/dict_0005_0136" 9651
"/Engine/EngineMaterials/Substrate/Glints2/dict_0005_0139" 9652
"/Engine/EngineMaterials/Substrate/Glints2/dict_0005_0138" 9653
"../../../Engine/Content/EngineMaterials/Substrate/Glints2/dict_0005_0135.uasset" 9654
"../../../Engine/Content/EngineMaterials/Substrate/Glints2/dict_0005_0090.uasset" 9655
"../../../Engine/Content/EngineMaterials/Substrate/Glints2/dict_0005_0146.uasset" 9656
"../../../Engine/Content/EngineMaterials/Substrate/Glints2/dict_0005_0137.uasset" 9657
"../../../Engine/Content/EngineMaterials/Substrate/Glints2/dict_0005_0142.uasset" 9658
"../../../Engine/Content/EngineMaterials/Substrate/Glints2/dict_0005_0141.uasset" 9659
"../../../Engine/Content/EngineMaterials/Substrate/Glints2/dict_0005_0119.uasset" 9660
"../../../Engine/Content/EngineMaterials/Substrate/Glints2/dict_0005_0143.uasset" 9661
"../../../Engine/Content/EngineMaterials/Substrate/Glints2/dict_0005_0148.uasset" 9662
"../../../Engine/Content/EngineMaterials/Substrate/Glints2/dict_0005_0150.uasset" 9663
"../../../Engine/Content/EngineMaterials/Substrate/Glints2/dict_0005_0151.uasset" 9664
"../../../Engine/Content/EngineMaterials/Substrate/Glints2/dict_0005_0149.uasset" 9665
"/Engine/EngineMaterials/Substrate/Glints2/dict_0005_0151" 9666
"/Engine/EngineMaterials/Substrate/Glints2/dict_0005_0150" 9667
"../../../Engine/Content/EngineMaterials/Substrate/Glints2/dict_0005_0047.uasset" 9668
"/Engine/EngineMaterials/Substrate/Glints2/dict_0005_0119" 9669
"/Engine/EngineMaterials/Substrate/Glints2/dict_0005_0135" 9670
"/Engine/EngineMaterials/Substrate/Glints2/dict_0005_0149" 9671
"/Engine/EngineMaterials/Substrate/Glints2/dict_0005_0148" 9672
"/Engine/EngineMaterials/Substrate/Glints2/dict_0005_0137" 9673
"/Engine/EngineMaterials/Substrate/Glints2/dict_0005_0146" 9674
"../../../Engine/Content/EngineMaterials/Substrate/Glints2/dict_0005_0144.uasset" 9675
"/Engine/EngineMaterials/Substrate/Glints2/dict_0005_0090" 9676
"/Engine/EngineMaterials/Substrate/Glints2/dict_0005_0143" 9677
"../../../Engine/Content/EngineMaterials/Substrate/Glints2/dict_0005_0130.uasset" 9678
"/Engine/EngineMaterials/Substrate/Glints2/dict_0005_0142" 9679
"/Engine/EngineMaterials/Substrate/Glints2/dict_0005_0141" 9680
"/Engine/EngineMaterials/Substrate/Glints2/dict_0005_0047" 9681
"/Engine/EngineMaterials/Substrate/Glints2/dict_0005_0130" 9682
"/Engine/EngineMaterials/Substrate/Glints2/dict_0005_0144" 9683
"../../../Engine/Content/EngineMaterials/Substrate/Glints2/dict_0005_0152.uasset" 9684
"/Engine/EngineMaterials/Substrate/Glints2/dict_0005_0152" 9685
"../../../Engine/Content/EngineMaterials/Substrate/Glints2/dict_0005_0145.uasset" 9686
"/Engine/EngineMaterials/Substrate/Glints2/dict_0005_0145" 9687
"../../../Engine/Content/EngineMaterials/Substrate/Glints2/dict_0005_0154.uasset" 9688
"../../../Engine/Content/EngineMaterials/Substrate/Glints2/dict_0005_0156.uasset" 9689
"../../../Engine/Content/EngineMaterials/Substrate/Glints2/dict_0005_0160.uasset" 9690
"../../../Engine/Content/EngineMaterials/Substrate/Glints2/dict_0005_0157.uasset" 9691
"../../../Engine/Content/EngineMaterials/Substrate/Glints2/dict_0005_0161.uasset" 9692
"../../../Engine/Content/EngineMaterials/Substrate/Glints2/dict_0005_0105.uasset" 9693
"../../../Engine/Content/EngineMaterials/Substrate/Glints2/dict_0005_0080.uasset" 9694
"../../../Engine/Content/EngineMaterials/Substrate/Glints2/dict_0005_0166.uasset" 9695
"../../../Engine/Content/EngineMaterials/Substrate/Glints2/dict_0005_0165.uasset" 9696
"../../../Engine/Content/EngineMaterials/Substrate/Glints2/dict_0005_0169.uasset" 9697
"../../../Engine/Content/EngineMaterials/Substrate/Glints2/dict_0005_0167.uasset" 9698
"../../../Engine/Content/EngineMaterials/Substrate/Glints2/dict_0005_0168.uasset" 9699
"/Engine/EngineMaterials/Substrate/Glints2/dict_0005_0161" 9700
"/Engine/EngineMaterials/Substrate/Glints2/dict_0005_0160" 9701
"/Engine/EngineMaterials/Substrate/Glints2/dict_0005_0157" 9702
"/Engine/EngineMaterials/Substrate/Glints2/dict_0005_0156" 9703
"../../../Engine/Content/EngineMaterials/Substrate/Glints2/dict_0005_0162.uasset" 9704
"/Engine/EngineMaterials/Substrate/Glints2/dict_0005_0169" 9705
"/Engine/EngineMaterials/Substrate/Glints2/dict_0005_0168" 9706
"/Engine/EngineMaterials/Substrate/Glints2/dict_0005_0167" 9707
"/Engine/EngineMaterials/Substrate/Glints2/dict_0005_0166" 9708
"/Engine/EngineMaterials/Substrate/Glints2/dict_0005_0080" 9709
"../../../Engine/Content/EngineMaterials/Substrate/Glints2/dict_0005_0163.uasset" 9710
"../../../Engine/Content/EngineMaterials/Substrate/Glints2/dict_0005_0173.uasset" 9711
"/Engine/EngineMaterials/Substrate/Glints2/dict_0005_0165" 9712
"../../../Engine/Content/EngineMaterials/Substrate/Glints2/dict_0005_0171.uasset" 9713
"/Engine/EngineMaterials/Substrate/Glints2/dict_0005_0105" 9714
"/Engine/EngineMaterials/Substrate/Glints2/dict_0005_0154" 9715
"/Engine/EngineMaterials/Substrate/Glints2/dict_0005_0173" 9716
"../../../Engine/Content/EngineMaterials/Substrate/Glints2/dict_0005_0147.uasset" 9717
"/Engine/EngineMaterials/Substrate/Glints2/dict_0005_0171" 9718
"../../../Engine/Content/EngineMaterials/Substrate/Glints2/dict_0005_0170.uasset" 9719
"/Engine/EngineMaterials/Substrate/Glints2/dict_0005_0163" 9720
"../../../Engine/Content/EngineMaterials/Substrate/Glints2/dict_0005_0140.uasset" 9721
"/Engine/EngineMaterials/Substrate/Glints2/dict_0005_0162" 9722
"/Engine/EngineMaterials/Substrate/Glints2/dict_0005_0170" 9723
"../../../Engine/Content/EngineMaterials/Substrate/Glints2/dict_0005_0177.uasset" 9724
"/Engine/EngineMaterials/Substrate/Glints2/dict_0005_0147" 9725
"/Engine/EngineMaterials/Substrate/Glints2/dict_0005_0140" 9726
"../../../Engine/Content/EngineMaterials/Substrate/Glints2/dict_0005_0176.uasset" 9727
"/Engine/EngineMaterials/Substrate/Glints2/dict_0005_0177" 9728
"/Engine/EngineMaterials/Substrate/Glints2/dict_0005_0176" 9729
"../../../Engine/Content/EngineMaterials/Substrate/Glints2/dict_0005_0178.uasset" 9730
"../../../Engine/Content/EngineMaterials/Substrate/Glints2/dict_0005_0175.uasset" 9731
"../../../Engine/Content/EngineMaterials/Substrate/Glints2/dict_0005_0125.uasset" 9732
"../../../Engine/Content/EngineMaterials/Substrate/Glints2/dict_0005_0179.uasset" 9733
"../../../Engine/Content/EngineMaterials/Substrate/Glints2/dict_0005_0180.uasset" 9734
"../../../Engine/Content/EngineMaterials/Substrate/Glints2/dict_0005_0182.uasset" 9735
"../../../Engine/Content/EngineMaterials/Substrate/Glints2/dict_0005_0181.uasset" 9736
"../../../Engine/Content/EngineMaterials/Substrate/Glints2/dict_0005_0186.uasset" 9737
"../../../Engine/Content/EngineMaterials/Substrate/Glints2/dict_0005_0184.uasset" 9738
"../../../Engine/Content/EngineMaterials/Substrate/Glints2/dict_0005_0188.uasset" 9739
"../../../Engine/Content/EngineMaterials/Substrate/Glints2/dict_0005_0189.uasset" 9740
"../../../Engine/Content/EngineMaterials/Substrate/Glints2/dict_0005_0174.uasset" 9741
"/Engine/EngineMaterials/Substrate/Glints2/dict_0005_0189" 9742
"../../../Engine/Content/EngineMaterials/Substrate/Glints2/dict_0005_0187.uasset" 9743
"../../../Engine/Content/EngineMaterials/Substrate/Glints2/dict_0005_0159.uasset" 9744
"../../../Engine/Content/EngineMaterials/Substrate/Glints2/dict_0005_0153.uasset" 9745
"/Engine/EngineMaterials/Substrate/Glints2/dict_0005_0188" 9746
"../../../Engine/Content/EngineMaterials/Substrate/Glints2/dict_0005_0190.uasset" 9747
"/Engine/EngineMaterials/Substrate/Glints2/dict_0005_0186" 9748
"/Engine/EngineMaterials/Substrate/Glints2/dict_0005_0184" 9749
"/Engine/EngineMaterials/Substrate/Glints2/dict_0005_0175" 9750
"/Engine/EngineMaterials/Substrate/Glints2/dict_0005_0182" 9751
"/Engine/EngineMaterials/Substrate/Glints2/dict_0005_0178" 9752
"/Engine/EngineMaterials/Substrate/Glints2/dict_0005_0181" 9753
"/Engine/EngineMaterials/Substrate/Glints2/dict_0005_0174" 9754
"/Engine/EngineMaterials/Substrate/Glints2/dict_0005_0125" 9755
"/Engine/EngineMaterials/Substrate/Glints2/dict_0005_0180" 9756
"/Engine/EngineMaterials/Substrate/Glints2/dict_0005_0179" 9757
"/Engine/EngineMaterials/Substrate/Glints2/dict_0005_0190" 9758
"../../../Engine/Content/EngineMaterials/Substrate/Glints2/dict_0005_0158.uasset" 9759
"/Engine/EngineMaterials/Substrate/Glints2/dict_0005_0187" 9760
"/Engine/EngineMaterials/Substrate/Glints2/dict_0005_0159" 9761
"/Engine/EngineMaterials/Substrate/Glints2/dict_0005_0153" 9762
"/Engine/EngineMaterials/Substrate/Glints2/dict_0005_0158" 9763
"../../../Engine/Content/EngineMaterials/Substrate/Glints2/dict_0005_0191.uasset" 9764
"../../../Engine/Content/EngineMaterials/Substrate/Glints2/dict_0005_0195.uasset" 9765
"../../../Engine/Content/EngineMaterials/Substrate/Glints2/dict_0005_0194.uasset" 9766
"../../../Engine/Content/EngineMaterials/Substrate/Glints2/dict_0005_0198.uasset" 9767
"../../../Engine/Content/EngineMaterials/Substrate/Glints2/dict_0005_0196.uasset" 9768
"../../../Engine/Content/EngineMaterials/Substrate/Glints2/dict_0005_0197.uasset" 9769
"../../../Engine/Content/EngineMaterials/Substrate/Glints2/dict_0005_0199.uasset" 9770
"../../../Engine/Content/EngineMaterials/Substrate/Glints2/dict_0005_0155.uasset" 9771
"../../../Engine/Content/EngineMaterials/Substrate/Glints2/dict_0005_0193.uasset" 9772
"../../../Engine/Content/EngineMaterials/Substrate/Glints2/dict_0005_0205.uasset" 9773
"../../../Engine/Content/EngineMaterials/Substrate/Glints2/dict_0005_0202.uasset" 9774
"../../../Engine/Content/EngineMaterials/Substrate/Glints2/dict_0005_0204.uasset" 9775
"../../../Engine/Content/EngineMaterials/Substrate/Glints2/dict_0005_0203.uasset" 9776
"../../../Engine/Content/EngineMaterials/Substrate/Glints2/dict_0005_0172.uasset" 9777
"/Engine/EngineMaterials/Substrate/Glints2/dict_0005_0198" 9778
"/Engine/EngineMaterials/Substrate/Glints2/dict_0005_0194" 9779
"/Engine/EngineMaterials/Substrate/Glints2/dict_0005_0172" 9780
"../../../Engine/Content/EngineMaterials/Substrate/Glints2/dict_0005_0134.uasset" 9781
"/Engine/EngineMaterials/Substrate/Glints2/dict_0005_0193" 9782
"/Engine/EngineMaterials/Substrate/Glints2/dict_0005_0197" 9783
"/Engine/EngineMaterials/Substrate/Glints2/dict_0005_0199" 9784
"../../../Engine/Content/EngineMaterials/Substrate/Glints2/dict_0005_0208.uasset" 9785
"../../../Engine/Content/EngineMaterials/Substrate/Glints2/dict_0005_0206.uasset" 9786
"/Engine/EngineMaterials/Substrate/Glints2/dict_0005_0196" 9787
"../../../Engine/Content/EngineMaterials/Substrate/Glints2/dict_0005_0210.uasset" 9788
"../../../Engine/Content/EngineMaterials/Substrate/Glints2/dict_0005_0213.uasset" 9789
"/Engine/EngineMaterials/Substrate/Glints2/dict_0005_0205" 9790
"../../../Engine/Content/EngineMaterials/Substrate/Glints2/dict_0005_0211.uasset" 9791
"../../../Engine/Content/EngineMaterials/Substrate/Glints2/dict_0005_0212.uasset" 9792
"/Engine/EngineMaterials/Substrate/Glints2/dict_0005_0204" 9793
"/Engine/EngineMaterials/Substrate/Glints2/dict_0005_0203" 9794
"../../../Engine/Content/EngineMaterials/Substrate/Glints2/dict_0005_0209.uasset" 9795
"/Engine/EngineMaterials/Substrate/Glints2/dict_0005_0202" 9796
"/Engine/EngineMaterials/Substrate/Glints2/dict_0005_0191" 9797
"/Engine/EngineMaterials/Substrate/Glints2/dict_0005_0155" 9798
"/Engine/EngineMaterials/Substrate/Glints2/dict_0005_0195" 9799
"/Engine/EngineMaterials/Substrate/Glints2/dict_0005_0211" 9800
"/Engine/EngineMaterials/Substrate/Glints2/dict_0005_0134" 9801
"/Engine/EngineMaterials/Substrate/Glints2/dict_0005_0210" 9802
"/Engine/EngineMaterials/Substrate/Glints2/dict_0005_0209" 9803
"/Engine/EngineMaterials/Substrate/Glints2/dict_0005_0208" 9804
"/Engine/EngineMaterials/Substrate/Glints2/dict_0005_0206" 9805
"/Engine/EngineMaterials/Substrate/Glints2/dict_0005_0213" 9806
"/Engine/EngineMaterials/Substrate/Glints2/dict_0005_0212" 9807
"../../../Engine/Content/EngineMaterials/Substrate/Glints2/dict_0005_0216.uasset" 9808
"../../../Engine/Content/EngineMaterials/Substrate/Glints2/dict_0005_0185.uasset" 9809
"../../../Engine/Content/EngineMaterials/Substrate/Glints2/dict_0005_0201.uasset" 9810
"../../../Engine/Content/EngineMaterials/Substrate/Glints2/dict_0005_0222.uasset" 9811
"../../../Engine/Content/EngineMaterials/Substrate/Glints2/dict_0005_0227.uasset" 9812
"../../../Engine/Content/EngineMaterials/Substrate/Glints2/dict_0005_0225.uasset" 9813
"../../../Engine/Content/EngineMaterials/Substrate/Glints2/dict_0005_0219.uasset" 9814
"../../../Engine/Content/EngineMaterials/Substrate/Glints2/dict_0005_0226.uasset" 9815
"../../../Engine/Content/EngineMaterials/Substrate/Glints2/dict_0005_0224.uasset" 9816
"../../../Engine/Content/EngineMaterials/Substrate/Glints2/dict_0005_0220.uasset" 9817
"../../../Engine/Content/EngineMaterials/Substrate/Glints2/dict_0005_0223.uasset" 9818
"../../../Engine/Content/EngineMaterials/Substrate/Glints2/dict_0005_0228.uasset" 9819
"../../../Engine/Content/EngineMaterials/Substrate/Glints2/dict_0005_0221.uasset" 9820
"/Engine/EngineMaterials/Substrate/Glints2/dict_0005_0228" 9821
"../../../Engine/Content/EngineMaterials/Substrate/Glints2/dict_0005_0192.uasset" 9822
"/Engine/EngineMaterials/Substrate/Glints2/dict_0005_0227" 9823
"/Engine/EngineMaterials/Substrate/Glints2/dict_0005_0226" 9824
"/Engine/EngineMaterials/Substrate/Glints2/dict_0005_0225" 9825
"/Engine/EngineMaterials/Substrate/Glints2/dict_0005_0216" 9826
"/Engine/EngineMaterials/Substrate/Glints2/dict_0005_0185" 9827
"/Engine/EngineMaterials/Substrate/Glints2/dict_0005_0224" 9828
"../../../Engine/Content/EngineMaterials/Substrate/Glints2/dict_0005_0229.uasset" 9829
"/Engine/EngineMaterials/Substrate/Glints2/dict_0005_0223" 9830
"/Engine/EngineMaterials/Substrate/Glints2/dict_0005_0222" 9831
"/Engine/EngineMaterials/Substrate/Glints2/dict_0005_0221" 9832
"/Engine/EngineMaterials/Substrate/Glints2/dict_0005_0220" 9833
"/Engine/EngineMaterials/Substrate/Glints2/dict_0005_0201" 9834
"/Engine/EngineMaterials/Substrate/Glints2/dict_0005_0219" 9835
"../../../Engine/Content/EngineMaterials/Substrate/Glints2/dict_0005_0200.uasset" 9836
"/Engine/EngineMaterials/Substrate/Glints2/dict_0005_0229" 9837
"/Engine/EngineMaterials/Substrate/Glints2/dict_0005_0192" 9838
"/Engine/EngineMaterials/Substrate/Glints2/dict_0005_0200" 9839
"../../../Engine/Content/EngineMaterials/Substrate/Glints2/dict_0005_0232.uasset" 9840
"../../../Engine/Content/EngineMaterials/Substrate/Glints2/dict_0005_0236.uasset" 9841
"../../../Engine/Content/EngineMaterials/Substrate/Glints2/dict_0005_0235.uasset" 9842
"../../../Engine/Content/EngineMaterials/Substrate/Glints2/dict_0005_0233.uasset" 9843
"../../../Engine/Content/EngineMaterials/Substrate/Glints2/dict_0005_0164.uasset" 9844
"../../../Engine/Content/EngineMaterials/Substrate/Glints2/dict_0005_0183.uasset" 9845
"../../../Engine/Content/EngineMaterials/Substrate/Glints2/dict_0005_0214.uasset" 9846
"../../../Engine/Content/EngineMaterials/Substrate/Glints2/dict_0005_0237.uasset" 9847
"../../../Engine/Content/EngineMaterials/Substrate/Glints2/dict_0005_0207.uasset" 9848
"../../../Engine/Content/EngineMaterials/Substrate/Glints2/dict_0005_0242.uasset" 9849
"../../../Engine/Content/EngineMaterials/Substrate/Glints2/dict_0005_0240.uasset" 9850
"../../../Engine/Content/EngineMaterials/Substrate/Glints2/dict_0005_0230.uasset" 9851
"../../../Engine/Content/EngineMaterials/Substrate/Glints2/dict_0005_0239.uasset" 9852
"/Engine/EngineMaterials/Substrate/Glints2/dict_0005_0230" 9853
"../../../Engine/Content/EngineMaterials/Substrate/Glints2/dict_0005_0244.uasset" 9854
"/Engine/EngineMaterials/Substrate/Glints2/dict_0005_0237" 9855
"/Engine/EngineMaterials/Substrate/Glints2/dict_0005_0236" 9856
"/Engine/EngineMaterials/Substrate/Glints2/dict_0005_0214" 9857
"/Engine/EngineMaterials/Substrate/Glints2/dict_0005_0235" 9858
"/Engine/EngineMaterials/Substrate/Glints2/dict_0005_0207" 9859
"/Engine/EngineMaterials/Substrate/Glints2/dict_0005_0183" 9860
"/Engine/EngineMaterials/Substrate/Glints2/dict_0005_0233" 9861
"/Engine/EngineMaterials/Substrate/Glints2/dict_0005_0242" 9862
"/Engine/EngineMaterials/Substrate/Glints2/dict_0005_0164" 9863
"../../../Engine/Content/EngineMaterials/Substrate/Glints2/dict_0005_0246.uasset" 9864
"../../../Engine/Content/EngineMaterials/Substrate/Glints2/dict_0005_0249.uasset" 9865
"../../../Engine/Content/EngineMaterials/Substrate/Glints2/dict_0005_0247.uasset" 9866
"../../../Engine/Content/EngineMaterials/Substrate/Glints2/dict_0005_0250.uasset" 9867
"../../../Engine/Content/EngineMaterials/Substrate/Glints2/dict_0005_0248.uasset" 9868
"/Engine/EngineMaterials/Substrate/Glints2/dict_0005_0232" 9869
"/Engine/EngineMaterials/Substrate/Glints2/dict_0005_0240" 9870
"/Engine/EngineMaterials/Substrate/Glints2/dict_0005_0250" 9871
"/Engine/EngineMaterials/Substrate/Glints2/dict_0005_0249" 9872
"/Engine/EngineMaterials/Substrate/Glints2/dict_0005_0248" 9873
"../../../Engine/Content/EngineMaterials/Substrate/Glints2/dict_0005_0217.uasset" 9874
"../../../Engine/Content/EngineMaterials/Substrate/Glints2/dict_0005_0241.uasset" 9875
"/Engine/EngineMaterials/Substrate/Glints2/dict_0005_0247" 9876
"/Engine/EngineMaterials/Substrate/Glints2/dict_0005_0246" 9877
"/Engine/EngineMaterials/Substrate/Glints2/dict_0005_0244" 9878
"/Engine/EngineMaterials/Substrate/Glints2/dict_0005_0239" 9879
"/Engine/EngineMaterials/Substrate/Glints2/dict_0005_0241" 9880
"../../../Engine/Content/EngineMaterials/Substrate/Glints2/dict_0005_0243.uasset" 9881
"/Engine/EngineMaterials/Substrate/Glints2/dict_0005_0217" 9882
"/Engine/EngineMaterials/Substrate/Glints2/dict_0005_0243" 9883
"../../../Engine/Content/EngineMaterials/Substrate/Glints2/dict_0005_0254.uasset" 9884
"../../../Engine/Content/EngineMaterials/Substrate/Glints2/dict_0006_0005.uasset" 9885
"../../../Engine/Content/EngineMaterials/Substrate/Glints2/dict_0005_0238.uasset" 9886
"../../../Engine/Content/EngineMaterials/Substrate/Glints2/dict_0006_0002.uasset" 9887
"../../../Engine/Content/EngineMaterials/Substrate/Glints2/dict_0005_0218.uasset" 9888
"../../../Engine/Content/EngineMaterials/Substrate/Glints2/dict_0006_0007.uasset" 9889
"../../../Engine/Content/EngineMaterials/Substrate/Glints2/dict_0005_0255.uasset" 9890
"../../../Engine/Content/EngineMaterials/Substrate/Glints2/dict_0006_0000.uasset" 9891
"../../../Engine/Content/EngineMaterials/Substrate/Glints2/dict_0006_0008.uasset" 9892
"../../../Engine/Content/EngineMaterials/Substrate/Glints2/dict_0006_0006.uasset" 9893
"../../../Engine/Content/EngineMaterials/Substrate/Glints2/dict_0006_0009.uasset" 9894
"/Engine/EngineMaterials/Substrate/Glints2/dict_0005_0254" 9895
"/Engine/EngineMaterials/Substrate/Glints2/dict_0005_0238" 9896
"../../../Engine/Content/EngineMaterials/Substrate/Glints2/dict_0006_0003.uasset" 9897
"/Engine/EngineMaterials/Substrate/Glints2/dict_0006_0008" 9898
"/Engine/EngineMaterials/Substrate/Glints2/dict_0006_0007" 9899
"/Engine/EngineMaterials/Substrate/Glints2/dict_0006_0006" 9900
"/Engine/EngineMaterials/Substrate/Glints2/dict_0006_0005" 9901
"/Engine/EngineMaterials/Substrate/Glints2/dict_0006_0002" 9902
"/Engine/EngineMaterials/Substrate/Glints2/dict_0006_0000" 9903
"/Engine/EngineMaterials/Substrate/Glints2/dict_0005_0255" 9904
"../../../Engine/Content/EngineMaterials/Substrate/Glints2/dict_0006_0010.uasset" 9905
"../../../Engine/Content/EngineMaterials/Substrate/Glints2/dict_0006_0012.uasset" 9906
"/Engine/EngineMaterials/Substrate/Glints2/dict_0005_0218" 9907
"/Engine/EngineMaterials/Substrate/Glints2/dict_0006_0010" 9908
"../../../Engine/Content/EngineMaterials/Substrate/Glints2/dict_0006_0017.uasset" 9909
"/Engine/EngineMaterials/Substrate/Glints2/dict_0006_0009" 9910
"/Engine/EngineMaterials/Substrate/Glints2/dict_0006_0003" 9911
"/Engine/EngineMaterials/Substrate/Glints2/dict_0006_0012" 9912
"/Engine/EngineMaterials/Substrate/Glints2/dict_0006_0017" 9913
"../../../Engine/Content/EngineMaterials/Substrate/Glints2/dict_0006_0011.uasset" 9914
"../../../Engine/Content/EngineMaterials/Substrate/Glints2/dict_0006_0014.uasset" 9915
"../../../Engine/Content/EngineMaterials/Substrate/Glints2/dict_0006_0016.uasset" 9916
"../../../Engine/Content/EngineMaterials/Substrate/Glints2/dict_0006_0004.uasset" 9917
"../../../Engine/Content/EngineMaterials/Substrate/Glints2/dict_0006_0019.uasset" 9918
"../../../Engine/Content/EngineMaterials/Substrate/Glints2/dict_0006_0024.uasset" 9919
"../../../Engine/Content/EngineMaterials/Substrate/Glints2/dict_0006_0022.uasset" 9920
"../../../Engine/Content/EngineMaterials/Substrate/Glints2/dict_0005_0215.uasset" 9921
"../../../Engine/Content/EngineMaterials/Substrate/Glints2/dict_0006_0028.uasset" 9922
"../../../Engine/Content/EngineMaterials/Substrate/Glints2/dict_0006_0025.uasset" 9923
"../../../Engine/Content/EngineMaterials/Substrate/Glints2/dict_0006_0021.uasset" 9924
"../../../Engine/Content/EngineMaterials/Substrate/Glints2/dict_0006_0018.uasset" 9925
"../../../Engine/Content/EngineMaterials/Substrate/Glints2/dict_0006_0027.uasset" 9926
"/Engine/EngineMaterials/Substrate/Glints2/dict_0005_0215" 9927
"/Engine/EngineMaterials/Substrate/Glints2/dict_0006_0016" 9928
"../../../Engine/Content/EngineMaterials/Substrate/Glints2/dict_0006_0026.uasset" 9929
"/Engine/EngineMaterials/Substrate/Glints2/dict_0006_0014" 9930
"/Engine/EngineMaterials/Substrate/Glints2/dict_0006_0028" 9931
"../../../Engine/Content/EngineMaterials/Substrate/Glints2/dict_0006_0020.uasset" 9932
"/Engine/EngineMaterials/Substrate/Glints2/dict_0006_0025" 9933
"/Engine/EngineMaterials/Substrate/Glints2/dict_0006_0004" 9934
"/Engine/EngineMaterials/Substrate/Glints2/dict_0006_0024" 9935
"/Engine/EngineMaterials/Substrate/Glints2/dict_0006_0019" 9936
"/Engine/EngineMaterials/Substrate/Glints2/dict_0006_0022" 9937
"/Engine/EngineMaterials/Substrate/Glints2/dict_0006_0011" 9938
"/Engine/EngineMaterials/Substrate/Glints2/dict_0006_0021" 9939
"/Engine/EngineMaterials/Substrate/Glints2/dict_0006_0018" 9940
"/Engine/EngineMaterials/Substrate/Glints2/dict_0006_0027" 9941
"/Engine/EngineMaterials/Substrate/Glints2/dict_0006_0026" 9942
"../../../Engine/Content/EngineMaterials/Substrate/Glints2/dict_0006_0030.uasset" 9943
"../../../Engine/Content/EngineMaterials/Substrate/Glints2/dict_0006_0023.uasset" 9944
"/Engine/EngineMaterials/Substrate/Glints2/dict_0006_0020" 9945
"../../../Engine/Content/EngineMaterials/Substrate/Glints2/dict_0005_0245.uasset" 9946
"/Engine/EngineMaterials/Substrate/Glints2/dict_0006_0030" 9947
"/Engine/EngineMaterials/Substrate/Glints2/dict_0005_0245" 9948
"/Engine/EngineMaterials/Substrate/Glints2/dict_0006_0023" 9949
"../../../Engine/Content/EngineMaterials/Substrate/Glints2/dict_0006_0029.uasset" 9950
"../../../Engine/Content/EngineMaterials/Substrate/Glints2/dict_0006_0031.uasset" 9951
"../../../Engine/Content/EngineMaterials/Substrate/Glints2/dict_0006_0013.uasset" 9952
"../../../Engine/Content/EngineMaterials/Substrate/Glints2/dict_0006_0034.uasset" 9953
"../../../Engine/Content/EngineMaterials/Substrate/Glints2/dict_0006_0035.uasset" 9954
"../../../Engine/Content/EngineMaterials/Substrate/Glints2/dict_0006_0032.uasset" 9955
"../../../Engine/Content/EngineMaterials/Substrate/Glints2/dict_0006_0039.uasset" 9956
"../../../Engine/Content/EngineMaterials/Substrate/Glints2/dict_0006_0037.uasset" 9957
"../../../Engine/Content/EngineMaterials/Substrate/Glints2/dict_0005_0231.uasset" 9958
"../../../Engine/Content/EngineMaterials/Substrate/Glints2/dict_0006_0038.uasset" 9959
"../../../Engine/Content/EngineMaterials/Substrate/Glints2/dict_0006_0041.uasset" 9960
"../../../Engine/Content/EngineMaterials/Substrate/Glints2/dict_0006_0047.uasset" 9961
"/Engine/EngineMaterials/Substrate/Glints2/dict_0006_0034" 9962
"/Engine/EngineMaterials/Substrate/Glints2/dict_0006_0029" 9963
"/Engine/EngineMaterials/Substrate/Glints2/dict_0006_0035" 9964
"/Engine/EngineMaterials/Substrate/Glints2/dict_0006_0013" 9965
"/Engine/EngineMaterials/Substrate/Glints2/dict_0006_0032" 9966
"../../../Engine/Content/EngineMaterials/Substrate/Glints2/dict_0006_0044.uasset" 9967
"/Engine/EngineMaterials/Substrate/Glints2/dict_0006_0031" 9968
"/Engine/EngineMaterials/Substrate/Glints2/dict_0006_0041" 9969
"/Engine/EngineMaterials/Substrate/Glints2/dict_0006_0039" 9970
"/Engine/EngineMaterials/Substrate/Glints2/dict_0006_0038" 9971
"../../../Engine/Content/EngineMaterials/Substrate/Glints2/dict_0006_0048.uasset" 9972
"../../../Engine/Content/EngineMaterials/Substrate/Glints2/dict_0006_0045.uasset" 9973
"/Engine/EngineMaterials/Substrate/Glints2/dict_0006_0037" 9974
"/Engine/EngineMaterials/Substrate/Glints2/dict_0005_0231" 9975
"../../../Engine/Content/EngineMaterials/Substrate/Glints2/dict_0006_0049.uasset" 9976
"/Engine/EngineMaterials/Substrate/Glints2/dict_0006_0047" 9977
"/Engine/EngineMaterials/Substrate/Glints2/dict_0006_0045" 9978
"../../../Engine/Content/EngineMaterials/Substrate/Glints2/dict_0006_0043.uasset" 9979
"/Engine/EngineMaterials/Substrate/Glints2/dict_0006_0044" 9980
"/Engine/EngineMaterials/Substrate/Glints2/dict_0006_0049" 9981
"/Engine/EngineMaterials/Substrate/Glints2/dict_0006_0048" 9982
"/Engine/EngineMaterials/Substrate/Glints2/dict_0006_0043" 9983
"../../../Engine/Content/EngineMaterials/Substrate/Glints2/dict_0006_0051.uasset" 9984
"../../../Engine/Content/EngineMaterials/Substrate/Glints2/dict_0006_0050.uasset" 9985
"../../../Engine/Content/EngineMaterials/Substrate/Glints2/dict_0006_0053.uasset" 9986
"../../../Engine/Content/EngineMaterials/Substrate/Glints2/dict_0006_0052.uasset" 9987
"../../../Engine/Content/EngineMaterials/Substrate/Glints2/dict_0005_0251.uasset" 9988
"../../../Engine/Content/EngineMaterials/Substrate/Glints2/dict_0005_0234.uasset" 9989
"../../../Engine/Content/EngineMaterials/Substrate/Glints2/dict_0006_0046.uasset" 9990
"../../../Engine/Content/EngineMaterials/Substrate/Glints2/dict_0006_0059.uasset" 9991
"../../../Engine/Content/EngineMaterials/Substrate/Glints2/dict_0006_0055.uasset" 9992
"../../../Engine/Content/EngineMaterials/Substrate/Glints2/dict_0006_0054.uasset" 9993
"../../../Engine/Content/EngineMaterials/Substrate/Glints2/dict_0006_0056.uasset" 9994
"/Engine/EngineMaterials/Substrate/Glints2/dict_0006_0053" 9995
"../../../Engine/Content/EngineMaterials/Substrate/Glints2/dict_0006_0060.uasset" 9996
"/Engine/EngineMaterials/Substrate/Glints2/dict_0005_0251" 9997
"../../../Engine/Content/EngineMaterials/Substrate/Glints2/dict_0006_0061.uasset" 9998
"/Engine/EngineMaterials/Substrate/Glints2/dict_0006_0046" 9999
"../../../Engine/Content/EngineMaterials/Substrate/Glints2/dict_0006_0062.uasset" 10000
"/Engine/EngineMaterials/Substrate/Glints2/dict_0006_0050" 10001
"/Engine/EngineMaterials/Substrate/Glints2/dict_0005_0234" 10002
"/Engine/EngineMaterials/Substrate/Glints2/dict_0006_0052" 10003
"/Engine/EngineMaterials/Substrate/Glints2/dict_0006_0059" 10004
"/Engine/EngineMaterials/Substrate/Glints2/dict_0006_0051" 10005
"/Engine/EngineMaterials/Substrate/Glints2/dict_0006_0056" 10006
"../../../Engine/Content/EngineMaterials/Substrate/Glints2/dict_0006_0033.uasset" 10007
"../../../Engine/Content/EngineMaterials/Substrate/Glints2/dict_0006_0058.uasset" 10008
"/Engine/EngineMaterials/Substrate/Glints2/dict_0006_0055" 10009
"../../../Engine/Content/EngineMaterials/Substrate/Glints2/dict_0006_0063.uasset" 10010
"/Engine/EngineMaterials/Substrate/Glints2/dict_0006_0054" 10011
"/Engine/EngineMaterials/Substrate/Glints2/dict_0006_0063" 10012
"/Engine/EngineMaterials/Substrate/Glints2/dict_0006_0062" 10013
"../../../Engine/Content/EngineMaterials/Substrate/Glints2/dict_0006_0068.uasset" 10014
"/Engine/EngineMaterials/Substrate/Glints2/dict_0006_0033" 10015
"/Engine/EngineMaterials/Substrate/Glints2/dict_0006_0061" 10016
"/Engine/EngineMaterials/Substrate/Glints2/dict_0006_0060" 10017
"/Engine/EngineMaterials/Substrate/Glints2/dict_0006_0058" 10018
"../../../Engine/Content/EngineMaterials/Substrate/Glints2/dict_0006_0070.uasset" 10019
"/Engine/EngineMaterials/Substrate/Glints2/dict_0006_0068" 10020
"/Engine/EngineMaterials/Substrate/Glints2/dict_0006_0070" 10021
"../../../Engine/Content/EngineMaterials/Substrate/Glints2/dict_0006_0064.uasset" 10022
"../../../Engine/Content/EngineMaterials/Substrate/Glints2/dict_0006_0069.uasset" 10023
"../../../Engine/Content/EngineMaterials/Substrate/Glints2/dict_0006_0015.uasset" 10024
"../../../Engine/Content/EngineMaterials/Substrate/Glints2/dict_0006_0001.uasset" 10025
"../../../Engine/Content/EngineMaterials/Substrate/Glints2/dict_0006_0066.uasset" 10026
"../../../Engine/Content/EngineMaterials/Substrate/Glints2/dict_0005_0252.uasset" 10027
"../../../Engine/Content/EngineMaterials/Substrate/Glints2/dict_0006_0077.uasset" 10028
"../../../Engine/Content/EngineMaterials/Substrate/Glints2/dict_0006_0074.uasset" 10029
"../../../Engine/Content/EngineMaterials/Substrate/Glints2/dict_0006_0072.uasset" 10030
"../../../Engine/Content/EngineMaterials/Substrate/Glints2/dict_0006_0078.uasset" 10031
"../../../Engine/Content/EngineMaterials/Substrate/Glints2/dict_0006_0075.uasset" 10032
"../../../Engine/Content/EngineMaterials/Substrate/Glints2/dict_0006_0073.uasset" 10033
"../../../Engine/Content/EngineMaterials/Substrate/Glints2/dict_0006_0081.uasset" 10034
"../../../Engine/Content/EngineMaterials/Substrate/Glints2/dict_0006_0079.uasset" 10035
"../../../Engine/Content/EngineMaterials/Substrate/Glints2/dict_0006_0036.uasset" 10036
"/Engine/EngineMaterials/Substrate/Glints2/dict_0006_0064" 10037
"/Engine/EngineMaterials/Substrate/Glints2/dict_0006_0081" 10038
"/Engine/EngineMaterials/Substrate/Glints2/dict_0006_0069" 10039
"/Engine/EngineMaterials/Substrate/Glints2/dict_0006_0079" 10040
"/Engine/EngineMaterials/Substrate/Glints2/dict_0006_0015" 10041
"/Engine/EngineMaterials/Substrate/Glints2/dict_0006_0078" 10042
"/Engine/EngineMaterials/Substrate/Glints2/dict_0006_0066" 10043
"/Engine/EngineMaterials/Substrate/Glints2/dict_0006_0077" 10044
"/Engine/EngineMaterials/Substrate/Glints2/dict_0006_0075" 10045
"/Engine/EngineMaterials/Substrate/Glints2/dict_0006_0001" 10046
"/Engine/EngineMaterials/Substrate/Glints2/dict_0006_0074" 10047
"/Engine/EngineMaterials/Substrate/Glints2/dict_0006_0073" 10048
"/Engine/EngineMaterials/Substrate/Glints2/dict_0006_0072" 10049
"../../../Engine/Content/EngineMaterials/Substrate/Glints2/dict_0006_0042.uasset" 10050
"../../../Engine/Content/EngineMaterials/Substrate/Glints2/dict_0006_0082.uasset" 10051
"../../../Engine/Content/EngineMaterials/Substrate/Glints2/dict_0006_0040.uasset" 10052
"../../../Engine/Content/EngineMaterials/Substrate/Glints2/dict_0006_0083.uasset" 10053
"/Engine/EngineMaterials/Substrate/Glints2/dict_0005_0252" 10054
"/Engine/EngineMaterials/Substrate/Glints2/dict_0006_0042" 10055
"/Engine/EngineMaterials/Substrate/Glints2/dict_0006_0083" 10056
"/Engine/EngineMaterials/Substrate/Glints2/dict_0006_0082" 10057
"/Engine/EngineMaterials/Substrate/Glints2/dict_0006_0040" 10058
"/Engine/EngineMaterials/Substrate/Glints2/dict_0006_0036" 10059
"../../../Engine/Content/EngineMaterials/Substrate/Glints2/dict_0006_0057.uasset" 10060
"../../../Engine/Content/EngineMaterials/Substrate/Glints2/dict_0006_0076.uasset" 10061
"../../../Engine/Content/EngineMaterials/Substrate/Glints2/dict_0005_0253.uasset" 10062
"../../../Engine/Content/EngineMaterials/Substrate/Glints2/dict_0006_0080.uasset" 10063
"../../../Engine/Content/EngineMaterials/Substrate/Glints2/dict_0006_0089.uasset" 10064
"../../../Engine/Content/EngineMaterials/Substrate/Glints2/dict_0006_0095.uasset" 10065
"../../../Engine/Content/EngineMaterials/Substrate/Glints2/dict_0006_0090.uasset" 10066
"../../../Engine/Content/EngineMaterials/Substrate/Glints2/dict_0006_0094.uasset" 10067
"../../../Engine/Content/EngineMaterials/Substrate/Glints2/dict_0006_0097.uasset" 10068
"../../../Engine/Content/EngineMaterials/Substrate/Glints2/dict_0006_0096.uasset" 10069
"../../../Engine/Content/EngineMaterials/Substrate/Glints2/dict_0006_0093.uasset" 10070
"/Engine/EngineMaterials/Substrate/Glints2/dict_0006_0080" 10071
"../../../Engine/Content/EngineMaterials/Substrate/Glints2/dict_0006_0092.uasset" 10072
"/Engine/EngineMaterials/Substrate/Glints2/dict_0006_0097" 10073
"../../../Engine/Content/EngineMaterials/Substrate/Glints2/dict_0006_0086.uasset" 10074
"../../../Engine/Content/EngineMaterials/Substrate/Glints2/dict_0006_0065.uasset" 10075
"/Engine/EngineMaterials/Substrate/Glints2/dict_0006_0096" 10076
"../../../Engine/Content/EngineMaterials/Substrate/Glints2/dict_0006_0087.uasset" 10077
"/Engine/EngineMaterials/Substrate/Glints2/dict_0006_0089" 10078
"../../../Engine/Content/EngineMaterials/Substrate/Glints2/dict_0006_0091.uasset" 10079
"/Engine/EngineMaterials/Substrate/Glints2/dict_0006_0076" 10080
"/Engine/EngineMaterials/Substrate/Glints2/dict_0006_0095" 10081
"/Engine/EngineMaterials/Substrate/Glints2/dict_0006_0094" 10082
"/Engine/EngineMaterials/Substrate/Glints2/dict_0006_0093" 10083
"/Engine/EngineMaterials/Substrate/Glints2/dict_0006_0057" 10084
"/Engine/EngineMaterials/Substrate/Glints2/dict_0005_0253" 10085
"/Engine/EngineMaterials/Substrate/Glints2/dict_0006_0090" 10086
"/Engine/EngineMaterials/Substrate/Glints2/dict_0006_0087" 10087
"../../../Engine/Content/EngineMaterials/Substrate/Glints2/dict_0006_0102.uasset" 10088
"/Engine/EngineMaterials/Substrate/Glints2/dict_0006_0086" 10089
"/Engine/EngineMaterials/Substrate/Glints2/dict_0006_0065" 10090
"/Engine/EngineMaterials/Substrate/Glints2/dict_0006_0092" 10091
"/Engine/EngineMaterials/Substrate/Glints2/dict_0006_0091" 10092
"../../../Engine/Content/EngineMaterials/Substrate/Glints2/dict_0006_0071.uasset" 10093
"../../../Engine/Content/EngineMaterials/Substrate/Glints2/dict_0006_0067.uasset" 10094
"/Engine/EngineMaterials/Substrate/Glints2/dict_0006_0102" 10095
"/Engine/EngineMaterials/Substrate/Glints2/dict_0006_0071" 10096
"/Engine/EngineMaterials/Substrate/Glints2/dict_0006_0067" 10097
"../../../Engine/Content/EngineMaterials/Substrate/Glints2/dict_0006_0108.uasset" 10098
"../../../Engine/Content/EngineMaterials/Substrate/Glints2/dict_0006_0106.uasset" 10099
"../../../Engine/Content/EngineMaterials/Substrate/Glints2/dict_0006_0104.uasset" 10100
"../../../Engine/Content/EngineMaterials/Substrate/Glints2/dict_0006_0107.uasset" 10101
"../../../Engine/Content/EngineMaterials/Substrate/Glints2/dict_0006_0084.uasset" 10102
"../../../Engine/Content/EngineMaterials/Substrate/Glints2/dict_0006_0088.uasset" 10103
"../../../Engine/Content/EngineMaterials/Substrate/Glints2/dict_0006_0105.uasset" 10104
"../../../Engine/Content/EngineMaterials/Substrate/Glints2/dict_0006_0114.uasset" 10105
"../../../Engine/Content/EngineMaterials/Substrate/Glints2/dict_0006_0098.uasset" 10106
"../../../Engine/Content/EngineMaterials/Substrate/Glints2/dict_0006_0110.uasset" 10107
"../../../Engine/Content/EngineMaterials/Substrate/Glints2/dict_0006_0115.uasset" 10108
"../../../Engine/Content/EngineMaterials/Substrate/Glints2/dict_0006_0113.uasset" 10109
"../../../Engine/Content/EngineMaterials/Substrate/Glints2/dict_0006_0100.uasset" 10110
"../../../Engine/Content/EngineMaterials/Substrate/Glints2/dict_0006_0101.uasset" 10111
"/Engine/EngineMaterials/Substrate/Glints2/dict_0006_0101" 10112
"/Engine/EngineMaterials/Substrate/Glints2/dict_0006_0100" 10113
"/Engine/EngineMaterials/Substrate/Glints2/dict_0006_0088" 10114
"/Engine/EngineMaterials/Substrate/Glints2/dict_0006_0098" 10115
"../../../Engine/Content/EngineMaterials/Substrate/Glints2/dict_0006_0118.uasset" 10116
"/Engine/EngineMaterials/Substrate/Glints2/dict_0006_0084" 10117
"../../../Engine/Content/EngineMaterials/Substrate/Glints2/dict_0006_0121.uasset" 10118
"/Engine/EngineMaterials/Substrate/Glints2/dict_0006_0115" 10119
"/Engine/EngineMaterials/Substrate/Glints2/dict_0006_0108" 10120
"../../../Engine/Content/EngineMaterials/Substrate/Glints2/dict_0006_0120.uasset" 10121
"/Engine/EngineMaterials/Substrate/Glints2/dict_0006_0107" 10122
"../../../Engine/Content/EngineMaterials/Substrate/Glints2/dict_0006_0117.uasset" 10123
"/Engine/EngineMaterials/Substrate/Glints2/dict_0006_0114" 10124
"/Engine/EngineMaterials/Substrate/Glints2/dict_0006_0106" 10125
"../../../Engine/Content/EngineMaterials/Substrate/Glints2/dict_0006_0119.uasset" 10126
"/Engine/EngineMaterials/Substrate/Glints2/dict_0006_0113" 10127
"/Engine/EngineMaterials/Substrate/Glints2/dict_0006_0105" 10128
"../../../Engine/Content/EngineMaterials/Substrate/Glints2/dict_0006_0125.uasset" 10129
"/Engine/EngineMaterials/Substrate/Glints2/dict_0006_0110" 10130
"../../../Engine/Content/EngineMaterials/Substrate/Glints2/dict_0006_0122.uasset" 10131
"/Engine/EngineMaterials/Substrate/Glints2/dict_0006_0104" 10132
"/Engine/EngineMaterials/Substrate/Glints2/dict_0006_0119" 10133
"/Engine/EngineMaterials/Substrate/Glints2/dict_0006_0118" 10134
"/Engine/EngineMaterials/Substrate/Glints2/dict_0006_0117" 10135
"/Engine/EngineMaterials/Substrate/Glints2/dict_0006_0122" 10136
"/Engine/EngineMaterials/Substrate/Glints2/dict_0006_0121" 10137
"/Engine/EngineMaterials/Substrate/Glints2/dict_0006_0120" 10138
"/Engine/EngineMaterials/Substrate/Glints2/dict_0006_0125" 10139
"../../../Engine/Content/EngineMaterials/Substrate/Glints2/dict_0006_0127.uasset" 10140
"/Engine/EngineMaterials/Substrate/Glints2/dict_0006_0127" 10141
"../../../Engine/Content/EngineMaterials/Substrate/Glints2/dict_0006_0103.uasset" 10142
"../../../Engine/Content/EngineMaterials/Substrate/Glints2/dict_0006_0085.uasset" 10143
"../../../Engine/Content/EngineMaterials/Substrate/Glints2/dict_0006_0099.uasset" 10144
"../../../Engine/Content/EngineMaterials/Substrate/Glints2/dict_0006_0135.uasset" 10145
"../../../Engine/Content/EngineMaterials/Substrate/Glints2/dict_0006_0138.uasset" 10146
"../../../Engine/Content/EngineMaterials/Substrate/Glints2/dict_0006_0129.uasset" 10147
"../../../Engine/Content/EngineMaterials/Substrate/Glints2/dict_0006_0137.uasset" 10148
"../../../Engine/Content/EngineMaterials/Substrate/Glints2/dict_0006_0132.uasset" 10149
"../../../Engine/Content/EngineMaterials/Substrate/Glints2/dict_0006_0131.uasset" 10150
"../../../Engine/Content/EngineMaterials/Substrate/Glints2/dict_0006_0130.uasset" 10151
"/Engine/EngineMaterials/Substrate/Glints2/dict_0006_0103" 10152
"../../../Engine/Content/EngineMaterials/Substrate/Glints2/dict_0006_0109.uasset" 10153
"../../../Engine/Content/EngineMaterials/Substrate/Glints2/dict_0006_0111.uasset" 10154
"../../../Engine/Content/EngineMaterials/Substrate/Glints2/dict_0006_0136.uasset" 10155
"../../../Engine/Content/EngineMaterials/Substrate/Glints2/dict_0006_0139.uasset" 10156
"/Engine/EngineMaterials/Substrate/Glints2/dict_0006_0099" 10157
"/Engine/EngineMaterials/Substrate/Glints2/dict_0006_0085" 10158
"../../../Engine/Content/EngineMaterials/Substrate/Glints2/dict_0006_0116.uasset" 10159
"/Engine/EngineMaterials/Substrate/Glints2/dict_0006_0138" 10160
"/Engine/EngineMaterials/Substrate/Glints2/dict_0006_0137" 10161
"/Engine/EngineMaterials/Substrate/Glints2/dict_0006_0135" 10162
"/Engine/EngineMaterials/Substrate/Glints2/dict_0006_0132" 10163
"/Engine/EngineMaterials/Substrate/Glints2/dict_0006_0131" 10164
"/Engine/EngineMaterials/Substrate/Glints2/dict_0006_0130" 10165
"/Engine/EngineMaterials/Substrate/Glints2/dict_0006_0129" 10166
"/Engine/EngineMaterials/Substrate/Glints2/dict_0006_0139" 10167
"/Engine/EngineMaterials/Substrate/Glints2/dict_0006_0116" 10168
"../../../Engine/Content/EngineMaterials/Substrate/Glints2/dict_0006_0123.uasset" 10169
"/Engine/EngineMaterials/Substrate/Glints2/dict_0006_0136" 10170
"/Engine/EngineMaterials/Substrate/Glints2/dict_0006_0111" 10171
"/Engine/EngineMaterials/Substrate/Glints2/dict_0006_0109" 10172
"/Engine/EngineMaterials/Substrate/Glints2/dict_0006_0123" 10173
"../../../Engine/Content/EngineMaterials/Substrate/Glints2/dict_0006_0143.uasset" 10174
"../../../Engine/Content/EngineMaterials/Substrate/Glints2/dict_0006_0126.uasset" 10175
"../../../Engine/Content/EngineMaterials/Substrate/Glints2/dict_0006_0148.uasset" 10176
"../../../Engine/Content/EngineMaterials/Substrate/Glints2/dict_0006_0149.uasset" 10177
"../../../Engine/Content/EngineMaterials/Substrate/Glints2/dict_0006_0146.uasset" 10178
"../../../Engine/Content/EngineMaterials/Substrate/Glints2/dict_0006_0133.uasset" 10179
"../../../Engine/Content/EngineMaterials/Substrate/Glints2/dict_0006_0145.uasset" 10180
"../../../Engine/Content/EngineMaterials/Substrate/Glints2/dict_0006_0153.uasset" 10181
"../../../Engine/Content/EngineMaterials/Substrate/Glints2/dict_0006_0150.uasset" 10182
"../../../Engine/Content/EngineMaterials/Substrate/Glints2/dict_0006_0151.uasset" 10183
"../../../Engine/Content/EngineMaterials/Substrate/Glints2/dict_0006_0152.uasset" 10184
"/Engine/EngineMaterials/Substrate/Glints2/dict_0006_0126" 10185
"/Engine/EngineMaterials/Substrate/Glints2/dict_0006_0148" 10186
"/Engine/EngineMaterials/Substrate/Glints2/dict_0006_0149" 10187
"/Engine/EngineMaterials/Substrate/Glints2/dict_0006_0146" 10188
"/Engine/EngineMaterials/Substrate/Glints2/dict_0006_0133" 10189
"/Engine/EngineMaterials/Substrate/Glints2/dict_0006_0145" 10190
"../../../Engine/Content/EngineMaterials/Substrate/Glints2/dict_0006_0147.uasset" 10191
"/Engine/EngineMaterials/Substrate/Glints2/dict_0006_0153" 10192
"/Engine/EngineMaterials/Substrate/Glints2/dict_0006_0152" 10193
"/Engine/EngineMaterials/Substrate/Glints2/dict_0006_0151" 10194
"../../../Engine/Content/EngineMaterials/Substrate/Glints2/dict_0006_0140.uasset" 10195
"/Engine/EngineMaterials/Substrate/Glints2/dict_0006_0150" 10196
"/Engine/EngineMaterials/Substrate/Glints2/dict_0006_0143" 10197
"/Engine/EngineMaterials/Substrate/Glints2/dict_0006_0140" 10198
"../../../Engine/Content/EngineMaterials/Substrate/Glints2/dict_0006_0162.uasset" 10199
"/Engine/EngineMaterials/Substrate/Glints2/dict_0006_0147" 10200
"../../../Engine/Content/EngineMaterials/Substrate/Glints2/dict_0006_0156.uasset" 10201
"../../../Engine/Content/EngineMaterials/Substrate/Glints2/dict_0006_0144.uasset" 10202
"/Engine/EngineMaterials/Substrate/Glints2/dict_0006_0156" 10203
"../../../Engine/Content/EngineMaterials/Substrate/Glints2/dict_0006_0158.uasset" 10204
"/Engine/EngineMaterials/Substrate/Glints2/dict_0006_0162" 10205
"/Engine/EngineMaterials/Substrate/Glints2/dict_0006_0144" 10206
"/Engine/EngineMaterials/Substrate/Glints2/dict_0006_0158" 10207
"../../../Engine/Content/EngineMaterials/Substrate/Glints2/dict_0006_0159.uasset" 10208
"/Engine/EngineMaterials/Substrate/Glints2/dict_0006_0159" 10209
"../../../Engine/Content/EngineMaterials/Substrate/Glints2/dict_0006_0165.uasset" 10210
"../../../Engine/Content/EngineMaterials/Substrate/Glints2/dict_0006_0160.uasset" 10211
"../../../Engine/Content/EngineMaterials/Substrate/Glints2/dict_0006_0154.uasset" 10212
"../../../Engine/Content/EngineMaterials/Substrate/Glints2/dict_0006_0163.uasset" 10213
"../../../Engine/Content/EngineMaterials/Substrate/Glints2/dict_0006_0164.uasset" 10214
"../../../Engine/Content/EngineMaterials/Substrate/Glints2/dict_0006_0155.uasset" 10215
"../../../Engine/Content/EngineMaterials/Substrate/Glints2/dict_0006_0168.uasset" 10216
"../../../Engine/Content/EngineMaterials/Substrate/Glints2/dict_0006_0170.uasset" 10217
"../../../Engine/Content/EngineMaterials/Substrate/Glints2/dict_0006_0169.uasset" 10218
"../../../Engine/Content/EngineMaterials/Substrate/Glints2/dict_0006_0166.uasset" 10219
"../../../Engine/Content/EngineMaterials/Substrate/Glints2/dict_0006_0173.uasset" 10220
"../../../Engine/Content/EngineMaterials/Substrate/Glints2/dict_0006_0172.uasset" 10221
"../../../Engine/Content/EngineMaterials/Substrate/Glints2/dict_0006_0174.uasset" 10222
"../../../Engine/Content/EngineMaterials/Substrate/Glints2/dict_0006_0175.uasset" 10223
"/Engine/EngineMaterials/Substrate/Glints2/dict_0006_0165" 10224
"/Engine/EngineMaterials/Substrate/Glints2/dict_0006_0164" 10225
"/Engine/EngineMaterials/Substrate/Glints2/dict_0006_0155" 10226
"../../../Engine/Content/EngineMaterials/Substrate/Glints2/dict_0006_0177.uasset" 10227
"../../../Engine/Content/EngineMaterials/Substrate/Glints2/dict_0006_0167.uasset" 10228
"../../../Engine/Content/EngineMaterials/Substrate/Glints2/dict_0006_0161.uasset" 10229
"../../../Engine/Content/EngineMaterials/Substrate/Glints2/dict_0006_0157.uasset" 10230
"../../../Engine/Content/EngineMaterials/Substrate/Glints2/dict_0006_0128.uasset" 10231
"/Engine/EngineMaterials/Substrate/Glints2/dict_0006_0173" 10232
"/Engine/EngineMaterials/Substrate/Glints2/dict_0006_0163" 10233
"../../../Engine/Content/EngineMaterials/Substrate/Glints2/dict_0006_0176.uasset" 10234
"/Engine/EngineMaterials/Substrate/Glints2/dict_0006_0154" 10235
"/Engine/EngineMaterials/Substrate/Glints2/dict_0006_0172" 10236
"/Engine/EngineMaterials/Substrate/Glints2/dict_0006_0170" 10237
"/Engine/EngineMaterials/Substrate/Glints2/dict_0006_0169" 10238
"/Engine/EngineMaterials/Substrate/Glints2/dict_0006_0168" 10239
"/Engine/EngineMaterials/Substrate/Glints2/dict_0006_0166" 10240
"/Engine/EngineMaterials/Substrate/Glints2/dict_0006_0160" 10241
"/Engine/EngineMaterials/Substrate/Glints2/dict_0006_0176" 10242
"/Engine/EngineMaterials/Substrate/Glints2/dict_0006_0175" 10243
"/Engine/EngineMaterials/Substrate/Glints2/dict_0006_0157" 10244
"/Engine/EngineMaterials/Substrate/Glints2/dict_0006_0174" 10245
"/Engine/EngineMaterials/Substrate/Glints2/dict_0006_0177" 10246
"/Engine/EngineMaterials/Substrate/Glints2/dict_0006_0161" 10247
"/Engine/EngineMaterials/Substrate/Glints2/dict_0006_0167" 10248
"../../../Engine/Content/EngineMaterials/Substrate/Glints2/dict_0006_0180.uasset" 10249
"/Engine/EngineMaterials/Substrate/Glints2/dict_0006_0128" 10250
"/Engine/EngineMaterials/Substrate/Glints2/dict_0006_0180" 10251
"../../../Engine/Content/EngineMaterials/Substrate/Glints2/dict_0006_0182.uasset" 10252
"../../../Engine/Content/EngineMaterials/Substrate/Glints2/dict_0006_0142.uasset" 10253
"../../../Engine/Content/EngineMaterials/Substrate/Glints2/dict_0006_0181.uasset" 10254
"../../../Engine/Content/EngineMaterials/Substrate/Glints2/dict_0006_0183.uasset" 10255
"/Engine/EngineMaterials/Substrate/Glints2/dict_0006_0183" 10256
"/Engine/EngineMaterials/Substrate/Glints2/dict_0006_0182" 10257
"/Engine/EngineMaterials/Substrate/Glints2/dict_0006_0181" 10258
"../../../Engine/Content/EngineMaterials/Substrate/Glints2/dict_0006_0179.uasset" 10259
"/Engine/EngineMaterials/Substrate/Glints2/dict_0006_0142" 10260
"../../../Engine/Content/EngineMaterials/Substrate/Glints2/dict_0006_0178.uasset" 10261
"/Engine/EngineMaterials/Substrate/Glints2/dict_0006_0178" 10262
"/Engine/EngineMaterials/Substrate/Glints2/dict_0006_0179" 10263
"../../../Engine/Content/EngineMaterials/Substrate/Glints2/dict_0006_0124.uasset" 10264
"../../../Engine/Content/EngineMaterials/Substrate/Glints2/dict_0006_0141.uasset" 10265
"../../../Engine/Content/EngineMaterials/Substrate/Glints2/dict_0006_0112.uasset" 10266
"../../../Engine/Content/EngineMaterials/Substrate/Glints2/dict_0006_0186.uasset" 10267
"../../../Engine/Content/EngineMaterials/Substrate/Glints2/dict_0006_0193.uasset" 10268
"../../../Engine/Content/EngineMaterials/Substrate/Glints2/dict_0006_0198.uasset" 10269
"../../../Engine/Content/EngineMaterials/Substrate/Glints2/dict_0006_0190.uasset" 10270
"../../../Engine/Content/EngineMaterials/Substrate/Glints2/dict_0006_0187.uasset" 10271
"../../../Engine/Content/EngineMaterials/Substrate/Glints2/dict_0006_0191.uasset" 10272
"../../../Engine/Content/EngineMaterials/Substrate/Glints2/dict_0006_0195.uasset" 10273
"../../../Engine/Content/EngineMaterials/Substrate/Glints2/dict_0006_0185.uasset" 10274
"../../../Engine/Content/EngineMaterials/Substrate/Glints2/dict_0006_0194.uasset" 10275
"../../../Engine/Content/EngineMaterials/Substrate/Glints2/dict_0006_0188.uasset" 10276
"../../../Engine/Content/EngineMaterials/Substrate/Glints2/dict_0006_0197.uasset" 10277
"/Engine/EngineMaterials/Substrate/Glints2/dict_0006_0141" 10278
"../../../Engine/Content/EngineMaterials/Substrate/Glints2/dict_0006_0200.uasset" 10279
"../../../Engine/Content/EngineMaterials/Substrate/Glints2/dict_0006_0184.uasset" 10280
"/Engine/EngineMaterials/Substrate/Glints2/dict_0006_0124" 10281
"/Engine/EngineMaterials/Substrate/Glints2/dict_0006_0195" 10282
"../../../Engine/Content/EngineMaterials/Substrate/Glints2/dict_0006_0192.uasset" 10283
"/Engine/EngineMaterials/Substrate/Glints2/dict_0006_0194" 10284
"/Engine/EngineMaterials/Substrate/Glints2/dict_0006_0193" 10285
"/Engine/EngineMaterials/Substrate/Glints2/dict_0006_0191" 10286
"/Engine/EngineMaterials/Substrate/Glints2/dict_0006_0190" 10287
"/Engine/EngineMaterials/Substrate/Glints2/dict_0006_0188" 10288
"/Engine/EngineMaterials/Substrate/Glints2/dict_0006_0187" 10289
"/Engine/EngineMaterials/Substrate/Glints2/dict_0006_0186" 10290
"/Engine/EngineMaterials/Substrate/Glints2/dict_0006_0112" 10291
"/Engine/EngineMaterials/Substrate/Glints2/dict_0006_0198" 10292
"/Engine/EngineMaterials/Substrate/Glints2/dict_0006_0197" 10293
"/Engine/EngineMaterials/Substrate/Glints2/dict_0006_0185" 10294
"../../../Engine/Content/EngineMaterials/Substrate/Glints2/dict_0006_0171.uasset" 10295
"/Engine/EngineMaterials/Substrate/Glints2/dict_0006_0200" 10296
"/Engine/EngineMaterials/Substrate/Glints2/dict_0006_0192" 10297
"/Engine/EngineMaterials/Substrate/Glints2/dict_0006_0171" 10298
"/Engine/EngineMaterials/Substrate/Glints2/dict_0006_0184" 10299
"../../../Engine/Content/EngineMaterials/Substrate/Glints2/dict_0006_0201.uasset" 10300
"../../../Engine/Content/EngineMaterials/Substrate/Glints2/dict_0006_0205.uasset" 10301
"../../../Engine/Content/EngineMaterials/Substrate/Glints2/dict_0006_0209.uasset" 10302
"../../../Engine/Content/EngineMaterials/Substrate/Glints2/dict_0006_0202.uasset" 10303
"../../../Engine/Content/EngineMaterials/Substrate/Glints2/dict_0006_0207.uasset" 10304
"../../../Engine/Content/EngineMaterials/Substrate/Glints2/dict_0006_0199.uasset" 10305
"../../../Engine/Content/EngineMaterials/Substrate/Glints2/dict_0006_0218.uasset" 10306
"../../../Engine/Content/EngineMaterials/Substrate/Glints2/dict_0006_0208.uasset" 10307
"../../../Engine/Content/EngineMaterials/Substrate/Glints2/dict_0006_0215.uasset" 10308
"../../../Engine/Content/EngineMaterials/Substrate/Glints2/dict_0006_0211.uasset" 10309
"../../../Engine/Content/EngineMaterials/Substrate/Glints2/dict_0006_0216.uasset" 10310
"../../../Engine/Content/EngineMaterials/Substrate/Glints2/dict_0006_0213.uasset" 10311
"/Engine/EngineMaterials/Substrate/Glints2/dict_0006_0208" 10312
"../../../Engine/Content/EngineMaterials/Substrate/Glints2/dict_0006_0217.uasset" 10313
"/Engine/EngineMaterials/Substrate/Glints2/dict_0006_0202" 10314
"/Engine/EngineMaterials/Substrate/Glints2/dict_0006_0207" 10315
"/Engine/EngineMaterials/Substrate/Glints2/dict_0006_0201" 10316
"../../../Engine/Content/EngineMaterials/Substrate/Glints2/dict_0006_0212.uasset" 10317
"/Engine/EngineMaterials/Substrate/Glints2/dict_0006_0199" 10318
"/Engine/EngineMaterials/Substrate/Glints2/dict_0006_0218" 10319
"/Engine/EngineMaterials/Substrate/Glints2/dict_0006_0216" 10320
"/Engine/EngineMaterials/Substrate/Glints2/dict_0006_0215" 10321
"../../../Engine/Content/EngineMaterials/Substrate/Glints2/dict_0006_0220.uasset" 10322
"../../../Engine/Content/EngineMaterials/Substrate/Glints2/dict_0006_0223.uasset" 10323
"../../../Engine/Content/EngineMaterials/Substrate/Glints2/dict_0006_0224.uasset" 10324
"/Engine/EngineMaterials/Substrate/Glints2/dict_0006_0213" 10325
"/Engine/EngineMaterials/Substrate/Glints2/dict_0006_0209" 10326
"/Engine/EngineMaterials/Substrate/Glints2/dict_0006_0211" 10327
"/Engine/EngineMaterials/Substrate/Glints2/dict_0006_0205" 10328
"../../../Engine/Content/EngineMaterials/Substrate/Glints2/dict_0006_0222.uasset" 10329
"../../../Engine/Content/EngineMaterials/Substrate/Glints2/dict_0006_0221.uasset" 10330
"/Engine/EngineMaterials/Substrate/Glints2/dict_0006_0224" 10331
"../../../Engine/Content/EngineMaterials/Substrate/Glints2/dict_0006_0134.uasset" 10332
"/Engine/EngineMaterials/Substrate/Glints2/dict_0006_0223" 10333
"/Engine/EngineMaterials/Substrate/Glints2/dict_0006_0222" 10334
"/Engine/EngineMaterials/Substrate/Glints2/dict_0006_0221" 10335
"/Engine/EngineMaterials/Substrate/Glints2/dict_0006_0220" 10336
"/Engine/EngineMaterials/Substrate/Glints2/dict_0006_0217" 10337
"/Engine/EngineMaterials/Substrate/Glints2/dict_0006_0212" 10338
"../../../Engine/Content/EngineMaterials/Substrate/Glints2/dict_0006_0219.uasset" 10339
"/Engine/EngineMaterials/Substrate/Glints2/dict_0006_0134" 10340
"/Engine/EngineMaterials/Substrate/Glints2/dict_0006_0219" 10341
"../../../Engine/Content/EngineMaterials/Substrate/Glints2/dict_0006_0228.uasset" 10342
"../../../Engine/Content/EngineMaterials/Substrate/Glints2/dict_0006_0227.uasset" 10343
"/Engine/EngineMaterials/Substrate/Glints2/dict_0006_0228" 10344
"../../../Engine/Content/EngineMaterials/Substrate/Glints2/dict_0006_0203.uasset" 10345
"/Engine/EngineMaterials/Substrate/Glints2/dict_0006_0227" 10346
"/Engine/EngineMaterials/Substrate/Glints2/dict_0006_0203" 10347
"../../../Engine/Content/EngineMaterials/Substrate/Glints2/dict_0006_0206.uasset" 10348
"../../../Engine/Content/EngineMaterials/Substrate/Glints2/dict_0006_0196.uasset" 10349
"../../../Engine/Content/EngineMaterials/Substrate/Glints2/dict_0006_0204.uasset" 10350
"../../../Engine/Content/EngineMaterials/Substrate/Glints2/dict_0006_0229.uasset" 10351
"../../../Engine/Content/EngineMaterials/Substrate/Glints2/dict_0006_0189.uasset" 10352
"../../../Engine/Content/EngineMaterials/Substrate/Glints2/dict_0006_0232.uasset" 10353
"../../../Engine/Content/EngineMaterials/Substrate/Glints2/dict_0006_0233.uasset" 10354
"../../../Engine/Content/EngineMaterials/Substrate/Glints2/dict_0006_0226.uasset" 10355
"../../../Engine/Content/EngineMaterials/Substrate/Glints2/dict_0006_0236.uasset" 10356
"../../../Engine/Content/EngineMaterials/Substrate/Glints2/dict_0006_0237.uasset" 10357
"../../../Engine/Content/EngineMaterials/Substrate/Glints2/dict_0006_0241.uasset" 10358
"../../../Engine/Content/EngineMaterials/Substrate/Glints2/dict_0006_0240.uasset" 10359
"../../../Engine/Content/EngineMaterials/Substrate/Glints2/dict_0006_0235.uasset" 10360
"/Engine/EngineMaterials/Substrate/Glints2/dict_0006_0240" 10361
"../../../Engine/Content/EngineMaterials/Substrate/Glints2/dict_0006_0238.uasset" 10362
"../../../Engine/Content/EngineMaterials/Substrate/Glints2/dict_0006_0239.uasset" 10363
"/Engine/EngineMaterials/Substrate/Glints2/dict_0006_0237" 10364
"../../../Engine/Content/EngineMaterials/Substrate/Glints2/dict_0006_0234.uasset" 10365
"/Engine/EngineMaterials/Substrate/Glints2/dict_0006_0206" 10366
"/Engine/EngineMaterials/Substrate/Glints2/dict_0006_0236" 10367
"/Engine/EngineMaterials/Substrate/Glints2/dict_0006_0204" 10368
"/Engine/EngineMaterials/Substrate/Glints2/dict_0006_0235" 10369
"/Engine/EngineMaterials/Substrate/Glints2/dict_0006_0189" 10370
"/Engine/EngineMaterials/Substrate/Glints2/dict_0006_0226" 10371
"/Engine/EngineMaterials/Substrate/Glints2/dict_0006_0233" 10372
"/Engine/EngineMaterials/Substrate/Glints2/dict_0006_0232" 10373
"/Engine/EngineMaterials/Substrate/Glints2/dict_0006_0241" 10374
"/Engine/EngineMaterials/Substrate/Glints2/dict_0006_0196" 10375
"../../../Engine/Content/EngineMaterials/Substrate/Glints2/dict_0006_0210.uasset" 10376
"/Engine/EngineMaterials/Substrate/Glints2/dict_0006_0229" 10377
"/Engine/EngineMaterials/Substrate/Glints2/dict_0006_0239" 10378
"/Engine/EngineMaterials/Substrate/Glints2/dict_0006_0210" 10379
"/Engine/EngineMaterials/Substrate/Glints2/dict_0006_0238" 10380
"/Engine/EngineMaterials/Substrate/Glints2/dict_0006_0234" 10381
"../../../Engine/Content/EngineMaterials/Substrate/Glints2/dict_0006_0251.uasset" 10382
"../../../Engine/Content/EngineMaterials/Substrate/Glints2/dict_0006_0246.uasset" 10383
"../../../Engine/Content/EngineMaterials/Substrate/Glints2/dict_0006_0250.uasset" 10384
"../../../Engine/Content/EngineMaterials/Substrate/Glints2/dict_0006_0243.uasset" 10385
"../../../Engine/Content/EngineMaterials/Substrate/Glints2/dict_0006_0249.uasset" 10386
"../../../Engine/Content/EngineMaterials/Substrate/Glints2/dict_0006_0252.uasset" 10387
"../../../Engine/Content/EngineMaterials/Substrate/Glints2/dict_0006_0247.uasset" 10388
"../../../Engine/Content/EngineMaterials/Substrate/Glints2/dict_0007_0000.uasset" 10389
"../../../Engine/Content/EngineMaterials/Substrate/Glints2/dict_0007_0004.uasset" 10390
"../../../Engine/Content/EngineMaterials/Substrate/Glints2/dict_0006_0245.uasset" 10391
"../../../Engine/Content/EngineMaterials/Substrate/Glints2/dict_0006_0244.uasset" 10392
"/Engine/EngineMaterials/Substrate/Glints2/dict_0006_0252" 10393
"../../../Engine/Content/EngineMaterials/Substrate/Glints2/dict_0006_0253.uasset" 10394
"../../../Engine/Content/EngineMaterials/Substrate/Glints2/dict_0007_0003.uasset" 10395
"/Engine/EngineMaterials/Substrate/Glints2/dict_0006_0247" 10396
"/Engine/EngineMaterials/Substrate/Glints2/dict_0006_0246" 10397
"../../../Engine/Content/EngineMaterials/Substrate/Glints2/dict_0007_0006.uasset" 10398
"../../../Engine/Content/EngineMaterials/Substrate/Glints2/dict_0007_0008.uasset" 10399
"/Engine/EngineMaterials/Substrate/Glints2/dict_0006_0245" 10400
"../../../Engine/Content/EngineMaterials/Substrate/Glints2/dict_0006_0254.uasset" 10401
"/Engine/EngineMaterials/Substrate/Glints2/dict_0006_0244" 10402
"/Engine/EngineMaterials/Substrate/Glints2/dict_0006_0251" 10403
"/Engine/EngineMaterials/Substrate/Glints2/dict_0006_0243" 10404
"../../../Engine/Content/EngineMaterials/Substrate/Glints2/dict_0007_0005.uasset" 10405
"../../../Engine/Content/EngineMaterials/Substrate/Glints2/dict_0007_0001.uasset" 10406
"/Engine/EngineMaterials/Substrate/Glints2/dict_0006_0250" 10407
"/Engine/EngineMaterials/Substrate/Glints2/dict_0006_0249" 10408
"/Engine/EngineMaterials/Substrate/Glints2/dict_0007_0004" 10409
"../../../Engine/Content/EngineMaterials/Substrate/Glints2/dict_0007_0009.uasset" 10410
"/Engine/EngineMaterials/Substrate/Glints2/dict_0007_0000" 10411
"/Engine/EngineMaterials/Substrate/Glints2/dict_0007_0009" 10412
"/Engine/EngineMaterials/Substrate/Glints2/dict_0007_0008" 10413
"/Engine/EngineMaterials/Substrate/Glints2/dict_0007_0006" 10414
"/Engine/EngineMaterials/Substrate/Glints2/dict_0007_0005" 10415
"/Engine/EngineMaterials/Substrate/Glints2/dict_0007_0003" 10416
"/Engine/EngineMaterials/Substrate/Glints2/dict_0007_0001" 10417
"/Engine/EngineMaterials/Substrate/Glints2/dict_0006_0254" 10418
"/Engine/EngineMaterials/Substrate/Glints2/dict_0006_0253" 10419
"../../../Engine/Content/EngineMaterials/Substrate/Glints2/dict_0007_0007.uasset" 10420
"../../../Engine/Content/EngineMaterials/Substrate/Glints2/dict_0006_0242.uasset" 10421
"../../../Engine/Content/EngineMaterials/Substrate/Glints2/dict_0007_0010.uasset" 10422
"../../../Engine/Content/EngineMaterials/Substrate/Glints2/dict_0006_0225.uasset" 10423
"../../../Engine/Content/EngineMaterials/Substrate/Glints2/dict_0007_0012.uasset" 10424
"../../../Engine/Content/EngineMaterials/Substrate/Glints2/dict_0006_0231.uasset" 10425
"../../../Engine/Content/EngineMaterials/Substrate/Glints2/dict_0007_0022.uasset" 10426
"../../../Engine/Content/EngineMaterials/Substrate/Glints2/dict_0007_0018.uasset" 10427
"../../../Engine/Content/EngineMaterials/Substrate/Glints2/dict_0007_0020.uasset" 10428
"../../../Engine/Content/EngineMaterials/Substrate/Glints2/dict_0007_0015.uasset" 10429
"../../../Engine/Content/EngineMaterials/Substrate/Glints2/dict_0006_0214.uasset" 10430
"../../../Engine/Content/EngineMaterials/Substrate/Glints2/dict_0007_0014.uasset" 10431
"../../../Engine/Content/EngineMaterials/Substrate/Glints2/dict_0007_0016.uasset" 10432
"../../../Engine/Content/EngineMaterials/Substrate/Glints2/dict_0007_0021.uasset" 10433
"../../../Engine/Content/EngineMaterials/Substrate/Glints2/dict_0007_0019.uasset" 10434
"../../../Engine/Content/EngineMaterials/Substrate/Glints2/dict_0007_0017.uasset" 10435
"/Engine/EngineMaterials/Substrate/Glints2/dict_0007_0022" 10436
"/Engine/EngineMaterials/Substrate/Glints2/dict_0007_0021" 10437
"/Engine/EngineMaterials/Substrate/Glints2/dict_0007_0012" 10438
"/Engine/EngineMaterials/Substrate/Glints2/dict_0007_0020" 10439
"/Engine/EngineMaterials/Substrate/Glints2/dict_0007_0019" 10440
"/Engine/EngineMaterials/Substrate/Glints2/dict_0007_0007" 10441
"/Engine/EngineMaterials/Substrate/Glints2/dict_0007_0018" 10442
"../../../Engine/Content/EngineMaterials/Substrate/Glints2/dict_0007_0023.uasset" 10443
"../../../Engine/Content/EngineMaterials/Substrate/Glints2/dict_0006_0230.uasset" 10444
"../../../Engine/Content/EngineMaterials/Substrate/Glints2/dict_0007_0027.uasset" 10445
"../../../Engine/Content/EngineMaterials/Substrate/Glints2/dict_0006_0255.uasset" 10446
"/Engine/EngineMaterials/Substrate/Glints2/dict_0007_0016" 10447
"/Engine/EngineMaterials/Substrate/Glints2/dict_0007_0015" 10448
"/Engine/EngineMaterials/Substrate/Glints2/dict_0006_0242" 10449
"/Engine/EngineMaterials/Substrate/Glints2/dict_0007_0010" 10450
"/Engine/EngineMaterials/Substrate/Glints2/dict_0006_0214" 10451
"/Engine/EngineMaterials/Substrate/Glints2/dict_0007_0014" 10452
"/Engine/EngineMaterials/Substrate/Glints2/dict_0006_0231" 10453
"../../../Engine/Content/EngineMaterials/Substrate/Glints2/dict_0007_0025.uasset" 10454
"/Engine/EngineMaterials/Substrate/Glints2/dict_0006_0225" 10455
"/Engine/EngineMaterials/Substrate/Glints2/dict_0007_0023" 10456
"/Engine/EngineMaterials/Substrate/Glints2/dict_0007_0017" 10457
"/Engine/EngineMaterials/Substrate/Glints2/dict_0007_0027" 10458
"/Engine/EngineMaterials/Substrate/Glints2/dict_0006_0255" 10459
"/Engine/EngineMaterials/Substrate/Glints2/dict_0006_0230" 10460
"../../../Engine/Content/EngineMaterials/Substrate/Glints2/dict_0007_0024.uasset" 10461
"../../../Engine/Content/EngineMaterials/Substrate/Glints2/dict_0007_0028.uasset" 10462
"/Engine/EngineMaterials/Substrate/Glints2/dict_0007_0025" 10463
"/Engine/EngineMaterials/Substrate/Glints2/dict_0007_0024" 10464
"/Engine/EngineMaterials/Substrate/Glints2/dict_0007_0028" 10465
"../../../Engine/Content/EngineMaterials/Substrate/Glints2/dict_0007_0032.uasset" 10466
"../../../Engine/Content/EngineMaterials/Substrate/Glints2/dict_0007_0029.uasset" 10467
"../../../Engine/Content/EngineMaterials/Substrate/Glints2/dict_0007_0031.uasset" 10468
"../../../Engine/Content/EngineMaterials/Substrate/Glints2/dict_0007_0030.uasset" 10469
"../../../Engine/Content/EngineMaterials/Substrate/Glints2/dict_0006_0248.uasset" 10470
"../../../Engine/Content/EngineMaterials/Substrate/Glints2/dict_0007_0013.uasset" 10471
"../../../Engine/Content/EngineMaterials/Substrate/Glints2/dict_0007_0011.uasset" 10472
"../../../Engine/Content/EngineMaterials/Substrate/Glints2/dict_0007_0043.uasset" 10473
"../../../Engine/Content/EngineMaterials/Substrate/Glints2/dict_0007_0037.uasset" 10474
"../../../Engine/Content/EngineMaterials/Substrate/Glints2/dict_0007_0033.uasset" 10475
"../../../Engine/Content/EngineMaterials/Substrate/Glints2/dict_0007_0034.uasset" 10476
"../../../Engine/Content/EngineMaterials/Substrate/Glints2/dict_0007_0035.uasset" 10477
"../../../Engine/Content/EngineMaterials/Substrate/Glints2/dict_0007_0036.uasset" 10478
"../../../Engine/Content/EngineMaterials/Substrate/Glints2/dict_0007_0038.uasset" 10479
"../../../Engine/Content/EngineMaterials/Substrate/Glints2/dict_0007_0042.uasset" 10480
"../../../Engine/Content/EngineMaterials/Substrate/Glints2/dict_0007_0041.uasset" 10481
"../../../Engine/Content/EngineMaterials/Substrate/Glints2/dict_0007_0040.uasset" 10482
"../../../Engine/Content/EngineMaterials/Substrate/Glints2/dict_0007_0002.uasset" 10483
"/Engine/EngineMaterials/Substrate/Glints2/dict_0007_0032" 10484
"../../../Engine/Content/EngineMaterials/Substrate/Glints2/dict_0007_0046.uasset" 10485
"/Engine/EngineMaterials/Substrate/Glints2/dict_0007_0013" 10486
"../../../Engine/Content/EngineMaterials/Substrate/Glints2/dict_0007_0048.uasset" 10487
"/Engine/EngineMaterials/Substrate/Glints2/dict_0007_0011" 10488
"/Engine/EngineMaterials/Substrate/Glints2/dict_0007_0031" 10489
"/Engine/EngineMaterials/Substrate/Glints2/dict_0007_0043" 10490
"/Engine/EngineMaterials/Substrate/Glints2/dict_0007_0042" 10491
"/Engine/EngineMaterials/Substrate/Glints2/dict_0007_0030" 10492
"/Engine/EngineMaterials/Substrate/Glints2/dict_0007_0041" 10493
"/Engine/EngineMaterials/Substrate/Glints2/dict_0007_0040" 10494
"../../../Engine/Content/EngineMaterials/Substrate/Glints2/dict_0007_0045.uasset" 10495
"/Engine/EngineMaterials/Substrate/Glints2/dict_0007_0029" 10496
"../../../Engine/Content/EngineMaterials/Substrate/Glints2/dict_0007_0047.uasset" 10497
"/Engine/EngineMaterials/Substrate/Glints2/dict_0006_0248" 10498
"../../../Engine/Content/EngineMaterials/Substrate/Glints2/dict_0007_0051.uasset" 10499
"/Engine/EngineMaterials/Substrate/Glints2/dict_0007_0002" 10500
"/Engine/EngineMaterials/Substrate/Glints2/dict_0007_0038" 10501
"/Engine/EngineMaterials/Substrate/Glints2/dict_0007_0037" 10502
"/Engine/EngineMaterials/Substrate/Glints2/dict_0007_0036" 10503
"/Engine/EngineMaterials/Substrate/Glints2/dict_0007_0035" 10504
"../../../Engine/Content/EngineMaterials/Substrate/Glints2/dict_0007_0039.uasset" 10505
"/Engine/EngineMaterials/Substrate/Glints2/dict_0007_0034" 10506
"/Engine/EngineMaterials/Substrate/Glints2/dict_0007_0033" 10507
"../../../Engine/Content/EngineMaterials/Substrate/Glints2/dict_0007_0026.uasset" 10508
"/Engine/EngineMaterials/Substrate/Glints2/dict_0007_0047" 10509
"/Engine/EngineMaterials/Substrate/Glints2/dict_0007_0046" 10510
"../../../Engine/Content/EngineMaterials/Substrate/Glints2/dict_0007_0055.uasset" 10511
"/Engine/EngineMaterials/Substrate/Glints2/dict_0007_0045" 10512
"/Engine/EngineMaterials/Substrate/Glints2/dict_0007_0039" 10513
"/Engine/EngineMaterials/Substrate/Glints2/dict_0007_0051" 10514
"../../../Engine/Content/EngineMaterials/Substrate/Glints2/dict_0007_0044.uasset" 10515
"/Engine/EngineMaterials/Substrate/Glints2/dict_0007_0026" 10516
"../../../Engine/Content/EngineMaterials/Substrate/Glints2/dict_0007_0053.uasset" 10517
"/Engine/EngineMaterials/Substrate/Glints2/dict_0007_0048" 10518
"/Engine/EngineMaterials/Substrate/Glints2/dict_0007_0055" 10519
"../../../Engine/Content/EngineMaterials/Substrate/Glints2/dict_0007_0054.uasset" 10520
"/Engine/EngineMaterials/Substrate/Glints2/dict_0007_0053" 10521
"/Engine/EngineMaterials/Substrate/Glints2/dict_0007_0044" 10522
"/Engine/EngineMaterials/Substrate/Glints2/dict_0007_0054" 10523
"../../../Engine/Content/EngineMaterials/Substrate/Glints2/dict_0007_0052.uasset" 10524
"/Engine/EngineMaterials/Substrate/Glints2/dict_0007_0052" 10525
"../../../Engine/Content/EngineMaterials/Substrate/Glints2/dict_0007_0049.uasset" 10526
"../../../Engine/Content/EngineMaterials/Substrate/Glints2/dict_0007_0068.uasset" 10527
"../../../Engine/Content/EngineMaterials/Substrate/Glints2/dict_0007_0069.uasset" 10528
"../../../Engine/Content/EngineMaterials/Substrate/Glints2/dict_0007_0057.uasset" 10529
"../../../Engine/Content/EngineMaterials/Substrate/Glints2/dict_0007_0071.uasset" 10530
"../../../Engine/Content/EngineMaterials/Substrate/Glints2/dict_0007_0056.uasset" 10531
"../../../Engine/Content/EngineMaterials/Substrate/Glints2/dict_0007_0061.uasset" 10532
"../../../Engine/Content/EngineMaterials/Substrate/Glints2/dict_0007_0060.uasset" 10533
"../../../Engine/Content/EngineMaterials/Substrate/Glints2/dict_0007_0064.uasset" 10534
"../../../Engine/Content/EngineMaterials/Substrate/Glints2/dict_0007_0070.uasset" 10535
"../../../Engine/Content/EngineMaterials/Substrate/Glints2/dict_0007_0065.uasset" 10536
"../../../Engine/Content/EngineMaterials/Substrate/Glints2/dict_0007_0062.uasset" 10537
"../../../Engine/Content/EngineMaterials/Substrate/Glints2/dict_0007_0066.uasset" 10538
"../../../Engine/Content/EngineMaterials/Substrate/Glints2/dict_0007_0073.uasset" 10539
"/Engine/EngineMaterials/Substrate/Glints2/dict_0007_0073" 10540
"../../../Engine/Content/EngineMaterials/Substrate/Glints2/dict_0007_0063.uasset" 10541
"../../../Engine/Content/EngineMaterials/Substrate/Glints2/dict_0007_0059.uasset" 10542
"/Engine/EngineMaterials/Substrate/Glints2/dict_0007_0071" 10543
"/Engine/EngineMaterials/Substrate/Glints2/dict_0007_0070" 10544
"/Engine/EngineMaterials/Substrate/Glints2/dict_0007_0069" 10545
"/Engine/EngineMaterials/Substrate/Glints2/dict_0007_0068" 10546
"/Engine/EngineMaterials/Substrate/Glints2/dict_0007_0066" 10547
"../../../Engine/Content/EngineMaterials/Substrate/Glints2/dict_0007_0050.uasset" 10548
"/Engine/EngineMaterials/Substrate/Glints2/dict_0007_0065" 10549
"../../../Engine/Content/EngineMaterials/Substrate/Glints2/dict_0007_0067.uasset" 10550
"/Engine/EngineMaterials/Substrate/Glints2/dict_0007_0064" 10551
"/Engine/EngineMaterials/Substrate/Glints2/dict_0007_0062" 10552
"/Engine/EngineMaterials/Substrate/Glints2/dict_0007_0061" 10553
"/Engine/EngineMaterials/Substrate/Glints2/dict_0007_0060" 10554
"/Engine/EngineMaterials/Substrate/Glints2/dict_0007_0057" 10555
"/Engine/EngineMaterials/Substrate/Glints2/dict_0007_0049" 10556
"/Engine/EngineMaterials/Substrate/Glints2/dict_0007_0056" 10557
"../../../Engine/Content/EngineMaterials/Substrate/Glints2/dict_0007_0076.uasset" 10558
"/Engine/EngineMaterials/Substrate/Glints2/dict_0007_0067" 10559
"/Engine/EngineMaterials/Substrate/Glints2/dict_0007_0063" 10560
"/Engine/EngineMaterials/Substrate/Glints2/dict_0007_0059" 10561
"/Engine/EngineMaterials/Substrate/Glints2/dict_0007_0050" 10562
"../../../Engine/Content/EngineMaterials/Substrate/Glints2/dict_0007_0083.uasset" 10563
"../../../Engine/Content/EngineMaterials/Substrate/Glints2/dict_0007_0079.uasset" 10564
"/Engine/EngineMaterials/Substrate/Glints2/dict_0007_0083" 10565
"../../../Engine/Content/EngineMaterials/Substrate/Glints2/dict_0007_0085.uasset" 10566
"/Engine/EngineMaterials/Substrate/Glints2/dict_0007_0079" 10567
"/Engine/EngineMaterials/Substrate/Glints2/dict_0007_0076" 10568
"../../../Engine/Content/EngineMaterials/Substrate/Glints2/dict_0007_0077.uasset" 10569
"/Engine/EngineMaterials/Substrate/Glints2/dict_0007_0085" 10570
"/Engine/EngineMaterials/Substrate/Glints2/dict_0007_0077" 10571
"../../../Engine/Content/EngineMaterials/Substrate/Glints2/dict_0007_0084.uasset" 10572
"../../../Engine/Content/EngineMaterials/Substrate/Glints2/dict_0007_0080.uasset" 10573
"../../../Engine/Content/EngineMaterials/Substrate/Glints2/dict_0007_0081.uasset" 10574
"../../../Engine/Content/EngineMaterials/Substrate/Glints2/dict_0007_0058.uasset" 10575
"../../../Engine/Content/EngineMaterials/Substrate/Glints2/dict_0007_0078.uasset" 10576
"../../../Engine/Content/EngineMaterials/Substrate/Glints2/dict_0007_0082.uasset" 10577
"../../../Engine/Content/EngineMaterials/Substrate/Glints2/dict_0007_0088.uasset" 10578
"/Engine/EngineMaterials/Substrate/Glints2/dict_0007_0082" 10579
"../../../Engine/Content/EngineMaterials/Substrate/Glints2/dict_0007_0095.uasset" 10580
"../../../Engine/Content/EngineMaterials/Substrate/Glints2/dict_0007_0096.uasset" 10581
"../../../Engine/Content/EngineMaterials/Substrate/Glints2/dict_0007_0075.uasset" 10582
"../../../Engine/Content/EngineMaterials/Substrate/Glints2/dict_0007_0098.uasset" 10583
"../../../Engine/Content/EngineMaterials/Substrate/Glints2/dict_0007_0093.uasset" 10584
"/Engine/EngineMaterials/Substrate/Glints2/dict_0007_0080" 10585
"../../../Engine/Content/EngineMaterials/Substrate/Glints2/dict_0007_0089.uasset" 10586
"../../../Engine/Content/EngineMaterials/Substrate/Glints2/dict_0007_0090.uasset" 10587
"/Engine/EngineMaterials/Substrate/Glints2/dict_0007_0078" 10588
"../../../Engine/Content/EngineMaterials/Substrate/Glints2/dict_0007_0086.uasset" 10589
"../../../Engine/Content/EngineMaterials/Substrate/Glints2/dict_0007_0097.uasset" 10590
"../../../Engine/Content/EngineMaterials/Substrate/Glints2/dict_0007_0087.uasset" 10591
"/Engine/EngineMaterials/Substrate/Glints2/dict_0007_0081" 10592
"../../../Engine/Content/EngineMaterials/Substrate/Glints2/dict_0007_0074.uasset" 10593
"/Engine/EngineMaterials/Substrate/Glints2/dict_0007_0084" 10594
"/Engine/EngineMaterials/Substrate/Glints2/dict_0007_0058" 10595
"../../../Engine/Content/EngineMaterials/Substrate/Glints2/dict_0007_0094.uasset" 10596
"/Engine/EngineMaterials/Substrate/Glints2/dict_0007_0088" 10597
"/Engine/EngineMaterials/Substrate/Glints2/dict_0007_0098" 10598
"/Engine/EngineMaterials/Substrate/Glints2/dict_0007_0097" 10599
"/Engine/EngineMaterials/Substrate/Glints2/dict_0007_0096" 10600
"/Engine/EngineMaterials/Substrate/Glints2/dict_0007_0095" 10601
"../../../Engine/Content/EngineMaterials/Substrate/Glints2/dict_0007_0102.uasset" 10602
"/Engine/EngineMaterials/Substrate/Glints2/dict_0007_0094" 10603
"/Engine/EngineMaterials/Substrate/Glints2/dict_0007_0093" 10604
"/Engine/EngineMaterials/Substrate/Glints2/dict_0007_0090" 10605
"/Engine/EngineMaterials/Substrate/Glints2/dict_0007_0089" 10606
"/Engine/EngineMaterials/Substrate/Glints2/dict_0007_0087" 10607
"/Engine/EngineMaterials/Substrate/Glints2/dict_0007_0086" 10608
"../../../Engine/Content/EngineMaterials/Substrate/Glints2/dict_0007_0101.uasset" 10609
"/Engine/EngineMaterials/Substrate/Glints2/dict_0007_0075" 10610
"/Engine/EngineMaterials/Substrate/Glints2/dict_0007_0074" 10611
"/Engine/EngineMaterials/Substrate/Glints2/dict_0007_0102" 10612
"/Engine/EngineMaterials/Substrate/Glints2/dict_0007_0101" 10613
"../../../Engine/Content/EngineMaterials/Substrate/Glints2/dict_0007_0099.uasset" 10614
"../../../Engine/Content/EngineMaterials/Substrate/Glints2/dict_0007_0100.uasset" 10615
"../../../Engine/Content/EngineMaterials/Substrate/Glints2/dict_0007_0091.uasset" 10616
"../../../Engine/Content/EngineMaterials/Substrate/Glints2/dict_0007_0072.uasset" 10617
"../../../Engine/Content/EngineMaterials/Substrate/Glints2/dict_0007_0105.uasset" 10618
"../../../Engine/Content/EngineMaterials/Substrate/Glints2/dict_0007_0106.uasset" 10619
"../../../Engine/Content/EngineMaterials/Substrate/Glints2/dict_0007_0107.uasset" 10620
"../../../Engine/Content/EngineMaterials/Substrate/Glints2/dict_0007_0111.uasset" 10621
"../../../Engine/Content/EngineMaterials/Substrate/Glints2/dict_0007_0114.uasset" 10622
"../../../Engine/Content/EngineMaterials/Substrate/Glints2/dict_0007_0110.uasset" 10623
"../../../Engine/Content/EngineMaterials/Substrate/Glints2/dict_0007_0115.uasset" 10624
"../../../Engine/Content/EngineMaterials/Substrate/Glints2/dict_0007_0112.uasset" 10625
"../../../Engine/Content/EngineMaterials/Substrate/Glints2/dict_0007_0103.uasset" 10626
"../../../Engine/Content/EngineMaterials/Substrate/Glints2/dict_0007_0119.uasset" 10627
"../../../Engine/Content/EngineMaterials/Substrate/Glints2/dict_0007_0116.uasset" 10628
"/Engine/EngineMaterials/Substrate/Glints2/dict_0007_0099" 10629
"/Engine/EngineMaterials/Substrate/Glints2/dict_0007_0106" 10630
"/Engine/EngineMaterials/Substrate/Glints2/dict_0007_0072" 10631
"/Engine/EngineMaterials/Substrate/Glints2/dict_0007_0115" 10632
"/Engine/EngineMaterials/Substrate/Glints2/dict_0007_0114" 10633
"/Engine/EngineMaterials/Substrate/Glints2/dict_0007_0105" 10634
"/Engine/EngineMaterials/Substrate/Glints2/dict_0007_0112" 10635
"../../../Engine/Content/EngineMaterials/Substrate/Glints2/dict_0007_0117.uasset" 10636
"../../../Engine/Content/EngineMaterials/Substrate/Glints2/dict_0007_0118.uasset" 10637
"/Engine/EngineMaterials/Substrate/Glints2/dict_0007_0103" 10638
"../../../Engine/Content/EngineMaterials/Substrate/Glints2/dict_0007_0125.uasset" 10639
"/Engine/EngineMaterials/Substrate/Glints2/dict_0007_0107" 10640
"../../../Engine/Content/EngineMaterials/Substrate/Glints2/dict_0007_0124.uasset" 10641
"/Engine/EngineMaterials/Substrate/Glints2/dict_0007_0111" 10642
"../../../Engine/Content/EngineMaterials/Substrate/Glints2/dict_0007_0126.uasset" 10643
"/Engine/EngineMaterials/Substrate/Glints2/dict_0007_0091" 10644
"/Engine/EngineMaterials/Substrate/Glints2/dict_0007_0110" 10645
"/Engine/EngineMaterials/Substrate/Glints2/dict_0007_0100" 10646
"/Engine/EngineMaterials/Substrate/Glints2/dict_0007_0119" 10647
"../../../Engine/Content/EngineMaterials/Substrate/Glints2/dict_0007_0122.uasset" 10648
"/Engine/EngineMaterials/Substrate/Glints2/dict_0007_0116" 10649
"../../../Engine/Content/EngineMaterials/Substrate/Glints2/dict_0007_0120.uasset" 10650
"/Engine/EngineMaterials/Substrate/Glints2/dict_0007_0126" 10651
"/Engine/EngineMaterials/Substrate/Glints2/dict_0007_0125" 10652
"../../../Engine/Content/EngineMaterials/Substrate/Glints2/dict_0007_0123.uasset" 10653
"/Engine/EngineMaterials/Substrate/Glints2/dict_0007_0124" 10654
"/Engine/EngineMaterials/Substrate/Glints2/dict_0007_0122" 10655
"/Engine/EngineMaterials/Substrate/Glints2/dict_0007_0120" 10656
"/Engine/EngineMaterials/Substrate/Glints2/dict_0007_0118" 10657
"/Engine/EngineMaterials/Substrate/Glints2/dict_0007_0117" 10658
"/Engine/EngineMaterials/Substrate/Glints2/dict_0007_0123" 10659
"../../../Engine/Content/EngineMaterials/Substrate/Glints2/dict_0007_0108.uasset" 10660
"../../../Engine/Content/EngineMaterials/Substrate/Glints2/dict_0007_0109.uasset" 10661
"/Engine/EngineMaterials/Substrate/Glints2/dict_0007_0108" 10662
"../../../Engine/Content/EngineMaterials/Substrate/Glints2/dict_0007_0128.uasset" 10663
"/Engine/EngineMaterials/Substrate/Glints2/dict_0007_0128" 10664
"/Engine/EngineMaterials/Substrate/Glints2/dict_0007_0109" 10665
"../../../Engine/Content/EngineMaterials/Substrate/Glints2/dict_0007_0092.uasset" 10666
"../../../Engine/Content/EngineMaterials/Substrate/Glints2/dict_0007_0127.uasset" 10667
"../../../Engine/Content/EngineMaterials/Substrate/Glints2/dict_0007_0135.uasset" 10668
"../../../Engine/Content/EngineMaterials/Substrate/Glints2/dict_0007_0131.uasset" 10669
"../../../Engine/Content/EngineMaterials/Substrate/Glints2/dict_0007_0138.uasset" 10670
"../../../Engine/Content/EngineMaterials/Substrate/Glints2/dict_0007_0139.uasset" 10671
"../../../Engine/Content/EngineMaterials/Substrate/Glints2/dict_0007_0137.uasset" 10672
"../../../Engine/Content/EngineMaterials/Substrate/Glints2/dict_0007_0141.uasset" 10673
"../../../Engine/Content/EngineMaterials/Substrate/Glints2/dict_0007_0140.uasset" 10674
"../../../Engine/Content/EngineMaterials/Substrate/Glints2/dict_0007_0144.uasset" 10675
"../../../Engine/Content/EngineMaterials/Substrate/Glints2/dict_0007_0145.uasset" 10676
"/Engine/EngineMaterials/Substrate/Glints2/dict_0007_0144" 10677
"/Engine/EngineMaterials/Substrate/Glints2/dict_0007_0141" 10678
"/Engine/EngineMaterials/Substrate/Glints2/dict_0007_0140" 10679
"../../../Engine/Content/EngineMaterials/Substrate/Glints2/dict_0007_0132.uasset" 10680
"/Engine/EngineMaterials/Substrate/Glints2/dict_0007_0139" 10681
"/Engine/EngineMaterials/Substrate/Glints2/dict_0007_0127" 10682
"/Engine/EngineMaterials/Substrate/Glints2/dict_0007_0138" 10683
"/Engine/EngineMaterials/Substrate/Glints2/dict_0007_0137" 10684
"../../../Engine/Content/EngineMaterials/Substrate/Glints2/dict_0007_0130.uasset" 10685
"/Engine/EngineMaterials/Substrate/Glints2/dict_0007_0092" 10686
"/Engine/EngineMaterials/Substrate/Glints2/dict_0007_0135" 10687
"/Engine/EngineMaterials/Substrate/Glints2/dict_0007_0131" 10688
"/Engine/EngineMaterials/Substrate/Glints2/dict_0007_0145" 10689
"../../../Engine/Content/EngineMaterials/Substrate/Glints2/dict_0007_0143.uasset" 10690
"/Engine/EngineMaterials/Substrate/Glints2/dict_0007_0132" 10691
"../../../Engine/Content/EngineMaterials/Substrate/Glints2/dict_0007_0133.uasset" 10692
"../../../Engine/Content/EngineMaterials/Substrate/Glints2/dict_0007_0113.uasset" 10693
"/Engine/EngineMaterials/Substrate/Glints2/dict_0007_0130" 10694
"/Engine/EngineMaterials/Substrate/Glints2/dict_0007_0143" 10695
"/Engine/EngineMaterials/Substrate/Glints2/dict_0007_0113" 10696
"/Engine/EngineMaterials/Substrate/Glints2/dict_0007_0133" 10697
"../../../Engine/Content/EngineMaterials/Substrate/Glints2/dict_0007_0104.uasset" 10698
"../../../Engine/Content/EngineMaterials/Substrate/Glints2/dict_0007_0121.uasset" 10699
"/Engine/EngineMaterials/Substrate/Glints2/dict_0007_0121" 10700
"/Engine/EngineMaterials/Substrate/Glints2/dict_0007_0104" 10701
"../../../Engine/Content/EngineMaterials/Substrate/Glints2/dict_0007_0136.uasset" 10702
"../../../Engine/Content/EngineMaterials/Substrate/Glints2/dict_0007_0148.uasset" 10703
"../../../Engine/Content/EngineMaterials/Substrate/Glints2/dict_0007_0149.uasset" 10704
"../../../Engine/Content/EngineMaterials/Substrate/Glints2/dict_0007_0150.uasset" 10705
"../../../Engine/Content/EngineMaterials/Substrate/Glints2/dict_0007_0153.uasset" 10706
"../../../Engine/Content/EngineMaterials/Substrate/Glints2/dict_0007_0152.uasset" 10707
"../../../Engine/Content/EngineMaterials/Substrate/Glints2/dict_0007_0155.uasset" 10708
"../../../Engine/Content/EngineMaterials/Substrate/Glints2/dict_0007_0160.uasset" 10709
"../../../Engine/Content/EngineMaterials/Substrate/Glints2/dict_0007_0157.uasset" 10710
"../../../Engine/Content/EngineMaterials/Substrate/Glints2/dict_0007_0156.uasset" 10711
"../../../Engine/Content/EngineMaterials/Substrate/Glints2/dict_0007_0158.uasset" 10712
"../../../Engine/Content/EngineMaterials/Substrate/Glints2/dict_0007_0162.uasset" 10713
"/Engine/EngineMaterials/Substrate/Glints2/dict_0007_0162" 10714
"/Engine/EngineMaterials/Substrate/Glints2/dict_0007_0150" 10715
"../../../Engine/Content/EngineMaterials/Substrate/Glints2/dict_0007_0165.uasset" 10716
"../../../Engine/Content/EngineMaterials/Substrate/Glints2/dict_0007_0161.uasset" 10717
"/Engine/EngineMaterials/Substrate/Glints2/dict_0007_0149" 10718
"/Engine/EngineMaterials/Substrate/Glints2/dict_0007_0160" 10719
"/Engine/EngineMaterials/Substrate/Glints2/dict_0007_0152" 10720
"/Engine/EngineMaterials/Substrate/Glints2/dict_0007_0136" 10721
"/Engine/EngineMaterials/Substrate/Glints2/dict_0007_0148" 10722
"/Engine/EngineMaterials/Substrate/Glints2/dict_0007_0153" 10723
"../../../Engine/Content/EngineMaterials/Substrate/Glints2/dict_0007_0147.uasset" 10724
"../../../Engine/Content/EngineMaterials/Substrate/Glints2/dict_0007_0159.uasset" 10725
"/Engine/EngineMaterials/Substrate/Glints2/dict_0007_0158" 10726
"/Engine/EngineMaterials/Substrate/Glints2/dict_0007_0155" 10727
"/Engine/EngineMaterials/Substrate/Glints2/dict_0007_0157" 10728
"/Engine/EngineMaterials/Substrate/Glints2/dict_0007_0156" 10729
"../../../Engine/Content/EngineMaterials/Substrate/Glints2/dict_0007_0129.uasset" 10730
"/Engine/EngineMaterials/Substrate/Glints2/dict_0007_0165" 10731
"../../../Engine/Content/EngineMaterials/Substrate/Glints2/dict_0007_0169.uasset" 10732
"/Engine/EngineMaterials/Substrate/Glints2/dict_0007_0161" 10733
"../../../Engine/Content/EngineMaterials/Substrate/Glints2/dict_0007_0166.uasset" 10734
"../../../Engine/Content/EngineMaterials/Substrate/Glints2/dict_0007_0167.uasset" 10735
"/Engine/EngineMaterials/Substrate/Glints2/dict_0007_0159" 10736
"/Engine/EngineMaterials/Substrate/Glints2/dict_0007_0129" 10737
"../../../Engine/Content/EngineMaterials/Substrate/Glints2/dict_0007_0134.uasset" 10738
"/Engine/EngineMaterials/Substrate/Glints2/dict_0007_0147" 10739
"/Engine/EngineMaterials/Substrate/Glints2/dict_0007_0166" 10740
"/Engine/EngineMaterials/Substrate/Glints2/dict_0007_0134" 10741
"/Engine/EngineMaterials/Substrate/Glints2/dict_0007_0169" 10742
"../../../Engine/Content/EngineMaterials/Substrate/Glints2/dict_0007_0170.uasset" 10743
"../../../Engine/Content/EngineMaterials/Substrate/Glints2/dict_0007_0168.uasset" 10744
"/Engine/EngineMaterials/Substrate/Glints2/dict_0007_0167" 10745
"../../../Engine/Content/EngineMaterials/Substrate/Glints2/dict_0007_0171.uasset" 10746
"/Engine/EngineMaterials/Substrate/Glints2/dict_0007_0171" 10747
"../../../Engine/Content/EngineMaterials/Substrate/Glints2/dict_0007_0172.uasset" 10748
"/Engine/EngineMaterials/Substrate/Glints2/dict_0007_0170" 10749
"/Engine/EngineMaterials/Substrate/Glints2/dict_0007_0168" 10750
"../../../Engine/Content/EngineMaterials/Substrate/Glints2/dict_0007_0164.uasset" 10751
"/Engine/EngineMaterials/Substrate/Glints2/dict_0007_0172" 10752
"/Engine/EngineMaterials/Substrate/Glints2/dict_0007_0164" 10753
"../../../Engine/Content/EngineMaterials/Substrate/Glints2/dict_0007_0154.uasset" 10754
"../../../Engine/Content/EngineMaterials/Substrate/Glints2/dict_0007_0142.uasset" 10755
"../../../Engine/Content/EngineMaterials/Substrate/Glints2/dict_0007_0180.uasset" 10756
"../../../Engine/Content/EngineMaterials/Substrate/Glints2/dict_0007_0179.uasset" 10757
"../../../Engine/Content/EngineMaterials/Substrate/Glints2/dict_0007_0177.uasset" 10758
"../../../Engine/Content/EngineMaterials/Substrate/Glints2/dict_0007_0181.uasset" 10759
"../../../Engine/Content/EngineMaterials/Substrate/Glints2/dict_0007_0176.uasset" 10760
"../../../Engine/Content/EngineMaterials/Substrate/Glints2/dict_0007_0175.uasset" 10761
"../../../Engine/Content/EngineMaterials/Substrate/Glints2/dict_0007_0183.uasset" 10762
"../../../Engine/Content/EngineMaterials/Substrate/Glints2/dict_0007_0182.uasset" 10763
"../../../Engine/Content/EngineMaterials/Substrate/Glints2/dict_0007_0178.uasset" 10764
"../../../Engine/Content/EngineMaterials/Substrate/Glints2/dict_0007_0185.uasset" 10765
"../../../Engine/Content/EngineMaterials/Substrate/Glints2/dict_0007_0188.uasset" 10766
"../../../Engine/Content/EngineMaterials/Substrate/Glints2/dict_0007_0174.uasset" 10767
"../../../Engine/Content/EngineMaterials/Substrate/Glints2/dict_0007_0186.uasset" 10768
"../../../Engine/Content/EngineMaterials/Substrate/Glints2/dict_0007_0187.uasset" 10769
"/Engine/EngineMaterials/Substrate/Glints2/dict_0007_0142" 10770
"../../../Engine/Content/EngineMaterials/Substrate/Glints2/dict_0007_0173.uasset" 10771
"/Engine/EngineMaterials/Substrate/Glints2/dict_0007_0185" 10772
"/Engine/EngineMaterials/Substrate/Glints2/dict_0007_0183" 10773
"/Engine/EngineMaterials/Substrate/Glints2/dict_0007_0182" 10774
"/Engine/EngineMaterials/Substrate/Glints2/dict_0007_0181" 10775
"../../../Engine/Content/EngineMaterials/Substrate/Glints2/dict_0007_0184.uasset" 10776
"/Engine/EngineMaterials/Substrate/Glints2/dict_0007_0180" 10777
"/Engine/EngineMaterials/Substrate/Glints2/dict_0007_0179" 10778
"/Engine/EngineMaterials/Substrate/Glints2/dict_0007_0188" 10779
"/Engine/EngineMaterials/Substrate/Glints2/dict_0007_0178" 10780
"/Engine/EngineMaterials/Substrate/Glints2/dict_0007_0187" 10781
"/Engine/EngineMaterials/Substrate/Glints2/dict_0007_0177" 10782
"/Engine/EngineMaterials/Substrate/Glints2/dict_0007_0186" 10783
"/Engine/EngineMaterials/Substrate/Glints2/dict_0007_0176" 10784
"/Engine/EngineMaterials/Substrate/Glints2/dict_0007_0154" 10785
"/Engine/EngineMaterials/Substrate/Glints2/dict_0007_0175" 10786
"/Engine/EngineMaterials/Substrate/Glints2/dict_0007_0174" 10787
"/Engine/EngineMaterials/Substrate/Glints2/dict_0007_0184" 10788
"/Engine/EngineMaterials/Substrate/Glints2/dict_0007_0173" 10789
"../../../Engine/Content/EngineMaterials/Substrate/Glints2/dict_0007_0197.uasset" 10790
"../../../Engine/Content/EngineMaterials/Substrate/Glints2/dict_0007_0163.uasset" 10791
"/Engine/EngineMaterials/Substrate/Glints2/dict_0007_0197" 10792
"/Engine/EngineMaterials/Substrate/Glints2/dict_0007_0163" 10793
"../../../Engine/Content/EngineMaterials/Substrate/Glints2/dict_0007_0151.uasset" 10794
"/Engine/EngineMaterials/Substrate/Glints2/dict_0007_0151" 10795
"../../../Engine/Content/EngineMaterials/Substrate/Glints2/dict_0007_0196.uasset" 10796
"../../../Engine/Content/EngineMaterials/Substrate/Glints2/dict_0007_0195.uasset" 10797
"../../../Engine/Content/EngineMaterials/Substrate/Glints2/dict_0007_0198.uasset" 10798
"../../../Engine/Content/EngineMaterials/Substrate/Glints2/dict_0007_0189.uasset" 10799
"../../../Engine/Content/EngineMaterials/Substrate/Glints2/dict_0007_0199.uasset" 10800
"../../../Engine/Content/EngineMaterials/Substrate/Glints2/dict_0007_0193.uasset" 10801
"../../../Engine/Content/EngineMaterials/Substrate/Glints2/dict_0007_0194.uasset" 10802
"../../../Engine/Content/EngineMaterials/Substrate/Glints2/dict_0007_0204.uasset" 10803
"../../../Engine/Content/EngineMaterials/Substrate/Glints2/dict_0007_0208.uasset" 10804
"../../../Engine/Content/EngineMaterials/Substrate/Glints2/dict_0007_0203.uasset" 10805
"../../../Engine/Content/EngineMaterials/Substrate/Glints2/dict_0007_0206.uasset" 10806
"../../../Engine/Content/EngineMaterials/Substrate/Glints2/dict_0007_0207.uasset" 10807
"../../../Engine/Content/EngineMaterials/Substrate/Glints2/dict_0007_0200.uasset" 10808
"/Engine/EngineMaterials/Substrate/Glints2/dict_0007_0194" 10809
"../../../Engine/Content/EngineMaterials/Substrate/Glints2/dict_0007_0211.uasset" 10810
"../../../Engine/Content/EngineMaterials/Substrate/Glints2/dict_0007_0212.uasset" 10811
"/Engine/EngineMaterials/Substrate/Glints2/dict_0007_0199" 10812
"../../../Engine/Content/EngineMaterials/Substrate/Glints2/dict_0007_0202.uasset" 10813
"/Engine/EngineMaterials/Substrate/Glints2/dict_0007_0196" 10814
"../../../Engine/Content/EngineMaterials/Substrate/Glints2/dict_0007_0146.uasset" 10815
"../../../Engine/Content/EngineMaterials/Substrate/Glints2/dict_0007_0213.uasset" 10816
"../../../Engine/Content/EngineMaterials/Substrate/Glints2/dict_0007_0190.uasset" 10817
"/Engine/EngineMaterials/Substrate/Glints2/dict_0007_0189" 10818
"/Engine/EngineMaterials/Substrate/Glints2/dict_0007_0208" 10819
"/Engine/EngineMaterials/Substrate/Glints2/dict_0007_0207" 10820
"/Engine/EngineMaterials/Substrate/Glints2/dict_0007_0206" 10821
"../../../Engine/Content/EngineMaterials/Substrate/Glints2/dict_0007_0205.uasset" 10822
"/Engine/EngineMaterials/Substrate/Glints2/dict_0007_0193" 10823
"/Engine/EngineMaterials/Substrate/Glints2/dict_0007_0204" 10824
"../../../Engine/Content/EngineMaterials/Substrate/Glints2/dict_0007_0210.uasset" 10825
"../../../Engine/Content/EngineMaterials/Substrate/Glints2/dict_0007_0215.uasset" 10826
"/Engine/EngineMaterials/Substrate/Glints2/dict_0007_0198" 10827
"/Engine/EngineMaterials/Substrate/Glints2/dict_0007_0203" 10828
"/Engine/EngineMaterials/Substrate/Glints2/dict_0007_0195" 10829
"../../../Engine/Content/EngineMaterials/Substrate/Glints2/dict_0007_0216.uasset" 10830
"/Engine/EngineMaterials/Substrate/Glints2/dict_0007_0200" 10831
"/Engine/EngineMaterials/Substrate/Glints2/dict_0007_0215" 10832
"../../../Engine/Content/EngineMaterials/Substrate/Glints2/dict_0007_0217.uasset" 10833
"/Engine/EngineMaterials/Substrate/Glints2/dict_0007_0190" 10834
"/Engine/EngineMaterials/Substrate/Glints2/dict_0007_0213" 10835
"/Engine/EngineMaterials/Substrate/Glints2/dict_0007_0212" 10836
"/Engine/EngineMaterials/Substrate/Glints2/dict_0007_0211" 10837
"/Engine/EngineMaterials/Substrate/Glints2/dict_0007_0210" 10838
"/Engine/EngineMaterials/Substrate/Glints2/dict_0007_0205" 10839
"/Engine/EngineMaterials/Substrate/Glints2/dict_0007_0216" 10840
"/Engine/EngineMaterials/Substrate/Glints2/dict_0007_0202" 10841
"/Engine/EngineMaterials/Substrate/Glints2/dict_0007_0146" 10842
"../../../Engine/Content/EngineMaterials/Substrate/Glints2/dict_0007_0218.uasset" 10843
"../../../Engine/Content/EngineMaterials/Substrate/Glints2/dict_0007_0219.uasset" 10844
"/Engine/EngineMaterials/Substrate/Glints2/dict_0007_0218" 10845
"../../../Engine/Content/EngineMaterials/Substrate/Glints2/dict_0007_0220.uasset" 10846
"/Engine/EngineMaterials/Substrate/Glints2/dict_0007_0217" 10847
"/Engine/EngineMaterials/Substrate/Glints2/dict_0007_0219" 10848
"/Engine/EngineMaterials/Substrate/Glints2/dict_0007_0220" 10849
"../../../Engine/Content/EngineMaterials/Substrate/Glints2/dict_0007_0191.uasset" 10850
"../../../Engine/Content/EngineMaterials/Substrate/Glints2/dict_0007_0201.uasset" 10851
"../../../Engine/Content/EngineMaterials/Substrate/Glints2/dict_0007_0230.uasset" 10852
"../../../Engine/Content/EngineMaterials/Substrate/Glints2/dict_0007_0225.uasset" 10853
"../../../Engine/Content/EngineMaterials/Substrate/Glints2/dict_0007_0228.uasset" 10854
"../../../Engine/Content/EngineMaterials/Substrate/Glints2/dict_0007_0214.uasset" 10855
"../../../Engine/Content/EngineMaterials/Substrate/Glints2/dict_0007_0223.uasset" 10856
"../../../Engine/Content/EngineMaterials/Substrate/Glints2/dict_0007_0232.uasset" 10857
"../../../Engine/Content/EngineMaterials/Substrate/Glints2/dict_0007_0221.uasset" 10858
"../../../Engine/Content/EngineMaterials/Substrate/Glints2/dict_0007_0222.uasset" 10859
"../../../Engine/Content/EngineMaterials/Substrate/Glints2/dict_0007_0227.uasset" 10860
"../../../Engine/Content/EngineMaterials/Substrate/Glints2/dict_0007_0226.uasset" 10861
"../../../Engine/Content/EngineMaterials/Substrate/Glints2/dict_0007_0233.uasset" 10862
"../../../Engine/Content/EngineMaterials/Substrate/Glints2/dict_0007_0231.uasset" 10863
"../../../Engine/Content/EngineMaterials/Substrate/Glints2/dict_0007_0192.uasset" 10864
"../../../Engine/Content/EngineMaterials/Substrate/Glints2/dict_0007_0236.uasset" 10865
"../../../Engine/Content/EngineMaterials/Substrate/Glints2/dict_0007_0237.uasset" 10866
"/Engine/EngineMaterials/Substrate/Glints2/dict_0007_0233" 10867
"../../../Engine/Content/EngineMaterials/Substrate/Glints2/dict_0007_0234.uasset" 10868
"../../../Engine/Content/EngineMaterials/Substrate/Glints2/dict_0007_0235.uasset" 10869
"/Engine/EngineMaterials/Substrate/Glints2/dict_0007_0232" 10870
"../../../Engine/Content/EngineMaterials/Substrate/Glints2/dict_0007_0209.uasset" 10871
"/Engine/EngineMaterials/Substrate/Glints2/dict_0007_0231" 10872
"../../../Engine/Content/EngineMaterials/Substrate/Glints2/dict_0007_0229.uasset" 10873
"/Engine/EngineMaterials/Substrate/Glints2/dict_0007_0214" 10874
"/Engine/EngineMaterials/Substrate/Glints2/dict_0007_0230" 10875
"/Engine/EngineMaterials/Substrate/Glints2/dict_0007_0228" 10876
"/Engine/EngineMaterials/Substrate/Glints2/dict_0007_0227" 10877
"/Engine/EngineMaterials/Substrate/Glints2/dict_0007_0237" 10878
"/Engine/EngineMaterials/Substrate/Glints2/dict_0007_0226" 10879
"/Engine/EngineMaterials/Substrate/Glints2/dict_0007_0236" 10880
"/Engine/EngineMaterials/Substrate/Glints2/dict_0007_0225" 10881
"/Engine/EngineMaterials/Substrate/Glints2/dict_0007_0223" 10882
"/Engine/EngineMaterials/Substrate/Glints2/dict_0007_0192" 10883
"/Engine/EngineMaterials/Substrate/Glints2/dict_0007_0222" 10884
"../../../Engine/Content/EngineMaterials/Substrate/Glints2/dict_0007_0240.uasset" 10885
"../../../Engine/Content/EngineMaterials/Substrate/Glints2/dict_0007_0244.uasset" 10886
"../../../Engine/Content/EngineMaterials/Substrate/Glints2/dict_0007_0245.uasset" 10887
"/Engine/EngineMaterials/Substrate/Glints2/dict_0007_0201" 10888
"../../../Engine/Content/EngineMaterials/Substrate/Glints2/dict_0007_0242.uasset" 10889
"/Engine/EngineMaterials/Substrate/Glints2/dict_0007_0221" 10890
"/Engine/EngineMaterials/Substrate/Glints2/dict_0007_0191" 10891
"/Engine/EngineMaterials/Substrate/Glints2/dict_0007_0245" 10892
"../../../Engine/Content/EngineMaterials/PPM_DefaultCalibrationColor.uasset" 10893
"../../../Engine/Content/EngineMaterials/Substrate/Glints2/dict_0007_0243.uasset" 10894
"/Engine/EngineMaterials/Substrate/Glints2/dict_0007_0242" 10895
"../../../Engine/Content/EngineMaterials/PPM_DefaultCalibrationGrayscale.uasset" 10896
"/Engine/EngineMaterials/Substrate/Glints2/dict_0007_0244" 10897
"/Engine/EngineMaterials/Substrate/Glints2/dict_0007_0240" 10898
"/Engine/EngineMaterials/Substrate/Glints2/dict_0007_0209" 10899
"/Engine/EngineMaterials/Substrate/Glints2/dict_0007_0229" 10900
"/Engine/EngineMaterials/Substrate/Glints2/dict_0007_0235" 10901
"/Engine/EngineMaterials/Substrate/Glints2/dict_0007_0234" 10902
"/Engine/EngineMaterials/Substrate/Glints2/dict_0007_0243" 10903
"../../../Engine/Content/EngineMaterials/Substrate/Glints2/dict_0007_0239.uasset" 10904
"../../../Engine/Content/EngineMaterials/Substrate/Glints2/dict_0007_0247.uasset" 10905
"../../../Engine/Content/EngineMaterials/Substrate/Glints2/dict_0007_0241.uasset" 10906
"../../../Engine/Content/EngineMaterials/Substrate/Glints2/dict_0007_0238.uasset" 10907
"../../../Engine/Content/EngineMaterials/Substrate/Glints2/dict_0007_0246.uasset" 10908
"../../../Engine/Content/EngineMaterials/Substrate/Glints2/dict_0007_0252.uasset" 10909
"../../../Engine/Content/EngineMaterials/Substrate/Volume/SubstrateSimpleVolumeEnvLUT2D.uasset" 10910
"../../../Engine/Content/EngineMaterials/DefaultCalibrationGrayscale.uasset" 10911
"../../../Engine/Content/EngineMaterials/Substrate/Glints2/dict_0007_0253.uasset" 10912
"../../../Engine/Content/EngineMaterials/Substrate/Glints2/dict_0007_0251.uasset" 10913
"../../../Engine/Content/EngineMaterials/Substrate/Glints2/dict_0007_0224.uasset" 10914
"../../../Engine/Content/EngineMaterials/Substrate/Glints2/dict_0007_0248.uasset" 10915
"../../../Engine/Content/EngineMaterials/Substrate/Volume/SubstrateSimpleVolumeLUT2D.uasset" 10916
"/Engine/EngineMaterials/PPM_DefaultCalibrationGrayscale" 10917
"../../../Engine/Content/EngineMaterials/DefaultCalibrationColor.uasset" 10918
"../../../Engine/Content/Functions/MaterialLayerFunctions/MatLayerBlend_OverrideOpacity.uasset" 10919
"../../../Engine/Content/EngineMaterials/Substrate/Glints2/dict_0007_0255.uasset" 10920
"../../../Engine/Content/EngineMaterials/Substrate/Volume/SubstrateSimpleVolumeEnvLUT3D.uasset" 10921
"/Engine/EngineMaterials/Substrate/Glints2/dict_0007_0247" 10922
"/Engine/EngineMaterials/Substrate/Glints2/dict_0007_0246" 10923
"/Engine/EngineMaterials/Substrate/Glints2/dict_0007_0241" 10924
"/Engine/EngineMaterials/Substrate/Glints2/dict_0007_0239" 10925
"../../../Engine/Content/EngineMaterials/Substrate/Glints2/dict_0007_0249.uasset" 10926
"/Engine/EngineMaterials/Substrate/Glints2/dict_0007_0238" 10927
"/Engine/EngineMaterials/Substrate/Volume/SubstrateSimpleVolumeEnvLUT2D" 10928
"../../../Engine/Content/EngineMaterials/Substrate/Glints2/AGlintTex2dArray2.uasset" 10929
"/Engine/EngineMaterials/Substrate/Volume/SubstrateSimpleVolumeLUT2D" 10930
"/Engine/EngineMaterials/Substrate/Glints2/dict_0007_0224" 10931
"/Engine/EngineMaterials/Substrate/Glints2/dict_0007_0253" 10932
"/Engine/EngineMaterials/Substrate/Glints2/dict_0007_0252" 10933
"../../../Engine/Content/EngineMaterials/Substrate/Glints2/dict_0007_0254.uasset" 10934
"../../../Engine/Content/EngineMaterials/Substrate/Volume/SubstrateSimpleVolumeLUT3D.uasset" 10935
"/Engine/EngineMaterials/Substrate/Glints2/dict_0007_0251" 10936
"/Engine/EngineMaterials/Substrate/Glints2/dict_0007_0248" 10937
"/Engine/EngineMaterials/PPM_DefaultCalibrationColor" 10938
"/Engine/EngineMaterials/Substrate/Volume/SubstrateSimpleVolumeEnvLUT3D" 10939
"/Engine/EngineMaterials/Substrate/Volume/SubstrateSimpleVolumeLUT3D" 10940
"/Engine/EngineMaterials/Substrate/Glints2/dict_0007_0255" 10941
"/Engine/EngineMaterials/Substrate/Glints2/dict_0007_0254" 10942
"../../../Engine/Plugins/NNE/NNEDenoiser/Content/NNEDIM_HighQuality_Alpha.uasset" 10943
"/Engine/Functions/MaterialLayerFunctions/MatLayerBlend_OverrideOpacity" 10944
"../../../Engine/Plugins/NNE/NNEDenoiser/Content/NNEDOM_Output_Alpha.uasset" 10945
"../../../Engine/Plugins/NNE/NNEDenoiser/Content/NNEDIM_HighQuality_Default.uasset" 10946
"/Engine/EngineMaterials/Substrate/Glints2/dict_0007_0249" 10947
"/NNEDenoiser/NNEDIM_HighQuality_Default" 10948
"/NNEDenoiser/NNEDOM_Output_Alpha" 10949
"/NNEDenoiser/NNEDIM_HighQuality_Alpha" 10950
"../../../Engine/Content/Functions/Engine_MaterialFunctions03/Procedurals/HeightToNormalSmooth.uasset" 10951
"../../../Engine/Plugins/Interchange/Assets/Content/Functions/MX_Displacement.uasset" 10952
"../../../Engine/Plugins/NNE/NNEDenoiser/Content/NNEDIM_ColorAlbedoNormal_Default.uasset" 10953
"/NNEDenoiser/NNEDIM_ColorAlbedoNormal_Default" 10954
"/InterchangeAssets/Functions/MX_Displacement" 10955
"../../../Engine/Plugins/NNE/NNEDenoiser/Content/NNEDIM_ColorAlbedoNormal_Alpha.uasset" 10956
"../../../Engine/Plugins/NNE/NNEDenoiser/Content/NNEDTOM_Output_Default.uasset" 10957
"../../../Engine/Plugins/Interchange/Assets/Content/Functions/MX_Surface.uasset" 10958
"../../../Engine/Plugins/NNE/NNEDenoiser/Content/NNED_Oidn2-3_Fast_Alpha.uasset" 10959
"../../../Engine/Plugins/NNE/NNEDenoiser/Content/NNEDTOM_Output_Alpha.uasset" 10960
"/NNEDenoiser/NNED_Oidn2-3_Fast_Alpha" 10961
"/NNEDenoiser/NNEDIM_ColorAlbedoNormal_Alpha" 10962
"../../../Engine/Plugins/NNE/NNEDenoiser/Content/NNE_oidn2-3-0_rt_hdr_alb_nrm__dyn__fp16_opset11_DenoiseAlpha.uasset" 10963
"../../../Engine/Content/EngineMaterials/Substrate/Glints2/dict_0007_0250.uasset" 10964
"../../../Engine/Plugins/NNE/NNEDenoiser/Content/NNE_oidn2-3-0_rt_hdr_alb_nrm_small__dyn__fp16_opset11_ForwardAlpha.uasset" 10965
"/NNEDenoiser/NNEDTOM_Output_Default" 10966
"../../../Engine/Plugins/NNE/NNEDenoiser/Content/NNED_Oidn2-3_HighQuality.uasset" 10967
"../../../Engine/Plugins/NNE/NNEDenoiser/Content/NNED_Oidn2-3_Fast.uasset" 10968
"../../../Engine/Plugins/NNE/NNEDenoiser/Content/NNED_Oidn2-3_HighQuality_Alpha.uasset" 10969
"../../../Engine/Plugins/NNE/NNEDenoiser/Content/NNE_oidn2-3-0_rt_hdr_alb_nrm_small__dyn__fp16_opset11_DenoiseAlpha.uasset" 10970
"../../../Engine/Plugins/NNE/NNEDenoiser/Content/NNEDT_Oidn2-3_Balanced_Alpha.uasset" 10971
"/NNEDenoiser/NNEDTOM_Output_Alpha" 10972
"../../../Engine/Plugins/NNE/NNEDenoiser/Content/NNEDTIM_ColorAlbedoNormal_Default.uasset" 10973
"/InterchangeAssets/Functions/MX_Surface" 10974
"../../../Engine/Plugins/NNE/NNEDenoiser/Content/NNEDT_Oidn2-3_Balanced.uasset" 10975
"../../../Engine/Plugins/NNE/NNEDenoiser/Content/NNED_Oidn2-3_Balanced.uasset" 10976
"../../../Engine/Plugins/NNE/NNEDenoiser/Content/NNED_Oidn2-3_Balanced_Alpha.uasset" 10977
"/NNEDenoiser/NNE_oidn2-3-0_rt_hdr_alb_nrm_small__dyn__fp16_opset11_DenoiseAlpha" 10978
"../../../Engine/Plugins/Interchange/Runtime/Content/Pipelines/DefaultAssetsPipeline.uasset" 10979
"../../../Engine/Plugins/Interchange/Runtime/Content/Pipelines/DefaultMaterialXPipeline.uasset" 10980
"../../../Engine/Plugins/NNE/NNEDenoiser/Content/NNEDOM_Output_Default.uasset" 10981
"/NNEDenoiser/NNED_Oidn2-3_HighQuality_Alpha" 10982
"/NNEDenoiser/NNED_Oidn2-3_HighQuality" 10983
"/NNEDenoiser/NNED_Oidn2-3_Fast" 10984
"/NNEDenoiser/NNED_Oidn2-3_Balanced" 10985
"/NNEDenoiser/NNEDT_Oidn2-3_Balanced_Alpha" 10986
"/NNEDenoiser/NNEDT_Oidn2-3_Balanced" 10987
"/Engine/EngineMaterials/Substrate/Glints2/AGlintTex2dArray2" 10988
"../../../Engine/Content/EditorResources/BSPVertex.uasset" 10989
"../../../Engine/Content/EngineMaterials/DefaultBloomKernel.uasset" 10990
"../../../Engine/Plugins/NNE/NNEDenoiser/Content/NNEDTIM_ColorAlbedoNormal_Alpha.uasset" 10991
"../../../Engine/Plugins/NNE/NNEDenoiser/Content/NNE_oidn2-3-0_rt_hdr_alb_nrm__dyn__fp16_opset11_ForwardAlpha.uasset" 10992
"../../../Engine/Plugins/Interchange/Runtime/Content/Pipelines/DefaultGLTFAssetsPipeline.uasset" 10993
"../../../Engine/Content/EngineResources/Development/ZenLogo_64.uasset" 10994
"../../../Engine/Plugins/NNE/NNEDenoiser/Content/NNE_oidn2-3-0_rt_hdr_calb_cnrm_large__dyn__fp16_opset11_DenoiseAlpha.uasset" 10995
"../../../Engine/Content/EngineMaterials/FastBlueNoise_vec2_128x128x64.uasset" 10996
"../../../Engine/Content/EngineMaterials/FastBlueNoise_scalar_128x128x64.uasset" 10997
"../../../Engine/Content/EngineDebugMaterials/DebugEditorMaterial.uasset" 10998
"../../../Engine/Content/EngineResources/FilmGrains/Marcie_Grain_v3_128_M2_000.uasset" 10999
"../../../Engine/Plugins/NNE/NNEDenoiser/Content/NNE_oidn2-3-0_rt_hdr_calb_cnrm_large__dyn__fp16_opset11_ForwardAlpha.uasset" 11000
"../../../Engine/Content/EngineMaterials/FastBlueNoise_scalar_128x128x8.uasset" 11001
"../../../Engine/Content/EngineMaterials/EnergyConservation/Sheen_Energy.uasset" 11002
"../../../Engine/Content/EngineMaterials/LTC/Sheen_LTC.uasset" 11003
"/NNEDenoiser/NNEDTIM_ColorAlbedoNormal_Default" 11004
"../../../Engine/Content/EngineMaterials/EnergyConservation/Diffuse_Energy.uasset" 11005
"D:/FYP_UE/FYP/Intermediate/ORTOptimizerPass_Optimized2C47EFF84468A9BF6B78E59E64A5F8FD.onnx" 11006
"D:/FYP_UE/FYP/Intermediate/ORTOptimizerPass_OptimizedEF1C767E46873A628B27AF857E89CC02.onnx" 11007
"/NNEDenoiser/NNE_oidn2-3-0_rt_hdr_alb_nrm__dyn__fp16_opset11_DenoiseAlpha" 11008
"/NNEDenoiser/NNE_oidn2-3-0_rt_hdr_alb_nrm_small__dyn__fp16_opset11_ForwardAlpha" 11009
"/Engine/EngineMaterials/FastBlueNoise_scalar_128x128x64" 11010
"../../../Engine/Plugins/Interchange/Runtime/Content/Pipelines/DefaultMaterialPipeline.uasset" 11011
"../../../Engine/Plugins/Interchange/Runtime/Content/Pipelines/DefaultGLTFPipeline.uasset" 11012
"../../../Engine/Plugins/Interchange/Runtime/Content/Pipelines/DefaultSceneLevelPipeline.uasset" 11013
"../../../Engine/Plugins/Interchange/Runtime/Content/Pipelines/DefaultTexturePipeline.uasset" 11014
"/Engine/EngineDebugMaterials/DebugEditorMaterial" 11015
"../../../Engine/Plugins/Interchange/Runtime/Content/Pipelines/DefaultSceneAssetsPipeline.uasset" 11016
"../../../Engine/Plugins/Interchange/Runtime/Content/Pipelines/DefaultGLTFSceneAssetsPipeline.uasset" 11017
"/Engine/EngineResources/Development/ZenLogo_64" 11018
"/Engine/EngineResources/FilmGrains/Marcie_Grain_v3_128_M2_000" 11019
"/Engine/EngineMaterials/DefaultBloomKernel" 11020
"/Interchange/Pipelines/DefaultGLTFAssetsPipeline" 11021
"/Engine/EditorResources/BSPVertex" 11022
"/Engine/EngineMaterials/LTC/Sheen_LTC" 11023
"/Interchange/Pipelines/DefaultMaterialXPipeline" 11024
"/NNEDenoiser/NNED_Oidn2-3_Balanced_Alpha" 11025
"/Engine/EngineMaterials/FastBlueNoise_vec2_128x128x64" 11026
"/Engine/EngineMaterials/FastBlueNoise_scalar_128x128x8" 11027
"/NNEDenoiser/NNE_oidn2-3-0_rt_hdr_calb_cnrm_large__dyn__fp16_opset11_ForwardAlpha" 11028
"../../../Engine/Plugins/Interchange/Assets/Content/Functions/MX_BurleyDiffuseBSDF.uasset" 11029
"../../../Engine/Plugins/Interchange/Assets/Content/Functions/MX_OrenNayarBSDF.uasset" 11030
"../../../Engine/Plugins/Interchange/Assets/Content/Functions/MX_DielectricBSDF.uasset" 11031
"../../../Engine/Plugins/Interchange/Assets/Content/Functions/MX_UsdPreviewSurface.uasset" 11032
"../../../Engine/Plugins/Interchange/Assets/Content/Functions/MX_TranslucentBSDF.uasset" 11033
"../../../Engine/Plugins/Interchange/Assets/Content/Functions/MX_SurfaceUnlit.uasset" 11034
"/NNEDenoiser/NNE_oidn2-3-0_rt_hdr_calb_cnrm_large__dyn__fp16_opset11_DenoiseAlpha" 11035
"D:/FYP_UE/FYP/Intermediate/ORTOptimizerPass_Optimized8A2B9826478E910615BDC8ADA531AC28.onnx" 11036
"D:/FYP_UE/FYP/Intermediate/ORTOptimizerPass_Optimized0C899D1B4006C47757C879B3A078CC8E.onnx" 11037
"D:/FYP_UE/FYP/Intermediate/ORTOptimizerPass_Optimized96FCA6F346BBA18A063FF5B0E582D903.onnx" 11038
"D:/FYP_UE/FYP/Intermediate/ORTOptimizerPass_Optimized087D9AC146E64AA21A70F9B6A2F775B0.onnx" 11039
"D:/FYP_UE/FYP/Intermediate/ORTOptimizerPass_Optimized5EB9BC3B4FDFC2D16182FE92D2911DDF.onnx" 11040
"D:/FYP_UE/FYP/Intermediate/ORTOptimizerPass_OptimizedCBD723394291F8E5F548E484E02CF87A.onnx" 11041
"D:/FYP_UE/FYP/Intermediate/ORTOptimizerPass_Optimized944E08D84460CF33636889B807E591FF.onnx" 11042
"D:/FYP_UE/FYP/Intermediate/ORTOptimizerPass_Optimized5BE31CDF432D5D0AEEB848807BB97F35.onnx" 11043
"/NNEDenoiser/NNE_oidn2-3-0_rt_hdr_alb_nrm__dyn__fp16_opset11_ForwardAlpha" 11044
"/Interchange/Pipelines/DefaultAssetsPipeline" 11045
"/Engine/EngineMaterials/EnergyConservation/Diffuse_Energy" 11046
"/NNEDenoiser/NNEDTIM_ColorAlbedoNormal_Alpha" 11047
"/Engine/EngineMaterials/EnergyConservation/Sheen_Energy" 11048
"/NNEDenoiser/NNEDOM_Output_Default" 11049
"/InterchangeAssets/Functions/MX_DielectricBSDF" 11050
"/InterchangeAssets/Functions/MX_TranslucentBSDF" 11051
"/InterchangeAssets/Functions/MX_BurleyDiffuseBSDF" 11052
"/InterchangeAssets/Functions/MX_OrenNayarBSDF" 11053
"/InterchangeAssets/Functions/MX_UsdPreviewSurface" 11054
"/InterchangeAssets/Functions/MX_SurfaceUnlit" 11055
"/Interchange/Pipelines/DefaultGLTFSceneAssetsPipeline" 11056
"/Interchange/Pipelines/DefaultSceneLevelPipeline" 11057
"/Interchange/Pipelines/DefaultSceneAssetsPipeline" 11058
"/Interchange/Pipelines/DefaultTexturePipeline" 11059
"../../../Engine/Plugins/Interchange/Assets/Content/Functions/MX_AnisotropicVDF.uasset" 11060
"../../../Engine/Plugins/Interchange/Assets/Content/Functions/MX_ThinFilmBSDF.uasset" 11061
"../../../Engine/Plugins/Interchange/Assets/Content/Functions/MX_AbsorptionVDF.uasset" 11062
"../../../Engine/Plugins/Interchange/Assets/Content/Functions/MX_GeneralizedSchlickBSDF.uasset" 11063
"../../../Engine/Plugins/Interchange/Assets/Content/Functions/MX_SheenBSDF.uasset" 11064
"../../../Engine/Plugins/Interchange/Assets/Content/Functions/MX_MeasuredEDF.uasset" 11065
"../../../Engine/Plugins/Interchange/Assets/Content/Functions/MX_SubsurfaceBSDF.uasset" 11066
"../../../Engine/Plugins/Interchange/Assets/Content/Functions/MX_ConicalEDF.uasset" 11067
"../../../Engine/Plugins/Interchange/Assets/Content/Functions/MX_UniformEDF.uasset" 11068
"../../../Engine/Plugins/Animation/ControlRig/Content/Controls/ControlRigGizmoMaterial.uasset" 11069
"../../../Engine/Plugins/Interchange/Assets/Content/Functions/MX_ConductorBSDF.uasset" 11070
"D:/FYP_UE/FYP/Intermediate/ORTOptimizerPass_Optimized572B887149C0FF4232C4A3B9ABA765BB.onnx" 11071
"D:/FYP_UE/FYP/Intermediate/ORTOptimizerPass_OptimizedEE1332CF43AB3B506FC00AB051D697A0.onnx" 11072
"/Interchange/Pipelines/DefaultMaterialPipeline" 11073
"/Interchange/Pipelines/DefaultGLTFPipeline" 11074
"/ControlRig/Controls/ControlRigGizmoMaterial" 11075
"/InterchangeAssets/Functions/MX_AnisotropicVDF" 11076
"/InterchangeAssets/Functions/MX_AbsorptionVDF" 11077
"/InterchangeAssets/Functions/MX_MeasuredEDF" 11078
"/InterchangeAssets/Functions/MX_ConicalEDF" 11079
"/InterchangeAssets/Functions/MX_UniformEDF" 11080
"/InterchangeAssets/Functions/MX_ThinFilmBSDF" 11081
"/InterchangeAssets/Functions/MX_SheenBSDF" 11082
"/InterchangeAssets/Functions/MX_SubsurfaceBSDF" 11083
"/InterchangeAssets/Functions/MX_GeneralizedSchlickBSDF" 11084
"/InterchangeAssets/Functions/MX_ConductorBSDF" 11085
"D:/FYP_UE/FYP/Saved/Cooked/Windows/BT_Game/Metadata/CookedSettings.txt" 11086
